--------------------------------------------------------
--  File created - четверг-декабря-11-2025   
--------------------------------------------------------
--------------------------------------------------------
--  DDL for Sequence SEQ_ADRESA_ID
--------------------------------------------------------

   CREATE SEQUENCE  "SEQ_ADRESA_ID"  MINVALUE 1 MAXVALUE 999999999999 INCREMENT BY 1 START WITH 109 NOCACHE  NOORDER  NOCYCLE  NOKEEP  NOSCALE  GLOBAL ;
--------------------------------------------------------
--  DDL for Sequence SEQ_ARCHIV_ID
--------------------------------------------------------

   CREATE SEQUENCE  "SEQ_ARCHIV_ID"  MINVALUE 1 MAXVALUE 999999999999 INCREMENT BY 1 START WITH 54 NOCACHE  NOORDER  NOCYCLE  NOKEEP  NOSCALE  GLOBAL ;
--------------------------------------------------------
--  DDL for Sequence SEQ_KATEGORIE_ID
--------------------------------------------------------

   CREATE SEQUENCE  "SEQ_KATEGORIE_ID"  MINVALUE 1 MAXVALUE 9999999999999999999999999999 INCREMENT BY 1 START WITH 11 NOCACHE  ORDER  NOCYCLE  NOKEEP  NOSCALE  GLOBAL ;
--------------------------------------------------------
--  DDL for Sequence SEQ_LOG_ID
--------------------------------------------------------

   CREATE SEQUENCE  "SEQ_LOG_ID"  MINVALUE 1 MAXVALUE 999999999999 INCREMENT BY 1 START WITH 1124 NOCACHE  NOORDER  NOCYCLE  NOKEEP  NOSCALE  GLOBAL ;
--------------------------------------------------------
--  DDL for Sequence SEQ_NOTIFIKACE_ID
--------------------------------------------------------

   CREATE SEQUENCE  "SEQ_NOTIFIKACE_ID"  MINVALUE 1 MAXVALUE 9999999999999999999999999999 INCREMENT BY 1 START WITH 24 NOCACHE  ORDER  NOCYCLE  NOKEEP  NOSCALE  GLOBAL ;
--------------------------------------------------------
--  DDL for Sequence SEQ_OBJEDNAVKA_ID
--------------------------------------------------------

   CREATE SEQUENCE  "SEQ_OBJEDNAVKA_ID"  MINVALUE 1 MAXVALUE 9999999999999999999999999999 INCREMENT BY 1 START WITH 165 NOCACHE  ORDER  NOCYCLE  NOKEEP  NOSCALE  GLOBAL ;
--------------------------------------------------------
--  DDL for Sequence SEQ_PLATBA_ID
--------------------------------------------------------

   CREATE SEQUENCE  "SEQ_PLATBA_ID"  MINVALUE 1 MAXVALUE 9999999999999999999999999999 INCREMENT BY 1 START WITH 70 NOCACHE  ORDER  NOCYCLE  NOKEEP  NOSCALE  GLOBAL ;
--------------------------------------------------------
--  DDL for Sequence SEQ_POHYB_UCTU_ID
--------------------------------------------------------

   CREATE SEQUENCE  "SEQ_POHYB_UCTU_ID"  MINVALUE 1 MAXVALUE 999999999999 INCREMENT BY 1 START WITH 76 NOCACHE  NOORDER  NOCYCLE  NOKEEP  NOSCALE  GLOBAL ;
--------------------------------------------------------
--  DDL for Sequence SEQ_PRAVO_ID
--------------------------------------------------------

   CREATE SEQUENCE  "SEQ_PRAVO_ID"  MINVALUE 1 MAXVALUE 999999999999 INCREMENT BY 1 START WITH 32 NOCACHE  NOORDER  NOCYCLE  NOKEEP  NOSCALE  GLOBAL ;
--------------------------------------------------------
--  DDL for Sequence SEQ_ROLE_ID
--------------------------------------------------------

   CREATE SEQUENCE  "SEQ_ROLE_ID"  MINVALUE 1 MAXVALUE 999999999999 INCREMENT BY 1 START WITH 8 NOCACHE  NOORDER  NOCYCLE  NOKEEP  NOSCALE  GLOBAL ;
--------------------------------------------------------
--  DDL for Sequence SEQ_SKALD_ID
--------------------------------------------------------

   CREATE SEQUENCE  "SEQ_SKALD_ID"  MINVALUE 1 MAXVALUE 999999999999 INCREMENT BY 1 START WITH 11 NOCACHE  NOORDER  NOCYCLE  NOKEEP  NOSCALE  GLOBAL ;
--------------------------------------------------------
--  DDL for Sequence SEQ_SOUBOR_ID
--------------------------------------------------------

   CREATE SEQUENCE  "SEQ_SOUBOR_ID"  MINVALUE 1 MAXVALUE 9999999999999999999999999999 INCREMENT BY 1 START WITH 95 NOCACHE  ORDER  NOCYCLE  NOKEEP  NOSCALE  GLOBAL ;
--------------------------------------------------------
--  DDL for Sequence SEQ_STATUS_ID
--------------------------------------------------------

   CREATE SEQUENCE  "SEQ_STATUS_ID"  MINVALUE 1 MAXVALUE 9999999999999999999999999999 INCREMENT BY 1 START WITH 7 NOCACHE  ORDER  NOCYCLE  NOKEEP  NOSCALE  GLOBAL ;
--------------------------------------------------------
--  DDL for Sequence SEQ_SUPERMARKET_ID
--------------------------------------------------------

   CREATE SEQUENCE  "SEQ_SUPERMARKET_ID"  MINVALUE 1 MAXVALUE 999999999999 INCREMENT BY 1 START WITH 6 NOCACHE  NOORDER  NOCYCLE  NOKEEP  NOSCALE  GLOBAL ;
--------------------------------------------------------
--  DDL for Sequence SEQ_UCET_ID
--------------------------------------------------------

   CREATE SEQUENCE  "SEQ_UCET_ID"  MINVALUE 1 MAXVALUE 999999999999 INCREMENT BY 1 START WITH 19 NOCACHE  NOORDER  NOCYCLE  NOKEEP  NOSCALE  GLOBAL ;
--------------------------------------------------------
--  DDL for Sequence SEQ_UZIVATEL_ID
--------------------------------------------------------

   CREATE SEQUENCE  "SEQ_UZIVATEL_ID"  MINVALUE 1 MAXVALUE 999999999999 INCREMENT BY 1 START WITH 93 NOCACHE  NOORDER  NOCYCLE  NOKEEP  NOSCALE  GLOBAL ;
--------------------------------------------------------
--  DDL for Sequence SEQ_ZBOZI_ID
--------------------------------------------------------

   CREATE SEQUENCE  "SEQ_ZBOZI_ID"  MINVALUE 1 MAXVALUE 999999999999 INCREMENT BY 1 START WITH 189 NOCACHE  NOORDER  NOCYCLE  NOKEEP  NOSCALE  GLOBAL ;
--------------------------------------------------------
--  DDL for Sequence SEQ_ZPRAVA_ID
--------------------------------------------------------

   CREATE SEQUENCE  "SEQ_ZPRAVA_ID"  MINVALUE 1 MAXVALUE 9999999999999999999999999999 INCREMENT BY 1 START WITH 324 NOCACHE  ORDER  NOCYCLE  NOKEEP  NOSCALE  GLOBAL ;
--------------------------------------------------------
--  DDL for Sequence SEQ_ADRESA_ID
--------------------------------------------------------

   CREATE SEQUENCE  "SEQ_ADRESA_ID"  MINVALUE 1 MAXVALUE 999999999999 INCREMENT BY 1 START WITH 109 NOCACHE  NOORDER  NOCYCLE  NOKEEP  NOSCALE  GLOBAL ;
--------------------------------------------------------
--  DDL for Sequence SEQ_LOG_ID
--------------------------------------------------------

   CREATE SEQUENCE  "SEQ_LOG_ID"  MINVALUE 1 MAXVALUE 999999999999 INCREMENT BY 1 START WITH 1124 NOCACHE  NOORDER  NOCYCLE  NOKEEP  NOSCALE  GLOBAL ;
--------------------------------------------------------
--  DDL for Sequence SEQ_ROLE_ID
--------------------------------------------------------

   CREATE SEQUENCE  "SEQ_ROLE_ID"  MINVALUE 1 MAXVALUE 999999999999 INCREMENT BY 1 START WITH 8 NOCACHE  NOORDER  NOCYCLE  NOKEEP  NOSCALE  GLOBAL ;
--------------------------------------------------------
--  DDL for Sequence SEQ_ARCHIV_ID
--------------------------------------------------------

   CREATE SEQUENCE  "SEQ_ARCHIV_ID"  MINVALUE 1 MAXVALUE 999999999999 INCREMENT BY 1 START WITH 54 NOCACHE  NOORDER  NOCYCLE  NOKEEP  NOSCALE  GLOBAL ;
--------------------------------------------------------
--  DDL for Sequence SEQ_KATEGORIE_ID
--------------------------------------------------------

   CREATE SEQUENCE  "SEQ_KATEGORIE_ID"  MINVALUE 1 MAXVALUE 9999999999999999999999999999 INCREMENT BY 1 START WITH 11 NOCACHE  ORDER  NOCYCLE  NOKEEP  NOSCALE  GLOBAL ;
--------------------------------------------------------
--  DDL for Sequence SEQ_NOTIFIKACE_ID
--------------------------------------------------------

   CREATE SEQUENCE  "SEQ_NOTIFIKACE_ID"  MINVALUE 1 MAXVALUE 9999999999999999999999999999 INCREMENT BY 1 START WITH 24 NOCACHE  ORDER  NOCYCLE  NOKEEP  NOSCALE  GLOBAL ;
--------------------------------------------------------
--  DDL for Sequence SEQ_OBJEDNAVKA_ID
--------------------------------------------------------

   CREATE SEQUENCE  "SEQ_OBJEDNAVKA_ID"  MINVALUE 1 MAXVALUE 9999999999999999999999999999 INCREMENT BY 1 START WITH 165 NOCACHE  ORDER  NOCYCLE  NOKEEP  NOSCALE  GLOBAL ;
--------------------------------------------------------
--  DDL for Sequence SEQ_PLATBA_ID
--------------------------------------------------------

   CREATE SEQUENCE  "SEQ_PLATBA_ID"  MINVALUE 1 MAXVALUE 9999999999999999999999999999 INCREMENT BY 1 START WITH 70 NOCACHE  ORDER  NOCYCLE  NOKEEP  NOSCALE  GLOBAL ;
--------------------------------------------------------
--  DDL for Sequence SEQ_POHYB_UCTU_ID
--------------------------------------------------------

   CREATE SEQUENCE  "SEQ_POHYB_UCTU_ID"  MINVALUE 1 MAXVALUE 999999999999 INCREMENT BY 1 START WITH 76 NOCACHE  NOORDER  NOCYCLE  NOKEEP  NOSCALE  GLOBAL ;
--------------------------------------------------------
--  DDL for Sequence SEQ_PRAVO_ID
--------------------------------------------------------

   CREATE SEQUENCE  "SEQ_PRAVO_ID"  MINVALUE 1 MAXVALUE 999999999999 INCREMENT BY 1 START WITH 32 NOCACHE  NOORDER  NOCYCLE  NOKEEP  NOSCALE  GLOBAL ;
--------------------------------------------------------
--  DDL for Sequence SEQ_SKALD_ID
--------------------------------------------------------

   CREATE SEQUENCE  "SEQ_SKALD_ID"  MINVALUE 1 MAXVALUE 999999999999 INCREMENT BY 1 START WITH 11 NOCACHE  NOORDER  NOCYCLE  NOKEEP  NOSCALE  GLOBAL ;
--------------------------------------------------------
--  DDL for Sequence SEQ_SOUBOR_ID
--------------------------------------------------------

   CREATE SEQUENCE  "SEQ_SOUBOR_ID"  MINVALUE 1 MAXVALUE 9999999999999999999999999999 INCREMENT BY 1 START WITH 95 NOCACHE  ORDER  NOCYCLE  NOKEEP  NOSCALE  GLOBAL ;
--------------------------------------------------------
--  DDL for Sequence SEQ_STATUS_ID
--------------------------------------------------------

   CREATE SEQUENCE  "SEQ_STATUS_ID"  MINVALUE 1 MAXVALUE 9999999999999999999999999999 INCREMENT BY 1 START WITH 7 NOCACHE  ORDER  NOCYCLE  NOKEEP  NOSCALE  GLOBAL ;
--------------------------------------------------------
--  DDL for Sequence SEQ_SUPERMARKET_ID
--------------------------------------------------------

   CREATE SEQUENCE  "SEQ_SUPERMARKET_ID"  MINVALUE 1 MAXVALUE 999999999999 INCREMENT BY 1 START WITH 6 NOCACHE  NOORDER  NOCYCLE  NOKEEP  NOSCALE  GLOBAL ;
--------------------------------------------------------
--  DDL for Sequence SEQ_UCET_ID
--------------------------------------------------------

   CREATE SEQUENCE  "SEQ_UCET_ID"  MINVALUE 1 MAXVALUE 999999999999 INCREMENT BY 1 START WITH 19 NOCACHE  NOORDER  NOCYCLE  NOKEEP  NOSCALE  GLOBAL ;
--------------------------------------------------------
--  DDL for Sequence SEQ_UZIVATEL_ID
--------------------------------------------------------

   CREATE SEQUENCE  "SEQ_UZIVATEL_ID"  MINVALUE 1 MAXVALUE 999999999999 INCREMENT BY 1 START WITH 93 NOCACHE  NOORDER  NOCYCLE  NOKEEP  NOSCALE  GLOBAL ;
--------------------------------------------------------
--  DDL for Sequence SEQ_ZBOZI_ID
--------------------------------------------------------

   CREATE SEQUENCE  "SEQ_ZBOZI_ID"  MINVALUE 1 MAXVALUE 999999999999 INCREMENT BY 1 START WITH 189 NOCACHE  NOORDER  NOCYCLE  NOKEEP  NOSCALE  GLOBAL ;
--------------------------------------------------------
--  DDL for Sequence SEQ_ZPRAVA_ID
--------------------------------------------------------

   CREATE SEQUENCE  "SEQ_ZPRAVA_ID"  MINVALUE 1 MAXVALUE 9999999999999999999999999999 INCREMENT BY 1 START WITH 324 NOCACHE  ORDER  NOCYCLE  NOKEEP  NOSCALE  GLOBAL ;
--------------------------------------------------------
--  DDL for Table ADRESA
--------------------------------------------------------

  CREATE TABLE "ADRESA" 
   (	"ID_ADRESA" NUMBER(*,0), 
	"ULICE" VARCHAR2(55 BYTE), 
	"CISLOPOPISNE" VARCHAR2(33 BYTE), 
	"MESTO_PSC" CHAR(5 BYTE), 
	"CISLOORIENTACNI" VARCHAR2(33 BYTE)
   ) ;
--------------------------------------------------------
--  DDL for Table APP_ROLE
--------------------------------------------------------

  CREATE TABLE "APP_ROLE" 
   (	"ID_ROLE" NUMBER(*,0), 
	"NAZEV" VARCHAR2(20 BYTE)
   ) ;
--------------------------------------------------------
--  DDL for Table APP_ROLE_PRAVO
--------------------------------------------------------

  CREATE TABLE "APP_ROLE_PRAVO" 
   (	"ID_PRAVO" NUMBER(*,0), 
	"ID_ROLE" NUMBER(*,0)
   ) ;
--------------------------------------------------------
--  DDL for Table ARCHIV
--------------------------------------------------------

  CREATE TABLE "ARCHIV" 
   (	"ID_ARCHIV" NUMBER(*,0), 
	"NAZEV" VARCHAR2(33 BYTE), 
	"POPIS" CLOB, 
	"PARENT_ID" NUMBER(*,0)
   ) ;
--------------------------------------------------------
--  DDL for Table DODAVATEL
--------------------------------------------------------

  CREATE TABLE "DODAVATEL" 
   (	"ID_UZIVATELU" NUMBER(*,0), 
	"FIRMA" VARCHAR2(100 BYTE)
   ) ;
--------------------------------------------------------
--  DDL for Table HOTOVOST
--------------------------------------------------------

  CREATE TABLE "HOTOVOST" 
   (	"ID_PLATBA" NUMBER(*,0), 
	"PRIJATO" NUMBER(10,2), 
	"VRACENO" NUMBER(10,2)
   ) ;
--------------------------------------------------------
--  DDL for Table KARTA
--------------------------------------------------------

  CREATE TABLE "KARTA" 
   (	"ID_PLATBA" NUMBER(*,0), 
	"CISLOKARTY" VARCHAR2(19 BYTE)
   ) ;
--------------------------------------------------------
--  DDL for Table KATEGORIE_ZBOZI
--------------------------------------------------------

  CREATE TABLE "KATEGORIE_ZBOZI" 
   (	"ID_KATEGORIE" NUMBER(*,0), 
	"NAZEV" VARCHAR2(44 BYTE), 
	"POPIS" VARCHAR2(111 BYTE)
   ) ;
--------------------------------------------------------
--  DDL for Table LOG
--------------------------------------------------------

  CREATE TABLE "LOG" 
   (	"ID_LOG" NUMBER(*,0), 
	"TABULKANAZEV" VARCHAR2(40 BYTE), 
	"OPERACE" CHAR(1 BYTE), 
	"DATUMZMENY" DATE, 
	"IDREKORD" VARCHAR2(100 BYTE), 
	"NOVADATA" CLOB, 
	"STARADATA" CLOB, 
	"POPIS" CLOB, 
	"ID_ARCHIV" NUMBER(*,0)
   ) ;
--------------------------------------------------------
--  DDL for Table MESTO
--------------------------------------------------------

  CREATE TABLE "MESTO" 
   (	"PSC" CHAR(5 BYTE), 
	"NAZEV" VARCHAR2(45 BYTE), 
	"KRAJ" VARCHAR2(55 BYTE)
   ) ;
--------------------------------------------------------
--  DDL for Table NOTIFIKACE
--------------------------------------------------------

  CREATE TABLE "NOTIFIKACE" 
   (	"ID_NOTIFIKACE" NUMBER(*,0), 
	"AUTHTOKEN" VARCHAR2(555 BYTE), 
	"ENDPOINT" VARCHAR2(444 BYTE), 
	"P256DH" VARCHAR2(512 BYTE), 
	"ADRESAT" VARCHAR2(255 BYTE), 
	"ID_ZPRAVA" NUMBER(*,0)
   ) ;
--------------------------------------------------------
--  DDL for Table OBJEDNAVKA
--------------------------------------------------------

  CREATE TABLE "OBJEDNAVKA" 
   (	"ID_OBJEDNAVKA" NUMBER(*,0), 
	"DATUM" DATE, 
	"ID_STATUS" NUMBER(*,0), 
	"TYP_OBJEDNAVKA" VARCHAR2(50 BYTE), 
	"POZNAMKA" CLOB, 
	"ID_UZIVATEL" NUMBER(*,0), 
	"ID_SUPERMARKET" NUMBER(*,0), 
	"ID_OBSLUHA" NUMBER, 
	"CISLO" VARCHAR2(32 BYTE)
   ) ;
--------------------------------------------------------
--  DDL for Table OBJEDNAVKA_ZBOZI
--------------------------------------------------------

  CREATE TABLE "OBJEDNAVKA_ZBOZI" 
   (	"POCET" NUMBER(*,0), 
	"ID_OBJEDNAVKA" NUMBER(*,0), 
	"ID_ZBOZI" NUMBER(*,0)
   ) ;
--------------------------------------------------------
--  DDL for Table PLATBA
--------------------------------------------------------

  CREATE TABLE "PLATBA" 
   (	"ID_PLATBA" NUMBER(*,0), 
	"CASTKA" NUMBER(10,2), 
	"DATUM" DATE, 
	"ID_OBJEDNAVKA" NUMBER(*,0), 
	"PLATBATYP" CHAR(2 BYTE), 
	"ID_POHYB_UCTU" NUMBER(18,0)
   ) ;
--------------------------------------------------------
--  DDL for Table POHYB_UCTU
--------------------------------------------------------

  CREATE TABLE "POHYB_UCTU" 
   (	"ID_POHYB" NUMBER(18,0), 
	"ID_UCET" NUMBER(18,0), 
	"SMER" CHAR(1 BYTE), 
	"METODA" VARCHAR2(12 BYTE), 
	"CASTKA" NUMBER(12,2), 
	"POZNAMKA" VARCHAR2(255 BYTE), 
	"DATUM_VYTVORENI" DATE DEFAULT SYSDATE, 
	"ID_OBJEDNAVKA" NUMBER(18,0), 
	"CISLOKARTY" VARCHAR2(19 BYTE)
   ) ;
--------------------------------------------------------
--  DDL for Table PRAVO
--------------------------------------------------------

  CREATE TABLE "PRAVO" 
   (	"ID_PRAVO" NUMBER(*,0), 
	"NAZEV" VARCHAR2(255 BYTE), 
	"KOD" VARCHAR2(20 BYTE), 
	"POPIS" CLOB
   ) ;
--------------------------------------------------------
--  DDL for Table SKLAD
--------------------------------------------------------

  CREATE TABLE "SKLAD" 
   (	"ID_SKLAD" NUMBER(*,0), 
	"NAZEV" VARCHAR2(33 BYTE), 
	"KAPACITA" NUMBER(*,0), 
	"TELEFONNICISLO" VARCHAR2(20 BYTE), 
	"ID_SUPERMARKET" NUMBER(*,0)
   ) ;
--------------------------------------------------------
--  DDL for Table SKLAD_CAPACITY_TMP
--------------------------------------------------------

  CREATE GLOBAL TEMPORARY TABLE "SKLAD_CAPACITY_TMP" 
   (	"ID_ZBOZI" NUMBER, 
	"ID_SKLAD" NUMBER, 
	"MNOZSTVI" NUMBER
   ) ON COMMIT DELETE ROWS ;
--------------------------------------------------------
--  DDL for Table SOUBOR
--------------------------------------------------------

  CREATE TABLE "SOUBOR" 
   (	"ID_SOUBOR" NUMBER(*,0), 
	"NAZEV" VARCHAR2(255 BYTE), 
	"TYP" VARCHAR2(255 BYTE), 
	"PRIPONA" VARCHAR2(15 BYTE), 
	"OBSAH" BLOB, 
	"DATUMNAHRANI" DATE, 
	"DATUMMODIFIKACE" DATE, 
	"POPIS" CLOB, 
	"ID_UZIVATELU" NUMBER(*,0), 
	"ID_ARCHIV" NUMBER(*,0)
   ) ;
--------------------------------------------------------
--  DDL for Table STATUS
--------------------------------------------------------

  CREATE TABLE "STATUS" 
   (	"ID_STATUS" NUMBER(*,0), 
	"NAZEV" VARCHAR2(66 BYTE)
   ) ;
--------------------------------------------------------
--  DDL for Table SUPERMARKET
--------------------------------------------------------

  CREATE TABLE "SUPERMARKET" 
   (	"ID_SUPERMARKET" NUMBER(*,0), 
	"NAZEV" VARCHAR2(100 BYTE), 
	"TELEFON" VARCHAR2(20 BYTE), 
	"EMAIL" VARCHAR2(255 BYTE), 
	"ID_ADRESA" NUMBER(*,0)
   ) ;
--------------------------------------------------------
--  DDL for Table UCET
--------------------------------------------------------

  CREATE TABLE "UCET" 
   (	"ID_UCET" NUMBER(18,0), 
	"ID_UZIVATEL" NUMBER(18,0), 
	"ZUSTATEK" NUMBER(12,2) DEFAULT 0, 
	"DATUM_VYTVORENI" DATE DEFAULT SYSDATE
   ) ;
--------------------------------------------------------
--  DDL for Table UZIVATEL
--------------------------------------------------------

  CREATE TABLE "UZIVATEL" 
   (	"ID_UZIVATEL" NUMBER(*,0), 
	"JMENO" VARCHAR2(15 BYTE), 
	"PRIJMENI" VARCHAR2(15 BYTE), 
	"EMAIL" VARCHAR2(255 BYTE), 
	"HESLO" VARCHAR2(255 BYTE), 
	"TELEFONNICISLO" VARCHAR2(20 BYTE), 
	"ID_ADRESA" NUMBER(*,0), 
	"ID_ROLE" NUMBER(*,0)
   ) ;
--------------------------------------------------------
--  DDL for Table ZAKAZNIK
--------------------------------------------------------

  CREATE TABLE "ZAKAZNIK" 
   (	"ID_UZIVATELU" NUMBER(*,0), 
	"KARTAVERNOSTI" VARCHAR2(20 BYTE)
   ) ;
--------------------------------------------------------
--  DDL for Table ZAMESTNANEC
--------------------------------------------------------

  CREATE TABLE "ZAMESTNANEC" 
   (	"ID_UZIVATELU" NUMBER(*,0), 
	"MZDA" NUMBER(10,2), 
	"DATUMNASTUPA" DATE, 
	"POZICE" VARCHAR2(50 BYTE)
   ) ;
--------------------------------------------------------
--  DDL for Table ZBOZI
--------------------------------------------------------

  CREATE TABLE "ZBOZI" 
   (	"ID_ZBOZI" NUMBER(*,0), 
	"NAZEV" VARCHAR2(55 BYTE), 
	"CENA" NUMBER(10,2), 
	"MNOZSTVI" NUMBER(*,0), 
	"MINMNOZSTVI" NUMBER(*,0), 
	"POPIS" CLOB, 
	"SKLAD_ID_SKLAD" NUMBER(*,0), 
	"ID_KATEGORIE" NUMBER(*,0)
   ) ;
--------------------------------------------------------
--  DDL for Table ZBOZI_DODAVATEL
--------------------------------------------------------

  CREATE TABLE "ZBOZI_DODAVATEL" 
   (	"ID_UZIVATELU" NUMBER(*,0), 
	"ID_ZBOZI" NUMBER(*,0)
   ) ;
--------------------------------------------------------
--  DDL for Table ZPRAVA
--------------------------------------------------------

  CREATE TABLE "ZPRAVA" 
   (	"ID_ZPRAVA" NUMBER(*,0), 
	"ZPRAVA" CLOB, 
	"DATUMZASILANI" DATE, 
	"PRIJIMAC_ID" NUMBER(*,0), 
	"ODESILATEL_ID" NUMBER(*,0)
   ) ;
--------------------------------------------------------
--  DDL for Table MESTO
--------------------------------------------------------

  CREATE TABLE "MESTO" 
   (	"PSC" CHAR(5 BYTE), 
	"NAZEV" VARCHAR2(45 BYTE), 
	"KRAJ" VARCHAR2(55 BYTE)
   ) ;
--------------------------------------------------------
--  DDL for Table APP_ROLE
--------------------------------------------------------

  CREATE TABLE "APP_ROLE" 
   (	"ID_ROLE" NUMBER(*,0), 
	"NAZEV" VARCHAR2(20 BYTE)
   ) ;
--------------------------------------------------------
--  DDL for Table PRAVO
--------------------------------------------------------

  CREATE TABLE "PRAVO" 
   (	"ID_PRAVO" NUMBER(*,0), 
	"NAZEV" VARCHAR2(255 BYTE), 
	"KOD" VARCHAR2(20 BYTE), 
	"POPIS" CLOB
   ) ;
--------------------------------------------------------
--  DDL for Table ARCHIV
--------------------------------------------------------

  CREATE TABLE "ARCHIV" 
   (	"ID_ARCHIV" NUMBER(*,0), 
	"NAZEV" VARCHAR2(33 BYTE), 
	"POPIS" CLOB, 
	"PARENT_ID" NUMBER(*,0)
   ) ;
--------------------------------------------------------
--  DDL for Table UZIVATEL
--------------------------------------------------------

  CREATE TABLE "UZIVATEL" 
   (	"ID_UZIVATEL" NUMBER(*,0), 
	"JMENO" VARCHAR2(15 BYTE), 
	"PRIJMENI" VARCHAR2(15 BYTE), 
	"EMAIL" VARCHAR2(255 BYTE), 
	"HESLO" VARCHAR2(255 BYTE), 
	"TELEFONNICISLO" VARCHAR2(20 BYTE), 
	"ID_ADRESA" NUMBER(*,0), 
	"ID_ROLE" NUMBER(*,0)
   ) ;
--------------------------------------------------------
--  DDL for Table PLATBA
--------------------------------------------------------

  CREATE TABLE "PLATBA" 
   (	"ID_PLATBA" NUMBER(*,0), 
	"CASTKA" NUMBER(10,2), 
	"DATUM" DATE, 
	"ID_OBJEDNAVKA" NUMBER(*,0), 
	"PLATBATYP" CHAR(2 BYTE), 
	"ID_POHYB_UCTU" NUMBER(18,0)
   ) ;
--------------------------------------------------------
--  DDL for Table ZPRAVA
--------------------------------------------------------

  CREATE TABLE "ZPRAVA" 
   (	"ID_ZPRAVA" NUMBER(*,0), 
	"ZPRAVA" CLOB, 
	"DATUMZASILANI" DATE, 
	"PRIJIMAC_ID" NUMBER(*,0), 
	"ODESILATEL_ID" NUMBER(*,0)
   ) ;
--------------------------------------------------------
--  DDL for Table STATUS
--------------------------------------------------------

  CREATE TABLE "STATUS" 
   (	"ID_STATUS" NUMBER(*,0), 
	"NAZEV" VARCHAR2(66 BYTE)
   ) ;
--------------------------------------------------------
--  DDL for Table SUPERMARKET
--------------------------------------------------------

  CREATE TABLE "SUPERMARKET" 
   (	"ID_SUPERMARKET" NUMBER(*,0), 
	"NAZEV" VARCHAR2(100 BYTE), 
	"TELEFON" VARCHAR2(20 BYTE), 
	"EMAIL" VARCHAR2(255 BYTE), 
	"ID_ADRESA" NUMBER(*,0)
   ) ;
--------------------------------------------------------
--  DDL for Table OBJEDNAVKA
--------------------------------------------------------

  CREATE TABLE "OBJEDNAVKA" 
   (	"ID_OBJEDNAVKA" NUMBER(*,0), 
	"DATUM" DATE, 
	"ID_STATUS" NUMBER(*,0), 
	"TYP_OBJEDNAVKA" VARCHAR2(50 BYTE), 
	"POZNAMKA" CLOB, 
	"ID_UZIVATEL" NUMBER(*,0), 
	"ID_SUPERMARKET" NUMBER(*,0), 
	"ID_OBSLUHA" NUMBER, 
	"CISLO" VARCHAR2(32 BYTE)
   ) ;
--------------------------------------------------------
--  DDL for Table ZBOZI
--------------------------------------------------------

  CREATE TABLE "ZBOZI" 
   (	"ID_ZBOZI" NUMBER(*,0), 
	"NAZEV" VARCHAR2(55 BYTE), 
	"CENA" NUMBER(10,2), 
	"MNOZSTVI" NUMBER(*,0), 
	"MINMNOZSTVI" NUMBER(*,0), 
	"POPIS" CLOB, 
	"SKLAD_ID_SKLAD" NUMBER(*,0), 
	"ID_KATEGORIE" NUMBER(*,0)
   ) ;
--------------------------------------------------------
--  DDL for Table POHYB_UCTU
--------------------------------------------------------

  CREATE TABLE "POHYB_UCTU" 
   (	"ID_POHYB" NUMBER(18,0), 
	"ID_UCET" NUMBER(18,0), 
	"SMER" CHAR(1 BYTE), 
	"METODA" VARCHAR2(12 BYTE), 
	"CASTKA" NUMBER(12,2), 
	"POZNAMKA" VARCHAR2(255 BYTE), 
	"DATUM_VYTVORENI" DATE DEFAULT SYSDATE, 
	"ID_OBJEDNAVKA" NUMBER(18,0), 
	"CISLOKARTY" VARCHAR2(19 BYTE)
   ) ;
--------------------------------------------------------
--  DDL for Table UCET
--------------------------------------------------------

  CREATE TABLE "UCET" 
   (	"ID_UCET" NUMBER(18,0), 
	"ID_UZIVATEL" NUMBER(18,0), 
	"ZUSTATEK" NUMBER(12,2) DEFAULT 0, 
	"DATUM_VYTVORENI" DATE DEFAULT SYSDATE
   ) ;
--------------------------------------------------------
--  DDL for Table ADRESA
--------------------------------------------------------

  CREATE TABLE "ADRESA" 
   (	"ID_ADRESA" NUMBER(*,0), 
	"ULICE" VARCHAR2(55 BYTE), 
	"CISLOPOPISNE" VARCHAR2(33 BYTE), 
	"MESTO_PSC" CHAR(5 BYTE), 
	"CISLOORIENTACNI" VARCHAR2(33 BYTE)
   ) ;
--------------------------------------------------------
--  DDL for Table KATEGORIE_ZBOZI
--------------------------------------------------------

  CREATE TABLE "KATEGORIE_ZBOZI" 
   (	"ID_KATEGORIE" NUMBER(*,0), 
	"NAZEV" VARCHAR2(44 BYTE), 
	"POPIS" VARCHAR2(111 BYTE)
   ) ;
--------------------------------------------------------
--  DDL for Table SKLAD
--------------------------------------------------------

  CREATE TABLE "SKLAD" 
   (	"ID_SKLAD" NUMBER(*,0), 
	"NAZEV" VARCHAR2(33 BYTE), 
	"KAPACITA" NUMBER(*,0), 
	"TELEFONNICISLO" VARCHAR2(20 BYTE), 
	"ID_SUPERMARKET" NUMBER(*,0)
   ) ;
--------------------------------------------------------
--  DDL for Table DODAVATEL
--------------------------------------------------------

  CREATE TABLE "DODAVATEL" 
   (	"ID_UZIVATELU" NUMBER(*,0), 
	"FIRMA" VARCHAR2(100 BYTE)
   ) ;
--------------------------------------------------------
--  DDL for Table OBJEDNAVKA_ZBOZI
--------------------------------------------------------

  CREATE TABLE "OBJEDNAVKA_ZBOZI" 
   (	"POCET" NUMBER(*,0), 
	"ID_OBJEDNAVKA" NUMBER(*,0), 
	"ID_ZBOZI" NUMBER(*,0)
   ) ;
--------------------------------------------------------
--  DDL for Table ZAKAZNIK
--------------------------------------------------------

  CREATE TABLE "ZAKAZNIK" 
   (	"ID_UZIVATELU" NUMBER(*,0), 
	"KARTAVERNOSTI" VARCHAR2(20 BYTE)
   ) ;
--------------------------------------------------------
--  DDL for Table ZBOZI_DODAVATEL
--------------------------------------------------------

  CREATE TABLE "ZBOZI_DODAVATEL" 
   (	"ID_UZIVATELU" NUMBER(*,0), 
	"ID_ZBOZI" NUMBER(*,0)
   ) ;
--------------------------------------------------------
--  DDL for Table APP_ROLE_PRAVO
--------------------------------------------------------

  CREATE TABLE "APP_ROLE_PRAVO" 
   (	"ID_PRAVO" NUMBER(*,0), 
	"ID_ROLE" NUMBER(*,0)
   ) ;
--------------------------------------------------------
--  DDL for Table HOTOVOST
--------------------------------------------------------

  CREATE TABLE "HOTOVOST" 
   (	"ID_PLATBA" NUMBER(*,0), 
	"PRIJATO" NUMBER(10,2), 
	"VRACENO" NUMBER(10,2)
   ) ;
--------------------------------------------------------
--  DDL for Table KARTA
--------------------------------------------------------

  CREATE TABLE "KARTA" 
   (	"ID_PLATBA" NUMBER(*,0), 
	"CISLOKARTY" VARCHAR2(19 BYTE)
   ) ;
--------------------------------------------------------
--  DDL for Table LOG
--------------------------------------------------------

  CREATE TABLE "LOG" 
   (	"ID_LOG" NUMBER(*,0), 
	"TABULKANAZEV" VARCHAR2(40 BYTE), 
	"OPERACE" CHAR(1 BYTE), 
	"DATUMZMENY" DATE, 
	"IDREKORD" VARCHAR2(100 BYTE), 
	"NOVADATA" CLOB, 
	"STARADATA" CLOB, 
	"POPIS" CLOB, 
	"ID_ARCHIV" NUMBER(*,0)
   ) ;
--------------------------------------------------------
--  DDL for Table NOTIFIKACE
--------------------------------------------------------

  CREATE TABLE "NOTIFIKACE" 
   (	"ID_NOTIFIKACE" NUMBER(*,0), 
	"AUTHTOKEN" VARCHAR2(555 BYTE), 
	"ENDPOINT" VARCHAR2(444 BYTE), 
	"P256DH" VARCHAR2(512 BYTE), 
	"ADRESAT" VARCHAR2(255 BYTE), 
	"ID_ZPRAVA" NUMBER(*,0)
   ) ;
--------------------------------------------------------
--  DDL for Table SOUBOR
--------------------------------------------------------

  CREATE TABLE "SOUBOR" 
   (	"ID_SOUBOR" NUMBER(*,0), 
	"NAZEV" VARCHAR2(255 BYTE), 
	"TYP" VARCHAR2(255 BYTE), 
	"PRIPONA" VARCHAR2(15 BYTE), 
	"OBSAH" BLOB, 
	"DATUMNAHRANI" DATE, 
	"DATUMMODIFIKACE" DATE, 
	"POPIS" CLOB, 
	"ID_UZIVATELU" NUMBER(*,0), 
	"ID_ARCHIV" NUMBER(*,0)
   ) ;
--------------------------------------------------------
--  DDL for Table ZAMESTNANEC
--------------------------------------------------------

  CREATE TABLE "ZAMESTNANEC" 
   (	"ID_UZIVATELU" NUMBER(*,0), 
	"MZDA" NUMBER(10,2), 
	"DATUMNASTUPA" DATE, 
	"POZICE" VARCHAR2(50 BYTE)
   ) ;
--------------------------------------------------------
--  DDL for Table SKLAD_CAPACITY_TMP
--------------------------------------------------------

  CREATE GLOBAL TEMPORARY TABLE "SKLAD_CAPACITY_TMP" 
   (	"ID_ZBOZI" NUMBER, 
	"ID_SKLAD" NUMBER, 
	"MNOZSTVI" NUMBER
   ) ON COMMIT DELETE ROWS ;
--------------------------------------------------------
--  DDL for View V_OBJEDNAVKY_DETAIL
--------------------------------------------------------

  CREATE OR REPLACE FORCE EDITIONABLE VIEW "V_OBJEDNAVKY_DETAIL" ("ID_OBJEDNAVKA", "DATUM", "STATUS", "ZAKAZNIK", "CELKOVA_CENA") AS 
  SELECT 
-- Представление V_OBJEDNAVKY_DETAIL предназначено для вывода детализированной
-- информации о каждой заказе. Оно объединяет данные из нескольких таблиц:
-- OBJEDNAVKA, STATUS, UZIVATEL, ZAKAZNIK, OBJEDNAVKA_ZBOZI и ZBOZI.
--
-- Основная цель представления — предоставить удобный и быстрый способ получения
-- информации о заказах для отображения в пользовательском интерфейсе.
--
-- Для каждого заказа view показывает:
--  • ID заказа
--  • Дату создания заказа
--  • Текущий статус заказа
--  • Имя и фамилию клиента, который оформил заказ
--  • Общую стоимость заказа, рассчитанную как сумма (количество × цена товара)
--
-- Это представление значительно упрощает работу приложения, позволяя заменить
-- сложные JOIN и расчёты простым SELECT * FROM V_OBJEDNAVKY_DETAIL.
    -- Идентификатор заказа
    o.ID_OBJEDNAVKA,

    -- Дата оформления заказа
    o.DATUM,

    -- Название статуса (например: 'Nová', 'Zpracovává se', 'Dokončena')
    s.NAZEV AS STATUS,

    -- Полное имя клиента
    u.JMENO || ' ' || u.PRIJMENI AS ZAKAZNIK,

    -- Общая стоимость заказа:
    -- сумма по всем позициям заказа (количество × цена товара)
    SUM(oz.POCET * zb.CENA) AS CELKOVA_CENA

FROM OBJEDNAVKA o

-- Присоединение таблицы статусов
JOIN STATUS s 
    ON s.ID_STATUS = o.ID_STATUS

-- Присоединение информации о пользователе, который сделал заказ
JOIN UZIVATEL u 
    ON u.ID_UZIVATEL = o.ID_UZIVATEL

-- Проверка, что пользователь является зарегистрированным клиентом (ZAKAZNIK)
JOIN ZAKAZNIK z 
    ON z.ID_UZIVATELU = u.ID_UZIVATEL

-- Список товаров, входящих в заказ
JOIN OBJEDNAVKA_ZBOZI oz 
    ON oz.ID_OBJEDNAVKA = o.ID_OBJEDNAVKA

-- Подключение цен и названий товаров
JOIN ZBOZI zb 
    ON zb.ID_ZBOZI = oz.ID_ZBOZI

-- Группировка для вычисления итоговой суммы по заказу
GROUP BY 
    o.ID_OBJEDNAVKA, 
    o.DATUM, 
    s.NAZEV, 
    u.JMENO, 
    u.PRIJMENI
;
--------------------------------------------------------
--  DDL for View V_SUPERMARKET_TRZBY
--------------------------------------------------------

  CREATE OR REPLACE FORCE EDITIONABLE VIEW "V_SUPERMARKET_TRZBY" ("ID_SUPERMARKET", "SUPERMARKET_NAZEV", "ADRESA", "MESTO", "TRZBA") AS 
  SELECT

-- Представление V_SUPERMARKET_TRZBY выполняет вычисление общей выручки (tržba)
-- по каждому супермаркету. Оно объединяет данные из нескольких таблиц:
-- SUPERMARKET, ADRESA, MESTO, OBJEDNAVKA, OBJEDNAVKA_ZBOZI и ZBOZI.
-- В результате формируется аналитический обзор, где для каждого магазина
-- отображается название, полный адрес, город и сумма всех продаж,
-- рассчитанная как сумма (количество товара × цена товара).
--
-- Представление упрощает работу приложения: вместо сложных JOIN и расчётов
-- можно выполнять простой SELECT из готового view и сразу отображать
-- итоговую выручку супермаркетов в таблице или отчётах.

    -- Идентификатор супермаркета
    s.ID_SUPERMARKET,

    -- Название супермаркета
    s.NAZEV AS SUPERMARKET_NAZEV,

    -- Сформированный полный адрес (улица + номер дома)
    a.ULICE 
        || ' ' 
        || a.CISLOPOPISNE 
        || '/' 
        || a.CISLOORIENTACNI AS ADRESA,

    -- Название города
    m.NAZEV AS MESTO,

    -- Общая выручка супермаркета:
    -- сумма количества заказанных товаров × цена каждого товара
    SUM(oz.POCET * z.CENA) AS TRZBA

FROM SUPERMARKET s
-- Связь супермаркета с таблицей адресов
LEFT JOIN ADRESA a 
       ON a.ID_ADRESA = s.ID_ADRESA

-- Получение названия города
LEFT JOIN MESTO m 
       ON m.PSC = a.MESTO_PSC

-- Получение всех заказов для данного супермаркета
LEFT JOIN OBJEDNAVKA o 
       ON o.ID_SUPERMARKET = s.ID_SUPERMARKET

-- Связь заказа с товарами
LEFT JOIN OBJEDNAVKA_ZBOZI oz 
       ON oz.ID_OBJEDNAVKA = o.ID_OBJEDNAVKA

-- Подключение цен товаров
LEFT JOIN ZBOZI z 
       ON z.ID_ZBOZI = oz.ID_ZBOZI

-- Группировка по супермаркетам и их адресам
GROUP BY 
    s.ID_SUPERMARKET,
    s.NAZEV,
    a.ULICE,
    a.CISLOPOPISNE,
    a.CISLOORIENTACNI,
    m.NAZEV
;
--------------------------------------------------------
--  DDL for View V_ZAKAZNIK_SUPERMARKET_ANALYZA
--------------------------------------------------------

  CREATE OR REPLACE FORCE EDITIONABLE VIEW "V_ZAKAZNIK_SUPERMARKET_ANALYZA" ("ID_UZIVATEL", "JMENO", "PRIJMENI", "KARTAVERNOSTI", "ID_SUPERMARKET", "SUPERMARKET_NAZEV", "MESTO", "POCET_OBJEDNAVEK", "PRVNI_OBJEDNAVKA", "POSLEDNI_OBJEDNAVKA", "CELKOVA_UTRATA", "PRUMERNA_OBJEDNAVKA", "PORADI_V_SUPERMARKETU", "SEGMENT") AS 
  SELECT
-- Представление V_ZAKAZNIK_SUPERMARKET_ANALYZA выполняет расширенную аналитику
-- активности покупателей в разрезе каждого супермаркета. Оно объединяет данные
-- из семи таблиц: UZIVATEL, ZAKAZNIK, OBJEDNAVKA, PLATBA, SUPERMARKET, ADRESA и MESTO.
--
-- Представление рассчитывает ключевые показатели для *каждого клиента внутри
-- каждого супермаркета*:
--   • общее количество оформленных заказов;
--   • дата первой и последней покупки;
--   • общая сумма всех оплат (utrata);
--   • средний чек;
--   • место клиента в рейтинге по выручке среди других клиентов данного супермаркета
--     (через аналитическую функцию RANK());
--   • сегмент клиента (VIP / ZLATY / STRIBRNY / ZAKLADNI), основанный на суммарных тратах.
--
-- Это представление является сложным аналитическим инструментом и может
-- использоваться в приложении для отчётности, анализа клиентского поведения,
-- построения панели администратора или программы лояльности.


    -- Базовая информация о пользователе
    a.ID_UZIVATEL,
    a.JMENO,
    a.PRIJMENI,

    -- Номер карты лояльности
    a.KARTAVERNOSTI,

    -- Идентификатор и название супермаркета
    a.ID_SUPERMARKET,
    a.SUPERMARKET_NAZEV,

    -- Название города, где расположен супермаркет
    a.MESTO,

    -- Количество заказов данного клиента в данном супермаркете
    a.POCET_OBJEDNAVEK,

    -- Дата первой покупки
    a.PRVNI_OBJEDNAVKA,

    -- Дата последней покупки
    a.POSLEDNI_OBJEDNAVKA,

    -- Суммарная трата клиента
    a.CELKOVA_UTRATA,

    -- Средняя стоимость заказа (средний чек)
    a.PRUMERNA_OBJEDNAVKA,

    -- Позиция клиента в рейтинге по выручке внутри супермаркета
    RANK() OVER (
        PARTITION BY a.ID_SUPERMARKET
        ORDER BY a.CELKOVA_UTRATA DESC
    ) AS PORADI_V_SUPERMARKETU,

    -- Сегментация клиентов в зависимости от трат
    CASE
        WHEN NVL(a.CELKOVA_UTRATA, 0) >= 10000 THEN 'VIP'
        WHEN NVL(a.CELKOVA_UTRATA, 0) >= 5000  THEN 'ZLATY'
        WHEN NVL(a.CELKOVA_UTRATA, 0) >= 1000  THEN 'STRIBRNY'
        ELSE 'ZAKLADNI'
    END AS SEGMENT

FROM (
    -- Внутренний запрос вычисляет показатели клиента по каждому супермаркету
    SELECT
        u.ID_UZIVATEL,
        u.JMENO,
        u.PRIJMENI,
        z.KARTAVERNOSTI,

        s.ID_SUPERMARKET,
        s.NAZEV AS SUPERMARKET_NAZEV,
        m.NAZEV AS MESTO,

        COUNT(DISTINCT o.ID_OBJEDNAVKA) AS POCET_OBJEDNAVEK,
        MIN(o.DATUM) AS PRVNI_OBJEDNAVKA,
        MAX(o.DATUM) AS POSLEDNI_OBJEDNAVKA,

        -- Общая сумма потраченных денег (по таблице PLATBA)
        SUM(p.CASTKA) AS CELKOVA_UTRATA,

        -- Средний чек
        AVG(p.CASTKA) AS PRUMERNA_OBJEDNAVKA

    FROM UZIVATEL u

    -- Клиент должен существовать в таблице ZAKAZNIK
    JOIN ZAKAZNIK z
        ON z.ID_UZIVATELU = u.ID_UZIVATEL

    -- Все заказы клиента
    JOIN OBJEDNAVKA o
        ON o.ID_UZIVATEL = u.ID_UZIVATEL

    -- Оплаты заказов (могут отсутствовать → LEFT JOIN)
    LEFT JOIN PLATBA p
        ON p.ID_OBJEDNAVKA = o.ID_OBJEDNAVKA

    -- Супермаркет, в котором был оформлен заказ
    JOIN SUPERMARKET s
        ON s.ID_SUPERMARKET = o.ID_SUPERMARKET

    -- Адрес супермаркета
    JOIN ADRESA a
        ON a.ID_ADRESA = s.ID_ADRESA

    -- Название города
    JOIN MESTO m
        ON m.PSC = a.MESTO_PSC

    GROUP BY
        u.ID_UZIVATEL,
        u.JMENO,
        u.PRIJMENI,
        z.KARTAVERNOSTI,
        s.ID_SUPERMARKET,
        s.NAZEV,
        m.NAZEV
) a
;
--------------------------------------------------------
--  DDL for View V_ZBOZI_STAT
--------------------------------------------------------

  CREATE OR REPLACE FORCE EDITIONABLE VIEW "V_ZBOZI_STAT" ("ID_ZBOZI", "NAZEV_ZBOZI", "CENA", "KATEGORIE", "POCET_DODAVATELU", "AVG_CENA_CATEGORY") AS 
  SELECT
    z.ID_ZBOZI,
    z.NAZEV AS NAZEV_ZBOZI,
    z.CENA,
    k.NAZEV AS KATEGORIE,
    COUNT(zd.ID_UZIVATELU) AS POCET_DODAVATELU,
    AVG(z.CENA) OVER (PARTITION BY z.ID_KATEGORIE) AS AVG_CENA_CATEGORY
FROM ZBOZI z
LEFT JOIN KATEGORIE_ZBOZI k 
       ON k.ID_KATEGORIE = z.ID_KATEGORIE
LEFT JOIN ZBOZI_DODAVATEL zd 
       ON zd.ID_ZBOZI = z.ID_ZBOZI
GROUP BY 
    z.ID_ZBOZI, z.NAZEV, z.CENA, k.NAZEV, z.ID_KATEGORIE
;
REM INSERTING into ADRESA
SET DEFINE OFF;
Insert into ADRESA (ID_ADRESA,ULICE,CISLOPOPISNE,MESTO_PSC,CISLOORIENTACNI) values ('86','U Trojice','27','11000','5');
Insert into ADRESA (ID_ADRESA,ULICE,CISLOPOPISNE,MESTO_PSC,CISLOORIENTACNI) values ('87','Na Folimance','13','12000','2');
Insert into ADRESA (ID_ADRESA,ULICE,CISLOPOPISNE,MESTO_PSC,CISLOORIENTACNI) values ('88','U Rajske zahrady','14','13000','10');
Insert into ADRESA (ID_ADRESA,ULICE,CISLOPOPISNE,MESTO_PSC,CISLOORIENTACNI) values ('89','Jeremenkova','282','14000','9');
Insert into ADRESA (ID_ADRESA,ULICE,CISLOPOPISNE,MESTO_PSC,CISLOORIENTACNI) values ('90','Tusarova','21','17000','4');
Insert into ADRESA (ID_ADRESA,ULICE,CISLOPOPISNE,MESTO_PSC,CISLOORIENTACNI) values ('91','Kobližná','18','60200','3');
Insert into ADRESA (ID_ADRESA,ULICE,CISLOPOPISNE,MESTO_PSC,CISLOORIENTACNI) values ('92','Cejl','76','60200','12');
Insert into ADRESA (ID_ADRESA,ULICE,CISLOPOPISNE,MESTO_PSC,CISLOORIENTACNI) values ('93','Havlickova','44','53009','7');
Insert into ADRESA (ID_ADRESA,ULICE,CISLOPOPISNE,MESTO_PSC,CISLOORIENTACNI) values ('94','Zborovskeho','155','53009','11');
Insert into ADRESA (ID_ADRESA,ULICE,CISLOPOPISNE,MESTO_PSC,CISLOORIENTACNI) values ('95','Tesinska','98','70200','6');
Insert into ADRESA (ID_ADRESA,ULICE,CISLOPOPISNE,MESTO_PSC,CISLOORIENTACNI) values ('96','28. rijna','45','70200','15');
Insert into ADRESA (ID_ADRESA,ULICE,CISLOPOPISNE,MESTO_PSC,CISLOORIENTACNI) values ('97','U Soudu','24','30100','1');
Insert into ADRESA (ID_ADRESA,ULICE,CISLOPOPISNE,MESTO_PSC,CISLOORIENTACNI) values ('98','Slovanska','155','30100','20');
Insert into ADRESA (ID_ADRESA,ULICE,CISLOPOPISNE,MESTO_PSC,CISLOORIENTACNI) values ('99','Partyzanu','11','46001','9');
Insert into ADRESA (ID_ADRESA,ULICE,CISLOPOPISNE,MESTO_PSC,CISLOORIENTACNI) values ('100','Svermova','52','46001','3');
Insert into ADRESA (ID_ADRESA,ULICE,CISLOPOPISNE,MESTO_PSC,CISLOORIENTACNI) values ('1','Testova','12','53009','5');
Insert into ADRESA (ID_ADRESA,ULICE,CISLOPOPISNE,MESTO_PSC,CISLOORIENTACNI) values ('2','Národní','33','11000','12');
Insert into ADRESA (ID_ADRESA,ULICE,CISLOPOPISNE,MESTO_PSC,CISLOORIENTACNI) values ('3','Jungmannova','24','11000','4');
Insert into ADRESA (ID_ADRESA,ULICE,CISLOPOPISNE,MESTO_PSC,CISLOORIENTACNI) values ('4','Nekázanka','11','11000','2');
Insert into ADRESA (ID_ADRESA,ULICE,CISLOPOPISNE,MESTO_PSC,CISLOORIENTACNI) values ('5','Politických vězňů','13','11000','3');
Insert into ADRESA (ID_ADRESA,ULICE,CISLOPOPISNE,MESTO_PSC,CISLOORIENTACNI) values ('6','Ječná','15','12000','7');
Insert into ADRESA (ID_ADRESA,ULICE,CISLOPOPISNE,MESTO_PSC,CISLOORIENTACNI) values ('7','Legerova','45','12000','9');
Insert into ADRESA (ID_ADRESA,ULICE,CISLOPOPISNE,MESTO_PSC,CISLOORIENTACNI) values ('8','Sokolská','68','12000','3');
Insert into ADRESA (ID_ADRESA,ULICE,CISLOPOPISNE,MESTO_PSC,CISLOORIENTACNI) values ('9','Záhřebská','22','12000','5');
Insert into ADRESA (ID_ADRESA,ULICE,CISLOPOPISNE,MESTO_PSC,CISLOORIENTACNI) values ('10','Rumunská','12','12000','8');
Insert into ADRESA (ID_ADRESA,ULICE,CISLOPOPISNE,MESTO_PSC,CISLOORIENTACNI) values ('11','Seifertova','82','13000','3');
Insert into ADRESA (ID_ADRESA,ULICE,CISLOPOPISNE,MESTO_PSC,CISLOORIENTACNI) values ('12','Ondříčkova','26','13000','11');
Insert into ADRESA (ID_ADRESA,ULICE,CISLOPOPISNE,MESTO_PSC,CISLOORIENTACNI) values ('13','Bořivojova','104','13000','9');
Insert into ADRESA (ID_ADRESA,ULICE,CISLOPOPISNE,MESTO_PSC,CISLOORIENTACNI) values ('14','Kubelíkova','37','13000','2');
Insert into ADRESA (ID_ADRESA,ULICE,CISLOPOPISNE,MESTO_PSC,CISLOORIENTACNI) values ('15','Chvalova','8','13000','1');
Insert into ADRESA (ID_ADRESA,ULICE,CISLOPOPISNE,MESTO_PSC,CISLOORIENTACNI) values ('16','Budějovická','123','14000','8');
Insert into ADRESA (ID_ADRESA,ULICE,CISLOPOPISNE,MESTO_PSC,CISLOORIENTACNI) values ('17','Na Pankráci','1724','14000','34');
Insert into ADRESA (ID_ADRESA,ULICE,CISLOPOPISNE,MESTO_PSC,CISLOORIENTACNI) values ('18','Jeremenkova','88','14000','6');
Insert into ADRESA (ID_ADRESA,ULICE,CISLOPOPISNE,MESTO_PSC,CISLOORIENTACNI) values ('19','Antala Staška','18','14000','3');
Insert into ADRESA (ID_ADRESA,ULICE,CISLOPOPISNE,MESTO_PSC,CISLOORIENTACNI) values ('20','Na Strži','65','14000','4');
Insert into ADRESA (ID_ADRESA,ULICE,CISLOPOPISNE,MESTO_PSC,CISLOORIENTACNI) values ('21','Strossmayerovo náměstí','5','17000','2');
Insert into ADRESA (ID_ADRESA,ULICE,CISLOPOPISNE,MESTO_PSC,CISLOORIENTACNI) values ('22','Dukelských hrdinů','12','17000','6');
Insert into ADRESA (ID_ADRESA,ULICE,CISLOPOPISNE,MESTO_PSC,CISLOORIENTACNI) values ('23','Kostelní','42','17000','11');
Insert into ADRESA (ID_ADRESA,ULICE,CISLOPOPISNE,MESTO_PSC,CISLOORIENTACNI) values ('24','U Průhonu','19','17000','8');
Insert into ADRESA (ID_ADRESA,ULICE,CISLOPOPISNE,MESTO_PSC,CISLOORIENTACNI) values ('25','Jankovcova','53','17000','7');
Insert into ADRESA (ID_ADRESA,ULICE,CISLOPOPISNE,MESTO_PSC,CISLOORIENTACNI) values ('26','Kounicova','67','60200','10');
Insert into ADRESA (ID_ADRESA,ULICE,CISLOPOPISNE,MESTO_PSC,CISLOORIENTACNI) values ('27','Česká','19','60200','2');
Insert into ADRESA (ID_ADRESA,ULICE,CISLOPOPISNE,MESTO_PSC,CISLOORIENTACNI) values ('28','Veveří','112','60200','3');
Insert into ADRESA (ID_ADRESA,ULICE,CISLOPOPISNE,MESTO_PSC,CISLOORIENTACNI) values ('29','Úvoz','45','60200','1');
Insert into ADRESA (ID_ADRESA,ULICE,CISLOPOPISNE,MESTO_PSC,CISLOORIENTACNI) values ('30','Lidická','88','60200','14');
Insert into ADRESA (ID_ADRESA,ULICE,CISLOPOPISNE,MESTO_PSC,CISLOORIENTACNI) values ('31','Tábor','23','60200','7');
Insert into ADRESA (ID_ADRESA,ULICE,CISLOPOPISNE,MESTO_PSC,CISLOORIENTACNI) values ('32','Bayerova','9','60200','2');
Insert into ADRESA (ID_ADRESA,ULICE,CISLOPOPISNE,MESTO_PSC,CISLOORIENTACNI) values ('33','Masarykova','12','60200','5');
Insert into ADRESA (ID_ADRESA,ULICE,CISLOPOPISNE,MESTO_PSC,CISLOORIENTACNI) values ('34','Hybešova','61','60200','8');
Insert into ADRESA (ID_ADRESA,ULICE,CISLOPOPISNE,MESTO_PSC,CISLOORIENTACNI) values ('35','Husova','13','60200','6');
Insert into ADRESA (ID_ADRESA,ULICE,CISLOPOPISNE,MESTO_PSC,CISLOORIENTACNI) values ('36','Klatovská tř.','122','30100','4');
Insert into ADRESA (ID_ADRESA,ULICE,CISLOPOPISNE,MESTO_PSC,CISLOORIENTACNI) values ('37','Americká','32','30100','6');
Insert into ADRESA (ID_ADRESA,ULICE,CISLOPOPISNE,MESTO_PSC,CISLOORIENTACNI) values ('38','Sukova','13','30100','2');
Insert into ADRESA (ID_ADRESA,ULICE,CISLOPOPISNE,MESTO_PSC,CISLOORIENTACNI) values ('39','Rokycanská','117','30100','19');
Insert into ADRESA (ID_ADRESA,ULICE,CISLOPOPISNE,MESTO_PSC,CISLOORIENTACNI) values ('40','U Prazdroje','7','30100','1');
Insert into ADRESA (ID_ADRESA,ULICE,CISLOPOPISNE,MESTO_PSC,CISLOORIENTACNI) values ('41','Borská','45','30100','3');
Insert into ADRESA (ID_ADRESA,ULICE,CISLOPOPISNE,MESTO_PSC,CISLOORIENTACNI) values ('42','Na Roudné','9','30100','4');
Insert into ADRESA (ID_ADRESA,ULICE,CISLOPOPISNE,MESTO_PSC,CISLOORIENTACNI) values ('43','Tylova','18','30100','2');
Insert into ADRESA (ID_ADRESA,ULICE,CISLOPOPISNE,MESTO_PSC,CISLOORIENTACNI) values ('44','Kollárova','11','30100','6');
Insert into ADRESA (ID_ADRESA,ULICE,CISLOPOPISNE,MESTO_PSC,CISLOORIENTACNI) values ('45','Bílá Hora','65','30100','8');
Insert into ADRESA (ID_ADRESA,ULICE,CISLOPOPISNE,MESTO_PSC,CISLOORIENTACNI) values ('46','Karla IV.','291','50002','3');
Insert into ADRESA (ID_ADRESA,ULICE,CISLOPOPISNE,MESTO_PSC,CISLOORIENTACNI) values ('47','Gočárova třída','1105','50002','18');
Insert into ADRESA (ID_ADRESA,ULICE,CISLOPOPISNE,MESTO_PSC,CISLOORIENTACNI) values ('48','Střelecká','578','50002','9');
Insert into ADRESA (ID_ADRESA,ULICE,CISLOPOPISNE,MESTO_PSC,CISLOORIENTACNI) values ('49','Šimkova','1224','50002','5');
Insert into ADRESA (ID_ADRESA,ULICE,CISLOPOPISNE,MESTO_PSC,CISLOORIENTACNI) values ('50','Československé armády','21','50002','6');
Insert into ADRESA (ID_ADRESA,ULICE,CISLOPOPISNE,MESTO_PSC,CISLOORIENTACNI) values ('51','Mostecká','78','50002','3');
Insert into ADRESA (ID_ADRESA,ULICE,CISLOPOPISNE,MESTO_PSC,CISLOORIENTACNI) values ('52','Brněnská','45','13000','1');
Insert into ADRESA (ID_ADRESA,ULICE,CISLOPOPISNE,MESTO_PSC,CISLOORIENTACNI) values ('53','Smetanovo nábřeží','3','50002','1');
Insert into ADRESA (ID_ADRESA,ULICE,CISLOPOPISNE,MESTO_PSC,CISLOORIENTACNI) values ('54','Havlíčkova','17','50002','2');
Insert into ADRESA (ID_ADRESA,ULICE,CISLOPOPISNE,MESTO_PSC,CISLOORIENTACNI) values ('55','Labská kotlina','1014','50002','9');
Insert into ADRESA (ID_ADRESA,ULICE,CISLOPOPISNE,MESTO_PSC,CISLOORIENTACNI) values ('56','Studentská','95','53009','3');
Insert into ADRESA (ID_ADRESA,ULICE,CISLOPOPISNE,MESTO_PSC,CISLOORIENTACNI) values ('57','třída Míru','62','53009','11');
Insert into ADRESA (ID_ADRESA,ULICE,CISLOPOPISNE,MESTO_PSC,CISLOORIENTACNI) values ('58','Sukova třída','155','53009','14');
Insert into ADRESA (ID_ADRESA,ULICE,CISLOPOPISNE,MESTO_PSC,CISLOORIENTACNI) values ('59','Na Spravedlnosti','147','53009','7');
Insert into ADRESA (ID_ADRESA,ULICE,CISLOPOPISNE,MESTO_PSC,CISLOORIENTACNI) values ('60','Hradecká','81','53009','9');
Insert into ADRESA (ID_ADRESA,ULICE,CISLOPOPISNE,MESTO_PSC,CISLOORIENTACNI) values ('61','Polabiny I','450','53009','12');
Insert into ADRESA (ID_ADRESA,ULICE,CISLOPOPISNE,MESTO_PSC,CISLOORIENTACNI) values ('62','Polabiny II','312','53009','4');
Insert into ADRESA (ID_ADRESA,ULICE,CISLOPOPISNE,MESTO_PSC,CISLOORIENTACNI) values ('63','Teplého','52','53009','6');
Insert into ADRESA (ID_ADRESA,ULICE,CISLOPOPISNE,MESTO_PSC,CISLOORIENTACNI) values ('64','17. listopadu','121','53009','8');
Insert into ADRESA (ID_ADRESA,ULICE,CISLOPOPISNE,MESTO_PSC,CISLOORIENTACNI) values ('65','Železniční','27','53009','2');
Insert into ADRESA (ID_ADRESA,ULICE,CISLOPOPISNE,MESTO_PSC,CISLOORIENTACNI) values ('66','Horní náměstí','23','77900','9');
Insert into ADRESA (ID_ADRESA,ULICE,CISLOPOPISNE,MESTO_PSC,CISLOORIENTACNI) values ('67','Litovelská','77','77900','14');
Insert into ADRESA (ID_ADRESA,ULICE,CISLOPOPISNE,MESTO_PSC,CISLOORIENTACNI) values ('68','Holická','55','77900','3');
Insert into ADRESA (ID_ADRESA,ULICE,CISLOPOPISNE,MESTO_PSC,CISLOORIENTACNI) values ('69','Foerstrova','10','77900','2');
Insert into ADRESA (ID_ADRESA,ULICE,CISLOPOPISNE,MESTO_PSC,CISLOORIENTACNI) values ('70','Wolkerova','120','77900','7');
Insert into ADRESA (ID_ADRESA,ULICE,CISLOPOPISNE,MESTO_PSC,CISLOORIENTACNI) values ('71','Masarykova','312','40001','12');
Insert into ADRESA (ID_ADRESA,ULICE,CISLOPOPISNE,MESTO_PSC,CISLOORIENTACNI) values ('72','Hrnčířská','55','40001','7');
Insert into ADRESA (ID_ADRESA,ULICE,CISLOPOPISNE,MESTO_PSC,CISLOORIENTACNI) values ('73','Revoluční','18','40001','4');
Insert into ADRESA (ID_ADRESA,ULICE,CISLOPOPISNE,MESTO_PSC,CISLOORIENTACNI) values ('74','Velká Hradební','121','40001','9');
Insert into ADRESA (ID_ADRESA,ULICE,CISLOPOPISNE,MESTO_PSC,CISLOORIENTACNI) values ('75','Dlouhá','3','40001','1');
Insert into ADRESA (ID_ADRESA,ULICE,CISLOPOPISNE,MESTO_PSC,CISLOORIENTACNI) values ('76','Fryštátsk','212','72802','5');
Insert into ADRESA (ID_ADRESA,ULICE,CISLOPOPISNE,MESTO_PSC,CISLOORIENTACNI) values ('77','Nám. TGM','98','72802','3');
Insert into ADRESA (ID_ADRESA,ULICE,CISLOPOPISNE,MESTO_PSC,CISLOORIENTACNI) values ('78','Borovského','14','72802','1');
Insert into ADRESA (ID_ADRESA,ULICE,CISLOPOPISNE,MESTO_PSC,CISLOORIENTACNI) values ('79','U Bažantnice','45','72802','7');
Insert into ADRESA (ID_ADRESA,ULICE,CISLOPOPISNE,MESTO_PSC,CISLOORIENTACNI) values ('80','Havířská','8','72802','2');
Insert into ADRESA (ID_ADRESA,ULICE,CISLOPOPISNE,MESTO_PSC,CISLOORIENTACNI) values ('81','Jaselská','14','29301','4');
Insert into ADRESA (ID_ADRESA,ULICE,CISLOPOPISNE,MESTO_PSC,CISLOORIENTACNI) values ('82','Laurinova','23','29301','1');
Insert into ADRESA (ID_ADRESA,ULICE,CISLOPOPISNE,MESTO_PSC,CISLOORIENTACNI) values ('83','Václavkova','9','29301','2');
Insert into ADRESA (ID_ADRESA,ULICE,CISLOPOPISNE,MESTO_PSC,CISLOORIENTACNI) values ('84','Jičínská','62','29301','8');
Insert into ADRESA (ID_ADRESA,ULICE,CISLOPOPISNE,MESTO_PSC,CISLOORIENTACNI) values ('85','Tyršova','15','29301','5');
Insert into ADRESA (ID_ADRESA,ULICE,CISLOPOPISNE,MESTO_PSC,CISLOORIENTACNI) values ('108','Peprova','1207','13000','20');
Insert into ADRESA (ID_ADRESA,ULICE,CISLOPOPISNE,MESTO_PSC,CISLOORIENTACNI) values ('103','Studentska','202','53009','2');
Insert into ADRESA (ID_ADRESA,ULICE,CISLOPOPISNE,MESTO_PSC,CISLOORIENTACNI) values ('101','Studenska','201','11000','1');
Insert into ADRESA (ID_ADRESA,ULICE,CISLOPOPISNE,MESTO_PSC,CISLOORIENTACNI) values ('102','Studentska','202','53009','2');
REM INSERTING into APP_ROLE
SET DEFINE OFF;
Insert into APP_ROLE (ID_ROLE,NAZEV) values ('1','ADMIN');
Insert into APP_ROLE (ID_ROLE,NAZEV) values ('2','DODAVATEL');
Insert into APP_ROLE (ID_ROLE,NAZEV) values ('3','ZAKAZNIK');
Insert into APP_ROLE (ID_ROLE,NAZEV) values ('4','MANAZER');
Insert into APP_ROLE (ID_ROLE,NAZEV) values ('5','ANALYTIK');
Insert into APP_ROLE (ID_ROLE,NAZEV) values ('6','SUPERVIZOR');
Insert into APP_ROLE (ID_ROLE,NAZEV) values ('7','NEW_USER');
REM INSERTING into APP_ROLE_PRAVO
SET DEFINE OFF;
Insert into APP_ROLE_PRAVO (ID_PRAVO,ID_ROLE) values ('1','1');
Insert into APP_ROLE_PRAVO (ID_PRAVO,ID_ROLE) values ('1','2');
Insert into APP_ROLE_PRAVO (ID_PRAVO,ID_ROLE) values ('1','3');
Insert into APP_ROLE_PRAVO (ID_PRAVO,ID_ROLE) values ('1','5');
Insert into APP_ROLE_PRAVO (ID_PRAVO,ID_ROLE) values ('1','6');
Insert into APP_ROLE_PRAVO (ID_PRAVO,ID_ROLE) values ('2','1');
Insert into APP_ROLE_PRAVO (ID_PRAVO,ID_ROLE) values ('2','6');
Insert into APP_ROLE_PRAVO (ID_PRAVO,ID_ROLE) values ('3','1');
Insert into APP_ROLE_PRAVO (ID_PRAVO,ID_ROLE) values ('3','4');
Insert into APP_ROLE_PRAVO (ID_PRAVO,ID_ROLE) values ('3','5');
Insert into APP_ROLE_PRAVO (ID_PRAVO,ID_ROLE) values ('3','6');
Insert into APP_ROLE_PRAVO (ID_PRAVO,ID_ROLE) values ('5','1');
Insert into APP_ROLE_PRAVO (ID_PRAVO,ID_ROLE) values ('5','3');
Insert into APP_ROLE_PRAVO (ID_PRAVO,ID_ROLE) values ('6','1');
Insert into APP_ROLE_PRAVO (ID_PRAVO,ID_ROLE) values ('6','4');
Insert into APP_ROLE_PRAVO (ID_PRAVO,ID_ROLE) values ('6','5');
Insert into APP_ROLE_PRAVO (ID_PRAVO,ID_ROLE) values ('7','1');
Insert into APP_ROLE_PRAVO (ID_PRAVO,ID_ROLE) values ('8','1');
Insert into APP_ROLE_PRAVO (ID_PRAVO,ID_ROLE) values ('8','4');
Insert into APP_ROLE_PRAVO (ID_PRAVO,ID_ROLE) values ('9','1');
Insert into APP_ROLE_PRAVO (ID_PRAVO,ID_ROLE) values ('11','1');
Insert into APP_ROLE_PRAVO (ID_PRAVO,ID_ROLE) values ('28','2');
Insert into APP_ROLE_PRAVO (ID_PRAVO,ID_ROLE) values ('29','4');
Insert into APP_ROLE_PRAVO (ID_PRAVO,ID_ROLE) values ('30','3');
REM INSERTING into ARCHIV
SET DEFINE OFF;
Insert into ARCHIV (ID_ARCHIV,NAZEV,PARENT_ID) values ('2','Supermarket Praha Centrum','1');
Insert into ARCHIV (ID_ARCHIV,NAZEV,PARENT_ID) values ('1','Hlavní Archiv Supermarketu',null);
Insert into ARCHIV (ID_ARCHIV,NAZEV,PARENT_ID) values ('3','Dokumenty','2');
Insert into ARCHIV (ID_ARCHIV,NAZEV,PARENT_ID) values ('4','Reporty','2');
Insert into ARCHIV (ID_ARCHIV,NAZEV,PARENT_ID) values ('5','Inventura','2');
Insert into ARCHIV (ID_ARCHIV,NAZEV,PARENT_ID) values ('6','Log','2');
Insert into ARCHIV (ID_ARCHIV,NAZEV,PARENT_ID) values ('7','Zbozi','6');
Insert into ARCHIV (ID_ARCHIV,NAZEV,PARENT_ID) values ('8','Objednavky','6');
Insert into ARCHIV (ID_ARCHIV,NAZEV,PARENT_ID) values ('9','Platby','6');
Insert into ARCHIV (ID_ARCHIV,NAZEV,PARENT_ID) values ('10','Ostatni','6');
Insert into ARCHIV (ID_ARCHIV,NAZEV,PARENT_ID) values ('11','Supermarket Praha Folimanka','1');
Insert into ARCHIV (ID_ARCHIV,NAZEV,PARENT_ID) values ('12','Dokumenty','11');
Insert into ARCHIV (ID_ARCHIV,NAZEV,PARENT_ID) values ('13','Reporty','11');
Insert into ARCHIV (ID_ARCHIV,NAZEV,PARENT_ID) values ('14','Inventura','11');
Insert into ARCHIV (ID_ARCHIV,NAZEV,PARENT_ID) values ('15','Log','11');
Insert into ARCHIV (ID_ARCHIV,NAZEV,PARENT_ID) values ('16','Zbozi','15');
Insert into ARCHIV (ID_ARCHIV,NAZEV,PARENT_ID) values ('17','Objednavky','15');
Insert into ARCHIV (ID_ARCHIV,NAZEV,PARENT_ID) values ('18','Platby','15');
Insert into ARCHIV (ID_ARCHIV,NAZEV,PARENT_ID) values ('19','Ostatni','15');
Insert into ARCHIV (ID_ARCHIV,NAZEV,PARENT_ID) values ('20','Supermarket Praha Zahrada','1');
Insert into ARCHIV (ID_ARCHIV,NAZEV,PARENT_ID) values ('21','Dokumenty','20');
Insert into ARCHIV (ID_ARCHIV,NAZEV,PARENT_ID) values ('22','Reporty','20');
Insert into ARCHIV (ID_ARCHIV,NAZEV,PARENT_ID) values ('23','Inventura','20');
Insert into ARCHIV (ID_ARCHIV,NAZEV,PARENT_ID) values ('24','Log','20');
Insert into ARCHIV (ID_ARCHIV,NAZEV,PARENT_ID) values ('25','Zbozi','24');
Insert into ARCHIV (ID_ARCHIV,NAZEV,PARENT_ID) values ('26','Objednavky','24');
Insert into ARCHIV (ID_ARCHIV,NAZEV,PARENT_ID) values ('27','Platby','24');
Insert into ARCHIV (ID_ARCHIV,NAZEV,PARENT_ID) values ('28','Ostatni','24');
Insert into ARCHIV (ID_ARCHIV,NAZEV,PARENT_ID) values ('29','Supermarket Praha Jeremenkova','1');
Insert into ARCHIV (ID_ARCHIV,NAZEV,PARENT_ID) values ('30','Dokumenty','29');
Insert into ARCHIV (ID_ARCHIV,NAZEV,PARENT_ID) values ('31','Reporty','29');
Insert into ARCHIV (ID_ARCHIV,NAZEV,PARENT_ID) values ('32','Inventura','29');
Insert into ARCHIV (ID_ARCHIV,NAZEV,PARENT_ID) values ('33','Log','29');
Insert into ARCHIV (ID_ARCHIV,NAZEV,PARENT_ID) values ('34','Zbozi','33');
Insert into ARCHIV (ID_ARCHIV,NAZEV,PARENT_ID) values ('35','Objednavky','33');
Insert into ARCHIV (ID_ARCHIV,NAZEV,PARENT_ID) values ('36','Platby','33');
Insert into ARCHIV (ID_ARCHIV,NAZEV,PARENT_ID) values ('37','Ostatni','33');
Insert into ARCHIV (ID_ARCHIV,NAZEV,PARENT_ID) values ('38','Supermarket Praha Tusarova','1');
Insert into ARCHIV (ID_ARCHIV,NAZEV,PARENT_ID) values ('39','Dokumenty','38');
Insert into ARCHIV (ID_ARCHIV,NAZEV,PARENT_ID) values ('40','Reporty','38');
Insert into ARCHIV (ID_ARCHIV,NAZEV,PARENT_ID) values ('41','Inventura','38');
Insert into ARCHIV (ID_ARCHIV,NAZEV,PARENT_ID) values ('42','Log','38');
Insert into ARCHIV (ID_ARCHIV,NAZEV,PARENT_ID) values ('43','Zbozi','42');
Insert into ARCHIV (ID_ARCHIV,NAZEV,PARENT_ID) values ('44','Objednavky','42');
Insert into ARCHIV (ID_ARCHIV,NAZEV,PARENT_ID) values ('45','Platby','42');
Insert into ARCHIV (ID_ARCHIV,NAZEV,PARENT_ID) values ('46','Ostatni','42');
Insert into ARCHIV (ID_ARCHIV,NAZEV,PARENT_ID) values ('47','Uzivatele','1');
Insert into ARCHIV (ID_ARCHIV,NAZEV,PARENT_ID) values ('51','UCTY','1');
Insert into ARCHIV (ID_ARCHIV,NAZEV,PARENT_ID) values ('53','Reporty Uctu','1');
Insert into ARCHIV (ID_ARCHIV,NAZEV,PARENT_ID) values ('48','Global Log','1');
Insert into ARCHIV (ID_ARCHIV,NAZEV,PARENT_ID) values ('50','Zpravy','1');
REM INSERTING into DODAVATEL
SET DEFINE OFF;
Insert into DODAVATEL (ID_UZIVATELU,FIRMA) values ('2','SpecialCZ');
Insert into DODAVATEL (ID_UZIVATELU,FIRMA) values ('3','AgroMaster CZ');
Insert into DODAVATEL (ID_UZIVATELU,FIRMA) values ('4','MeatMarket s.r.o.');
Insert into DODAVATEL (ID_UZIVATELU,FIRMA) values ('5','SunFruit Import');
Insert into DODAVATEL (ID_UZIVATELU,FIRMA) values ('6','ChocoFactory');
Insert into DODAVATEL (ID_UZIVATELU,FIRMA) values ('7','AquaTrade CZ');
Insert into DODAVATEL (ID_UZIVATELU,FIRMA) values ('8','VegaGreen s.r.o.');
Insert into DODAVATEL (ID_UZIVATELU,FIRMA) values ('10','NordicFoods');
Insert into DODAVATEL (ID_UZIVATELU,FIRMA) values ('11','BioFreshCZ');
Insert into DODAVATEL (ID_UZIVATELU,FIRMA) values ('12','MeatExpress');
Insert into DODAVATEL (ID_UZIVATELU,FIRMA) values ('13','UrbanFarm Suppliers');
Insert into DODAVATEL (ID_UZIVATELU,FIRMA) values ('14','PrimaPece');
Insert into DODAVATEL (ID_UZIVATELU,FIRMA) values ('15','RoyalDrinks');
Insert into DODAVATEL (ID_UZIVATELU,FIRMA) values ('16','PureMilk Distribution');
Insert into DODAVATEL (ID_UZIVATELU,FIRMA) values ('17','GreenValley Export');
Insert into DODAVATEL (ID_UZIVATELU,FIRMA) values ('18','OvocePlus');
Insert into DODAVATEL (ID_UZIVATELU,FIRMA) values ('19','CukrarnaSupply');
Insert into DODAVATEL (ID_UZIVATELU,FIRMA) values ('22','Test Firma');
Insert into DODAVATEL (ID_UZIVATELU,FIRMA) values ('33','DOPLNIT_FIRMA');
REM INSERTING into HOTOVOST
SET DEFINE OFF;
Insert into HOTOVOST (ID_PLATBA,PRIJATO,VRACENO) values ('36','103','0');
Insert into HOTOVOST (ID_PLATBA,PRIJATO,VRACENO) values ('37','309','0,1');
Insert into HOTOVOST (ID_PLATBA,PRIJATO,VRACENO) values ('35','160','0,2');
Insert into HOTOVOST (ID_PLATBA,PRIJATO,VRACENO) values ('38','458','0,2');
Insert into HOTOVOST (ID_PLATBA,PRIJATO,VRACENO) values ('39','420','0');
Insert into HOTOVOST (ID_PLATBA,PRIJATO,VRACENO) values ('40','2421','0');
Insert into HOTOVOST (ID_PLATBA,PRIJATO,VRACENO) values ('34','448','0');
Insert into HOTOVOST (ID_PLATBA,PRIJATO,VRACENO) values ('44','1278','0');
Insert into HOTOVOST (ID_PLATBA,PRIJATO,VRACENO) values ('3','0','0');
Insert into HOTOVOST (ID_PLATBA,PRIJATO,VRACENO) values ('30','93','0,2');
REM INSERTING into KARTA
SET DEFINE OFF;
Insert into KARTA (ID_PLATBA,CISLOKARTY) values ('47','1212123223542345');
REM INSERTING into KATEGORIE_ZBOZI
SET DEFINE OFF;
Insert into KATEGORIE_ZBOZI (ID_KATEGORIE,NAZEV,POPIS) values ('1','Mlecne vyrobky','Syry, mleko, jogurty, maslo, tvaroh.');
Insert into KATEGORIE_ZBOZI (ID_KATEGORIE,NAZEV,POPIS) values ('2','Pecivo','Cerstve pecivo, bagety, chleb, housky.');
Insert into KATEGORIE_ZBOZI (ID_KATEGORIE,NAZEV,POPIS) values ('3','Maso a uzeniny','Hovezi, veprove, kureci, salamy, sunky.');
Insert into KATEGORIE_ZBOZI (ID_KATEGORIE,NAZEV,POPIS) values ('4','Ovoce','Cerstve ovoce z CR i dovoz.');
Insert into KATEGORIE_ZBOZI (ID_KATEGORIE,NAZEV,POPIS) values ('5','Zelenina','Cerstva zelenina, bylinky.');
Insert into KATEGORIE_ZBOZI (ID_KATEGORIE,NAZEV,POPIS) values ('6','Napoj','Sodovky, dzusy, vody, energeticke napoje.');
Insert into KATEGORIE_ZBOZI (ID_KATEGORIE,NAZEV,POPIS) values ('7','Sladkosti','Cokolady, susenky, bonbony.');
Insert into KATEGORIE_ZBOZI (ID_KATEGORIE,NAZEV,POPIS) values ('8','Mrazene','Mrazena zelenina, pizza, ryby.');
Insert into KATEGORIE_ZBOZI (ID_KATEGORIE,NAZEV,POPIS) values ('9','Drogerie','Cistici prostredky, kosmetika.');
Insert into KATEGORIE_ZBOZI (ID_KATEGORIE,NAZEV,POPIS) values ('10','Alkohol','Pivo, vino, lihoviny.');
REM INSERTING into LOG
SET DEFINE OFF;
Insert into LOG (ID_LOG,TABULKANAZEV,OPERACE,DATUMZMENY,IDREKORD,ID_ARCHIV) values ('31','ZBOZI','U',to_date('01.12.25','DD.MM.RR'),'Test Produkt','25');
Insert into LOG (ID_LOG,TABULKANAZEV,OPERACE,DATUMZMENY,IDREKORD,ID_ARCHIV) values ('32','ZBOZI','D',to_date('01.12.25','DD.MM.RR'),'Test Produkt','25');
Insert into LOG (ID_LOG,TABULKANAZEV,OPERACE,DATUMZMENY,IDREKORD,ID_ARCHIV) values ('33','OBJEDNAVKA','I',to_date('01.12.25','DD.MM.RR'),'Petr Kral','8');
Insert into LOG (ID_LOG,TABULKANAZEV,OPERACE,DATUMZMENY,IDREKORD,ID_ARCHIV) values ('34','OBJEDNAVKA','U',to_date('01.12.25','DD.MM.RR'),'Petr Kral','8');
Insert into LOG (ID_LOG,TABULKANAZEV,OPERACE,DATUMZMENY,IDREKORD,ID_ARCHIV) values ('35','OBJEDNAVKA','D',to_date('01.12.25','DD.MM.RR'),'Petr Kral','8');
Insert into LOG (ID_LOG,TABULKANAZEV,OPERACE,DATUMZMENY,IDREKORD,ID_ARCHIV) values ('38','PLATBA','D',to_date('01.12.25','DD.MM.RR'),'PLATBA 2025-11-29 15:05 / Supermarket Praha Centrum','9');
Insert into LOG (ID_LOG,TABULKANAZEV,OPERACE,DATUMZMENY,IDREKORD,ID_ARCHIV) values ('39','OBJEDNAVKA','D',to_date('01.12.25','DD.MM.RR'),'Petr Kral','8');
Insert into LOG (ID_LOG,TABULKANAZEV,OPERACE,DATUMZMENY,IDREKORD,ID_ARCHIV) values ('40','UZIVATEL','D',to_date('01.12.25','DD.MM.RR'),'Anna Kirik','47');
Insert into LOG (ID_LOG,TABULKANAZEV,OPERACE,DATUMZMENY,IDREKORD,ID_ARCHIV) values ('41','UZIVATEL','I',to_date('01.12.25','DD.MM.RR'),'Anna Kirik','47');
Insert into LOG (ID_LOG,TABULKANAZEV,OPERACE,DATUMZMENY,IDREKORD,ID_ARCHIV) values ('42','UZIVATEL','U',to_date('01.12.25','DD.MM.RR'),'Anna Kirik','47');
Insert into LOG (ID_LOG,TABULKANAZEV,OPERACE,DATUMZMENY,IDREKORD,ID_ARCHIV) values ('43','UZIVATEL','U',to_date('01.12.25','DD.MM.RR'),'Anna Kirik','47');
Insert into LOG (ID_LOG,TABULKANAZEV,OPERACE,DATUMZMENY,IDREKORD,ID_ARCHIV) values ('44','UZIVATEL','D',to_date('01.12.25','DD.MM.RR'),'Anna Kirik','47');
Insert into LOG (ID_LOG,TABULKANAZEV,OPERACE,DATUMZMENY,IDREKORD,ID_ARCHIV) values ('45','SKLAD','I',to_date('01.12.25','DD.MM.RR'),'Test Sklad','10');
Insert into LOG (ID_LOG,TABULKANAZEV,OPERACE,DATUMZMENY,IDREKORD,ID_ARCHIV) values ('46','SKLAD','U',to_date('01.12.25','DD.MM.RR'),'Test Sklad','10');
Insert into LOG (ID_LOG,TABULKANAZEV,OPERACE,DATUMZMENY,IDREKORD,ID_ARCHIV) values ('47','SKLAD','D',to_date('01.12.25','DD.MM.RR'),'Test Sklad','10');
Insert into LOG (ID_LOG,TABULKANAZEV,OPERACE,DATUMZMENY,IDREKORD,ID_ARCHIV) values ('49','ZAKAZNIK','D',to_date('01.12.25','DD.MM.RR'),'Anna Shabossova','47');
Insert into LOG (ID_LOG,TABULKANAZEV,OPERACE,DATUMZMENY,IDREKORD,ID_ARCHIV) values ('30','ZBOZI','I',to_date('01.12.25','DD.MM.RR'),'Test Produkt','25');
Insert into LOG (ID_LOG,TABULKANAZEV,OPERACE,DATUMZMENY,IDREKORD,ID_ARCHIV) values ('75','UZIVATEL','I',to_date('01.12.25','DD.MM.RR'),'kimi kirik','47');
Insert into LOG (ID_LOG,TABULKANAZEV,OPERACE,DATUMZMENY,IDREKORD,ID_ARCHIV) values ('78','ZAMESTNANEC','D',to_date('01.12.25','DD.MM.RR'),'Anna Shabossova','47');
Insert into LOG (ID_LOG,TABULKANAZEV,OPERACE,DATUMZMENY,IDREKORD,ID_ARCHIV) values ('79','UZIVATEL','U',to_date('01.12.25','DD.MM.RR'),'Anna Shabossova','47');
Insert into LOG (ID_LOG,TABULKANAZEV,OPERACE,DATUMZMENY,IDREKORD,ID_ARCHIV) values ('80','UZIVATEL','U',to_date('01.12.25','DD.MM.RR'),'Anna Shabossova','47');
Insert into LOG (ID_LOG,TABULKANAZEV,OPERACE,DATUMZMENY,IDREKORD,ID_ARCHIV) values ('82','UZIVATEL','U',to_date('01.12.25','DD.MM.RR'),'Anna Shabossova','47');
Insert into LOG (ID_LOG,TABULKANAZEV,OPERACE,DATUMZMENY,IDREKORD,ID_ARCHIV) values ('111','OBJEDNAVKA','I',to_date('05.12.25','DD.MM.RR'),'Denys Tkach','8');
Insert into LOG (ID_LOG,TABULKANAZEV,OPERACE,DATUMZMENY,IDREKORD,ID_ARCHIV) values ('112','PLATBA','I',to_date('05.12.25','DD.MM.RR'),'PLATBA 2025-12-05 03:06 / Supermarket Praha Centrum','9');
Insert into LOG (ID_LOG,TABULKANAZEV,OPERACE,DATUMZMENY,IDREKORD,ID_ARCHIV) values ('125','OBJEDNAVKA','I',to_date('05.12.25','DD.MM.RR'),'Denys Tkach','8');
Insert into LOG (ID_LOG,TABULKANAZEV,OPERACE,DATUMZMENY,IDREKORD,ID_ARCHIV) values ('126','PLATBA','I',to_date('05.12.25','DD.MM.RR'),'PLATBA 2025-12-05 04:52 / Supermarket Praha Centrum','9');
Insert into LOG (ID_LOG,TABULKANAZEV,OPERACE,DATUMZMENY,IDREKORD,ID_ARCHIV) values ('142','PLATBA','I',to_date('05.12.25','DD.MM.RR'),'PLATBA 2025-12-05 06:14 / Supermarket Praha Centrum','9');
Insert into LOG (ID_LOG,TABULKANAZEV,OPERACE,DATUMZMENY,IDREKORD,ID_ARCHIV) values ('143','ZBOZI','U',to_date('05.12.25','DD.MM.RR'),'Avivaz 1L','7');
Insert into LOG (ID_LOG,TABULKANAZEV,OPERACE,DATUMZMENY,IDREKORD,ID_ARCHIV) values ('147','ZAKAZNIK','I',to_date('05.12.25','DD.MM.RR'),'Anna Shabosso','47');
Insert into LOG (ID_LOG,TABULKANAZEV,OPERACE,DATUMZMENY,IDREKORD,ID_ARCHIV) values ('148','UZIVATEL','U',to_date('05.12.25','DD.MM.RR'),'Anna Shabosso','47');
Insert into LOG (ID_LOG,TABULKANAZEV,OPERACE,DATUMZMENY,IDREKORD,ID_ARCHIV) values ('150','PLATBA','I',to_date('05.12.25','DD.MM.RR'),'PLATBA 2025-12-05 21:23 / Supermarket Praha Centrum','9');
Insert into LOG (ID_LOG,TABULKANAZEV,OPERACE,DATUMZMENY,IDREKORD,ID_ARCHIV) values ('83','UZIVATEL','U',to_date('01.12.25','DD.MM.RR'),'Anna Shabossova','47');
Insert into LOG (ID_LOG,TABULKANAZEV,OPERACE,DATUMZMENY,IDREKORD,ID_ARCHIV) values ('85','UZIVATEL','U',to_date('04.12.25','DD.MM.RR'),'Anna Shabosso','47');
Insert into LOG (ID_LOG,TABULKANAZEV,OPERACE,DATUMZMENY,IDREKORD,ID_ARCHIV) values ('86','UZIVATEL','U',to_date('04.12.25','DD.MM.RR'),'Anna Shabosso','47');
Insert into LOG (ID_LOG,TABULKANAZEV,OPERACE,DATUMZMENY,IDREKORD,ID_ARCHIV) values ('87','ZAMESTNANEC','I',to_date('04.12.25','DD.MM.RR'),'Anna Shabosso','47');
Insert into LOG (ID_LOG,TABULKANAZEV,OPERACE,DATUMZMENY,IDREKORD,ID_ARCHIV) values ('108','PLATBA','I',to_date('05.12.25','DD.MM.RR'),'PLATBA 2025-12-05 02:52 / Supermarket Praha Centrum','9');
Insert into LOG (ID_LOG,TABULKANAZEV,OPERACE,DATUMZMENY,IDREKORD,ID_ARCHIV) values ('109','OBJEDNAVKA','I',to_date('05.12.25','DD.MM.RR'),'Denys Tkach','8');
Insert into LOG (ID_LOG,TABULKANAZEV,OPERACE,DATUMZMENY,IDREKORD,ID_ARCHIV) values ('110','PLATBA','I',to_date('05.12.25','DD.MM.RR'),'PLATBA 2025-12-05 03:01 / Supermarket Praha Centrum','9');
Insert into LOG (ID_LOG,TABULKANAZEV,OPERACE,DATUMZMENY,IDREKORD,ID_ARCHIV) values ('113','OBJEDNAVKA','I',to_date('05.12.25','DD.MM.RR'),'Denys Tkach','8');
Insert into LOG (ID_LOG,TABULKANAZEV,OPERACE,DATUMZMENY,IDREKORD,ID_ARCHIV) values ('114','PLATBA','I',to_date('05.12.25','DD.MM.RR'),'PLATBA 2025-12-05 04:05 / Supermarket Praha Centrum','9');
Insert into LOG (ID_LOG,TABULKANAZEV,OPERACE,DATUMZMENY,IDREKORD,ID_ARCHIV) values ('124','SKLAD','U',to_date('05.12.25','DD.MM.RR'),'Sklad Praha Centrum - Hala A','10');
Insert into LOG (ID_LOG,TABULKANAZEV,OPERACE,DATUMZMENY,IDREKORD,ID_ARCHIV) values ('133','SKLAD','U',to_date('05.12.25','DD.MM.RR'),'Sklad Folimanka - Polabiny','19');
Insert into LOG (ID_LOG,TABULKANAZEV,OPERACE,DATUMZMENY,IDREKORD,ID_ARCHIV) values ('134','SKLAD','U',to_date('05.12.25','DD.MM.RR'),'Sklad Folimanka - Rezerva','19');
Insert into LOG (ID_LOG,TABULKANAZEV,OPERACE,DATUMZMENY,IDREKORD,ID_ARCHIV) values ('135','SKLAD','U',to_date('05.12.25','DD.MM.RR'),'Sklad Zahrada - Sever','28');
Insert into LOG (ID_LOG,TABULKANAZEV,OPERACE,DATUMZMENY,IDREKORD,ID_ARCHIV) values ('71','UZIVATEL','U',to_date('01.12.25','DD.MM.RR'),'Denis Tkach','47');
Insert into LOG (ID_LOG,TABULKANAZEV,OPERACE,DATUMZMENY,IDREKORD,ID_ARCHIV) values ('72','UZIVATEL','U',to_date('01.12.25','DD.MM.RR'),'Denis Tkach','47');
Insert into LOG (ID_LOG,TABULKANAZEV,OPERACE,DATUMZMENY,IDREKORD,ID_ARCHIV) values ('73','UZIVATEL','U',to_date('01.12.25','DD.MM.RR'),'Anna Shabossova','47');
Insert into LOG (ID_LOG,TABULKANAZEV,OPERACE,DATUMZMENY,IDREKORD,ID_ARCHIV) values ('74','ZAMESTNANEC','I',to_date('01.12.25','DD.MM.RR'),'Anna Shabossova','47');
Insert into LOG (ID_LOG,TABULKANAZEV,OPERACE,DATUMZMENY,IDREKORD,ID_ARCHIV) values ('81','UZIVATEL','U',to_date('01.12.25','DD.MM.RR'),'Anna Shaboss','47');
Insert into LOG (ID_LOG,TABULKANAZEV,OPERACE,DATUMZMENY,IDREKORD,ID_ARCHIV) values ('127','OBJEDNAVKA','I',to_date('05.12.25','DD.MM.RR'),'Denys Tkach','8');
Insert into LOG (ID_LOG,TABULKANAZEV,OPERACE,DATUMZMENY,IDREKORD,ID_ARCHIV) values ('128','PLATBA','I',to_date('05.12.25','DD.MM.RR'),'PLATBA 2025-12-05 05:16 / Supermarket Praha Centrum','9');
Insert into LOG (ID_LOG,TABULKANAZEV,OPERACE,DATUMZMENY,IDREKORD,ID_ARCHIV) values ('136','SKLAD','U',to_date('05.12.25','DD.MM.RR'),'Sklad Zahrada - Jih','28');
Insert into LOG (ID_LOG,TABULKANAZEV,OPERACE,DATUMZMENY,IDREKORD,ID_ARCHIV) values ('137','SKLAD','U',to_date('05.12.25','DD.MM.RR'),'Sklad Jeremenkova - Central','37');
Insert into LOG (ID_LOG,TABULKANAZEV,OPERACE,DATUMZMENY,IDREKORD,ID_ARCHIV) values ('138','SKLAD','U',to_date('05.12.25','DD.MM.RR'),'Sklad Jeremenkova - Bory','37');
Insert into LOG (ID_LOG,TABULKANAZEV,OPERACE,DATUMZMENY,IDREKORD,ID_ARCHIV) values ('139','SKLAD','U',to_date('05.12.25','DD.MM.RR'),'Sklad Tusarova - Liberec','46');
Insert into LOG (ID_LOG,TABULKANAZEV,OPERACE,DATUMZMENY,IDREKORD,ID_ARCHIV) values ('140','SKLAD','U',to_date('05.12.25','DD.MM.RR'),'Sklad Tusarova - Svermova','46');
Insert into LOG (ID_LOG,TABULKANAZEV,OPERACE,DATUMZMENY,IDREKORD,ID_ARCHIV) values ('144','UZIVATEL','U',to_date('05.12.25','DD.MM.RR'),'Anna Shabosso','47');
Insert into LOG (ID_LOG,TABULKANAZEV,OPERACE,DATUMZMENY,IDREKORD,ID_ARCHIV) values ('66','UZIVATEL','I',to_date('01.12.25','DD.MM.RR'),'Denys Tkach','47');
Insert into LOG (ID_LOG,TABULKANAZEV,OPERACE,DATUMZMENY,IDREKORD,ID_ARCHIV) values ('76','UZIVATEL','I',to_date('01.12.25','DD.MM.RR'),'ivan jorge','47');
Insert into LOG (ID_LOG,TABULKANAZEV,OPERACE,DATUMZMENY,IDREKORD,ID_ARCHIV) values ('50','UZIVATEL','D',to_date('01.12.25','DD.MM.RR'),'Anna Shabossova','47');
Insert into LOG (ID_LOG,TABULKANAZEV,OPERACE,DATUMZMENY,IDREKORD,ID_ARCHIV) values ('51','UZIVATEL','I',to_date('01.12.25','DD.MM.RR'),'Anna Shabossova','47');
Insert into LOG (ID_LOG,TABULKANAZEV,OPERACE,DATUMZMENY,IDREKORD,ID_ARCHIV) values ('52','ZAKAZNIK','I',to_date('01.12.25','DD.MM.RR'),'Anna Shabossova','47');
Insert into LOG (ID_LOG,TABULKANAZEV,OPERACE,DATUMZMENY,IDREKORD,ID_ARCHIV) values ('53','ZAKAZNIK','U',to_date('01.12.25','DD.MM.RR'),'Anna Shabossova','47');
Insert into LOG (ID_LOG,TABULKANAZEV,OPERACE,DATUMZMENY,IDREKORD,ID_ARCHIV) values ('54','ZAKAZNIK','D',to_date('01.12.25','DD.MM.RR'),'Anna Shabossova','47');
Insert into LOG (ID_LOG,TABULKANAZEV,OPERACE,DATUMZMENY,IDREKORD,ID_ARCHIV) values ('55','UZIVATEL','D',to_date('01.12.25','DD.MM.RR'),'Anna Shabossova','47');
Insert into LOG (ID_LOG,TABULKANAZEV,OPERACE,DATUMZMENY,IDREKORD,ID_ARCHIV) values ('56','UZIVATEL','I',to_date('01.12.25','DD.MM.RR'),'Anna Shabossova','47');
Insert into LOG (ID_LOG,TABULKANAZEV,OPERACE,DATUMZMENY,IDREKORD,ID_ARCHIV) values ('57','ZAMESTNANEC','I',to_date('01.12.25','DD.MM.RR'),'Anna Shabossova','47');
Insert into LOG (ID_LOG,TABULKANAZEV,OPERACE,DATUMZMENY,IDREKORD,ID_ARCHIV) values ('58','ZAMESTNANEC','U',to_date('01.12.25','DD.MM.RR'),'Anna Shabossova','47');
Insert into LOG (ID_LOG,TABULKANAZEV,OPERACE,DATUMZMENY,IDREKORD,ID_ARCHIV) values ('59','ZAMESTNANEC','D',to_date('01.12.25','DD.MM.RR'),'Anna Shabossova','47');
Insert into LOG (ID_LOG,TABULKANAZEV,OPERACE,DATUMZMENY,IDREKORD,ID_ARCHIV) values ('60','UZIVATEL','D',to_date('01.12.25','DD.MM.RR'),'Anna Shabossova','47');
Insert into LOG (ID_LOG,TABULKANAZEV,OPERACE,DATUMZMENY,IDREKORD,ID_ARCHIV) values ('61','UZIVATEL','I',to_date('01.12.25','DD.MM.RR'),'Anna Shabossova','47');
Insert into LOG (ID_LOG,TABULKANAZEV,OPERACE,DATUMZMENY,IDREKORD,ID_ARCHIV) values ('62','DODAVATEL','I',to_date('01.12.25','DD.MM.RR'),'FreshFoodz s.r.o.','47');
Insert into LOG (ID_LOG,TABULKANAZEV,OPERACE,DATUMZMENY,IDREKORD,ID_ARCHIV) values ('63','DODAVATEL','U',to_date('01.12.25','DD.MM.RR'),'FreshFoods GROUP','47');
Insert into LOG (ID_LOG,TABULKANAZEV,OPERACE,DATUMZMENY,IDREKORD,ID_ARCHIV) values ('64','DODAVATEL','D',to_date('01.12.25','DD.MM.RR'),'FreshFoods GROUP','47');
Insert into LOG (ID_LOG,TABULKANAZEV,OPERACE,DATUMZMENY,IDREKORD,ID_ARCHIV) values ('65','UZIVATEL','D',to_date('01.12.25','DD.MM.RR'),'Anna Shabossova','47');
Insert into LOG (ID_LOG,TABULKANAZEV,OPERACE,DATUMZMENY,IDREKORD,ID_ARCHIV) values ('77','UZIVATEL','U',to_date('01.12.25','DD.MM.RR'),'David Prochazka','47');
Insert into LOG (ID_LOG,TABULKANAZEV,OPERACE,DATUMZMENY,IDREKORD,ID_ARCHIV) values ('84','UZIVATEL','U',to_date('04.12.25','DD.MM.RR'),'Anna Shabosso','47');
Insert into LOG (ID_LOG,TABULKANAZEV,OPERACE,DATUMZMENY,IDREKORD,ID_ARCHIV) values ('145','ZAMESTNANEC','D',to_date('05.12.25','DD.MM.RR'),'Anna Shabosso','47');
Insert into LOG (ID_LOG,TABULKANAZEV,OPERACE,DATUMZMENY,IDREKORD,ID_ARCHIV) values ('146','UZIVATEL','U',to_date('05.12.25','DD.MM.RR'),'Anna Shabosso','47');
Insert into LOG (ID_LOG,TABULKANAZEV,OPERACE,DATUMZMENY,IDREKORD,ID_ARCHIV) values ('242','UZIVATEL','I',to_date('06.12.25','DD.MM.RR'),'Artur Pirozkov','47');
Insert into LOG (ID_LOG,TABULKANAZEV,OPERACE,DATUMZMENY,IDREKORD,ID_ARCHIV) values ('264','UZIVATEL','U',to_date('07.12.25','DD.MM.RR'),'Radek Janda','47');
Insert into LOG (ID_LOG,TABULKANAZEV,OPERACE,DATUMZMENY,IDREKORD,ID_ARCHIV) values ('270','UZIVATEL','U',to_date('07.12.25','DD.MM.RR'),'Jan Novak','47');
Insert into LOG (ID_LOG,TABULKANAZEV,OPERACE,DATUMZMENY,IDREKORD,ID_ARCHIV) values ('306','UZIVATEL','U',to_date('07.12.25','DD.MM.RR'),'Jan Novak','47');
Insert into LOG (ID_LOG,TABULKANAZEV,OPERACE,DATUMZMENY,IDREKORD,ID_ARCHIV) values ('307','ADRESA','U',to_date('07.12.25','DD.MM.RR'),'Politických vězňů 13/3','48');
Insert into LOG (ID_LOG,TABULKANAZEV,OPERACE,DATUMZMENY,IDREKORD,ID_ARCHIV) values ('308','UZIVATEL','U',to_date('07.12.25','DD.MM.RR'),'Jan Novak','47');
Insert into LOG (ID_LOG,TABULKANAZEV,OPERACE,DATUMZMENY,IDREKORD,ID_ARCHIV) values ('309','ADRESA','U',to_date('07.12.25','DD.MM.RR'),'Politických vězňů 13/3','48');
Insert into LOG (ID_LOG,TABULKANAZEV,OPERACE,DATUMZMENY,IDREKORD,ID_ARCHIV) values ('310','UZIVATEL','U',to_date('07.12.25','DD.MM.RR'),'Jan Novak','47');
Insert into LOG (ID_LOG,TABULKANAZEV,OPERACE,DATUMZMENY,IDREKORD,ID_ARCHIV) values ('311','ADRESA','U',to_date('07.12.25','DD.MM.RR'),'Politických vězňů 13/3','48');
Insert into LOG (ID_LOG,TABULKANAZEV,OPERACE,DATUMZMENY,IDREKORD,ID_ARCHIV) values ('312','UZIVATEL','U',to_date('07.12.25','DD.MM.RR'),'Jan Novak','47');
Insert into LOG (ID_LOG,TABULKANAZEV,OPERACE,DATUMZMENY,IDREKORD,ID_ARCHIV) values ('313','UZIVATEL','U',to_date('07.12.25','DD.MM.RR'),'Jan Novak','47');
Insert into LOG (ID_LOG,TABULKANAZEV,OPERACE,DATUMZMENY,IDREKORD,ID_ARCHIV) values ('314','ADRESA','U',to_date('07.12.25','DD.MM.RR'),'Politických vězňů 13/3','48');
Insert into LOG (ID_LOG,TABULKANAZEV,OPERACE,DATUMZMENY,IDREKORD,ID_ARCHIV) values ('315','UZIVATEL','U',to_date('07.12.25','DD.MM.RR'),'Jan Novak','47');
Insert into LOG (ID_LOG,TABULKANAZEV,OPERACE,DATUMZMENY,IDREKORD,ID_ARCHIV) values ('316','UZIVATEL','U',to_date('07.12.25','DD.MM.RR'),'Jan Novak','47');
Insert into LOG (ID_LOG,TABULKANAZEV,OPERACE,DATUMZMENY,IDREKORD,ID_ARCHIV) values ('232','PRAVO','U',to_date('06.12.25','DD.MM.RR'),'CREATE_ORDERS','48');
Insert into LOG (ID_LOG,TABULKANAZEV,OPERACE,DATUMZMENY,IDREKORD,ID_ARCHIV) values ('273','UZIVATEL','U',to_date('07.12.25','DD.MM.RR'),'Jan Novak','47');
Insert into LOG (ID_LOG,TABULKANAZEV,OPERACE,DATUMZMENY,IDREKORD,ID_ARCHIV) values ('274','ZAKAZNIK','D',to_date('07.12.25','DD.MM.RR'),'Michal Valek','47');
Insert into LOG (ID_LOG,TABULKANAZEV,OPERACE,DATUMZMENY,IDREKORD,ID_ARCHIV) values ('275','UZIVATEL','U',to_date('07.12.25','DD.MM.RR'),'Michal Valek','47');
Insert into LOG (ID_LOG,TABULKANAZEV,OPERACE,DATUMZMENY,IDREKORD,ID_ARCHIV) values ('276','DODAVATEL','I',to_date('07.12.25','DD.MM.RR'),'Test Firma','47');
Insert into LOG (ID_LOG,TABULKANAZEV,OPERACE,DATUMZMENY,IDREKORD,ID_ARCHIV) values ('279','DODAVATEL','I',to_date('07.12.25','DD.MM.RR'),'DOPLNIT_FIRMA','47');
Insert into LOG (ID_LOG,TABULKANAZEV,OPERACE,DATUMZMENY,IDREKORD,ID_ARCHIV) values ('280','ZAKAZNIK','I',to_date('07.12.25','DD.MM.RR'),'Jan Prokop','47');
Insert into LOG (ID_LOG,TABULKANAZEV,OPERACE,DATUMZMENY,IDREKORD,ID_ARCHIV) values ('281','ZAKAZNIK','I',to_date('07.12.25','DD.MM.RR'),'Jiri Houska','47');
Insert into LOG (ID_LOG,TABULKANAZEV,OPERACE,DATUMZMENY,IDREKORD,ID_ARCHIV) values ('282','ZAMESTNANEC','I',to_date('07.12.25','DD.MM.RR'),'Karel Balez','47');
Insert into LOG (ID_LOG,TABULKANAZEV,OPERACE,DATUMZMENY,IDREKORD,ID_ARCHIV) values ('283','ZAMESTNANEC','I',to_date('07.12.25','DD.MM.RR'),'Leo Klement','47');
Insert into LOG (ID_LOG,TABULKANAZEV,OPERACE,DATUMZMENY,IDREKORD,ID_ARCHIV) values ('284','ZAMESTNANEC','I',to_date('07.12.25','DD.MM.RR'),'Jaroslav Rada','47');
Insert into LOG (ID_LOG,TABULKANAZEV,OPERACE,DATUMZMENY,IDREKORD,ID_ARCHIV) values ('285','ZAMESTNANEC','I',to_date('07.12.25','DD.MM.RR'),'Dominik Barta','47');
Insert into LOG (ID_LOG,TABULKANAZEV,OPERACE,DATUMZMENY,IDREKORD,ID_ARCHIV) values ('286','ZAMESTNANEC','I',to_date('07.12.25','DD.MM.RR'),'Jan Herda','47');
Insert into LOG (ID_LOG,TABULKANAZEV,OPERACE,DATUMZMENY,IDREKORD,ID_ARCHIV) values ('287','ZAMESTNANEC','I',to_date('07.12.25','DD.MM.RR'),'Adam Richter','47');
Insert into LOG (ID_LOG,TABULKANAZEV,OPERACE,DATUMZMENY,IDREKORD,ID_ARCHIV) values ('288','ZAMESTNANEC','I',to_date('07.12.25','DD.MM.RR'),'Jiri Kopecky','47');
Insert into LOG (ID_LOG,TABULKANAZEV,OPERACE,DATUMZMENY,IDREKORD,ID_ARCHIV) values ('289','ZAMESTNANEC','I',to_date('07.12.25','DD.MM.RR'),'Lucie Fialova','47');
Insert into LOG (ID_LOG,TABULKANAZEV,OPERACE,DATUMZMENY,IDREKORD,ID_ARCHIV) values ('290','ZAMESTNANEC','I',to_date('07.12.25','DD.MM.RR'),'Denis Tkach','47');
Insert into LOG (ID_LOG,TABULKANAZEV,OPERACE,DATUMZMENY,IDREKORD,ID_ARCHIV) values ('293','DODAVATEL','D',to_date('07.12.25','DD.MM.RR'),'Test Firma','47');
Insert into LOG (ID_LOG,TABULKANAZEV,OPERACE,DATUMZMENY,IDREKORD,ID_ARCHIV) values ('294','ZAKAZNIK','D',to_date('07.12.25','DD.MM.RR'),'Petr Kral','47');
Insert into LOG (ID_LOG,TABULKANAZEV,OPERACE,DATUMZMENY,IDREKORD,ID_ARCHIV) values ('295','UZIVATEL','U',to_date('07.12.25','DD.MM.RR'),'Petr Kral','47');
Insert into LOG (ID_LOG,TABULKANAZEV,OPERACE,DATUMZMENY,IDREKORD,ID_ARCHIV) values ('296','DODAVATEL','I',to_date('07.12.25','DD.MM.RR'),'Test Firma','47');
Insert into LOG (ID_LOG,TABULKANAZEV,OPERACE,DATUMZMENY,IDREKORD,ID_ARCHIV) values ('299','ZAKAZNIK','D',to_date('07.12.25','DD.MM.RR'),'Jiri Houska','47');
Insert into LOG (ID_LOG,TABULKANAZEV,OPERACE,DATUMZMENY,IDREKORD,ID_ARCHIV) values ('300','UZIVATEL','U',to_date('07.12.25','DD.MM.RR'),'Jiri Houska','47');
Insert into LOG (ID_LOG,TABULKANAZEV,OPERACE,DATUMZMENY,IDREKORD,ID_ARCHIV) values ('156','UZIVATEL','U',to_date('05.12.25','DD.MM.RR'),'Kazel Balez','47');
Insert into LOG (ID_LOG,TABULKANAZEV,OPERACE,DATUMZMENY,IDREKORD,ID_ARCHIV) values ('196','PRAVO','I',to_date('06.12.25','DD.MM.RR'),'EDIT_ZBOZI','48');
Insert into LOG (ID_LOG,TABULKANAZEV,OPERACE,DATUMZMENY,IDREKORD,ID_ARCHIV) values ('215','PRAVO','D',to_date('06.12.25','DD.MM.RR'),'EDIT_ZBOZI','48');
Insert into LOG (ID_LOG,TABULKANAZEV,OPERACE,DATUMZMENY,IDREKORD,ID_ARCHIV) values ('254','ADRESA','U',to_date('06.12.25','DD.MM.RR'),'Politických vězňů 13/3','48');
Insert into LOG (ID_LOG,TABULKANAZEV,OPERACE,DATUMZMENY,IDREKORD,ID_ARCHIV) values ('255','UZIVATEL','U',to_date('06.12.25','DD.MM.RR'),'Jan Novak','47');
Insert into LOG (ID_LOG,TABULKANAZEV,OPERACE,DATUMZMENY,IDREKORD,ID_ARCHIV) values ('257','ADRESA','U',to_date('06.12.25','DD.MM.RR'),'Politických vězňů 13/3','48');
Insert into LOG (ID_LOG,TABULKANAZEV,OPERACE,DATUMZMENY,IDREKORD,ID_ARCHIV) values ('258','UZIVATEL','U',to_date('06.12.25','DD.MM.RR'),'Jan Novak','47');
Insert into LOG (ID_LOG,TABULKANAZEV,OPERACE,DATUMZMENY,IDREKORD,ID_ARCHIV) values ('260','ADRESA','U',to_date('07.12.25','DD.MM.RR'),'Politických vězňů 13/3','48');
Insert into LOG (ID_LOG,TABULKANAZEV,OPERACE,DATUMZMENY,IDREKORD,ID_ARCHIV) values ('261','UZIVATEL','U',to_date('07.12.25','DD.MM.RR'),'Jan Novak','47');
Insert into LOG (ID_LOG,TABULKANAZEV,OPERACE,DATUMZMENY,IDREKORD,ID_ARCHIV) values ('265','ADRESA','U',to_date('07.12.25','DD.MM.RR'),'Politických vězňů 13/3','48');
Insert into LOG (ID_LOG,TABULKANAZEV,OPERACE,DATUMZMENY,IDREKORD,ID_ARCHIV) values ('266','UZIVATEL','U',to_date('07.12.25','DD.MM.RR'),'Jan Novak','47');
Insert into LOG (ID_LOG,TABULKANAZEV,OPERACE,DATUMZMENY,IDREKORD,ID_ARCHIV) values ('271','ADRESA','U',to_date('07.12.25','DD.MM.RR'),'Politických vězňů 13/3','48');
Insert into LOG (ID_LOG,TABULKANAZEV,OPERACE,DATUMZMENY,IDREKORD,ID_ARCHIV) values ('272','UZIVATEL','U',to_date('07.12.25','DD.MM.RR'),'Jan Novak','47');
Insert into LOG (ID_LOG,TABULKANAZEV,OPERACE,DATUMZMENY,IDREKORD,ID_ARCHIV) values ('304','ADRESA','U',to_date('07.12.25','DD.MM.RR'),'Politických vězňů 13/3','48');
Insert into LOG (ID_LOG,TABULKANAZEV,OPERACE,DATUMZMENY,IDREKORD,ID_ARCHIV) values ('305','UZIVATEL','U',to_date('07.12.25','DD.MM.RR'),'Jan Novak','47');
Insert into LOG (ID_LOG,TABULKANAZEV,OPERACE,DATUMZMENY,IDREKORD,ID_ARCHIV) values ('233','PRAVO','U',to_date('06.12.25','DD.MM.RR'),'CREATE_ORDERS','48');
Insert into LOG (ID_LOG,TABULKANAZEV,OPERACE,DATUMZMENY,IDREKORD,ID_ARCHIV) values ('152','ZBOZI','U',to_date('05.12.25','DD.MM.RR'),'Avivaz 1L','16');
Insert into LOG (ID_LOG,TABULKANAZEV,OPERACE,DATUMZMENY,IDREKORD,ID_ARCHIV) values ('153','ZAKAZNIK','D',to_date('05.12.25','DD.MM.RR'),'Karelka Balaz','47');
Insert into LOG (ID_LOG,TABULKANAZEV,OPERACE,DATUMZMENY,IDREKORD,ID_ARCHIV) values ('154','UZIVATEL','U',to_date('05.12.25','DD.MM.RR'),'Karelka Balaz','47');
Insert into LOG (ID_LOG,TABULKANAZEV,OPERACE,DATUMZMENY,IDREKORD,ID_ARCHIV) values ('155','UZIVATEL','U',to_date('05.12.25','DD.MM.RR'),'Anna Shabossova','47');
Insert into LOG (ID_LOG,TABULKANAZEV,OPERACE,DATUMZMENY,IDREKORD,ID_ARCHIV) values ('162','OBJEDNAVKA','I',to_date('06.12.25','DD.MM.RR'),'Denys Tkach','8');
Insert into LOG (ID_LOG,TABULKANAZEV,OPERACE,DATUMZMENY,IDREKORD,ID_ARCHIV) values ('163','PLATBA','I',to_date('06.12.25','DD.MM.RR'),'PLATBA 2025-12-06 08:54 / Supermarket Praha Centrum','9');
Insert into LOG (ID_LOG,TABULKANAZEV,OPERACE,DATUMZMENY,IDREKORD,ID_ARCHIV) values ('230','APP_ROLE_PRAVO','I',to_date('06.12.25','DD.MM.RR'),'role=ZAKAZNIK; pravo=EDIT_ORDERS','48');
Insert into LOG (ID_LOG,TABULKANAZEV,OPERACE,DATUMZMENY,IDREKORD,ID_ARCHIV) values ('253','UZIVATEL','U',to_date('06.12.25','DD.MM.RR'),'Jan Novak','47');
Insert into LOG (ID_LOG,TABULKANAZEV,OPERACE,DATUMZMENY,IDREKORD,ID_ARCHIV) values ('256','UZIVATEL','U',to_date('06.12.25','DD.MM.RR'),'Jan Novak','47');
Insert into LOG (ID_LOG,TABULKANAZEV,OPERACE,DATUMZMENY,IDREKORD,ID_ARCHIV) values ('259','UZIVATEL','U',to_date('06.12.25','DD.MM.RR'),'Jan Novak','47');
Insert into LOG (ID_LOG,TABULKANAZEV,OPERACE,DATUMZMENY,IDREKORD,ID_ARCHIV) values ('262','UZIVATEL','U',to_date('07.12.25','DD.MM.RR'),'Jan Novak','47');
Insert into LOG (ID_LOG,TABULKANAZEV,OPERACE,DATUMZMENY,IDREKORD,ID_ARCHIV) values ('267','UZIVATEL','U',to_date('07.12.25','DD.MM.RR'),'Jan Novak','47');
Insert into LOG (ID_LOG,TABULKANAZEV,OPERACE,DATUMZMENY,IDREKORD,ID_ARCHIV) values ('268','ADRESA','U',to_date('07.12.25','DD.MM.RR'),'Politických vězňů 13/3','48');
Insert into LOG (ID_LOG,TABULKANAZEV,OPERACE,DATUMZMENY,IDREKORD,ID_ARCHIV) values ('269','UZIVATEL','U',to_date('07.12.25','DD.MM.RR'),'Jan Novak','47');
Insert into LOG (ID_LOG,TABULKANAZEV,OPERACE,DATUMZMENY,IDREKORD,ID_ARCHIV) values ('157','ZAKAZNIK','D',to_date('05.12.25','DD.MM.RR'),'Kazel Balez','47');
Insert into LOG (ID_LOG,TABULKANAZEV,OPERACE,DATUMZMENY,IDREKORD,ID_ARCHIV) values ('158','UZIVATEL','U',to_date('05.12.25','DD.MM.RR'),'Kazel Balez','47');
Insert into LOG (ID_LOG,TABULKANAZEV,OPERACE,DATUMZMENY,IDREKORD,ID_ARCHIV) values ('159','ZAMESTNANEC','I',to_date('05.12.25','DD.MM.RR'),'Kazel Balez','47');
Insert into LOG (ID_LOG,TABULKANAZEV,OPERACE,DATUMZMENY,IDREKORD,ID_ARCHIV) values ('160','UZIVATEL','U',to_date('05.12.25','DD.MM.RR'),'Karel Balez','47');
Insert into LOG (ID_LOG,TABULKANAZEV,OPERACE,DATUMZMENY,IDREKORD,ID_ARCHIV) values ('164','OBJEDNAVKA','I',to_date('06.12.25','DD.MM.RR'),'Denys Tkach','8');
Insert into LOG (ID_LOG,TABULKANAZEV,OPERACE,DATUMZMENY,IDREKORD,ID_ARCHIV) values ('165','PLATBA','I',to_date('06.12.25','DD.MM.RR'),'PLATBA 2025-12-06 08:57 / Supermarket Praha Centrum','9');
Insert into LOG (ID_LOG,TABULKANAZEV,OPERACE,DATUMZMENY,IDREKORD,ID_ARCHIV) values ('166','APP_ROLE_PRAVO','D',to_date('06.12.25','DD.MM.RR'),'role=ZAKAZNIK; pravo=VIEW_PRODUCTS','48');
Insert into LOG (ID_LOG,TABULKANAZEV,OPERACE,DATUMZMENY,IDREKORD,ID_ARCHIV) values ('167','APP_ROLE_PRAVO','D',to_date('06.12.25','DD.MM.RR'),'role=ZAKAZNIK; pravo=VIEW_ORDERS','48');
Insert into LOG (ID_LOG,TABULKANAZEV,OPERACE,DATUMZMENY,IDREKORD,ID_ARCHIV) values ('168','APP_ROLE_PRAVO','D',to_date('06.12.25','DD.MM.RR'),'role=ZAKAZNIK; pravo=CREATE_ORDERS','48');
Insert into LOG (ID_LOG,TABULKANAZEV,OPERACE,DATUMZMENY,IDREKORD,ID_ARCHIV) values ('169','APP_ROLE_PRAVO','I',to_date('06.12.25','DD.MM.RR'),'role=ZAKAZNIK; pravo=VIEW_PRODUCTS','48');
Insert into LOG (ID_LOG,TABULKANAZEV,OPERACE,DATUMZMENY,IDREKORD,ID_ARCHIV) values ('170','APP_ROLE_PRAVO','I',to_date('06.12.25','DD.MM.RR'),'role=ZAKAZNIK; pravo=VIEW_ORDERS','48');
Insert into LOG (ID_LOG,TABULKANAZEV,OPERACE,DATUMZMENY,IDREKORD,ID_ARCHIV) values ('171','APP_ROLE_PRAVO','I',to_date('06.12.25','DD.MM.RR'),'role=ZAKAZNIK; pravo=CREATE_ORDERS','48');
Insert into LOG (ID_LOG,TABULKANAZEV,OPERACE,DATUMZMENY,IDREKORD,ID_ARCHIV) values ('172','APP_ROLE_PRAVO','I',to_date('06.12.25','DD.MM.RR'),'role=ZAKAZNIK; pravo=VIEW_DB_OBJECTS','48');
Insert into LOG (ID_LOG,TABULKANAZEV,OPERACE,DATUMZMENY,IDREKORD,ID_ARCHIV) values ('173','APP_ROLE_PRAVO','D',to_date('06.12.25','DD.MM.RR'),'role=ZAKAZNIK; pravo=VIEW_PRODUCTS','48');
Insert into LOG (ID_LOG,TABULKANAZEV,OPERACE,DATUMZMENY,IDREKORD,ID_ARCHIV) values ('174','APP_ROLE_PRAVO','D',to_date('06.12.25','DD.MM.RR'),'role=ZAKAZNIK; pravo=VIEW_ORDERS','48');
Insert into LOG (ID_LOG,TABULKANAZEV,OPERACE,DATUMZMENY,IDREKORD,ID_ARCHIV) values ('175','APP_ROLE_PRAVO','D',to_date('06.12.25','DD.MM.RR'),'role=ZAKAZNIK; pravo=CREATE_ORDERS','48');
Insert into LOG (ID_LOG,TABULKANAZEV,OPERACE,DATUMZMENY,IDREKORD,ID_ARCHIV) values ('176','APP_ROLE_PRAVO','D',to_date('06.12.25','DD.MM.RR'),'role=ZAKAZNIK; pravo=VIEW_DB_OBJECTS','48');
Insert into LOG (ID_LOG,TABULKANAZEV,OPERACE,DATUMZMENY,IDREKORD,ID_ARCHIV) values ('177','APP_ROLE_PRAVO','I',to_date('06.12.25','DD.MM.RR'),'role=ZAKAZNIK; pravo=VIEW_PRODUCTS','48');
Insert into LOG (ID_LOG,TABULKANAZEV,OPERACE,DATUMZMENY,IDREKORD,ID_ARCHIV) values ('178','APP_ROLE_PRAVO','I',to_date('06.12.25','DD.MM.RR'),'role=ZAKAZNIK; pravo=VIEW_ORDERS','48');
Insert into LOG (ID_LOG,TABULKANAZEV,OPERACE,DATUMZMENY,IDREKORD,ID_ARCHIV) values ('179','APP_ROLE_PRAVO','I',to_date('06.12.25','DD.MM.RR'),'role=ZAKAZNIK; pravo=CREATE_ORDERS','48');
Insert into LOG (ID_LOG,TABULKANAZEV,OPERACE,DATUMZMENY,IDREKORD,ID_ARCHIV) values ('194','PRAVO','U',to_date('06.12.25','DD.MM.RR'),'VIEW_DB_OBJECTS','48');
Insert into LOG (ID_LOG,TABULKANAZEV,OPERACE,DATUMZMENY,IDREKORD,ID_ARCHIV) values ('161','UZIVATEL','U',to_date('05.12.25','DD.MM.RR'),'Anna Shabossova','47');
Insert into LOG (ID_LOG,TABULKANAZEV,OPERACE,DATUMZMENY,IDREKORD,ID_ARCHIV) values ('187','APP_ROLE_PRAVO','D',to_date('06.12.25','DD.MM.RR'),'role=ZAKAZNIK; pravo=VIEW_PRODUCTS','48');
Insert into LOG (ID_LOG,TABULKANAZEV,OPERACE,DATUMZMENY,IDREKORD,ID_ARCHIV) values ('188','APP_ROLE_PRAVO','D',to_date('06.12.25','DD.MM.RR'),'role=ZAKAZNIK; pravo=VIEW_ORDERS','48');
Insert into LOG (ID_LOG,TABULKANAZEV,OPERACE,DATUMZMENY,IDREKORD,ID_ARCHIV) values ('189','APP_ROLE_PRAVO','D',to_date('06.12.25','DD.MM.RR'),'role=ZAKAZNIK; pravo=CREATE_ORDERS','48');
Insert into LOG (ID_LOG,TABULKANAZEV,OPERACE,DATUMZMENY,IDREKORD,ID_ARCHIV) values ('190','APP_ROLE_PRAVO','D',to_date('06.12.25','DD.MM.RR'),'role=ZAKAZNIK; pravo=VIEW_DB_OBJECTS','48');
Insert into LOG (ID_LOG,TABULKANAZEV,OPERACE,DATUMZMENY,IDREKORD,ID_ARCHIV) values ('191','APP_ROLE_PRAVO','I',to_date('06.12.25','DD.MM.RR'),'role=ZAKAZNIK; pravo=VIEW_PRODUCTS','48');
Insert into LOG (ID_LOG,TABULKANAZEV,OPERACE,DATUMZMENY,IDREKORD,ID_ARCHIV) values ('192','APP_ROLE_PRAVO','I',to_date('06.12.25','DD.MM.RR'),'role=ZAKAZNIK; pravo=VIEW_ORDERS','48');
Insert into LOG (ID_LOG,TABULKANAZEV,OPERACE,DATUMZMENY,IDREKORD,ID_ARCHIV) values ('193','APP_ROLE_PRAVO','I',to_date('06.12.25','DD.MM.RR'),'role=ZAKAZNIK; pravo=CREATE_ORDERS','48');
Insert into LOG (ID_LOG,TABULKANAZEV,OPERACE,DATUMZMENY,IDREKORD,ID_ARCHIV) values ('197','APP_ROLE_PRAVO','D',to_date('06.12.25','DD.MM.RR'),'role=ANALYTIK; pravo=VIEW_PRODUCTS','48');
Insert into LOG (ID_LOG,TABULKANAZEV,OPERACE,DATUMZMENY,IDREKORD,ID_ARCHIV) values ('198','APP_ROLE_PRAVO','D',to_date('06.12.25','DD.MM.RR'),'role=ANALYTIK; pravo=VIEW_ORDERS','48');
Insert into LOG (ID_LOG,TABULKANAZEV,OPERACE,DATUMZMENY,IDREKORD,ID_ARCHIV) values ('199','APP_ROLE_PRAVO','D',to_date('06.12.25','DD.MM.RR'),'role=ANALYTIK; pravo=VIEW_WAREHOUSE','48');
Insert into LOG (ID_LOG,TABULKANAZEV,OPERACE,DATUMZMENY,IDREKORD,ID_ARCHIV) values ('200','APP_ROLE_PRAVO','D',to_date('06.12.25','DD.MM.RR'),'role=ANALYTIK; pravo=VIEW_ARCHIVE','48');
Insert into LOG (ID_LOG,TABULKANAZEV,OPERACE,DATUMZMENY,IDREKORD,ID_ARCHIV) values ('201','APP_ROLE_PRAVO','I',to_date('06.12.25','DD.MM.RR'),'role=ANALYTIK; pravo=VIEW_PRODUCTS','48');
Insert into LOG (ID_LOG,TABULKANAZEV,OPERACE,DATUMZMENY,IDREKORD,ID_ARCHIV) values ('202','APP_ROLE_PRAVO','I',to_date('06.12.25','DD.MM.RR'),'role=ANALYTIK; pravo=VIEW_ORDERS','48');
Insert into LOG (ID_LOG,TABULKANAZEV,OPERACE,DATUMZMENY,IDREKORD,ID_ARCHIV) values ('203','APP_ROLE_PRAVO','I',to_date('06.12.25','DD.MM.RR'),'role=ANALYTIK; pravo=VIEW_WAREHOUSE','48');
Insert into LOG (ID_LOG,TABULKANAZEV,OPERACE,DATUMZMENY,IDREKORD,ID_ARCHIV) values ('204','APP_ROLE_PRAVO','I',to_date('06.12.25','DD.MM.RR'),'role=ANALYTIK; pravo=VIEW_ARCHIVE','48');
Insert into LOG (ID_LOG,TABULKANAZEV,OPERACE,DATUMZMENY,IDREKORD,ID_ARCHIV) values ('205','APP_ROLE_PRAVO','I',to_date('06.12.25','DD.MM.RR'),'role=ANALYTIK; pravo=MANAGE_USERS','48');
Insert into LOG (ID_LOG,TABULKANAZEV,OPERACE,DATUMZMENY,IDREKORD,ID_ARCHIV) values ('216','APP_ROLE_PRAVO','D',to_date('06.12.25','DD.MM.RR'),'role=ZAKAZNIK; pravo=VIEW_PRODUCTS','48');
Insert into LOG (ID_LOG,TABULKANAZEV,OPERACE,DATUMZMENY,IDREKORD,ID_ARCHIV) values ('217','APP_ROLE_PRAVO','D',to_date('06.12.25','DD.MM.RR'),'role=ZAKAZNIK; pravo=VIEW_ORDERS','48');
Insert into LOG (ID_LOG,TABULKANAZEV,OPERACE,DATUMZMENY,IDREKORD,ID_ARCHIV) values ('218','APP_ROLE_PRAVO','D',to_date('06.12.25','DD.MM.RR'),'role=ZAKAZNIK; pravo=CREATE_ORDERS','48');
Insert into LOG (ID_LOG,TABULKANAZEV,OPERACE,DATUMZMENY,IDREKORD,ID_ARCHIV) values ('219','APP_ROLE_PRAVO','I',to_date('06.12.25','DD.MM.RR'),'role=ZAKAZNIK; pravo=VIEW_PRODUCTS','48');
Insert into LOG (ID_LOG,TABULKANAZEV,OPERACE,DATUMZMENY,IDREKORD,ID_ARCHIV) values ('220','APP_ROLE_PRAVO','I',to_date('06.12.25','DD.MM.RR'),'role=ZAKAZNIK; pravo=VIEW_ORDERS','48');
Insert into LOG (ID_LOG,TABULKANAZEV,OPERACE,DATUMZMENY,IDREKORD,ID_ARCHIV) values ('221','APP_ROLE_PRAVO','I',to_date('06.12.25','DD.MM.RR'),'role=ZAKAZNIK; pravo=CREATE_ORDERS','48');
Insert into LOG (ID_LOG,TABULKANAZEV,OPERACE,DATUMZMENY,IDREKORD,ID_ARCHIV) values ('222','APP_ROLE_PRAVO','I',to_date('06.12.25','DD.MM.RR'),'role=ZAKAZNIK; pravo=VIEW_DB_OBJECTS','48');
Insert into LOG (ID_LOG,TABULKANAZEV,OPERACE,DATUMZMENY,IDREKORD,ID_ARCHIV) values ('235','UZIVATEL','U',to_date('06.12.25','DD.MM.RR'),'Dominik Barta','47');
Insert into LOG (ID_LOG,TABULKANAZEV,OPERACE,DATUMZMENY,IDREKORD,ID_ARCHIV) values ('180','APP_ROLE_PRAVO','D',to_date('06.12.25','DD.MM.RR'),'role=ZAKAZNIK; pravo=VIEW_PRODUCTS','48');
Insert into LOG (ID_LOG,TABULKANAZEV,OPERACE,DATUMZMENY,IDREKORD,ID_ARCHIV) values ('181','APP_ROLE_PRAVO','D',to_date('06.12.25','DD.MM.RR'),'role=ZAKAZNIK; pravo=VIEW_ORDERS','48');
Insert into LOG (ID_LOG,TABULKANAZEV,OPERACE,DATUMZMENY,IDREKORD,ID_ARCHIV) values ('182','APP_ROLE_PRAVO','D',to_date('06.12.25','DD.MM.RR'),'role=ZAKAZNIK; pravo=CREATE_ORDERS','48');
Insert into LOG (ID_LOG,TABULKANAZEV,OPERACE,DATUMZMENY,IDREKORD,ID_ARCHIV) values ('183','APP_ROLE_PRAVO','I',to_date('06.12.25','DD.MM.RR'),'role=ZAKAZNIK; pravo=VIEW_PRODUCTS','48');
Insert into LOG (ID_LOG,TABULKANAZEV,OPERACE,DATUMZMENY,IDREKORD,ID_ARCHIV) values ('184','APP_ROLE_PRAVO','I',to_date('06.12.25','DD.MM.RR'),'role=ZAKAZNIK; pravo=VIEW_ORDERS','48');
Insert into LOG (ID_LOG,TABULKANAZEV,OPERACE,DATUMZMENY,IDREKORD,ID_ARCHIV) values ('185','APP_ROLE_PRAVO','I',to_date('06.12.25','DD.MM.RR'),'role=ZAKAZNIK; pravo=CREATE_ORDERS','48');
Insert into LOG (ID_LOG,TABULKANAZEV,OPERACE,DATUMZMENY,IDREKORD,ID_ARCHIV) values ('186','APP_ROLE_PRAVO','I',to_date('06.12.25','DD.MM.RR'),'role=ZAKAZNIK; pravo=VIEW_DB_OBJECTS','48');
Insert into LOG (ID_LOG,TABULKANAZEV,OPERACE,DATUMZMENY,IDREKORD,ID_ARCHIV) values ('195','PRAVO','U',to_date('06.12.25','DD.MM.RR'),'VIEW_DB_OBJECTS','48');
Insert into LOG (ID_LOG,TABULKANAZEV,OPERACE,DATUMZMENY,IDREKORD,ID_ARCHIV) values ('223','APP_ROLE_PRAVO','D',to_date('06.12.25','DD.MM.RR'),'role=ZAKAZNIK; pravo=VIEW_PRODUCTS','48');
Insert into LOG (ID_LOG,TABULKANAZEV,OPERACE,DATUMZMENY,IDREKORD,ID_ARCHIV) values ('224','APP_ROLE_PRAVO','D',to_date('06.12.25','DD.MM.RR'),'role=ZAKAZNIK; pravo=VIEW_ORDERS','48');
Insert into LOG (ID_LOG,TABULKANAZEV,OPERACE,DATUMZMENY,IDREKORD,ID_ARCHIV) values ('225','APP_ROLE_PRAVO','D',to_date('06.12.25','DD.MM.RR'),'role=ZAKAZNIK; pravo=CREATE_ORDERS','48');
Insert into LOG (ID_LOG,TABULKANAZEV,OPERACE,DATUMZMENY,IDREKORD,ID_ARCHIV) values ('226','APP_ROLE_PRAVO','D',to_date('06.12.25','DD.MM.RR'),'role=ZAKAZNIK; pravo=VIEW_DB_OBJECTS','48');
Insert into LOG (ID_LOG,TABULKANAZEV,OPERACE,DATUMZMENY,IDREKORD,ID_ARCHIV) values ('227','APP_ROLE_PRAVO','I',to_date('06.12.25','DD.MM.RR'),'role=ZAKAZNIK; pravo=VIEW_PRODUCTS','48');
Insert into LOG (ID_LOG,TABULKANAZEV,OPERACE,DATUMZMENY,IDREKORD,ID_ARCHIV) values ('228','APP_ROLE_PRAVO','I',to_date('06.12.25','DD.MM.RR'),'role=ZAKAZNIK; pravo=VIEW_ORDERS','48');
Insert into LOG (ID_LOG,TABULKANAZEV,OPERACE,DATUMZMENY,IDREKORD,ID_ARCHIV) values ('229','APP_ROLE_PRAVO','I',to_date('06.12.25','DD.MM.RR'),'role=ZAKAZNIK; pravo=CREATE_ORDERS','48');
Insert into LOG (ID_LOG,TABULKANAZEV,OPERACE,DATUMZMENY,IDREKORD,ID_ARCHIV) values ('236','UZIVATEL','U',to_date('06.12.25','DD.MM.RR'),'Karel Balez','47');
Insert into LOG (ID_LOG,TABULKANAZEV,OPERACE,DATUMZMENY,IDREKORD,ID_ARCHIV) values ('237','ZAMESTNANEC','D',to_date('06.12.25','DD.MM.RR'),'Karel Balez','47');
Insert into LOG (ID_LOG,TABULKANAZEV,OPERACE,DATUMZMENY,IDREKORD,ID_ARCHIV) values ('241','UZIVATEL','I',to_date('06.12.25','DD.MM.RR'),'Artur Pirozkov','47');
Insert into LOG (ID_LOG,TABULKANAZEV,OPERACE,DATUMZMENY,IDREKORD,ID_ARCHIV) values ('239','ZPRAVA','I',to_date('06.12.25','DD.MM.RR'),'od=Anna Shabossova; pro=David Prochazka','50');
Insert into LOG (ID_LOG,TABULKANAZEV,OPERACE,DATUMZMENY,IDREKORD,ID_ARCHIV) values ('240','ZPRAVA','I',to_date('06.12.25','DD.MM.RR'),'od=Denys Tkach; pro=Anna Shabossova','50');
Insert into LOG (ID_LOG,TABULKANAZEV,OPERACE,DATUMZMENY,IDREKORD,ID_ARCHIV) values ('244','ADRESA','U',to_date('06.12.25','DD.MM.RR'),'Fryštátsk 212/5','48');
Insert into LOG (ID_LOG,TABULKANAZEV,OPERACE,DATUMZMENY,IDREKORD,ID_ARCHIV) values ('206','APP_ROLE_PRAVO','D',to_date('06.12.25','DD.MM.RR'),'role=ANALYTIK; pravo=VIEW_PRODUCTS','48');
Insert into LOG (ID_LOG,TABULKANAZEV,OPERACE,DATUMZMENY,IDREKORD,ID_ARCHIV) values ('207','APP_ROLE_PRAVO','D',to_date('06.12.25','DD.MM.RR'),'role=ANALYTIK; pravo=VIEW_ORDERS','48');
Insert into LOG (ID_LOG,TABULKANAZEV,OPERACE,DATUMZMENY,IDREKORD,ID_ARCHIV) values ('208','APP_ROLE_PRAVO','D',to_date('06.12.25','DD.MM.RR'),'role=ANALYTIK; pravo=VIEW_WAREHOUSE','48');
Insert into LOG (ID_LOG,TABULKANAZEV,OPERACE,DATUMZMENY,IDREKORD,ID_ARCHIV) values ('209','APP_ROLE_PRAVO','D',to_date('06.12.25','DD.MM.RR'),'role=ANALYTIK; pravo=VIEW_ARCHIVE','48');
Insert into LOG (ID_LOG,TABULKANAZEV,OPERACE,DATUMZMENY,IDREKORD,ID_ARCHIV) values ('210','APP_ROLE_PRAVO','D',to_date('06.12.25','DD.MM.RR'),'role=ANALYTIK; pravo=MANAGE_USERS','48');
Insert into LOG (ID_LOG,TABULKANAZEV,OPERACE,DATUMZMENY,IDREKORD,ID_ARCHIV) values ('211','APP_ROLE_PRAVO','I',to_date('06.12.25','DD.MM.RR'),'role=ANALYTIK; pravo=VIEW_PRODUCTS','48');
Insert into LOG (ID_LOG,TABULKANAZEV,OPERACE,DATUMZMENY,IDREKORD,ID_ARCHIV) values ('212','APP_ROLE_PRAVO','I',to_date('06.12.25','DD.MM.RR'),'role=ANALYTIK; pravo=VIEW_ORDERS','48');
Insert into LOG (ID_LOG,TABULKANAZEV,OPERACE,DATUMZMENY,IDREKORD,ID_ARCHIV) values ('213','APP_ROLE_PRAVO','I',to_date('06.12.25','DD.MM.RR'),'role=ANALYTIK; pravo=VIEW_WAREHOUSE','48');
Insert into LOG (ID_LOG,TABULKANAZEV,OPERACE,DATUMZMENY,IDREKORD,ID_ARCHIV) values ('214','APP_ROLE_PRAVO','I',to_date('06.12.25','DD.MM.RR'),'role=ANALYTIK; pravo=VIEW_ARCHIVE','48');
Insert into LOG (ID_LOG,TABULKANAZEV,OPERACE,DATUMZMENY,IDREKORD,ID_ARCHIV) values ('231','APP_ROLE_PRAVO','D',to_date('06.12.25','DD.MM.RR'),'role=ZAKAZNIK; pravo=EDIT_ORDERS','48');
Insert into LOG (ID_LOG,TABULKANAZEV,OPERACE,DATUMZMENY,IDREKORD,ID_ARCHIV) values ('245','UZIVATEL','U',to_date('06.12.25','DD.MM.RR'),'Lucie Fialova','47');
Insert into LOG (ID_LOG,TABULKANAZEV,OPERACE,DATUMZMENY,IDREKORD,ID_ARCHIV) values ('246','ZAMESTNANEC','D',to_date('06.12.25','DD.MM.RR'),'Lucie Fialova','47');
Insert into LOG (ID_LOG,TABULKANAZEV,OPERACE,DATUMZMENY,IDREKORD,ID_ARCHIV) values ('247','ADRESA','U',to_date('06.12.25','DD.MM.RR'),'Brněnská 45/1','48');
Insert into LOG (ID_LOG,TABULKANAZEV,OPERACE,DATUMZMENY,IDREKORD,ID_ARCHIV) values ('248','UZIVATEL','U',to_date('06.12.25','DD.MM.RR'),'Dominik Barta','47');
Insert into LOG (ID_LOG,TABULKANAZEV,OPERACE,DATUMZMENY,IDREKORD,ID_ARCHIV) values ('249','ADRESA','U',to_date('06.12.25','DD.MM.RR'),'Teplého 52/6','48');
Insert into LOG (ID_LOG,TABULKANAZEV,OPERACE,DATUMZMENY,IDREKORD,ID_ARCHIV) values ('250','UZIVATEL','U',to_date('06.12.25','DD.MM.RR'),'Jiri Houska','47');
Insert into LOG (ID_LOG,TABULKANAZEV,OPERACE,DATUMZMENY,IDREKORD,ID_ARCHIV) values ('251','ADRESA','U',to_date('06.12.25','DD.MM.RR'),'Politických vězňů 13/3','48');
Insert into LOG (ID_LOG,TABULKANAZEV,OPERACE,DATUMZMENY,IDREKORD,ID_ARCHIV) values ('252','UZIVATEL','U',to_date('06.12.25','DD.MM.RR'),'Jan Novak','47');
Insert into LOG (ID_LOG,TABULKANAZEV,OPERACE,DATUMZMENY,IDREKORD,ID_ARCHIV) values ('263','ADRESA','U',to_date('07.12.25','DD.MM.RR'),'Budějovická 123/8','48');
Insert into LOG (ID_LOG,TABULKANAZEV,OPERACE,DATUMZMENY,IDREKORD,ID_ARCHIV) values ('323','ADRESA','U',to_date('07.12.25','DD.MM.RR'),'Politických vězňů 13/3','48');
Insert into LOG (ID_LOG,TABULKANAZEV,OPERACE,DATUMZMENY,IDREKORD,ID_ARCHIV) values ('324','DODAVATEL','D',to_date('07.12.25','DD.MM.RR'),'FreshFoods s.r.o.','47');
Insert into LOG (ID_LOG,TABULKANAZEV,OPERACE,DATUMZMENY,IDREKORD,ID_ARCHIV) values ('325','UZIVATEL','U',to_date('07.12.25','DD.MM.RR'),'Jan Novak','47');
Insert into LOG (ID_LOG,TABULKANAZEV,OPERACE,DATUMZMENY,IDREKORD,ID_ARCHIV) values ('326','ZAKAZNIK','I',to_date('07.12.25','DD.MM.RR'),'Jan Novak','47');
Insert into LOG (ID_LOG,TABULKANAZEV,OPERACE,DATUMZMENY,IDREKORD,ID_ARCHIV) values ('327','UZIVATEL','U',to_date('07.12.25','DD.MM.RR'),'Jan Novak','47');
Insert into LOG (ID_LOG,TABULKANAZEV,OPERACE,DATUMZMENY,IDREKORD,ID_ARCHIV) values ('335','ADRESA','U',to_date('07.12.25','DD.MM.RR'),'Politických vězňů 13/3','48');
Insert into LOG (ID_LOG,TABULKANAZEV,OPERACE,DATUMZMENY,IDREKORD,ID_ARCHIV) values ('336','ZAKAZNIK','D',to_date('07.12.25','DD.MM.RR'),'Jan Novak','47');
Insert into LOG (ID_LOG,TABULKANAZEV,OPERACE,DATUMZMENY,IDREKORD,ID_ARCHIV) values ('337','UZIVATEL','U',to_date('07.12.25','DD.MM.RR'),'Jan Novak','47');
Insert into LOG (ID_LOG,TABULKANAZEV,OPERACE,DATUMZMENY,IDREKORD,ID_ARCHIV) values ('338','DODAVATEL','I',to_date('07.12.25','DD.MM.RR'),'SpecialCZ','47');
Insert into LOG (ID_LOG,TABULKANAZEV,OPERACE,DATUMZMENY,IDREKORD,ID_ARCHIV) values ('339','UZIVATEL','U',to_date('07.12.25','DD.MM.RR'),'Jan Novak','47');
Insert into LOG (ID_LOG,TABULKANAZEV,OPERACE,DATUMZMENY,IDREKORD,ID_ARCHIV) values ('346','PRAVO','U',to_date('07.12.25','DD.MM.RR'),'VIEW_ARCHIVE','48');
Insert into LOG (ID_LOG,TABULKANAZEV,OPERACE,DATUMZMENY,IDREKORD,ID_ARCHIV) values ('347','PLATBA','I',to_date('07.12.25','DD.MM.RR'),'PLATBA 2025-12-07 20:14 / Supermarket Praha Centrum','9');
Insert into LOG (ID_LOG,TABULKANAZEV,OPERACE,DATUMZMENY,IDREKORD,ID_ARCHIV) values ('348','PLATBA','I',to_date('07.12.25','DD.MM.RR'),'PLATBA 2025-12-07 20:16 / Supermarket Praha Folimanka','18');
Insert into LOG (ID_LOG,TABULKANAZEV,OPERACE,DATUMZMENY,IDREKORD,ID_ARCHIV) values ('349','PLATBA','I',to_date('07.12.25','DD.MM.RR'),'PLATBA 2025-12-07 20:16 / Supermarket Praha Folimanka','18');
Insert into LOG (ID_LOG,TABULKANAZEV,OPERACE,DATUMZMENY,IDREKORD,ID_ARCHIV) values ('366','ZPRAVA','I',to_date('07.12.25','DD.MM.RR'),'od=Denys Tkach; pro=Anna Shabossova','50');
Insert into LOG (ID_LOG,TABULKANAZEV,OPERACE,DATUMZMENY,IDREKORD,ID_ARCHIV) values ('317','ADRESA','U',to_date('07.12.25','DD.MM.RR'),'Politických vězňů 13/3','48');
Insert into LOG (ID_LOG,TABULKANAZEV,OPERACE,DATUMZMENY,IDREKORD,ID_ARCHIV) values ('318','UZIVATEL','U',to_date('07.12.25','DD.MM.RR'),'Jan Novak','47');
Insert into LOG (ID_LOG,TABULKANAZEV,OPERACE,DATUMZMENY,IDREKORD,ID_ARCHIV) values ('321','UZIVATEL','U',to_date('07.12.25','DD.MM.RR'),'David Prochazka','47');
Insert into LOG (ID_LOG,TABULKANAZEV,OPERACE,DATUMZMENY,IDREKORD,ID_ARCHIV) values ('322','UZIVATEL','U',to_date('07.12.25','DD.MM.RR'),'Jan Novak','47');
Insert into LOG (ID_LOG,TABULKANAZEV,OPERACE,DATUMZMENY,IDREKORD,ID_ARCHIV) values ('357','UZIVATEL','I',to_date('07.12.25','DD.MM.RR'),'Pavel Pepr','47');
Insert into LOG (ID_LOG,TABULKANAZEV,OPERACE,DATUMZMENY,IDREKORD,ID_ARCHIV) values ('384','ZPRAVA','U',to_date('07.12.25','DD.MM.RR'),'od=Anna Shabossova; pro=Denys Tkach','50');
Insert into LOG (ID_LOG,TABULKANAZEV,OPERACE,DATUMZMENY,IDREKORD,ID_ARCHIV) values ('389','ZPRAVA','D',to_date('07.12.25','DD.MM.RR'),'od=Anna Shabossova; pro=Denys Tkach','50');
Insert into LOG (ID_LOG,TABULKANAZEV,OPERACE,DATUMZMENY,IDREKORD,ID_ARCHIV) values ('390','ZPRAVA','U',to_date('07.12.25','DD.MM.RR'),'od=Anna Shabossova; pro=Denys Tkach','50');
Insert into LOG (ID_LOG,TABULKANAZEV,OPERACE,DATUMZMENY,IDREKORD,ID_ARCHIV) values ('425','APP_ROLE_PRAVO','D',to_date('07.12.25','DD.MM.RR'),'role=ADMIN; pravo=VIEW_DB_OBJECTS','48');
Insert into LOG (ID_LOG,TABULKANAZEV,OPERACE,DATUMZMENY,IDREKORD,ID_ARCHIV) values ('426','APP_ROLE_PRAVO','D',to_date('07.12.25','DD.MM.RR'),'role=ADMIN; pravo=FULL_ADMIN','48');
Insert into LOG (ID_LOG,TABULKANAZEV,OPERACE,DATUMZMENY,IDREKORD,ID_ARCHIV) values ('427','APP_ROLE_PRAVO','I',to_date('07.12.25','DD.MM.RR'),'role=ADMIN; pravo=CREATE_ORDERS','48');
Insert into LOG (ID_LOG,TABULKANAZEV,OPERACE,DATUMZMENY,IDREKORD,ID_ARCHIV) values ('428','APP_ROLE_PRAVO','I',to_date('07.12.25','DD.MM.RR'),'role=ADMIN; pravo=EDIT_ORDERS','48');
Insert into LOG (ID_LOG,TABULKANAZEV,OPERACE,DATUMZMENY,IDREKORD,ID_ARCHIV) values ('429','APP_ROLE_PRAVO','I',to_date('07.12.25','DD.MM.RR'),'role=ADMIN; pravo=EDIT_PRODUCTS','48');
Insert into LOG (ID_LOG,TABULKANAZEV,OPERACE,DATUMZMENY,IDREKORD,ID_ARCHIV) values ('430','APP_ROLE_PRAVO','I',to_date('07.12.25','DD.MM.RR'),'role=ADMIN; pravo=FULL_ADMIN','48');
Insert into LOG (ID_LOG,TABULKANAZEV,OPERACE,DATUMZMENY,IDREKORD,ID_ARCHIV) values ('431','APP_ROLE_PRAVO','I',to_date('07.12.25','DD.MM.RR'),'role=ADMIN; pravo=MANAGE_USERS','48');
Insert into LOG (ID_LOG,TABULKANAZEV,OPERACE,DATUMZMENY,IDREKORD,ID_ARCHIV) values ('432','APP_ROLE_PRAVO','I',to_date('07.12.25','DD.MM.RR'),'role=ADMIN; pravo=VIEW_ARCHIVE','48');
Insert into LOG (ID_LOG,TABULKANAZEV,OPERACE,DATUMZMENY,IDREKORD,ID_ARCHIV) values ('433','APP_ROLE_PRAVO','I',to_date('07.12.25','DD.MM.RR'),'role=ADMIN; pravo=VIEW_DB_OBJECTS','48');
Insert into LOG (ID_LOG,TABULKANAZEV,OPERACE,DATUMZMENY,IDREKORD,ID_ARCHIV) values ('434','APP_ROLE_PRAVO','I',to_date('07.12.25','DD.MM.RR'),'role=ADMIN; pravo=VIEW_ORDERS','48');
Insert into LOG (ID_LOG,TABULKANAZEV,OPERACE,DATUMZMENY,IDREKORD,ID_ARCHIV) values ('435','APP_ROLE_PRAVO','I',to_date('07.12.25','DD.MM.RR'),'role=ADMIN; pravo=VIEW_PRODUCTS','48');
Insert into LOG (ID_LOG,TABULKANAZEV,OPERACE,DATUMZMENY,IDREKORD,ID_ARCHIV) values ('436','APP_ROLE_PRAVO','I',to_date('07.12.25','DD.MM.RR'),'role=ADMIN; pravo=VIEW_WAREHOUSE','48');
Insert into LOG (ID_LOG,TABULKANAZEV,OPERACE,DATUMZMENY,IDREKORD,ID_ARCHIV) values ('437','APP_ROLE_PRAVO','I',to_date('07.12.25','DD.MM.RR'),'role=ADMIN; pravo=EDIT_MSGS','48');
Insert into LOG (ID_LOG,TABULKANAZEV,OPERACE,DATUMZMENY,IDREKORD,ID_ARCHIV) values ('438','ZPRAVA','D',to_date('07.12.25','DD.MM.RR'),'od=Denys Tkach; pro=Anna Shabossova','50');
Insert into LOG (ID_LOG,TABULKANAZEV,OPERACE,DATUMZMENY,IDREKORD,ID_ARCHIV) values ('441','ZPRAVA','D',to_date('07.12.25','DD.MM.RR'),'od=Denys Tkach; pro=Anna Shabossova','50');
Insert into LOG (ID_LOG,TABULKANAZEV,OPERACE,DATUMZMENY,IDREKORD,ID_ARCHIV) values ('442','ZPRAVA','D',to_date('07.12.25','DD.MM.RR'),'od=Anna Shabossova; pro=Denys Tkach','50');
Insert into LOG (ID_LOG,TABULKANAZEV,OPERACE,DATUMZMENY,IDREKORD,ID_ARCHIV) values ('345','PRAVO','U',to_date('07.12.25','DD.MM.RR'),'VIEW_ARCHIVE','48');
Insert into LOG (ID_LOG,TABULKANAZEV,OPERACE,DATUMZMENY,IDREKORD,ID_ARCHIV) values ('350','ZPRAVA','I',to_date('07.12.25','DD.MM.RR'),'od=Anna Shabossova; pro=Anna Shabossova','50');
Insert into LOG (ID_LOG,TABULKANAZEV,OPERACE,DATUMZMENY,IDREKORD,ID_ARCHIV) values ('351','NOTIFIKACE','I',to_date('07.12.25','DD.MM.RR'),'shabossova@admin.cz','48');
Insert into LOG (ID_LOG,TABULKANAZEV,OPERACE,DATUMZMENY,IDREKORD,ID_ARCHIV) values ('352','NOTIFIKACE','U',to_date('07.12.25','DD.MM.RR'),'shabossova@admin.cz','48');
Insert into LOG (ID_LOG,TABULKANAZEV,OPERACE,DATUMZMENY,IDREKORD,ID_ARCHIV) values ('361','ADRESA','I',to_date('07.12.25','DD.MM.RR'),'Peprova 1207/20','48');
Insert into LOG (ID_LOG,TABULKANAZEV,OPERACE,DATUMZMENY,IDREKORD,ID_ARCHIV) values ('362','UZIVATEL','U',to_date('07.12.25','DD.MM.RR'),'Pavel Pepr','47');
Insert into LOG (ID_LOG,TABULKANAZEV,OPERACE,DATUMZMENY,IDREKORD,ID_ARCHIV) values ('363','ZAMESTNANEC','I',to_date('07.12.25','DD.MM.RR'),'Pavel Pepr','47');
Insert into LOG (ID_LOG,TABULKANAZEV,OPERACE,DATUMZMENY,IDREKORD,ID_ARCHIV) values ('364','UZIVATEL','U',to_date('07.12.25','DD.MM.RR'),'Pavel Pepr','47');
Insert into LOG (ID_LOG,TABULKANAZEV,OPERACE,DATUMZMENY,IDREKORD,ID_ARCHIV) values ('365','ZPRAVA','I',to_date('07.12.25','DD.MM.RR'),'od=Anna Shabossova; pro=Pavel Pepr','50');
Insert into LOG (ID_LOG,TABULKANAZEV,OPERACE,DATUMZMENY,IDREKORD,ID_ARCHIV) values ('378','ZPRAVA','I',to_date('07.12.25','DD.MM.RR'),'od=Jan Novak; pro=Anna Shabossova','50');
Insert into LOG (ID_LOG,TABULKANAZEV,OPERACE,DATUMZMENY,IDREKORD,ID_ARCHIV) values ('379','ZPRAVA','I',to_date('07.12.25','DD.MM.RR'),'od=Jan Novak; pro=Anna Shabossova','50');
Insert into LOG (ID_LOG,TABULKANAZEV,OPERACE,DATUMZMENY,IDREKORD,ID_ARCHIV) values ('381','ZPRAVA','D',to_date('07.12.25','DD.MM.RR'),'od=Anna Shabossova; pro=Denys Tkach','50');
Insert into LOG (ID_LOG,TABULKANAZEV,OPERACE,DATUMZMENY,IDREKORD,ID_ARCHIV) values ('443','ZPRAVA','D',to_date('07.12.25','DD.MM.RR'),'od=Denys Tkach; pro=Anna Shabossova','50');
Insert into LOG (ID_LOG,TABULKANAZEV,OPERACE,DATUMZMENY,IDREKORD,ID_ARCHIV) values ('445','OBJEDNAVKA','I',to_date('08.12.25','DD.MM.RR'),'Denys Tkach','8');
Insert into LOG (ID_LOG,TABULKANAZEV,OPERACE,DATUMZMENY,IDREKORD,ID_ARCHIV) values ('446','PLATBA','I',to_date('08.12.25','DD.MM.RR'),'PLATBA 2025-12-08 01:31 / Supermarket Praha Centrum','9');
Insert into LOG (ID_LOG,TABULKANAZEV,OPERACE,DATUMZMENY,IDREKORD,ID_ARCHIV) values ('447','OBJEDNAVKA','I',to_date('08.12.25','DD.MM.RR'),'Denys Tkach','8');
Insert into LOG (ID_LOG,TABULKANAZEV,OPERACE,DATUMZMENY,IDREKORD,ID_ARCHIV) values ('353','NOTIFIKACE','D',to_date('07.12.25','DD.MM.RR'),'shabossova@admin.cz','48');
Insert into LOG (ID_LOG,TABULKANAZEV,OPERACE,DATUMZMENY,IDREKORD,ID_ARCHIV) values ('368','ZPRAVA','I',to_date('07.12.25','DD.MM.RR'),'od=Anna Shabossova; pro=Denys Tkach','50');
Insert into LOG (ID_LOG,TABULKANAZEV,OPERACE,DATUMZMENY,IDREKORD,ID_ARCHIV) values ('371','ZPRAVA','I',to_date('07.12.25','DD.MM.RR'),'od=Anna Shabossova; pro=Denys Tkach','50');
Insert into LOG (ID_LOG,TABULKANAZEV,OPERACE,DATUMZMENY,IDREKORD,ID_ARCHIV) values ('374','ZPRAVA','I',to_date('07.12.25','DD.MM.RR'),'od=Anna Shabossova; pro=Denys Tkach','50');
Insert into LOG (ID_LOG,TABULKANAZEV,OPERACE,DATUMZMENY,IDREKORD,ID_ARCHIV) values ('413','ZPRAVA','I',to_date('07.12.25','DD.MM.RR'),'od=Denys Tkach; pro=Anna Shabossova','50');
Insert into LOG (ID_LOG,TABULKANAZEV,OPERACE,DATUMZMENY,IDREKORD,ID_ARCHIV) values ('414','ZPRAVA','I',to_date('07.12.25','DD.MM.RR'),'od=Denys Tkach; pro=Anna Shabossova','50');
Insert into LOG (ID_LOG,TABULKANAZEV,OPERACE,DATUMZMENY,IDREKORD,ID_ARCHIV) values ('415','ZPRAVA','I',to_date('07.12.25','DD.MM.RR'),'od=Denys Tkach; pro=Anna Shabossova','50');
Insert into LOG (ID_LOG,TABULKANAZEV,OPERACE,DATUMZMENY,IDREKORD,ID_ARCHIV) values ('439','ZPRAVA','U',to_date('07.12.25','DD.MM.RR'),'od=Denys Tkach; pro=Anna Shabossova','50');
Insert into LOG (ID_LOG,TABULKANAZEV,OPERACE,DATUMZMENY,IDREKORD,ID_ARCHIV) values ('440','ZPRAVA','U',to_date('07.12.25','DD.MM.RR'),'od=Denys Tkach; pro=Anna Shabossova','50');
Insert into LOG (ID_LOG,TABULKANAZEV,OPERACE,DATUMZMENY,IDREKORD,ID_ARCHIV) values ('448','PLATBA','I',to_date('08.12.25','DD.MM.RR'),'PLATBA 2025-12-08 06:03 / Supermarket Praha Centrum','9');
Insert into LOG (ID_LOG,TABULKANAZEV,OPERACE,DATUMZMENY,IDREKORD,ID_ARCHIV) values ('449','OBJEDNAVKA','I',to_date('08.12.25','DD.MM.RR'),'Denys Tkach','8');
Insert into LOG (ID_LOG,TABULKANAZEV,OPERACE,DATUMZMENY,IDREKORD,ID_ARCHIV) values ('450','PLATBA','I',to_date('08.12.25','DD.MM.RR'),'PLATBA 2025-12-08 06:04 / Supermarket Praha Centrum','9');
Insert into LOG (ID_LOG,TABULKANAZEV,OPERACE,DATUMZMENY,IDREKORD,ID_ARCHIV) values ('451','OBJEDNAVKA','I',to_date('08.12.25','DD.MM.RR'),'Denys Tkach','8');
Insert into LOG (ID_LOG,TABULKANAZEV,OPERACE,DATUMZMENY,IDREKORD,ID_ARCHIV) values ('452','PLATBA','I',to_date('08.12.25','DD.MM.RR'),'PLATBA 2025-12-08 06:05 / Supermarket Praha Centrum','9');
Insert into LOG (ID_LOG,TABULKANAZEV,OPERACE,DATUMZMENY,IDREKORD,ID_ARCHIV) values ('453','OBJEDNAVKA','I',to_date('08.12.25','DD.MM.RR'),'Denys Tkach','8');
Insert into LOG (ID_LOG,TABULKANAZEV,OPERACE,DATUMZMENY,IDREKORD,ID_ARCHIV) values ('454','PLATBA','I',to_date('08.12.25','DD.MM.RR'),'PLATBA 2025-12-08 07:33 / Supermarket Praha Centrum','9');
Insert into LOG (ID_LOG,TABULKANAZEV,OPERACE,DATUMZMENY,IDREKORD,ID_ARCHIV) values ('455','OBJEDNAVKA','I',to_date('08.12.25','DD.MM.RR'),'Denys Tkach','8');
Insert into LOG (ID_LOG,TABULKANAZEV,OPERACE,DATUMZMENY,IDREKORD,ID_ARCHIV) values ('456','PLATBA','I',to_date('08.12.25','DD.MM.RR'),'PLATBA 2025-12-08 08:12 / Supermarket Praha Centrum','9');
Insert into LOG (ID_LOG,TABULKANAZEV,OPERACE,DATUMZMENY,IDREKORD,ID_ARCHIV) values ('340','ADRESA','U',to_date('07.12.25','DD.MM.RR'),'Gočárova třída 1105/18','48');
Insert into LOG (ID_LOG,TABULKANAZEV,OPERACE,DATUMZMENY,IDREKORD,ID_ARCHIV) values ('341','ZAMESTNANEC','D',to_date('07.12.25','DD.MM.RR'),'Lukas Bohac','47');
Insert into LOG (ID_LOG,TABULKANAZEV,OPERACE,DATUMZMENY,IDREKORD,ID_ARCHIV) values ('342','UZIVATEL','U',to_date('07.12.25','DD.MM.RR'),'Lukas Bohac','47');
Insert into LOG (ID_LOG,TABULKANAZEV,OPERACE,DATUMZMENY,IDREKORD,ID_ARCHIV) values ('343','ZAKAZNIK','I',to_date('07.12.25','DD.MM.RR'),'Lukas Bohac','47');
Insert into LOG (ID_LOG,TABULKANAZEV,OPERACE,DATUMZMENY,IDREKORD,ID_ARCHIV) values ('344','UZIVATEL','U',to_date('07.12.25','DD.MM.RR'),'Lukas Bohac','47');
Insert into LOG (ID_LOG,TABULKANAZEV,OPERACE,DATUMZMENY,IDREKORD,ID_ARCHIV) values ('355','NOTIFIKACE','D',to_date('07.12.25','DD.MM.RR'),'shabossova@admin.cz','48');
Insert into LOG (ID_LOG,TABULKANAZEV,OPERACE,DATUMZMENY,IDREKORD,ID_ARCHIV) values ('377','ZPRAVA','I',to_date('07.12.25','DD.MM.RR'),'od=Denys Tkach; pro=Anna Shabossova','50');
Insert into LOG (ID_LOG,TABULKANAZEV,OPERACE,DATUMZMENY,IDREKORD,ID_ARCHIV) values ('385','ZPRAVA','U',to_date('07.12.25','DD.MM.RR'),'od=Anna Shabossova; pro=Denys Tkach','50');
Insert into LOG (ID_LOG,TABULKANAZEV,OPERACE,DATUMZMENY,IDREKORD,ID_ARCHIV) values ('386','ZPRAVA','U',to_date('07.12.25','DD.MM.RR'),'od=Anna Shabossova; pro=Denys Tkach','50');
Insert into LOG (ID_LOG,TABULKANAZEV,OPERACE,DATUMZMENY,IDREKORD,ID_ARCHIV) values ('387','ZPRAVA','D',to_date('07.12.25','DD.MM.RR'),'od=Anna Shabossova; pro=Denys Tkach','50');
Insert into LOG (ID_LOG,TABULKANAZEV,OPERACE,DATUMZMENY,IDREKORD,ID_ARCHIV) values ('391','ZPRAVA','D',to_date('07.12.25','DD.MM.RR'),'od=Anna Shabossova; pro=Denys Tkach','50');
Insert into LOG (ID_LOG,TABULKANAZEV,OPERACE,DATUMZMENY,IDREKORD,ID_ARCHIV) values ('392','ZPRAVA','I',to_date('07.12.25','DD.MM.RR'),'od=Anna Shabossova; pro=Denys Tkach','50');
Insert into LOG (ID_LOG,TABULKANAZEV,OPERACE,DATUMZMENY,IDREKORD,ID_ARCHIV) values ('393','ZPRAVA','I',to_date('07.12.25','DD.MM.RR'),'od=Anna Shabossova; pro=Denys Tkach','50');
Insert into LOG (ID_LOG,TABULKANAZEV,OPERACE,DATUMZMENY,IDREKORD,ID_ARCHIV) values ('395','ZPRAVA','D',to_date('07.12.25','DD.MM.RR'),'od=Anna Shabossova; pro=Denys Tkach','50');
Insert into LOG (ID_LOG,TABULKANAZEV,OPERACE,DATUMZMENY,IDREKORD,ID_ARCHIV) values ('396','ZPRAVA','I',to_date('07.12.25','DD.MM.RR'),'od=Anna Shabossova; pro=Denys Tkach','50');
Insert into LOG (ID_LOG,TABULKANAZEV,OPERACE,DATUMZMENY,IDREKORD,ID_ARCHIV) values ('397','ZPRAVA','I',to_date('07.12.25','DD.MM.RR'),'od=Denys Tkach; pro=Anna Shabossova','50');
Insert into LOG (ID_LOG,TABULKANAZEV,OPERACE,DATUMZMENY,IDREKORD,ID_ARCHIV) values ('398','ZPRAVA','I',to_date('07.12.25','DD.MM.RR'),'od=Jan Novak; pro=Anna Shabossova','50');
Insert into LOG (ID_LOG,TABULKANAZEV,OPERACE,DATUMZMENY,IDREKORD,ID_ARCHIV) values ('399','ZPRAVA','I',to_date('07.12.25','DD.MM.RR'),'od=Anna Shabossova; pro=Jan Novak','50');
Insert into LOG (ID_LOG,TABULKANAZEV,OPERACE,DATUMZMENY,IDREKORD,ID_ARCHIV) values ('400','ZPRAVA','I',to_date('07.12.25','DD.MM.RR'),'od=Jan Novak; pro=Anna Shabossova','50');
Insert into LOG (ID_LOG,TABULKANAZEV,OPERACE,DATUMZMENY,IDREKORD,ID_ARCHIV) values ('401','ZPRAVA','I',to_date('07.12.25','DD.MM.RR'),'od=Anna Shabossova; pro=Jan Novak','50');
Insert into LOG (ID_LOG,TABULKANAZEV,OPERACE,DATUMZMENY,IDREKORD,ID_ARCHIV) values ('402','ZPRAVA','I',to_date('07.12.25','DD.MM.RR'),'od=Anna Shabossova; pro=Denys Tkach','50');
Insert into LOG (ID_LOG,TABULKANAZEV,OPERACE,DATUMZMENY,IDREKORD,ID_ARCHIV) values ('403','ZPRAVA','I',to_date('07.12.25','DD.MM.RR'),'od=Anna Shabossova; pro=Jan Novak','50');
Insert into LOG (ID_LOG,TABULKANAZEV,OPERACE,DATUMZMENY,IDREKORD,ID_ARCHIV) values ('404','ZPRAVA','I',to_date('07.12.25','DD.MM.RR'),'od=Anna Shabossova; pro=Denys Tkach','50');
Insert into LOG (ID_LOG,TABULKANAZEV,OPERACE,DATUMZMENY,IDREKORD,ID_ARCHIV) values ('319','ADRESA','U',to_date('07.12.25','DD.MM.RR'),'Testova 12/5','48');
Insert into LOG (ID_LOG,TABULKANAZEV,OPERACE,DATUMZMENY,IDREKORD,ID_ARCHIV) values ('320','UZIVATEL','U',to_date('07.12.25','DD.MM.RR'),'X Y','47');
Insert into LOG (ID_LOG,TABULKANAZEV,OPERACE,DATUMZMENY,IDREKORD,ID_ARCHIV) values ('354','NOTIFIKACE','I',to_date('07.12.25','DD.MM.RR'),'shabossova@admin.cz','48');
Insert into LOG (ID_LOG,TABULKANAZEV,OPERACE,DATUMZMENY,IDREKORD,ID_ARCHIV) values ('356','NOTIFIKACE','I',to_date('07.12.25','DD.MM.RR'),'shabossova@admin.cz','48');
Insert into LOG (ID_LOG,TABULKANAZEV,OPERACE,DATUMZMENY,IDREKORD,ID_ARCHIV) values ('358','ZPRAVA','I',to_date('07.12.25','DD.MM.RR'),'od=Pavel Pepr; pro=David Prochazka','50');
Insert into LOG (ID_LOG,TABULKANAZEV,OPERACE,DATUMZMENY,IDREKORD,ID_ARCHIV) values ('359','ZPRAVA','I',to_date('07.12.25','DD.MM.RR'),'od=Pavel Pepr; pro=Anna Shabossova','50');
Insert into LOG (ID_LOG,TABULKANAZEV,OPERACE,DATUMZMENY,IDREKORD,ID_ARCHIV) values ('360','ZPRAVA','I',to_date('07.12.25','DD.MM.RR'),'od=Pavel Pepr; pro=Denys Tkach','50');
Insert into LOG (ID_LOG,TABULKANAZEV,OPERACE,DATUMZMENY,IDREKORD,ID_ARCHIV) values ('367','ZPRAVA','I',to_date('07.12.25','DD.MM.RR'),'od=Denys Tkach; pro=Anna Shabossova','50');
Insert into LOG (ID_LOG,TABULKANAZEV,OPERACE,DATUMZMENY,IDREKORD,ID_ARCHIV) values ('369','ZPRAVA','I',to_date('07.12.25','DD.MM.RR'),'od=Denys Tkach; pro=Anna Shabossova','50');
Insert into LOG (ID_LOG,TABULKANAZEV,OPERACE,DATUMZMENY,IDREKORD,ID_ARCHIV) values ('376','ZPRAVA','I',to_date('07.12.25','DD.MM.RR'),'od=Denys Tkach; pro=Anna Shabossova','50');
Insert into LOG (ID_LOG,TABULKANAZEV,OPERACE,DATUMZMENY,IDREKORD,ID_ARCHIV) values ('372','ZPRAVA','I',to_date('07.12.25','DD.MM.RR'),'od=Denys Tkach; pro=Anna Shabossova','50');
Insert into LOG (ID_LOG,TABULKANAZEV,OPERACE,DATUMZMENY,IDREKORD,ID_ARCHIV) values ('373','ZPRAVA','I',to_date('07.12.25','DD.MM.RR'),'od=Denys Tkach; pro=Anna Shabossova','50');
Insert into LOG (ID_LOG,TABULKANAZEV,OPERACE,DATUMZMENY,IDREKORD,ID_ARCHIV) values ('375','ZPRAVA','I',to_date('07.12.25','DD.MM.RR'),'od=Anna Shabossova; pro=Denys Tkach','50');
Insert into LOG (ID_LOG,TABULKANAZEV,OPERACE,DATUMZMENY,IDREKORD,ID_ARCHIV) values ('380','ZPRAVA','U',to_date('07.12.25','DD.MM.RR'),'od=Anna Shabossova; pro=Denys Tkach','50');
Insert into LOG (ID_LOG,TABULKANAZEV,OPERACE,DATUMZMENY,IDREKORD,ID_ARCHIV) values ('382','ZPRAVA','D',to_date('07.12.25','DD.MM.RR'),'od=Anna Shabossova; pro=Denys Tkach','50');
Insert into LOG (ID_LOG,TABULKANAZEV,OPERACE,DATUMZMENY,IDREKORD,ID_ARCHIV) values ('383','ZPRAVA','U',to_date('07.12.25','DD.MM.RR'),'od=Anna Shabossova; pro=Denys Tkach','50');
Insert into LOG (ID_LOG,TABULKANAZEV,OPERACE,DATUMZMENY,IDREKORD,ID_ARCHIV) values ('388','ZPRAVA','U',to_date('07.12.25','DD.MM.RR'),'od=Anna Shabossova; pro=Denys Tkach','50');
Insert into LOG (ID_LOG,TABULKANAZEV,OPERACE,DATUMZMENY,IDREKORD,ID_ARCHIV) values ('394','ZPRAVA','D',to_date('07.12.25','DD.MM.RR'),'od=Anna Shabossova; pro=Denys Tkach','50');
Insert into LOG (ID_LOG,TABULKANAZEV,OPERACE,DATUMZMENY,IDREKORD,ID_ARCHIV) values ('405','ZPRAVA','I',to_date('07.12.25','DD.MM.RR'),'od=Anna Shabossova; pro=Denys Tkach','50');
Insert into LOG (ID_LOG,TABULKANAZEV,OPERACE,DATUMZMENY,IDREKORD,ID_ARCHIV) values ('406','ZPRAVA','I',to_date('07.12.25','DD.MM.RR'),'od=Anna Shabossova; pro=Denys Tkach','50');
Insert into LOG (ID_LOG,TABULKANAZEV,OPERACE,DATUMZMENY,IDREKORD,ID_ARCHIV) values ('407','ZPRAVA','I',to_date('07.12.25','DD.MM.RR'),'od=Anna Shabossova; pro=Denys Tkach','50');
Insert into LOG (ID_LOG,TABULKANAZEV,OPERACE,DATUMZMENY,IDREKORD,ID_ARCHIV) values ('408','ZPRAVA','I',to_date('07.12.25','DD.MM.RR'),'od=Anna Shabossova; pro=Daniel Zeleny','50');
Insert into LOG (ID_LOG,TABULKANAZEV,OPERACE,DATUMZMENY,IDREKORD,ID_ARCHIV) values ('409','ZPRAVA','I',to_date('07.12.25','DD.MM.RR'),'od=Anna Shabossova; pro=Denys Tkach','50');
Insert into LOG (ID_LOG,TABULKANAZEV,OPERACE,DATUMZMENY,IDREKORD,ID_ARCHIV) values ('410','ZPRAVA','I',to_date('07.12.25','DD.MM.RR'),'od=Anna Shabossova; pro=Denys Tkach','50');
Insert into LOG (ID_LOG,TABULKANAZEV,OPERACE,DATUMZMENY,IDREKORD,ID_ARCHIV) values ('411','ZPRAVA','I',to_date('07.12.25','DD.MM.RR'),'od=Anna Shabossova; pro=Denys Tkach','50');
Insert into LOG (ID_LOG,TABULKANAZEV,OPERACE,DATUMZMENY,IDREKORD,ID_ARCHIV) values ('412','ZPRAVA','I',to_date('07.12.25','DD.MM.RR'),'od=Anna Shabossova; pro=Denys Tkach','50');
Insert into LOG (ID_LOG,TABULKANAZEV,OPERACE,DATUMZMENY,IDREKORD,ID_ARCHIV) values ('416','PRAVO','I',to_date('07.12.25','DD.MM.RR'),'EDIT_MSGS','48');
Insert into LOG (ID_LOG,TABULKANAZEV,OPERACE,DATUMZMENY,IDREKORD,ID_ARCHIV) values ('417','APP_ROLE_PRAVO','D',to_date('07.12.25','DD.MM.RR'),'role=ADMIN; pravo=VIEW_PRODUCTS','48');
Insert into LOG (ID_LOG,TABULKANAZEV,OPERACE,DATUMZMENY,IDREKORD,ID_ARCHIV) values ('418','APP_ROLE_PRAVO','D',to_date('07.12.25','DD.MM.RR'),'role=ADMIN; pravo=EDIT_PRODUCTS','48');
Insert into LOG (ID_LOG,TABULKANAZEV,OPERACE,DATUMZMENY,IDREKORD,ID_ARCHIV) values ('419','APP_ROLE_PRAVO','D',to_date('07.12.25','DD.MM.RR'),'role=ADMIN; pravo=VIEW_ORDERS','48');
Insert into LOG (ID_LOG,TABULKANAZEV,OPERACE,DATUMZMENY,IDREKORD,ID_ARCHIV) values ('420','APP_ROLE_PRAVO','D',to_date('07.12.25','DD.MM.RR'),'role=ADMIN; pravo=EDIT_ORDERS','48');
Insert into LOG (ID_LOG,TABULKANAZEV,OPERACE,DATUMZMENY,IDREKORD,ID_ARCHIV) values ('421','APP_ROLE_PRAVO','D',to_date('07.12.25','DD.MM.RR'),'role=ADMIN; pravo=CREATE_ORDERS','48');
Insert into LOG (ID_LOG,TABULKANAZEV,OPERACE,DATUMZMENY,IDREKORD,ID_ARCHIV) values ('422','APP_ROLE_PRAVO','D',to_date('07.12.25','DD.MM.RR'),'role=ADMIN; pravo=VIEW_WAREHOUSE','48');
Insert into LOG (ID_LOG,TABULKANAZEV,OPERACE,DATUMZMENY,IDREKORD,ID_ARCHIV) values ('423','APP_ROLE_PRAVO','D',to_date('07.12.25','DD.MM.RR'),'role=ADMIN; pravo=VIEW_ARCHIVE','48');
Insert into LOG (ID_LOG,TABULKANAZEV,OPERACE,DATUMZMENY,IDREKORD,ID_ARCHIV) values ('424','APP_ROLE_PRAVO','D',to_date('07.12.25','DD.MM.RR'),'role=ADMIN; pravo=MANAGE_USERS','48');
Insert into LOG (ID_LOG,TABULKANAZEV,OPERACE,DATUMZMENY,IDREKORD,ID_ARCHIV) values ('544','ZBOZI','U',to_date('09.12.25','DD.MM.RR'),'Mleko plnotucne 1L','16');
Insert into LOG (ID_LOG,TABULKANAZEV,OPERACE,DATUMZMENY,IDREKORD,ID_ARCHIV) values ('545','OBJEDNAVKA','I',to_date('09.12.25','DD.MM.RR'),'Michal Simek','8');
Insert into LOG (ID_LOG,TABULKANAZEV,OPERACE,DATUMZMENY,IDREKORD,ID_ARCHIV) values ('546','ZBOZI','I',to_date('09.12.25','DD.MM.RR'),'105','1');
Insert into LOG (ID_LOG,TABULKANAZEV,OPERACE,DATUMZMENY,IDREKORD,ID_ARCHIV) values ('547','ZBOZI','U',to_date('09.12.25','DD.MM.RR'),'Mleko polotucne 1L','7');
Insert into LOG (ID_LOG,TABULKANAZEV,OPERACE,DATUMZMENY,IDREKORD,ID_ARCHIV) values ('566','APP_ROLE_PRAVO','I',to_date('09.12.25','DD.MM.RR'),'role=ADMIN; pravo=VIEW_ARCHIVE','48');
Insert into LOG (ID_LOG,TABULKANAZEV,OPERACE,DATUMZMENY,IDREKORD,ID_ARCHIV) values ('567','APP_ROLE_PRAVO','I',to_date('09.12.25','DD.MM.RR'),'role=ADMIN; pravo=VIEW_DB_OBJECTS','48');
Insert into LOG (ID_LOG,TABULKANAZEV,OPERACE,DATUMZMENY,IDREKORD,ID_ARCHIV) values ('568','APP_ROLE_PRAVO','I',to_date('09.12.25','DD.MM.RR'),'role=ADMIN; pravo=VIEW_ORDERS','48');
Insert into LOG (ID_LOG,TABULKANAZEV,OPERACE,DATUMZMENY,IDREKORD,ID_ARCHIV) values ('569','APP_ROLE_PRAVO','I',to_date('09.12.25','DD.MM.RR'),'role=ADMIN; pravo=VIEW_PRODUCTS','48');
Insert into LOG (ID_LOG,TABULKANAZEV,OPERACE,DATUMZMENY,IDREKORD,ID_ARCHIV) values ('570','APP_ROLE_PRAVO','I',to_date('09.12.25','DD.MM.RR'),'role=ADMIN; pravo=VIEW_WAREHOUSE','48');
Insert into LOG (ID_LOG,TABULKANAZEV,OPERACE,DATUMZMENY,IDREKORD,ID_ARCHIV) values ('571','APP_ROLE_PRAVO','I',to_date('09.12.25','DD.MM.RR'),'role=ADMIN; pravo=SUPPLIER_ORDERS_ACC','48');
Insert into LOG (ID_LOG,TABULKANAZEV,OPERACE,DATUMZMENY,IDREKORD,ID_ARCHIV) values ('572','APP_ROLE_PRAVO','D',to_date('09.12.25','DD.MM.RR'),'role=DODAVATEL; pravo=VIEW_PRODUCTS','48');
Insert into LOG (ID_LOG,TABULKANAZEV,OPERACE,DATUMZMENY,IDREKORD,ID_ARCHIV) values ('573','APP_ROLE_PRAVO','D',to_date('09.12.25','DD.MM.RR'),'role=DODAVATEL; pravo=VIEW_WAREHOUSE','48');
Insert into LOG (ID_LOG,TABULKANAZEV,OPERACE,DATUMZMENY,IDREKORD,ID_ARCHIV) values ('574','APP_ROLE_PRAVO','I',to_date('09.12.25','DD.MM.RR'),'role=DODAVATEL; pravo=VIEW_PRODUCTS','48');
Insert into LOG (ID_LOG,TABULKANAZEV,OPERACE,DATUMZMENY,IDREKORD,ID_ARCHIV) values ('575','APP_ROLE_PRAVO','I',to_date('09.12.25','DD.MM.RR'),'role=DODAVATEL; pravo=VIEW_WAREHOUSE','48');
Insert into LOG (ID_LOG,TABULKANAZEV,OPERACE,DATUMZMENY,IDREKORD,ID_ARCHIV) values ('576','APP_ROLE_PRAVO','I',to_date('09.12.25','DD.MM.RR'),'role=DODAVATEL; pravo=SUPPLIER_ORDERS_ACC','48');
Insert into LOG (ID_LOG,TABULKANAZEV,OPERACE,DATUMZMENY,IDREKORD,ID_ARCHIV) values ('578','APP_ROLE_PRAVO','I',to_date('09.12.25','DD.MM.RR'),'role=ZAKAZNIK; pravo=CREATE_ORDERS','48');
Insert into LOG (ID_LOG,TABULKANAZEV,OPERACE,DATUMZMENY,IDREKORD,ID_ARCHIV) values ('579','ZBOZI','U',to_date('09.12.25','DD.MM.RR'),'Mleko polotucne 1L','7');
Insert into LOG (ID_LOG,TABULKANAZEV,OPERACE,DATUMZMENY,IDREKORD,ID_ARCHIV) values ('580','ZBOZI','U',to_date('09.12.25','DD.MM.RR'),'Mleko polotucne 1L','7');
Insert into LOG (ID_LOG,TABULKANAZEV,OPERACE,DATUMZMENY,IDREKORD,ID_ARCHIV) values ('582','OBJEDNAVKA','I',to_date('09.12.25','DD.MM.RR'),'David Prochazka','8');
Insert into LOG (ID_LOG,TABULKANAZEV,OPERACE,DATUMZMENY,IDREKORD,ID_ARCHIV) values ('583','ZBOZI','I',to_date('09.12.25','DD.MM.RR'),'106','1');
Insert into LOG (ID_LOG,TABULKANAZEV,OPERACE,DATUMZMENY,IDREKORD,ID_ARCHIV) values ('464','PLATBA','D',to_date('09.12.25','DD.MM.RR'),'PLATBA 2025-12-08 07:33 / Supermarket Praha Centrum','9');
Insert into LOG (ID_LOG,TABULKANAZEV,OPERACE,DATUMZMENY,IDREKORD,ID_ARCHIV) values ('465','OBJEDNAVKA','D',to_date('09.12.25','DD.MM.RR'),'Denys Tkach','8');
Insert into LOG (ID_LOG,TABULKANAZEV,OPERACE,DATUMZMENY,IDREKORD,ID_ARCHIV) values ('476','PLATBA','D',to_date('09.12.25','DD.MM.RR'),'PLATBA 2025-12-08 01:31 / Supermarket Praha Centrum','9');
Insert into LOG (ID_LOG,TABULKANAZEV,OPERACE,DATUMZMENY,IDREKORD,ID_ARCHIV) values ('477','OBJEDNAVKA','D',to_date('09.12.25','DD.MM.RR'),'Denys Tkach','8');
Insert into LOG (ID_LOG,TABULKANAZEV,OPERACE,DATUMZMENY,IDREKORD,ID_ARCHIV) values ('488','PLATBA','D',to_date('09.12.25','DD.MM.RR'),'PLATBA 2025-12-05 04:52 / Supermarket Praha Centrum','9');
Insert into LOG (ID_LOG,TABULKANAZEV,OPERACE,DATUMZMENY,IDREKORD,ID_ARCHIV) values ('489','OBJEDNAVKA','D',to_date('09.12.25','DD.MM.RR'),'Denys Tkach','8');
Insert into LOG (ID_LOG,TABULKANAZEV,OPERACE,DATUMZMENY,IDREKORD,ID_ARCHIV) values ('494','PLATBA','D',to_date('09.12.25','DD.MM.RR'),'PLATBA 2025-12-05 03:01 / Supermarket Praha Centrum','9');
Insert into LOG (ID_LOG,TABULKANAZEV,OPERACE,DATUMZMENY,IDREKORD,ID_ARCHIV) values ('495','OBJEDNAVKA','D',to_date('09.12.25','DD.MM.RR'),'Denys Tkach','8');
Insert into LOG (ID_LOG,TABULKANAZEV,OPERACE,DATUMZMENY,IDREKORD,ID_ARCHIV) values ('506','OBJEDNAVKA','U',to_date('09.12.25','DD.MM.RR'),'Adam Benes','44');
Insert into LOG (ID_LOG,TABULKANAZEV,OPERACE,DATUMZMENY,IDREKORD,ID_ARCHIV) values ('541','ADRESA','U',to_date('09.12.25','DD.MM.RR'),'U Trojice 27/5','48');
Insert into LOG (ID_LOG,TABULKANAZEV,OPERACE,DATUMZMENY,IDREKORD,ID_ARCHIV) values ('584','ZBOZI','U',to_date('09.12.25','DD.MM.RR'),'Maslo 250g','7');
Insert into LOG (ID_LOG,TABULKANAZEV,OPERACE,DATUMZMENY,IDREKORD,ID_ARCHIV) values ('585','OBJEDNAVKA','U',to_date('09.12.25','DD.MM.RR'),'David Prochazka','8');
Insert into LOG (ID_LOG,TABULKANAZEV,OPERACE,DATUMZMENY,IDREKORD,ID_ARCHIV) values ('586','OBJEDNAVKA','I',to_date('09.12.25','DD.MM.RR'),'David Prochazka','17');
Insert into LOG (ID_LOG,TABULKANAZEV,OPERACE,DATUMZMENY,IDREKORD,ID_ARCHIV) values ('587','ZBOZI','I',to_date('09.12.25','DD.MM.RR'),'107','1');
Insert into LOG (ID_LOG,TABULKANAZEV,OPERACE,DATUMZMENY,IDREKORD,ID_ARCHIV) values ('588','ZBOZI','U',to_date('09.12.25','DD.MM.RR'),'Syr Gouda 45% 100g','16');
Insert into LOG (ID_LOG,TABULKANAZEV,OPERACE,DATUMZMENY,IDREKORD,ID_ARCHIV) values ('589','ZPRAVA','I',to_date('09.12.25','DD.MM.RR'),'od=Anna Shabossova; pro=Denys Tkach','50');
Insert into LOG (ID_LOG,TABULKANAZEV,OPERACE,DATUMZMENY,IDREKORD,ID_ARCHIV) values ('480','PLATBA','D',to_date('09.12.25','DD.MM.RR'),'PLATBA 2025-12-06 08:54 / Supermarket Praha Centrum','9');
Insert into LOG (ID_LOG,TABULKANAZEV,OPERACE,DATUMZMENY,IDREKORD,ID_ARCHIV) values ('481','OBJEDNAVKA','D',to_date('09.12.25','DD.MM.RR'),'Denys Tkach','8');
Insert into LOG (ID_LOG,TABULKANAZEV,OPERACE,DATUMZMENY,IDREKORD,ID_ARCHIV) values ('490','PLATBA','D',to_date('09.12.25','DD.MM.RR'),'PLATBA 2025-12-05 04:05 / Supermarket Praha Centrum','9');
Insert into LOG (ID_LOG,TABULKANAZEV,OPERACE,DATUMZMENY,IDREKORD,ID_ARCHIV) values ('491','OBJEDNAVKA','D',to_date('09.12.25','DD.MM.RR'),'Denys Tkach','8');
Insert into LOG (ID_LOG,TABULKANAZEV,OPERACE,DATUMZMENY,IDREKORD,ID_ARCHIV) values ('497','OBJEDNAVKA','U',to_date('09.12.25','DD.MM.RR'),'Adam Benes','35');
Insert into LOG (ID_LOG,TABULKANAZEV,OPERACE,DATUMZMENY,IDREKORD,ID_ARCHIV) values ('498','OBJEDNAVKA','U',to_date('09.12.25','DD.MM.RR'),'Adam Benes','8');
Insert into LOG (ID_LOG,TABULKANAZEV,OPERACE,DATUMZMENY,IDREKORD,ID_ARCHIV) values ('499','OBJEDNAVKA','U',to_date('09.12.25','DD.MM.RR'),'Anna Shabossova','8');
Insert into LOG (ID_LOG,TABULKANAZEV,OPERACE,DATUMZMENY,IDREKORD,ID_ARCHIV) values ('500','OBJEDNAVKA','U',to_date('09.12.25','DD.MM.RR'),'Daniel Kubicek','8');
Insert into LOG (ID_LOG,TABULKANAZEV,OPERACE,DATUMZMENY,IDREKORD,ID_ARCHIV) values ('503','OBJEDNAVKA','U',to_date('09.12.25','DD.MM.RR'),'David Prochazka','8');
Insert into LOG (ID_LOG,TABULKANAZEV,OPERACE,DATUMZMENY,IDREKORD,ID_ARCHIV) values ('507','OBJEDNAVKA','U',to_date('09.12.25','DD.MM.RR'),'Adam Benes','8');
Insert into LOG (ID_LOG,TABULKANAZEV,OPERACE,DATUMZMENY,IDREKORD,ID_ARCHIV) values ('508','OBJEDNAVKA','U',to_date('09.12.25','DD.MM.RR'),'Michal Simek','44');
Insert into LOG (ID_LOG,TABULKANAZEV,OPERACE,DATUMZMENY,IDREKORD,ID_ARCHIV) values ('528','OBJEDNAVKA','U',to_date('09.12.25','DD.MM.RR'),'Rene Sedlak','17');
Insert into LOG (ID_LOG,TABULKANAZEV,OPERACE,DATUMZMENY,IDREKORD,ID_ARCHIV) values ('478','PLATBA','D',to_date('09.12.25','DD.MM.RR'),'PLATBA 2025-12-06 08:57 / Supermarket Praha Centrum','9');
Insert into LOG (ID_LOG,TABULKANAZEV,OPERACE,DATUMZMENY,IDREKORD,ID_ARCHIV) values ('479','OBJEDNAVKA','D',to_date('09.12.25','DD.MM.RR'),'Denys Tkach','8');
Insert into LOG (ID_LOG,TABULKANAZEV,OPERACE,DATUMZMENY,IDREKORD,ID_ARCHIV) values ('484','PLATBA','D',to_date('09.12.25','DD.MM.RR'),'PLATBA 2025-12-05 06:14 / Supermarket Praha Centrum','9');
Insert into LOG (ID_LOG,TABULKANAZEV,OPERACE,DATUMZMENY,IDREKORD,ID_ARCHIV) values ('485','OBJEDNAVKA','D',to_date('09.12.25','DD.MM.RR'),'Denys Tkach','8');
Insert into LOG (ID_LOG,TABULKANAZEV,OPERACE,DATUMZMENY,IDREKORD,ID_ARCHIV) values ('486','PLATBA','D',to_date('09.12.25','DD.MM.RR'),'PLATBA 2025-12-05 05:16 / Supermarket Praha Centrum','9');
Insert into LOG (ID_LOG,TABULKANAZEV,OPERACE,DATUMZMENY,IDREKORD,ID_ARCHIV) values ('487','OBJEDNAVKA','D',to_date('09.12.25','DD.MM.RR'),'Denys Tkach','8');
Insert into LOG (ID_LOG,TABULKANAZEV,OPERACE,DATUMZMENY,IDREKORD,ID_ARCHIV) values ('492','PLATBA','D',to_date('09.12.25','DD.MM.RR'),'PLATBA 2025-12-05 03:06 / Supermarket Praha Centrum','9');
Insert into LOG (ID_LOG,TABULKANAZEV,OPERACE,DATUMZMENY,IDREKORD,ID_ARCHIV) values ('493','OBJEDNAVKA','D',to_date('09.12.25','DD.MM.RR'),'Denys Tkach','8');
Insert into LOG (ID_LOG,TABULKANAZEV,OPERACE,DATUMZMENY,IDREKORD,ID_ARCHIV) values ('514','OBJEDNAVKA','U',to_date('09.12.25','DD.MM.RR'),'David Toth','44');
Insert into LOG (ID_LOG,TABULKANAZEV,OPERACE,DATUMZMENY,IDREKORD,ID_ARCHIV) values ('524','OBJEDNAVKA','U',to_date('09.12.25','DD.MM.RR'),'David Toth','8');
Insert into LOG (ID_LOG,TABULKANAZEV,OPERACE,DATUMZMENY,IDREKORD,ID_ARCHIV) values ('533','PLATBA','D',to_date('09.12.25','DD.MM.RR'),'PLATBA 2025-12-09 15:21 / Supermarket Praha Centrum','9');
Insert into LOG (ID_LOG,TABULKANAZEV,OPERACE,DATUMZMENY,IDREKORD,ID_ARCHIV) values ('534','OBJEDNAVKA','D',to_date('09.12.25','DD.MM.RR'),'Denys Tkach','8');
Insert into LOG (ID_LOG,TABULKANAZEV,OPERACE,DATUMZMENY,IDREKORD,ID_ARCHIV) values ('540','ZPRAVA','I',to_date('09.12.25','DD.MM.RR'),'od=Denys Tkach; pro=Anna Shabossova','50');
Insert into LOG (ID_LOG,TABULKANAZEV,OPERACE,DATUMZMENY,IDREKORD,ID_ARCHIV) values ('577','APP_ROLE_PRAVO','D',to_date('09.12.25','DD.MM.RR'),'role=ZAKAZNIK; pravo=CREATE_ORDERS','48');
Insert into LOG (ID_LOG,TABULKANAZEV,OPERACE,DATUMZMENY,IDREKORD,ID_ARCHIV) values ('581','ZBOZI','U',to_date('09.12.25','DD.MM.RR'),'Mleko polotucne 1L','7');
Insert into LOG (ID_LOG,TABULKANAZEV,OPERACE,DATUMZMENY,IDREKORD,ID_ARCHIV) values ('591','ZBOZI','U',to_date('09.12.25','DD.MM.RR'),'Mleko polotucne 1L','7');
Insert into LOG (ID_LOG,TABULKANAZEV,OPERACE,DATUMZMENY,IDREKORD,ID_ARCHIV) values ('466','ZPRAVA','I',to_date('09.12.25','DD.MM.RR'),'od=Denys Tkach; pro=Anna Shabossova','50');
Insert into LOG (ID_LOG,TABULKANAZEV,OPERACE,DATUMZMENY,IDREKORD,ID_ARCHIV) values ('467','ZPRAVA','I',to_date('09.12.25','DD.MM.RR'),'od=Denys Tkach; pro=Anna Shabossova','50');
Insert into LOG (ID_LOG,TABULKANAZEV,OPERACE,DATUMZMENY,IDREKORD,ID_ARCHIV) values ('468','PLATBA','D',to_date('09.12.25','DD.MM.RR'),'PLATBA 2025-12-08 08:12 / Supermarket Praha Centrum','9');
Insert into LOG (ID_LOG,TABULKANAZEV,OPERACE,DATUMZMENY,IDREKORD,ID_ARCHIV) values ('469','OBJEDNAVKA','D',to_date('09.12.25','DD.MM.RR'),'Denys Tkach','8');
Insert into LOG (ID_LOG,TABULKANAZEV,OPERACE,DATUMZMENY,IDREKORD,ID_ARCHIV) values ('502','OBJEDNAVKA','U',to_date('09.12.25','DD.MM.RR'),'Alan Bartunek','8');
Insert into LOG (ID_LOG,TABULKANAZEV,OPERACE,DATUMZMENY,IDREKORD,ID_ARCHIV) values ('504','OBJEDNAVKA','U',to_date('09.12.25','DD.MM.RR'),'David Prochazka','8');
Insert into LOG (ID_LOG,TABULKANAZEV,OPERACE,DATUMZMENY,IDREKORD,ID_ARCHIV) values ('505','OBJEDNAVKA','I',to_date('09.12.25','DD.MM.RR'),'Anna Shabossova','44');
Insert into LOG (ID_LOG,TABULKANAZEV,OPERACE,DATUMZMENY,IDREKORD,ID_ARCHIV) values ('509','OBJEDNAVKA','U',to_date('09.12.25','DD.MM.RR'),'David Toth','44');
Insert into LOG (ID_LOG,TABULKANAZEV,OPERACE,DATUMZMENY,IDREKORD,ID_ARCHIV) values ('510','OBJEDNAVKA','U',to_date('09.12.25','DD.MM.RR'),'David Toth','44');
Insert into LOG (ID_LOG,TABULKANAZEV,OPERACE,DATUMZMENY,IDREKORD,ID_ARCHIV) values ('515','OBJEDNAVKA','U',to_date('09.12.25','DD.MM.RR'),'David Toth','44');
Insert into LOG (ID_LOG,TABULKANAZEV,OPERACE,DATUMZMENY,IDREKORD,ID_ARCHIV) values ('516','OBJEDNAVKA','U',to_date('09.12.25','DD.MM.RR'),'David Toth','44');
Insert into LOG (ID_LOG,TABULKANAZEV,OPERACE,DATUMZMENY,IDREKORD,ID_ARCHIV) values ('520','OBJEDNAVKA','U',to_date('09.12.25','DD.MM.RR'),'Daniel Slama','8');
Insert into LOG (ID_LOG,TABULKANAZEV,OPERACE,DATUMZMENY,IDREKORD,ID_ARCHIV) values ('521','OBJEDNAVKA','U',to_date('09.12.25','DD.MM.RR'),'Adam Benes','17');
Insert into LOG (ID_LOG,TABULKANAZEV,OPERACE,DATUMZMENY,IDREKORD,ID_ARCHIV) values ('512','OBJEDNAVKA','U',to_date('09.12.25','DD.MM.RR'),'Adam Benes','44');
Insert into LOG (ID_LOG,TABULKANAZEV,OPERACE,DATUMZMENY,IDREKORD,ID_ARCHIV) values ('517','OBJEDNAVKA','U',to_date('09.12.25','DD.MM.RR'),'David Toth','44');
Insert into LOG (ID_LOG,TABULKANAZEV,OPERACE,DATUMZMENY,IDREKORD,ID_ARCHIV) values ('522','OBJEDNAVKA','U',to_date('09.12.25','DD.MM.RR'),'Daniel Slama','8');
Insert into LOG (ID_LOG,TABULKANAZEV,OPERACE,DATUMZMENY,IDREKORD,ID_ARCHIV) values ('523','OBJEDNAVKA','U',to_date('09.12.25','DD.MM.RR'),'Daniel Slama','8');
Insert into LOG (ID_LOG,TABULKANAZEV,OPERACE,DATUMZMENY,IDREKORD,ID_ARCHIV) values ('525','OBJEDNAVKA','U',to_date('09.12.25','DD.MM.RR'),'David Toth','8');
Insert into LOG (ID_LOG,TABULKANAZEV,OPERACE,DATUMZMENY,IDREKORD,ID_ARCHIV) values ('526','OBJEDNAVKA','U',to_date('09.12.25','DD.MM.RR'),'Adam Benes','8');
Insert into LOG (ID_LOG,TABULKANAZEV,OPERACE,DATUMZMENY,IDREKORD,ID_ARCHIV) values ('527','OBJEDNAVKA','U',to_date('09.12.25','DD.MM.RR'),'Adam Benes','8');
Insert into LOG (ID_LOG,TABULKANAZEV,OPERACE,DATUMZMENY,IDREKORD,ID_ARCHIV) values ('535','OBJEDNAVKA','I',to_date('09.12.25','DD.MM.RR'),'Denys Tkach','8');
Insert into LOG (ID_LOG,TABULKANAZEV,OPERACE,DATUMZMENY,IDREKORD,ID_ARCHIV) values ('536','PLATBA','I',to_date('09.12.25','DD.MM.RR'),'PLATBA 2025-12-09 15:29 / Supermarket Praha Centrum','9');
Insert into LOG (ID_LOG,TABULKANAZEV,OPERACE,DATUMZMENY,IDREKORD,ID_ARCHIV) values ('542','ADRESA','U',to_date('09.12.25','DD.MM.RR'),'U Trojice 27/5','48');
Insert into LOG (ID_LOG,TABULKANAZEV,OPERACE,DATUMZMENY,IDREKORD,ID_ARCHIV) values ('543','ADRESA','U',to_date('09.12.25','DD.MM.RR'),'U Trojice 27/5','48');
Insert into LOG (ID_LOG,TABULKANAZEV,OPERACE,DATUMZMENY,IDREKORD,ID_ARCHIV) values ('549','APP_ROLE_PRAVO','D',to_date('09.12.25','DD.MM.RR'),'role=ADMIN; pravo=VIEW_PRODUCTS','48');
Insert into LOG (ID_LOG,TABULKANAZEV,OPERACE,DATUMZMENY,IDREKORD,ID_ARCHIV) values ('550','APP_ROLE_PRAVO','D',to_date('09.12.25','DD.MM.RR'),'role=ADMIN; pravo=EDIT_PRODUCTS','48');
Insert into LOG (ID_LOG,TABULKANAZEV,OPERACE,DATUMZMENY,IDREKORD,ID_ARCHIV) values ('551','APP_ROLE_PRAVO','D',to_date('09.12.25','DD.MM.RR'),'role=ADMIN; pravo=VIEW_ORDERS','48');
Insert into LOG (ID_LOG,TABULKANAZEV,OPERACE,DATUMZMENY,IDREKORD,ID_ARCHIV) values ('552','APP_ROLE_PRAVO','D',to_date('09.12.25','DD.MM.RR'),'role=ADMIN; pravo=EDIT_ORDERS','48');
Insert into LOG (ID_LOG,TABULKANAZEV,OPERACE,DATUMZMENY,IDREKORD,ID_ARCHIV) values ('513','OBJEDNAVKA','U',to_date('09.12.25','DD.MM.RR'),'David Toth','44');
Insert into LOG (ID_LOG,TABULKANAZEV,OPERACE,DATUMZMENY,IDREKORD,ID_ARCHIV) values ('518','OBJEDNAVKA','U',to_date('09.12.25','DD.MM.RR'),'Adam Benes','44');
Insert into LOG (ID_LOG,TABULKANAZEV,OPERACE,DATUMZMENY,IDREKORD,ID_ARCHIV) values ('519','OBJEDNAVKA','U',to_date('09.12.25','DD.MM.RR'),'Erik Cerny','8');
Insert into LOG (ID_LOG,TABULKANAZEV,OPERACE,DATUMZMENY,IDREKORD,ID_ARCHIV) values ('537','OBJEDNAVKA','I',to_date('09.12.25','DD.MM.RR'),'Denys Tkach','8');
Insert into LOG (ID_LOG,TABULKANAZEV,OPERACE,DATUMZMENY,IDREKORD,ID_ARCHIV) values ('538','PLATBA','I',to_date('09.12.25','DD.MM.RR'),'PLATBA 2025-12-09 15:57 / Supermarket Praha Centrum','9');
Insert into LOG (ID_LOG,TABULKANAZEV,OPERACE,DATUMZMENY,IDREKORD,ID_ARCHIV) values ('539','OBJEDNAVKA','U',to_date('09.12.25','DD.MM.RR'),'Denys Tkach','8');
Insert into LOG (ID_LOG,TABULKANAZEV,OPERACE,DATUMZMENY,IDREKORD,ID_ARCHIV) values ('548','PRAVO','I',to_date('09.12.25','DD.MM.RR'),'SUPPLIER_ORDERS_ACC','48');
Insert into LOG (ID_LOG,TABULKANAZEV,OPERACE,DATUMZMENY,IDREKORD,ID_ARCHIV) values ('553','APP_ROLE_PRAVO','D',to_date('09.12.25','DD.MM.RR'),'role=ADMIN; pravo=CREATE_ORDERS','48');
Insert into LOG (ID_LOG,TABULKANAZEV,OPERACE,DATUMZMENY,IDREKORD,ID_ARCHIV) values ('554','APP_ROLE_PRAVO','D',to_date('09.12.25','DD.MM.RR'),'role=ADMIN; pravo=VIEW_WAREHOUSE','48');
Insert into LOG (ID_LOG,TABULKANAZEV,OPERACE,DATUMZMENY,IDREKORD,ID_ARCHIV) values ('555','APP_ROLE_PRAVO','D',to_date('09.12.25','DD.MM.RR'),'role=ADMIN; pravo=VIEW_ARCHIVE','48');
Insert into LOG (ID_LOG,TABULKANAZEV,OPERACE,DATUMZMENY,IDREKORD,ID_ARCHIV) values ('556','APP_ROLE_PRAVO','D',to_date('09.12.25','DD.MM.RR'),'role=ADMIN; pravo=MANAGE_USERS','48');
Insert into LOG (ID_LOG,TABULKANAZEV,OPERACE,DATUMZMENY,IDREKORD,ID_ARCHIV) values ('557','APP_ROLE_PRAVO','D',to_date('09.12.25','DD.MM.RR'),'role=ADMIN; pravo=VIEW_DB_OBJECTS','48');
Insert into LOG (ID_LOG,TABULKANAZEV,OPERACE,DATUMZMENY,IDREKORD,ID_ARCHIV) values ('558','APP_ROLE_PRAVO','D',to_date('09.12.25','DD.MM.RR'),'role=ADMIN; pravo=FULL_ADMIN','48');
Insert into LOG (ID_LOG,TABULKANAZEV,OPERACE,DATUMZMENY,IDREKORD,ID_ARCHIV) values ('559','APP_ROLE_PRAVO','D',to_date('09.12.25','DD.MM.RR'),'role=ADMIN; pravo=EDIT_MSGS','48');
Insert into LOG (ID_LOG,TABULKANAZEV,OPERACE,DATUMZMENY,IDREKORD,ID_ARCHIV) values ('560','APP_ROLE_PRAVO','I',to_date('09.12.25','DD.MM.RR'),'role=ADMIN; pravo=CREATE_ORDERS','48');
Insert into LOG (ID_LOG,TABULKANAZEV,OPERACE,DATUMZMENY,IDREKORD,ID_ARCHIV) values ('561','APP_ROLE_PRAVO','I',to_date('09.12.25','DD.MM.RR'),'role=ADMIN; pravo=EDIT_MSGS','48');
Insert into LOG (ID_LOG,TABULKANAZEV,OPERACE,DATUMZMENY,IDREKORD,ID_ARCHIV) values ('562','APP_ROLE_PRAVO','I',to_date('09.12.25','DD.MM.RR'),'role=ADMIN; pravo=EDIT_ORDERS','48');
Insert into LOG (ID_LOG,TABULKANAZEV,OPERACE,DATUMZMENY,IDREKORD,ID_ARCHIV) values ('563','APP_ROLE_PRAVO','I',to_date('09.12.25','DD.MM.RR'),'role=ADMIN; pravo=EDIT_PRODUCTS','48');
Insert into LOG (ID_LOG,TABULKANAZEV,OPERACE,DATUMZMENY,IDREKORD,ID_ARCHIV) values ('564','APP_ROLE_PRAVO','I',to_date('09.12.25','DD.MM.RR'),'role=ADMIN; pravo=FULL_ADMIN','48');
Insert into LOG (ID_LOG,TABULKANAZEV,OPERACE,DATUMZMENY,IDREKORD,ID_ARCHIV) values ('565','APP_ROLE_PRAVO','I',to_date('09.12.25','DD.MM.RR'),'role=ADMIN; pravo=MANAGE_USERS','48');
Insert into LOG (ID_LOG,TABULKANAZEV,OPERACE,DATUMZMENY,IDREKORD,ID_ARCHIV) values ('470','PLATBA','D',to_date('09.12.25','DD.MM.RR'),'PLATBA 2025-12-08 06:05 / Supermarket Praha Centrum','9');
Insert into LOG (ID_LOG,TABULKANAZEV,OPERACE,DATUMZMENY,IDREKORD,ID_ARCHIV) values ('471','OBJEDNAVKA','D',to_date('09.12.25','DD.MM.RR'),'Denys Tkach','8');
Insert into LOG (ID_LOG,TABULKANAZEV,OPERACE,DATUMZMENY,IDREKORD,ID_ARCHIV) values ('472','PLATBA','D',to_date('09.12.25','DD.MM.RR'),'PLATBA 2025-12-08 06:04 / Supermarket Praha Centrum','9');
Insert into LOG (ID_LOG,TABULKANAZEV,OPERACE,DATUMZMENY,IDREKORD,ID_ARCHIV) values ('473','OBJEDNAVKA','D',to_date('09.12.25','DD.MM.RR'),'Denys Tkach','8');
Insert into LOG (ID_LOG,TABULKANAZEV,OPERACE,DATUMZMENY,IDREKORD,ID_ARCHIV) values ('474','PLATBA','D',to_date('09.12.25','DD.MM.RR'),'PLATBA 2025-12-08 06:03 / Supermarket Praha Centrum','9');
Insert into LOG (ID_LOG,TABULKANAZEV,OPERACE,DATUMZMENY,IDREKORD,ID_ARCHIV) values ('475','OBJEDNAVKA','D',to_date('09.12.25','DD.MM.RR'),'Denys Tkach','8');
Insert into LOG (ID_LOG,TABULKANAZEV,OPERACE,DATUMZMENY,IDREKORD,ID_ARCHIV) values ('482','PLATBA','D',to_date('09.12.25','DD.MM.RR'),'PLATBA 2025-12-05 21:23 / Supermarket Praha Centrum','9');
Insert into LOG (ID_LOG,TABULKANAZEV,OPERACE,DATUMZMENY,IDREKORD,ID_ARCHIV) values ('483','OBJEDNAVKA','D',to_date('09.12.25','DD.MM.RR'),'Denys Tkach','8');
Insert into LOG (ID_LOG,TABULKANAZEV,OPERACE,DATUMZMENY,IDREKORD,ID_ARCHIV) values ('496','OBJEDNAVKA','I',to_date('09.12.25','DD.MM.RR'),'Adam Benes','35');
Insert into LOG (ID_LOG,TABULKANAZEV,OPERACE,DATUMZMENY,IDREKORD,ID_ARCHIV) values ('501','OBJEDNAVKA','U',to_date('09.12.25','DD.MM.RR'),'David Prochazka','8');
Insert into LOG (ID_LOG,TABULKANAZEV,OPERACE,DATUMZMENY,IDREKORD,ID_ARCHIV) values ('511','OBJEDNAVKA','U',to_date('09.12.25','DD.MM.RR'),'David Toth','44');
Insert into LOG (ID_LOG,TABULKANAZEV,OPERACE,DATUMZMENY,IDREKORD,ID_ARCHIV) values ('529','OBJEDNAVKA','U',to_date('09.12.25','DD.MM.RR'),'Rene Sedlak','17');
Insert into LOG (ID_LOG,TABULKANAZEV,OPERACE,DATUMZMENY,IDREKORD,ID_ARCHIV) values ('530','OBJEDNAVKA','U',to_date('09.12.25','DD.MM.RR'),'Daniel Slama','17');
Insert into LOG (ID_LOG,TABULKANAZEV,OPERACE,DATUMZMENY,IDREKORD,ID_ARCHIV) values ('531','OBJEDNAVKA','I',to_date('09.12.25','DD.MM.RR'),'Denys Tkach','8');
Insert into LOG (ID_LOG,TABULKANAZEV,OPERACE,DATUMZMENY,IDREKORD,ID_ARCHIV) values ('532','PLATBA','I',to_date('09.12.25','DD.MM.RR'),'PLATBA 2025-12-09 15:21 / Supermarket Praha Centrum','9');
Insert into LOG (ID_LOG,TABULKANAZEV,OPERACE,DATUMZMENY,IDREKORD,ID_ARCHIV) values ('651','OBJEDNAVKA','U',to_date('09.12.25','DD.MM.RR'),'Petr Kral','8');
Insert into LOG (ID_LOG,TABULKANAZEV,OPERACE,DATUMZMENY,IDREKORD,ID_ARCHIV) values ('655','OBJEDNAVKA','U',to_date('09.12.25','DD.MM.RR'),'Petr Kral','17');
Insert into LOG (ID_LOG,TABULKANAZEV,OPERACE,DATUMZMENY,IDREKORD,ID_ARCHIV) values ('656','OBJEDNAVKA','I',to_date('09.12.25','DD.MM.RR'),'David Prochazka','17');
Insert into LOG (ID_LOG,TABULKANAZEV,OPERACE,DATUMZMENY,IDREKORD,ID_ARCHIV) values ('657','ZBOZI','I',to_date('09.12.25','DD.MM.RR'),'116','1');
Insert into LOG (ID_LOG,TABULKANAZEV,OPERACE,DATUMZMENY,IDREKORD,ID_ARCHIV) values ('658','ZBOZI','U',to_date('09.12.25','DD.MM.RR'),'Mleko plnotucne 1L','16');
Insert into LOG (ID_LOG,TABULKANAZEV,OPERACE,DATUMZMENY,IDREKORD,ID_ARCHIV) values ('659','OBJEDNAVKA','U',to_date('09.12.25','DD.MM.RR'),'Petr Kral','17');
Insert into LOG (ID_LOG,TABULKANAZEV,OPERACE,DATUMZMENY,IDREKORD,ID_ARCHIV) values ('661','OBJEDNAVKA','U',to_date('09.12.25','DD.MM.RR'),'Petr Kral','17');
Insert into LOG (ID_LOG,TABULKANAZEV,OPERACE,DATUMZMENY,IDREKORD,ID_ARCHIV) values ('662','ZBOZI','U',to_date('09.12.25','DD.MM.RR'),'Mleko plnotucne 1L','16');
Insert into LOG (ID_LOG,TABULKANAZEV,OPERACE,DATUMZMENY,IDREKORD,ID_ARCHIV) values ('663','OBJEDNAVKA','U',to_date('09.12.25','DD.MM.RR'),'Petr Kral','17');
Insert into LOG (ID_LOG,TABULKANAZEV,OPERACE,DATUMZMENY,IDREKORD,ID_ARCHIV) values ('664','OBJEDNAVKA','U',to_date('09.12.25','DD.MM.RR'),'Petr Kral','17');
Insert into LOG (ID_LOG,TABULKANAZEV,OPERACE,DATUMZMENY,IDREKORD,ID_ARCHIV) values ('665','OBJEDNAVKA','U',to_date('09.12.25','DD.MM.RR'),'Petr Kral','17');
Insert into LOG (ID_LOG,TABULKANAZEV,OPERACE,DATUMZMENY,IDREKORD,ID_ARCHIV) values ('668','OBJEDNAVKA','I',to_date('09.12.25','DD.MM.RR'),'Erik Cerny','8');
Insert into LOG (ID_LOG,TABULKANAZEV,OPERACE,DATUMZMENY,IDREKORD,ID_ARCHIV) values ('597','OBJEDNAVKA','I',to_date('09.12.25','DD.MM.RR'),'David Prochazka','8');
Insert into LOG (ID_LOG,TABULKANAZEV,OPERACE,DATUMZMENY,IDREKORD,ID_ARCHIV) values ('598','ZBOZI','I',to_date('09.12.25','DD.MM.RR'),'109','1');
Insert into LOG (ID_LOG,TABULKANAZEV,OPERACE,DATUMZMENY,IDREKORD,ID_ARCHIV) values ('599','ZBOZI','U',to_date('09.12.25','DD.MM.RR'),'Mleko polotucne 1L','7');
Insert into LOG (ID_LOG,TABULKANAZEV,OPERACE,DATUMZMENY,IDREKORD,ID_ARCHIV) values ('625','OBJEDNAVKA','U',to_date('09.12.25','DD.MM.RR'),'Radek Pokorny','8');
Insert into LOG (ID_LOG,TABULKANAZEV,OPERACE,DATUMZMENY,IDREKORD,ID_ARCHIV) values ('627','OBJEDNAVKA','U',to_date('09.12.25','DD.MM.RR'),'Radek Pokorny','8');
Insert into LOG (ID_LOG,TABULKANAZEV,OPERACE,DATUMZMENY,IDREKORD,ID_ARCHIV) values ('630','OBJEDNAVKA','U',to_date('09.12.25','DD.MM.RR'),'Radek Pokorny','8');
Insert into LOG (ID_LOG,TABULKANAZEV,OPERACE,DATUMZMENY,IDREKORD,ID_ARCHIV) values ('641','ZBOZI','U',to_date('09.12.25','DD.MM.RR'),'Mleko polotucne 1L','7');
Insert into LOG (ID_LOG,TABULKANAZEV,OPERACE,DATUMZMENY,IDREKORD,ID_ARCHIV) values ('642','OBJEDNAVKA','U',to_date('09.12.25','DD.MM.RR'),'Viktor Kovar','8');
Insert into LOG (ID_LOG,TABULKANAZEV,OPERACE,DATUMZMENY,IDREKORD,ID_ARCHIV) values ('652','OBJEDNAVKA','I',to_date('09.12.25','DD.MM.RR'),'David Prochazka','17');
Insert into LOG (ID_LOG,TABULKANAZEV,OPERACE,DATUMZMENY,IDREKORD,ID_ARCHIV) values ('653','ZBOZI','I',to_date('09.12.25','DD.MM.RR'),'115','1');
Insert into LOG (ID_LOG,TABULKANAZEV,OPERACE,DATUMZMENY,IDREKORD,ID_ARCHIV) values ('654','ZBOZI','U',to_date('09.12.25','DD.MM.RR'),'Mleko polotucne 1L','16');
Insert into LOG (ID_LOG,TABULKANAZEV,OPERACE,DATUMZMENY,IDREKORD,ID_ARCHIV) values ('666','ZBOZI','U',to_date('09.12.25','DD.MM.RR'),'Mleko polotucne 1L','16');
Insert into LOG (ID_LOG,TABULKANAZEV,OPERACE,DATUMZMENY,IDREKORD,ID_ARCHIV) values ('667','OBJEDNAVKA','U',to_date('09.12.25','DD.MM.RR'),'Petr Kral','17');
Insert into LOG (ID_LOG,TABULKANAZEV,OPERACE,DATUMZMENY,IDREKORD,ID_ARCHIV) values ('596','ZBOZI','U',to_date('09.12.25','DD.MM.RR'),'Mleko polotucne 1L','7');
Insert into LOG (ID_LOG,TABULKANAZEV,OPERACE,DATUMZMENY,IDREKORD,ID_ARCHIV) values ('628','ZBOZI','U',to_date('09.12.25','DD.MM.RR'),'Tvaroh jemny 250g','7');
Insert into LOG (ID_LOG,TABULKANAZEV,OPERACE,DATUMZMENY,IDREKORD,ID_ARCHIV) values ('632','ZBOZI','U',to_date('09.12.25','DD.MM.RR'),'Mleko polotucne 1L','7');
Insert into LOG (ID_LOG,TABULKANAZEV,OPERACE,DATUMZMENY,IDREKORD,ID_ARCHIV) values ('660','OBJEDNAVKA','U',to_date('09.12.25','DD.MM.RR'),'Petr Kral','17');
Insert into LOG (ID_LOG,TABULKANAZEV,OPERACE,DATUMZMENY,IDREKORD,ID_ARCHIV) values ('669','PLATBA','I',to_date('09.12.25','DD.MM.RR'),'PLATBA 2025-12-09 23:52 / Supermarket Praha Centrum','9');
Insert into LOG (ID_LOG,TABULKANAZEV,OPERACE,DATUMZMENY,IDREKORD,ID_ARCHIV) values ('670','OBJEDNAVKA','I',to_date('09.12.25','DD.MM.RR'),'Erik Cerny','8');
Insert into LOG (ID_LOG,TABULKANAZEV,OPERACE,DATUMZMENY,IDREKORD,ID_ARCHIV) values ('671','PLATBA','I',to_date('09.12.25','DD.MM.RR'),'PLATBA 2025-12-09 23:53 / Supermarket Praha Centrum','9');
Insert into LOG (ID_LOG,TABULKANAZEV,OPERACE,DATUMZMENY,IDREKORD,ID_ARCHIV) values ('672','OBJEDNAVKA','I',to_date('09.12.25','DD.MM.RR'),'Anna Shabossova','8');
Insert into LOG (ID_LOG,TABULKANAZEV,OPERACE,DATUMZMENY,IDREKORD,ID_ARCHIV) values ('673','PLATBA','I',to_date('09.12.25','DD.MM.RR'),'PLATBA 2025-12-09 23:59 / Supermarket Praha Centrum','9');
Insert into LOG (ID_LOG,TABULKANAZEV,OPERACE,DATUMZMENY,IDREKORD,ID_ARCHIV) values ('674','PRAVO','I',to_date('10.12.25','DD.MM.RR'),'CLIENT_ORDER_MANAGE','48');
Insert into LOG (ID_LOG,TABULKANAZEV,OPERACE,DATUMZMENY,IDREKORD,ID_ARCHIV) values ('675','APP_ROLE_PRAVO','I',to_date('10.12.25','DD.MM.RR'),'role=ADMIN; pravo=CLIENT_ORDER_MANAGE','48');
Insert into LOG (ID_LOG,TABULKANAZEV,OPERACE,DATUMZMENY,IDREKORD,ID_ARCHIV) values ('676','APP_ROLE_PRAVO','I',to_date('10.12.25','DD.MM.RR'),'role=MANAZER; pravo=CLIENT_ORDER_MANAGE','48');
Insert into LOG (ID_LOG,TABULKANAZEV,OPERACE,DATUMZMENY,IDREKORD,ID_ARCHIV) values ('677','PRAVO','I',to_date('10.12.25','DD.MM.RR'),'CUSTOMER_HISTORY','48');
Insert into LOG (ID_LOG,TABULKANAZEV,OPERACE,DATUMZMENY,IDREKORD,ID_ARCHIV) values ('678','APP_ROLE_PRAVO','I',to_date('10.12.25','DD.MM.RR'),'role=ADMIN; pravo=CUSTOMER_HISTORY','48');
Insert into LOG (ID_LOG,TABULKANAZEV,OPERACE,DATUMZMENY,IDREKORD,ID_ARCHIV) values ('679','APP_ROLE_PRAVO','I',to_date('10.12.25','DD.MM.RR'),'role=ZAKAZNIK; pravo=CUSTOMER_HISTORY','48');
Insert into LOG (ID_LOG,TABULKANAZEV,OPERACE,DATUMZMENY,IDREKORD,ID_ARCHIV) values ('680','OBJEDNAVKA','I',to_date('10.12.25','DD.MM.RR'),'Anna Shabossova','8');
Insert into LOG (ID_LOG,TABULKANAZEV,OPERACE,DATUMZMENY,IDREKORD,ID_ARCHIV) values ('600','ZBOZI','U',to_date('09.12.25','DD.MM.RR'),'Maslo 250g','7');
Insert into LOG (ID_LOG,TABULKANAZEV,OPERACE,DATUMZMENY,IDREKORD,ID_ARCHIV) values ('613','OBJEDNAVKA','I',to_date('09.12.25','DD.MM.RR'),'David Prochazka','8');
Insert into LOG (ID_LOG,TABULKANAZEV,OPERACE,DATUMZMENY,IDREKORD,ID_ARCHIV) values ('614','ZBOZI','I',to_date('09.12.25','DD.MM.RR'),'112','1');
Insert into LOG (ID_LOG,TABULKANAZEV,OPERACE,DATUMZMENY,IDREKORD,ID_ARCHIV) values ('615','ZBOZI','U',to_date('09.12.25','DD.MM.RR'),'Tvaroh jemny 250g','7');
Insert into LOG (ID_LOG,TABULKANAZEV,OPERACE,DATUMZMENY,IDREKORD,ID_ARCHIV) values ('617','OBJEDNAVKA','U',to_date('09.12.25','DD.MM.RR'),'Radek Pokorny','17');
Insert into LOG (ID_LOG,TABULKANAZEV,OPERACE,DATUMZMENY,IDREKORD,ID_ARCHIV) values ('619','ZBOZI','U',to_date('09.12.25','DD.MM.RR'),'Mleko polotucne 1L','16');
Insert into LOG (ID_LOG,TABULKANAZEV,OPERACE,DATUMZMENY,IDREKORD,ID_ARCHIV) values ('620','ZBOZI','U',to_date('09.12.25','DD.MM.RR'),'Mleko polotucne 1L','16');
Insert into LOG (ID_LOG,TABULKANAZEV,OPERACE,DATUMZMENY,IDREKORD,ID_ARCHIV) values ('631','OBJEDNAVKA','U',to_date('09.12.25','DD.MM.RR'),'Radek Pokorny','17');
Insert into LOG (ID_LOG,TABULKANAZEV,OPERACE,DATUMZMENY,IDREKORD,ID_ARCHIV) values ('638','OBJEDNAVKA','U',to_date('09.12.25','DD.MM.RR'),'Viktor Kovar','8');
Insert into LOG (ID_LOG,TABULKANAZEV,OPERACE,DATUMZMENY,IDREKORD,ID_ARCHIV) values ('640','ZBOZI','U',to_date('09.12.25','DD.MM.RR'),'Mleko polotucne 1L','7');
Insert into LOG (ID_LOG,TABULKANAZEV,OPERACE,DATUMZMENY,IDREKORD,ID_ARCHIV) values ('643','OBJEDNAVKA','I',to_date('09.12.25','DD.MM.RR'),'David Prochazka','8');
Insert into LOG (ID_LOG,TABULKANAZEV,OPERACE,DATUMZMENY,IDREKORD,ID_ARCHIV) values ('644','ZBOZI','I',to_date('09.12.25','DD.MM.RR'),'114','1');
Insert into LOG (ID_LOG,TABULKANAZEV,OPERACE,DATUMZMENY,IDREKORD,ID_ARCHIV) values ('645','ZBOZI','U',to_date('09.12.25','DD.MM.RR'),'Mleko polotucne 1L','7');
Insert into LOG (ID_LOG,TABULKANAZEV,OPERACE,DATUMZMENY,IDREKORD,ID_ARCHIV) values ('592','ZBOZI','U',to_date('09.12.25','DD.MM.RR'),'Mleko polotucne 1L','7');
Insert into LOG (ID_LOG,TABULKANAZEV,OPERACE,DATUMZMENY,IDREKORD,ID_ARCHIV) values ('593','OBJEDNAVKA','U',to_date('09.12.25','DD.MM.RR'),'Michal Simek','8');
Insert into LOG (ID_LOG,TABULKANAZEV,OPERACE,DATUMZMENY,IDREKORD,ID_ARCHIV) values ('594','OBJEDNAVKA','I',to_date('09.12.25','DD.MM.RR'),'Adam Benes','8');
Insert into LOG (ID_LOG,TABULKANAZEV,OPERACE,DATUMZMENY,IDREKORD,ID_ARCHIV) values ('601','OBJEDNAVKA','I',to_date('09.12.25','DD.MM.RR'),'David Prochazka','8');
Insert into LOG (ID_LOG,TABULKANAZEV,OPERACE,DATUMZMENY,IDREKORD,ID_ARCHIV) values ('602','ZBOZI','I',to_date('09.12.25','DD.MM.RR'),'110','1');
Insert into LOG (ID_LOG,TABULKANAZEV,OPERACE,DATUMZMENY,IDREKORD,ID_ARCHIV) values ('603','ZBOZI','U',to_date('09.12.25','DD.MM.RR'),'Maslo 250g','7');
Insert into LOG (ID_LOG,TABULKANAZEV,OPERACE,DATUMZMENY,IDREKORD,ID_ARCHIV) values ('605','OBJEDNAVKA','U',to_date('09.12.25','DD.MM.RR'),'Radek Pokorny','8');
Insert into LOG (ID_LOG,TABULKANAZEV,OPERACE,DATUMZMENY,IDREKORD,ID_ARCHIV) values ('606','OBJEDNAVKA','U',to_date('09.12.25','DD.MM.RR'),'Radek Pokorny','8');
Insert into LOG (ID_LOG,TABULKANAZEV,OPERACE,DATUMZMENY,IDREKORD,ID_ARCHIV) values ('610','OBJEDNAVKA','I',to_date('09.12.25','DD.MM.RR'),'David Prochazka','17');
Insert into LOG (ID_LOG,TABULKANAZEV,OPERACE,DATUMZMENY,IDREKORD,ID_ARCHIV) values ('611','ZBOZI','I',to_date('09.12.25','DD.MM.RR'),'111','1');
Insert into LOG (ID_LOG,TABULKANAZEV,OPERACE,DATUMZMENY,IDREKORD,ID_ARCHIV) values ('612','ZBOZI','U',to_date('09.12.25','DD.MM.RR'),'Mleko polotucne 1L','16');
Insert into LOG (ID_LOG,TABULKANAZEV,OPERACE,DATUMZMENY,IDREKORD,ID_ARCHIV) values ('616','OBJEDNAVKA','U',to_date('09.12.25','DD.MM.RR'),'Radek Pokorny','17');
Insert into LOG (ID_LOG,TABULKANAZEV,OPERACE,DATUMZMENY,IDREKORD,ID_ARCHIV) values ('626','OBJEDNAVKA','U',to_date('09.12.25','DD.MM.RR'),'Radek Pokorny','8');
Insert into LOG (ID_LOG,TABULKANAZEV,OPERACE,DATUMZMENY,IDREKORD,ID_ARCHIV) values ('595','OBJEDNAVKA','U',to_date('09.12.25','DD.MM.RR'),'David Prochazka','17');
Insert into LOG (ID_LOG,TABULKANAZEV,OPERACE,DATUMZMENY,IDREKORD,ID_ARCHIV) values ('608','OBJEDNAVKA','U',to_date('09.12.25','DD.MM.RR'),'Radek Pokorny','8');
Insert into LOG (ID_LOG,TABULKANAZEV,OPERACE,DATUMZMENY,IDREKORD,ID_ARCHIV) values ('621','ZBOZI','U',to_date('09.12.25','DD.MM.RR'),'Mleko polotucne 1L','16');
Insert into LOG (ID_LOG,TABULKANAZEV,OPERACE,DATUMZMENY,IDREKORD,ID_ARCHIV) values ('622','OBJEDNAVKA','U',to_date('09.12.25','DD.MM.RR'),'Radek Pokorny','8');
Insert into LOG (ID_LOG,TABULKANAZEV,OPERACE,DATUMZMENY,IDREKORD,ID_ARCHIV) values ('623','OBJEDNAVKA','U',to_date('09.12.25','DD.MM.RR'),'Radek Pokorny','8');
Insert into LOG (ID_LOG,TABULKANAZEV,OPERACE,DATUMZMENY,IDREKORD,ID_ARCHIV) values ('624','ZBOZI','U',to_date('09.12.25','DD.MM.RR'),'Maslo 250g','7');
Insert into LOG (ID_LOG,TABULKANAZEV,OPERACE,DATUMZMENY,IDREKORD,ID_ARCHIV) values ('629','OBJEDNAVKA','U',to_date('09.12.25','DD.MM.RR'),'Radek Pokorny','8');
Insert into LOG (ID_LOG,TABULKANAZEV,OPERACE,DATUMZMENY,IDREKORD,ID_ARCHIV) values ('633','OBJEDNAVKA','I',to_date('09.12.25','DD.MM.RR'),'David Prochazka','8');
Insert into LOG (ID_LOG,TABULKANAZEV,OPERACE,DATUMZMENY,IDREKORD,ID_ARCHIV) values ('634','ZBOZI','I',to_date('09.12.25','DD.MM.RR'),'113','1');
Insert into LOG (ID_LOG,TABULKANAZEV,OPERACE,DATUMZMENY,IDREKORD,ID_ARCHIV) values ('635','ZBOZI','U',to_date('09.12.25','DD.MM.RR'),'Mleko polotucne 1L','7');
Insert into LOG (ID_LOG,TABULKANAZEV,OPERACE,DATUMZMENY,IDREKORD,ID_ARCHIV) values ('636','OBJEDNAVKA','U',to_date('09.12.25','DD.MM.RR'),'Viktor Kovar','8');
Insert into LOG (ID_LOG,TABULKANAZEV,OPERACE,DATUMZMENY,IDREKORD,ID_ARCHIV) values ('604','OBJEDNAVKA','U',to_date('09.12.25','DD.MM.RR'),'Radek Pokorny','8');
Insert into LOG (ID_LOG,TABULKANAZEV,OPERACE,DATUMZMENY,IDREKORD,ID_ARCHIV) values ('607','OBJEDNAVKA','U',to_date('09.12.25','DD.MM.RR'),'Radek Pokorny','8');
Insert into LOG (ID_LOG,TABULKANAZEV,OPERACE,DATUMZMENY,IDREKORD,ID_ARCHIV) values ('609','OBJEDNAVKA','U',to_date('09.12.25','DD.MM.RR'),'Radek Pokorny','8');
Insert into LOG (ID_LOG,TABULKANAZEV,OPERACE,DATUMZMENY,IDREKORD,ID_ARCHIV) values ('618','OBJEDNAVKA','U',to_date('09.12.25','DD.MM.RR'),'Radek Pokorny','17');
Insert into LOG (ID_LOG,TABULKANAZEV,OPERACE,DATUMZMENY,IDREKORD,ID_ARCHIV) values ('637','OBJEDNAVKA','U',to_date('09.12.25','DD.MM.RR'),'Viktor Kovar','8');
Insert into LOG (ID_LOG,TABULKANAZEV,OPERACE,DATUMZMENY,IDREKORD,ID_ARCHIV) values ('639','ZBOZI','U',to_date('09.12.25','DD.MM.RR'),'Mleko polotucne 1L','7');
Insert into LOG (ID_LOG,TABULKANAZEV,OPERACE,DATUMZMENY,IDREKORD,ID_ARCHIV) values ('646','OBJEDNAVKA','U',to_date('09.12.25','DD.MM.RR'),'Petr Kral','8');
Insert into LOG (ID_LOG,TABULKANAZEV,OPERACE,DATUMZMENY,IDREKORD,ID_ARCHIV) values ('647','OBJEDNAVKA','U',to_date('09.12.25','DD.MM.RR'),'Petr Kral','8');
Insert into LOG (ID_LOG,TABULKANAZEV,OPERACE,DATUMZMENY,IDREKORD,ID_ARCHIV) values ('648','OBJEDNAVKA','U',to_date('09.12.25','DD.MM.RR'),'Petr Kral','8');
Insert into LOG (ID_LOG,TABULKANAZEV,OPERACE,DATUMZMENY,IDREKORD,ID_ARCHIV) values ('650','ZBOZI','U',to_date('09.12.25','DD.MM.RR'),'Mleko polotucne 1L','7');
Insert into LOG (ID_LOG,TABULKANAZEV,OPERACE,DATUMZMENY,IDREKORD,ID_ARCHIV) values ('684','OBJEDNAVKA','I',to_date('10.12.25','DD.MM.RR'),'Alan Bartunek','8');
Insert into LOG (ID_LOG,TABULKANAZEV,OPERACE,DATUMZMENY,IDREKORD,ID_ARCHIV) values ('685','PLATBA','I',to_date('10.12.25','DD.MM.RR'),'PLATBA 2025-12-10 13:50 / Supermarket Praha Centrum','9');
Insert into LOG (ID_LOG,TABULKANAZEV,OPERACE,DATUMZMENY,IDREKORD,ID_ARCHIV) values ('691','OBJEDNAVKA','U',to_date('10.12.25','DD.MM.RR'),'Petr Kral','17');
Insert into LOG (ID_LOG,TABULKANAZEV,OPERACE,DATUMZMENY,IDREKORD,ID_ARCHIV) values ('693','OBJEDNAVKA','U',to_date('10.12.25','DD.MM.RR'),'Petr Kral','17');
Insert into LOG (ID_LOG,TABULKANAZEV,OPERACE,DATUMZMENY,IDREKORD,ID_ARCHIV) values ('720','OBJEDNAVKA','I',to_date('10.12.25','DD.MM.RR'),'David Prochazka','8');
Insert into LOG (ID_LOG,TABULKANAZEV,OPERACE,DATUMZMENY,IDREKORD,ID_ARCHIV) values ('721','ZBOZI','I',to_date('10.12.25','DD.MM.RR'),'127','1');
Insert into LOG (ID_LOG,TABULKANAZEV,OPERACE,DATUMZMENY,IDREKORD,ID_ARCHIV) values ('722','ZBOZI','U',to_date('10.12.25','DD.MM.RR'),'Maslo 250g','7');
Insert into LOG (ID_LOG,TABULKANAZEV,OPERACE,DATUMZMENY,IDREKORD,ID_ARCHIV) values ('723','OBJEDNAVKA','I',to_date('10.12.25','DD.MM.RR'),'Lukas Bohac','8');
Insert into LOG (ID_LOG,TABULKANAZEV,OPERACE,DATUMZMENY,IDREKORD,ID_ARCHIV) values ('724','ZBOZI','U',to_date('10.12.25','DD.MM.RR'),'Bageta francouzska 250g','7');
Insert into LOG (ID_LOG,TABULKANAZEV,OPERACE,DATUMZMENY,IDREKORD,ID_ARCHIV) values ('725','ZBOZI','U',to_date('10.12.25','DD.MM.RR'),'Hovezi predni 1kg','7');
Insert into LOG (ID_LOG,TABULKANAZEV,OPERACE,DATUMZMENY,IDREKORD,ID_ARCHIV) values ('726','ZBOZI','U',to_date('10.12.25','DD.MM.RR'),'Klobasy domaci 300g','7');
Insert into LOG (ID_LOG,TABULKANAZEV,OPERACE,DATUMZMENY,IDREKORD,ID_ARCHIV) values ('727','ZBOZI','U',to_date('10.12.25','DD.MM.RR'),'Marcipan 100g','7');
Insert into LOG (ID_LOG,TABULKANAZEV,OPERACE,DATUMZMENY,IDREKORD,ID_ARCHIV) values ('728','ZBOZI','U',to_date('10.12.25','DD.MM.RR'),'Kureci prsa 1kg','7');
Insert into LOG (ID_LOG,TABULKANAZEV,OPERACE,DATUMZMENY,IDREKORD,ID_ARCHIV) values ('687','ZBOZI','U',to_date('10.12.25','DD.MM.RR'),'Mleko plnotucne 1L','7');
Insert into LOG (ID_LOG,TABULKANAZEV,OPERACE,DATUMZMENY,IDREKORD,ID_ARCHIV) values ('729','PLATBA','I',to_date('10.12.25','DD.MM.RR'),'PLATBA 2025-12-10 18:50 / Supermarket Praha Centrum','9');
Insert into LOG (ID_LOG,TABULKANAZEV,OPERACE,DATUMZMENY,IDREKORD,ID_ARCHIV) values ('746','OBJEDNAVKA','U',to_date('10.12.25','DD.MM.RR'),'Alan Bartunek','8');
Insert into LOG (ID_LOG,TABULKANAZEV,OPERACE,DATUMZMENY,IDREKORD,ID_ARCHIV) values ('760','OBJEDNAVKA','U',to_date('10.12.25','DD.MM.RR'),'Alan Bartunek','8');
Insert into LOG (ID_LOG,TABULKANAZEV,OPERACE,DATUMZMENY,IDREKORD,ID_ARCHIV) values ('763','OBJEDNAVKA','I',to_date('10.12.25','DD.MM.RR'),'Alan Bartunek','8');
Insert into LOG (ID_LOG,TABULKANAZEV,OPERACE,DATUMZMENY,IDREKORD,ID_ARCHIV) values ('764','ZBOZI','U',to_date('10.12.25','DD.MM.RR'),'Maslo 250g','7');
Insert into LOG (ID_LOG,TABULKANAZEV,OPERACE,DATUMZMENY,IDREKORD,ID_ARCHIV) values ('765','PLATBA','I',to_date('10.12.25','DD.MM.RR'),'PLATBA 2025-12-10 19:26 / Supermarket Praha Centrum','9');
Insert into LOG (ID_LOG,TABULKANAZEV,OPERACE,DATUMZMENY,IDREKORD,ID_ARCHIV) values ('767','OBJEDNAVKA','U',to_date('10.12.25','DD.MM.RR'),'Alan Bartunek','8');
Insert into LOG (ID_LOG,TABULKANAZEV,OPERACE,DATUMZMENY,IDREKORD,ID_ARCHIV) values ('768','OBJEDNAVKA','U',to_date('10.12.25','DD.MM.RR'),'Alan Bartunek','8');
Insert into LOG (ID_LOG,TABULKANAZEV,OPERACE,DATUMZMENY,IDREKORD,ID_ARCHIV) values ('769','ZBOZI','U',to_date('10.12.25','DD.MM.RR'),'Maslo 250g','7');
Insert into LOG (ID_LOG,TABULKANAZEV,OPERACE,DATUMZMENY,IDREKORD,ID_ARCHIV) values ('770','PLATBA','D',to_date('10.12.25','DD.MM.RR'),'PLATBA 2025-12-10 13:25 / Supermarket Praha Centrum','9');
Insert into LOG (ID_LOG,TABULKANAZEV,OPERACE,DATUMZMENY,IDREKORD,ID_ARCHIV) values ('771','OBJEDNAVKA','D',to_date('10.12.25','DD.MM.RR'),'Anna Shabossova','8');
Insert into LOG (ID_LOG,TABULKANAZEV,OPERACE,DATUMZMENY,IDREKORD,ID_ARCHIV) values ('772','PLATBA','D',to_date('10.12.25','DD.MM.RR'),'PLATBA 2025-12-10 19:03 / Supermarket Praha Centrum','9');
Insert into LOG (ID_LOG,TABULKANAZEV,OPERACE,DATUMZMENY,IDREKORD,ID_ARCHIV) values ('694','ZBOZI','U',to_date('10.12.25','DD.MM.RR'),'Mleko polotucne 1L','16');
Insert into LOG (ID_LOG,TABULKANAZEV,OPERACE,DATUMZMENY,IDREKORD,ID_ARCHIV) values ('695','OBJEDNAVKA','U',to_date('10.12.25','DD.MM.RR'),'Petr Kral','17');
Insert into LOG (ID_LOG,TABULKANAZEV,OPERACE,DATUMZMENY,IDREKORD,ID_ARCHIV) values ('717','OBJEDNAVKA','U',to_date('10.12.25','DD.MM.RR'),'Alan Bartunek','8');
Insert into LOG (ID_LOG,TABULKANAZEV,OPERACE,DATUMZMENY,IDREKORD,ID_ARCHIV) values ('719','OBJEDNAVKA','U',to_date('10.12.25','DD.MM.RR'),'Alan Bartunek','8');
Insert into LOG (ID_LOG,TABULKANAZEV,OPERACE,DATUMZMENY,IDREKORD,ID_ARCHIV) values ('758','OBJEDNAVKA','U',to_date('10.12.25','DD.MM.RR'),'Erik Cerny','8');
Insert into LOG (ID_LOG,TABULKANAZEV,OPERACE,DATUMZMENY,IDREKORD,ID_ARCHIV) values ('761','OBJEDNAVKA','U',to_date('10.12.25','DD.MM.RR'),'Alan Bartunek','8');
Insert into LOG (ID_LOG,TABULKANAZEV,OPERACE,DATUMZMENY,IDREKORD,ID_ARCHIV) values ('762','ZBOZI','U',to_date('10.12.25','DD.MM.RR'),'Maslo 250g','7');
Insert into LOG (ID_LOG,TABULKANAZEV,OPERACE,DATUMZMENY,IDREKORD,ID_ARCHIV) values ('766','OBJEDNAVKA','U',to_date('10.12.25','DD.MM.RR'),'Alan Bartunek','8');
Insert into LOG (ID_LOG,TABULKANAZEV,OPERACE,DATUMZMENY,IDREKORD,ID_ARCHIV) values ('773','OBJEDNAVKA','D',to_date('10.12.25','DD.MM.RR'),'Alan Bartunek','8');
Insert into LOG (ID_LOG,TABULKANAZEV,OPERACE,DATUMZMENY,IDREKORD,ID_ARCHIV) values ('774','PLATBA','D',to_date('10.12.25','DD.MM.RR'),'PLATBA 2025-12-10 19:11 / Supermarket Praha Centrum','9');
Insert into LOG (ID_LOG,TABULKANAZEV,OPERACE,DATUMZMENY,IDREKORD,ID_ARCHIV) values ('775','OBJEDNAVKA','D',to_date('10.12.25','DD.MM.RR'),'Alan Bartunek','8');
Insert into LOG (ID_LOG,TABULKANAZEV,OPERACE,DATUMZMENY,IDREKORD,ID_ARCHIV) values ('776','PLATBA','D',to_date('10.12.25','DD.MM.RR'),'PLATBA 2025-12-10 19:26 / Supermarket Praha Centrum','9');
Insert into LOG (ID_LOG,TABULKANAZEV,OPERACE,DATUMZMENY,IDREKORD,ID_ARCHIV) values ('700','OBJEDNAVKA','U',to_date('10.12.25','DD.MM.RR'),'Alan Bartunek','8');
Insert into LOG (ID_LOG,TABULKANAZEV,OPERACE,DATUMZMENY,IDREKORD,ID_ARCHIV) values ('707','OBJEDNAVKA','U',to_date('10.12.25','DD.MM.RR'),'Alan Bartunek','8');
Insert into LOG (ID_LOG,TABULKANAZEV,OPERACE,DATUMZMENY,IDREKORD,ID_ARCHIV) values ('730','OBJEDNAVKA','U',to_date('10.12.25','DD.MM.RR'),'Lukas Bohac','8');
Insert into LOG (ID_LOG,TABULKANAZEV,OPERACE,DATUMZMENY,IDREKORD,ID_ARCHIV) values ('734','OBJEDNAVKA','U',to_date('10.12.25','DD.MM.RR'),'Alan Bartunek','8');
Insert into LOG (ID_LOG,TABULKANAZEV,OPERACE,DATUMZMENY,IDREKORD,ID_ARCHIV) values ('737','OBJEDNAVKA','I',to_date('10.12.25','DD.MM.RR'),'Alan Bartunek','8');
Insert into LOG (ID_LOG,TABULKANAZEV,OPERACE,DATUMZMENY,IDREKORD,ID_ARCHIV) values ('738','ZBOZI','U',to_date('10.12.25','DD.MM.RR'),'Mleko plnotucne 1L','7');
Insert into LOG (ID_LOG,TABULKANAZEV,OPERACE,DATUMZMENY,IDREKORD,ID_ARCHIV) values ('739','PLATBA','I',to_date('10.12.25','DD.MM.RR'),'PLATBA 2025-12-10 18:54 / Supermarket Praha Centrum','9');
Insert into LOG (ID_LOG,TABULKANAZEV,OPERACE,DATUMZMENY,IDREKORD,ID_ARCHIV) values ('740','OBJEDNAVKA','U',to_date('10.12.25','DD.MM.RR'),'Alan Bartunek','8');
Insert into LOG (ID_LOG,TABULKANAZEV,OPERACE,DATUMZMENY,IDREKORD,ID_ARCHIV) values ('743','OBJEDNAVKA','U',to_date('10.12.25','DD.MM.RR'),'Alan Bartunek','8');
Insert into LOG (ID_LOG,TABULKANAZEV,OPERACE,DATUMZMENY,IDREKORD,ID_ARCHIV) values ('744','OBJEDNAVKA','U',to_date('10.12.25','DD.MM.RR'),'Alan Bartunek','8');
Insert into LOG (ID_LOG,TABULKANAZEV,OPERACE,DATUMZMENY,IDREKORD,ID_ARCHIV) values ('747','OBJEDNAVKA','U',to_date('10.12.25','DD.MM.RR'),'Alan Bartunek','8');
Insert into LOG (ID_LOG,TABULKANAZEV,OPERACE,DATUMZMENY,IDREKORD,ID_ARCHIV) values ('686','OBJEDNAVKA','U',to_date('10.12.25','DD.MM.RR'),'Alan Bartunek','8');
Insert into LOG (ID_LOG,TABULKANAZEV,OPERACE,DATUMZMENY,IDREKORD,ID_ARCHIV) values ('708','OBJEDNAVKA','U',to_date('10.12.25','DD.MM.RR'),'Erik Cerny','8');
Insert into LOG (ID_LOG,TABULKANAZEV,OPERACE,DATUMZMENY,IDREKORD,ID_ARCHIV) values ('742','OBJEDNAVKA','U',to_date('10.12.25','DD.MM.RR'),'Alan Bartunek','8');
Insert into LOG (ID_LOG,TABULKANAZEV,OPERACE,DATUMZMENY,IDREKORD,ID_ARCHIV) values ('745','OBJEDNAVKA','U',to_date('10.12.25','DD.MM.RR'),'Alan Bartunek','8');
Insert into LOG (ID_LOG,TABULKANAZEV,OPERACE,DATUMZMENY,IDREKORD,ID_ARCHIV) values ('748','ZBOZI','U',to_date('10.12.25','DD.MM.RR'),'Maslo 250g','7');
Insert into LOG (ID_LOG,TABULKANAZEV,OPERACE,DATUMZMENY,IDREKORD,ID_ARCHIV) values ('752','OBJEDNAVKA','U',to_date('10.12.25','DD.MM.RR'),'Alan Bartunek','8');
Insert into LOG (ID_LOG,TABULKANAZEV,OPERACE,DATUMZMENY,IDREKORD,ID_ARCHIV) values ('753','OBJEDNAVKA','U',to_date('10.12.25','DD.MM.RR'),'Alan Bartunek','8');
Insert into LOG (ID_LOG,TABULKANAZEV,OPERACE,DATUMZMENY,IDREKORD,ID_ARCHIV) values ('754','OBJEDNAVKA','I',to_date('10.12.25','DD.MM.RR'),'Alan Bartunek','8');
Insert into LOG (ID_LOG,TABULKANAZEV,OPERACE,DATUMZMENY,IDREKORD,ID_ARCHIV) values ('755','ZBOZI','U',to_date('10.12.25','DD.MM.RR'),'Maslo 250g','7');
Insert into LOG (ID_LOG,TABULKANAZEV,OPERACE,DATUMZMENY,IDREKORD,ID_ARCHIV) values ('756','PLATBA','I',to_date('10.12.25','DD.MM.RR'),'PLATBA 2025-12-10 19:11 / Supermarket Praha Centrum','9');
Insert into LOG (ID_LOG,TABULKANAZEV,OPERACE,DATUMZMENY,IDREKORD,ID_ARCHIV) values ('757','OBJEDNAVKA','U',to_date('10.12.25','DD.MM.RR'),'Erik Cerny','8');
Insert into LOG (ID_LOG,TABULKANAZEV,OPERACE,DATUMZMENY,IDREKORD,ID_ARCHIV) values ('681','PLATBA','I',to_date('10.12.25','DD.MM.RR'),'PLATBA 2025-12-10 13:25 / Supermarket Praha Centrum','9');
Insert into LOG (ID_LOG,TABULKANAZEV,OPERACE,DATUMZMENY,IDREKORD,ID_ARCHIV) values ('701','OBJEDNAVKA','I',to_date('10.12.25','DD.MM.RR'),'Alan Bartunek','8');
Insert into LOG (ID_LOG,TABULKANAZEV,OPERACE,DATUMZMENY,IDREKORD,ID_ARCHIV) values ('702','ZBOZI','U',to_date('10.12.25','DD.MM.RR'),'Avivaz 1L','7');
Insert into LOG (ID_LOG,TABULKANAZEV,OPERACE,DATUMZMENY,IDREKORD,ID_ARCHIV) values ('703','ZBOZI','U',to_date('10.12.25','DD.MM.RR'),'Fanta pomeranc 2L','7');
Insert into LOG (ID_LOG,TABULKANAZEV,OPERACE,DATUMZMENY,IDREKORD,ID_ARCHIV) values ('704','ZBOZI','U',to_date('10.12.25','DD.MM.RR'),'Kefir 500ml','7');
Insert into LOG (ID_LOG,TABULKANAZEV,OPERACE,DATUMZMENY,IDREKORD,ID_ARCHIV) values ('705','PLATBA','I',to_date('10.12.25','DD.MM.RR'),'PLATBA 2025-12-10 14:19 / Supermarket Praha Centrum','9');
Insert into LOG (ID_LOG,TABULKANAZEV,OPERACE,DATUMZMENY,IDREKORD,ID_ARCHIV) values ('709','OBJEDNAVKA','I',to_date('10.12.25','DD.MM.RR'),'Alan Bartunek','8');
Insert into LOG (ID_LOG,TABULKANAZEV,OPERACE,DATUMZMENY,IDREKORD,ID_ARCHIV) values ('710','ZBOZI','U',to_date('10.12.25','DD.MM.RR'),'Cokolada mlečna 100g','7');
Insert into LOG (ID_LOG,TABULKANAZEV,OPERACE,DATUMZMENY,IDREKORD,ID_ARCHIV) values ('711','ZBOZI','U',to_date('10.12.25','DD.MM.RR'),'Jogurt bily 150g','7');
Insert into LOG (ID_LOG,TABULKANAZEV,OPERACE,DATUMZMENY,IDREKORD,ID_ARCHIV) values ('712','ZBOZI','U',to_date('10.12.25','DD.MM.RR'),'Mandle v cokolade 100g','7');
Insert into LOG (ID_LOG,TABULKANAZEV,OPERACE,DATUMZMENY,IDREKORD,ID_ARCHIV) values ('713','ZBOZI','U',to_date('10.12.25','DD.MM.RR'),'Mandarinky sladke 1kg','7');
Insert into LOG (ID_LOG,TABULKANAZEV,OPERACE,DATUMZMENY,IDREKORD,ID_ARCHIV) values ('714','ZBOZI','U',to_date('10.12.25','DD.MM.RR'),'Kefir 500ml','7');
Insert into LOG (ID_LOG,TABULKANAZEV,OPERACE,DATUMZMENY,IDREKORD,ID_ARCHIV) values ('683','OBJEDNAVKA','U',to_date('10.12.25','DD.MM.RR'),'Adam Benes','8');
Insert into LOG (ID_LOG,TABULKANAZEV,OPERACE,DATUMZMENY,IDREKORD,ID_ARCHIV) values ('688','OBJEDNAVKA','I',to_date('10.12.25','DD.MM.RR'),'David Prochazka','17');
Insert into LOG (ID_LOG,TABULKANAZEV,OPERACE,DATUMZMENY,IDREKORD,ID_ARCHIV) values ('689','ZBOZI','I',to_date('10.12.25','DD.MM.RR'),'122','1');
Insert into LOG (ID_LOG,TABULKANAZEV,OPERACE,DATUMZMENY,IDREKORD,ID_ARCHIV) values ('690','ZBOZI','U',to_date('10.12.25','DD.MM.RR'),'Mleko polotucne 1L','16');
Insert into LOG (ID_LOG,TABULKANAZEV,OPERACE,DATUMZMENY,IDREKORD,ID_ARCHIV) values ('692','OBJEDNAVKA','U',to_date('10.12.25','DD.MM.RR'),'Petr Kral','17');
Insert into LOG (ID_LOG,TABULKANAZEV,OPERACE,DATUMZMENY,IDREKORD,ID_ARCHIV) values ('696','OBJEDNAVKA','I',to_date('10.12.25','DD.MM.RR'),'Alan Bartunek','8');
Insert into LOG (ID_LOG,TABULKANAZEV,OPERACE,DATUMZMENY,IDREKORD,ID_ARCHIV) values ('697','PLATBA','I',to_date('10.12.25','DD.MM.RR'),'PLATBA 2025-12-10 14:11 / Supermarket Praha Centrum','9');
Insert into LOG (ID_LOG,TABULKANAZEV,OPERACE,DATUMZMENY,IDREKORD,ID_ARCHIV) values ('698','OBJEDNAVKA','I',to_date('10.12.25','DD.MM.RR'),'Alan Bartunek','8');
Insert into LOG (ID_LOG,TABULKANAZEV,OPERACE,DATUMZMENY,IDREKORD,ID_ARCHIV) values ('699','PLATBA','I',to_date('10.12.25','DD.MM.RR'),'PLATBA 2025-12-10 14:16 / Supermarket Praha Centrum','9');
Insert into LOG (ID_LOG,TABULKANAZEV,OPERACE,DATUMZMENY,IDREKORD,ID_ARCHIV) values ('706','OBJEDNAVKA','U',to_date('10.12.25','DD.MM.RR'),'Alan Bartunek','8');
Insert into LOG (ID_LOG,TABULKANAZEV,OPERACE,DATUMZMENY,IDREKORD,ID_ARCHIV) values ('715','PLATBA','I',to_date('10.12.25','DD.MM.RR'),'PLATBA 2025-12-10 14:36 / Supermarket Praha Centrum','9');
Insert into LOG (ID_LOG,TABULKANAZEV,OPERACE,DATUMZMENY,IDREKORD,ID_ARCHIV) values ('731','OBJEDNAVKA','U',to_date('10.12.25','DD.MM.RR'),'Lukas Bohac','8');
Insert into LOG (ID_LOG,TABULKANAZEV,OPERACE,DATUMZMENY,IDREKORD,ID_ARCHIV) values ('732','OBJEDNAVKA','U',to_date('10.12.25','DD.MM.RR'),'Lukas Bohac','8');
Insert into LOG (ID_LOG,TABULKANAZEV,OPERACE,DATUMZMENY,IDREKORD,ID_ARCHIV) values ('682','OBJEDNAVKA','U',to_date('10.12.25','DD.MM.RR'),'Anna Shabossova','8');
Insert into LOG (ID_LOG,TABULKANAZEV,OPERACE,DATUMZMENY,IDREKORD,ID_ARCHIV) values ('716','OBJEDNAVKA','U',to_date('10.12.25','DD.MM.RR'),'Alan Bartunek','8');
Insert into LOG (ID_LOG,TABULKANAZEV,OPERACE,DATUMZMENY,IDREKORD,ID_ARCHIV) values ('718','OBJEDNAVKA','U',to_date('10.12.25','DD.MM.RR'),'Alan Bartunek','8');
Insert into LOG (ID_LOG,TABULKANAZEV,OPERACE,DATUMZMENY,IDREKORD,ID_ARCHIV) values ('733','OBJEDNAVKA','U',to_date('10.12.25','DD.MM.RR'),'Lukas Bohac','8');
Insert into LOG (ID_LOG,TABULKANAZEV,OPERACE,DATUMZMENY,IDREKORD,ID_ARCHIV) values ('735','OBJEDNAVKA','U',to_date('10.12.25','DD.MM.RR'),'Alan Bartunek','8');
Insert into LOG (ID_LOG,TABULKANAZEV,OPERACE,DATUMZMENY,IDREKORD,ID_ARCHIV) values ('736','OBJEDNAVKA','U',to_date('10.12.25','DD.MM.RR'),'Alan Bartunek','8');
Insert into LOG (ID_LOG,TABULKANAZEV,OPERACE,DATUMZMENY,IDREKORD,ID_ARCHIV) values ('741','OBJEDNAVKA','U',to_date('10.12.25','DD.MM.RR'),'Alan Bartunek','8');
Insert into LOG (ID_LOG,TABULKANAZEV,OPERACE,DATUMZMENY,IDREKORD,ID_ARCHIV) values ('749','OBJEDNAVKA','I',to_date('10.12.25','DD.MM.RR'),'Alan Bartunek','8');
Insert into LOG (ID_LOG,TABULKANAZEV,OPERACE,DATUMZMENY,IDREKORD,ID_ARCHIV) values ('750','ZBOZI','U',to_date('10.12.25','DD.MM.RR'),'Maslo 250g','7');
Insert into LOG (ID_LOG,TABULKANAZEV,OPERACE,DATUMZMENY,IDREKORD,ID_ARCHIV) values ('751','PLATBA','I',to_date('10.12.25','DD.MM.RR'),'PLATBA 2025-12-10 19:03 / Supermarket Praha Centrum','9');
Insert into LOG (ID_LOG,TABULKANAZEV,OPERACE,DATUMZMENY,IDREKORD,ID_ARCHIV) values ('759','OBJEDNAVKA','U',to_date('10.12.25','DD.MM.RR'),'Alan Bartunek','8');
Insert into LOG (ID_LOG,TABULKANAZEV,OPERACE,DATUMZMENY,IDREKORD,ID_ARCHIV) values ('824','OBJEDNAVKA','I',to_date('10.12.25','DD.MM.RR'),'Denys Tkach','8');
Insert into LOG (ID_LOG,TABULKANAZEV,OPERACE,DATUMZMENY,IDREKORD,ID_ARCHIV) values ('825','PLATBA','I',to_date('10.12.25','DD.MM.RR'),'PLATBA 2025-12-10 21:11 / Supermarket Praha Centrum','9');
Insert into LOG (ID_LOG,TABULKANAZEV,OPERACE,DATUMZMENY,IDREKORD,ID_ARCHIV) values ('826','OBJEDNAVKA','I',to_date('10.12.25','DD.MM.RR'),'Alan Bartunek','8');
Insert into LOG (ID_LOG,TABULKANAZEV,OPERACE,DATUMZMENY,IDREKORD,ID_ARCHIV) values ('827','ZBOZI','U',to_date('10.12.25','DD.MM.RR'),'Avivaz 1L','7');
Insert into LOG (ID_LOG,TABULKANAZEV,OPERACE,DATUMZMENY,IDREKORD,ID_ARCHIV) values ('828','PLATBA','I',to_date('10.12.25','DD.MM.RR'),'PLATBA 2025-12-10 21:11 / Supermarket Praha Centrum','9');
Insert into LOG (ID_LOG,TABULKANAZEV,OPERACE,DATUMZMENY,IDREKORD,ID_ARCHIV) values ('833','OBJEDNAVKA','U',to_date('10.12.25','DD.MM.RR'),'Erik Cerny','8');
Insert into LOG (ID_LOG,TABULKANAZEV,OPERACE,DATUMZMENY,IDREKORD,ID_ARCHIV) values ('836','OBJEDNAVKA','U',to_date('10.12.25','DD.MM.RR'),'Alan Bartunek','8');
Insert into LOG (ID_LOG,TABULKANAZEV,OPERACE,DATUMZMENY,IDREKORD,ID_ARCHIV) values ('846','PLATBA','I',to_date('10.12.25','DD.MM.RR'),'PLATBA 2025-12-10 21:36 / Supermarket Praha Centrum','9');
Insert into LOG (ID_LOG,TABULKANAZEV,OPERACE,DATUMZMENY,IDREKORD,ID_ARCHIV) values ('853','OBJEDNAVKA','U',to_date('10.12.25','DD.MM.RR'),'Alan Bartunek','8');
Insert into LOG (ID_LOG,TABULKANAZEV,OPERACE,DATUMZMENY,IDREKORD,ID_ARCHIV) values ('854','OBJEDNAVKA','U',to_date('10.12.25','DD.MM.RR'),'Alan Bartunek','8');
Insert into LOG (ID_LOG,TABULKANAZEV,OPERACE,DATUMZMENY,IDREKORD,ID_ARCHIV) values ('855','OBJEDNAVKA','U',to_date('10.12.25','DD.MM.RR'),'Alan Bartunek','8');
Insert into LOG (ID_LOG,TABULKANAZEV,OPERACE,DATUMZMENY,IDREKORD,ID_ARCHIV) values ('856','OBJEDNAVKA','U',to_date('10.12.25','DD.MM.RR'),'Alan Bartunek','8');
Insert into LOG (ID_LOG,TABULKANAZEV,OPERACE,DATUMZMENY,IDREKORD,ID_ARCHIV) values ('793','OBJEDNAVKA','U',to_date('10.12.25','DD.MM.RR'),'Alan Bartunek','8');
Insert into LOG (ID_LOG,TABULKANAZEV,OPERACE,DATUMZMENY,IDREKORD,ID_ARCHIV) values ('857','OBJEDNAVKA','U',to_date('10.12.25','DD.MM.RR'),'Alan Bartunek','8');
Insert into LOG (ID_LOG,TABULKANAZEV,OPERACE,DATUMZMENY,IDREKORD,ID_ARCHIV) values ('863','OBJEDNAVKA','U',to_date('10.12.25','DD.MM.RR'),'Alan Bartunek','8');
Insert into LOG (ID_LOG,TABULKANAZEV,OPERACE,DATUMZMENY,IDREKORD,ID_ARCHIV) values ('868','ZBOZI','U',to_date('10.12.25','DD.MM.RR'),'Maslo 250g','7');
Insert into LOG (ID_LOG,TABULKANAZEV,OPERACE,DATUMZMENY,IDREKORD,ID_ARCHIV) values ('869','PLATBA','I',to_date('10.12.25','DD.MM.RR'),'PLATBA 2025-12-10 22:27 / Supermarket Praha Centrum','9');
Insert into LOG (ID_LOG,TABULKANAZEV,OPERACE,DATUMZMENY,IDREKORD,ID_ARCHIV) values ('870','OBJEDNAVKA','U',to_date('10.12.25','DD.MM.RR'),'Alan Bartunek','8');
Insert into LOG (ID_LOG,TABULKANAZEV,OPERACE,DATUMZMENY,IDREKORD,ID_ARCHIV) values ('871','OBJEDNAVKA','U',to_date('10.12.25','DD.MM.RR'),'Alan Bartunek','8');
Insert into LOG (ID_LOG,TABULKANAZEV,OPERACE,DATUMZMENY,IDREKORD,ID_ARCHIV) values ('874','OBJEDNAVKA','U',to_date('10.12.25','DD.MM.RR'),'Alan Bartunek','8');
Insert into LOG (ID_LOG,TABULKANAZEV,OPERACE,DATUMZMENY,IDREKORD,ID_ARCHIV) values ('875','OBJEDNAVKA','U',to_date('10.12.25','DD.MM.RR'),'Alan Bartunek','8');
Insert into LOG (ID_LOG,TABULKANAZEV,OPERACE,DATUMZMENY,IDREKORD,ID_ARCHIV) values ('876','OBJEDNAVKA','U',to_date('10.12.25','DD.MM.RR'),'Alan Bartunek','8');
Insert into LOG (ID_LOG,TABULKANAZEV,OPERACE,DATUMZMENY,IDREKORD,ID_ARCHIV) values ('877','OBJEDNAVKA','U',to_date('10.12.25','DD.MM.RR'),'Alan Bartunek','8');
Insert into LOG (ID_LOG,TABULKANAZEV,OPERACE,DATUMZMENY,IDREKORD,ID_ARCHIV) values ('795','OBJEDNAVKA','U',to_date('10.12.25','DD.MM.RR'),'Alan Bartunek','8');
Insert into LOG (ID_LOG,TABULKANAZEV,OPERACE,DATUMZMENY,IDREKORD,ID_ARCHIV) values ('800','OBJEDNAVKA','I',to_date('10.12.25','DD.MM.RR'),'Denys Tkach','8');
Insert into LOG (ID_LOG,TABULKANAZEV,OPERACE,DATUMZMENY,IDREKORD,ID_ARCHIV) values ('801','PLATBA','I',to_date('10.12.25','DD.MM.RR'),'PLATBA 2025-12-10 20:40 / Supermarket Praha Centrum','9');
Insert into LOG (ID_LOG,TABULKANAZEV,OPERACE,DATUMZMENY,IDREKORD,ID_ARCHIV) values ('803','OBJEDNAVKA','I',to_date('10.12.25','DD.MM.RR'),'Alan Bartunek','8');
Insert into LOG (ID_LOG,TABULKANAZEV,OPERACE,DATUMZMENY,IDREKORD,ID_ARCHIV) values ('804','ZBOZI','U',to_date('10.12.25','DD.MM.RR'),'Avivaz 1L','7');
Insert into LOG (ID_LOG,TABULKANAZEV,OPERACE,DATUMZMENY,IDREKORD,ID_ARCHIV) values ('805','PLATBA','I',to_date('10.12.25','DD.MM.RR'),'PLATBA 2025-12-10 20:50 / Supermarket Praha Centrum','9');
Insert into LOG (ID_LOG,TABULKANAZEV,OPERACE,DATUMZMENY,IDREKORD,ID_ARCHIV) values ('808','OBJEDNAVKA','U',to_date('10.12.25','DD.MM.RR'),'Alan Bartunek','8');
Insert into LOG (ID_LOG,TABULKANAZEV,OPERACE,DATUMZMENY,IDREKORD,ID_ARCHIV) values ('872','OBJEDNAVKA','U',to_date('10.12.25','DD.MM.RR'),'Alan Bartunek','8');
Insert into LOG (ID_LOG,TABULKANAZEV,OPERACE,DATUMZMENY,IDREKORD,ID_ARCHIV) values ('873','ZBOZI','U',to_date('10.12.25','DD.MM.RR'),'Maslo 250g','7');
Insert into LOG (ID_LOG,TABULKANAZEV,OPERACE,DATUMZMENY,IDREKORD,ID_ARCHIV) values ('878','OBJEDNAVKA','U',to_date('10.12.25','DD.MM.RR'),'Alan Bartunek','8');
Insert into LOG (ID_LOG,TABULKANAZEV,OPERACE,DATUMZMENY,IDREKORD,ID_ARCHIV) values ('879','OBJEDNAVKA','U',to_date('10.12.25','DD.MM.RR'),'Alan Bartunek','8');
Insert into LOG (ID_LOG,TABULKANAZEV,OPERACE,DATUMZMENY,IDREKORD,ID_ARCHIV) values ('880','OBJEDNAVKA','I',to_date('10.12.25','DD.MM.RR'),'Alan Bartunek','8');
Insert into LOG (ID_LOG,TABULKANAZEV,OPERACE,DATUMZMENY,IDREKORD,ID_ARCHIV) values ('881','ZBOZI','U',to_date('10.12.25','DD.MM.RR'),'Maslo 250g','7');
Insert into LOG (ID_LOG,TABULKANAZEV,OPERACE,DATUMZMENY,IDREKORD,ID_ARCHIV) values ('781','OBJEDNAVKA','U',to_date('10.12.25','DD.MM.RR'),'Alan Bartunek','8');
Insert into LOG (ID_LOG,TABULKANAZEV,OPERACE,DATUMZMENY,IDREKORD,ID_ARCHIV) values ('784','OBJEDNAVKA','U',to_date('10.12.25','DD.MM.RR'),'Alan Bartunek','8');
Insert into LOG (ID_LOG,TABULKANAZEV,OPERACE,DATUMZMENY,IDREKORD,ID_ARCHIV) values ('847','OBJEDNAVKA','I',to_date('10.12.25','DD.MM.RR'),'Alan Bartunek','8');
Insert into LOG (ID_LOG,TABULKANAZEV,OPERACE,DATUMZMENY,IDREKORD,ID_ARCHIV) values ('848','ZBOZI','U',to_date('10.12.25','DD.MM.RR'),'Avivaz 1L','7');
Insert into LOG (ID_LOG,TABULKANAZEV,OPERACE,DATUMZMENY,IDREKORD,ID_ARCHIV) values ('849','ZBOZI','U',to_date('10.12.25','DD.MM.RR'),'Bageta francouzska 250g','7');
Insert into LOG (ID_LOG,TABULKANAZEV,OPERACE,DATUMZMENY,IDREKORD,ID_ARCHIV) values ('850','ZBOZI','U',to_date('10.12.25','DD.MM.RR'),'Cokolada horka 100g','7');
Insert into LOG (ID_LOG,TABULKANAZEV,OPERACE,DATUMZMENY,IDREKORD,ID_ARCHIV) values ('851','PLATBA','I',to_date('10.12.25','DD.MM.RR'),'PLATBA 2025-12-10 22:14 / Supermarket Praha Centrum','9');
Insert into LOG (ID_LOG,TABULKANAZEV,OPERACE,DATUMZMENY,IDREKORD,ID_ARCHIV) values ('852','OBJEDNAVKA','U',to_date('10.12.25','DD.MM.RR'),'Alan Bartunek','8');
Insert into LOG (ID_LOG,TABULKANAZEV,OPERACE,DATUMZMENY,IDREKORD,ID_ARCHIV) values ('858','ZPRAVA','I',to_date('10.12.25','DD.MM.RR'),'od=Anna Shabossova; pro=Denys Tkach','50');
Insert into LOG (ID_LOG,TABULKANAZEV,OPERACE,DATUMZMENY,IDREKORD,ID_ARCHIV) values ('859','ZPRAVA','I',to_date('10.12.25','DD.MM.RR'),'od=Anna Shabossova; pro=Denys Tkach','50');
Insert into LOG (ID_LOG,TABULKANAZEV,OPERACE,DATUMZMENY,IDREKORD,ID_ARCHIV) values ('860','OBJEDNAVKA','I',to_date('10.12.25','DD.MM.RR'),'Alan Bartunek','8');
Insert into LOG (ID_LOG,TABULKANAZEV,OPERACE,DATUMZMENY,IDREKORD,ID_ARCHIV) values ('861','ZBOZI','U',to_date('10.12.25','DD.MM.RR'),'Avivaz 1L','7');
Insert into LOG (ID_LOG,TABULKANAZEV,OPERACE,DATUMZMENY,IDREKORD,ID_ARCHIV) values ('862','PLATBA','I',to_date('10.12.25','DD.MM.RR'),'PLATBA 2025-12-10 22:22 / Supermarket Praha Centrum','9');
Insert into LOG (ID_LOG,TABULKANAZEV,OPERACE,DATUMZMENY,IDREKORD,ID_ARCHIV) values ('782','OBJEDNAVKA','U',to_date('10.12.25','DD.MM.RR'),'Alan Bartunek','8');
Insert into LOG (ID_LOG,TABULKANAZEV,OPERACE,DATUMZMENY,IDREKORD,ID_ARCHIV) values ('794','OBJEDNAVKA','U',to_date('10.12.25','DD.MM.RR'),'Alan Bartunek','8');
Insert into LOG (ID_LOG,TABULKANAZEV,OPERACE,DATUMZMENY,IDREKORD,ID_ARCHIV) values ('810','OBJEDNAVKA','U',to_date('10.12.25','DD.MM.RR'),'Alan Bartunek','8');
Insert into LOG (ID_LOG,TABULKANAZEV,OPERACE,DATUMZMENY,IDREKORD,ID_ARCHIV) values ('812','OBJEDNAVKA','U',to_date('10.12.25','DD.MM.RR'),'Alan Bartunek','8');
Insert into LOG (ID_LOG,TABULKANAZEV,OPERACE,DATUMZMENY,IDREKORD,ID_ARCHIV) values ('818','OBJEDNAVKA','U',to_date('10.12.25','DD.MM.RR'),'Alan Bartunek','8');
Insert into LOG (ID_LOG,TABULKANAZEV,OPERACE,DATUMZMENY,IDREKORD,ID_ARCHIV) values ('835','OBJEDNAVKA','U',to_date('10.12.25','DD.MM.RR'),'Alan Bartunek','8');
Insert into LOG (ID_LOG,TABULKANAZEV,OPERACE,DATUMZMENY,IDREKORD,ID_ARCHIV) values ('839','PLATBA','D',to_date('10.12.25','DD.MM.RR'),'PLATBA 2025-12-10 21:11 / Supermarket Praha Centrum','9');
Insert into LOG (ID_LOG,TABULKANAZEV,OPERACE,DATUMZMENY,IDREKORD,ID_ARCHIV) values ('840','OBJEDNAVKA','D',to_date('10.12.25','DD.MM.RR'),'Denys Tkach','8');
Insert into LOG (ID_LOG,TABULKANAZEV,OPERACE,DATUMZMENY,IDREKORD,ID_ARCHIV) values ('864','OBJEDNAVKA','U',to_date('10.12.25','DD.MM.RR'),'Alan Bartunek','8');
Insert into LOG (ID_LOG,TABULKANAZEV,OPERACE,DATUMZMENY,IDREKORD,ID_ARCHIV) values ('865','OBJEDNAVKA','U',to_date('10.12.25','DD.MM.RR'),'Alan Bartunek','8');
Insert into LOG (ID_LOG,TABULKANAZEV,OPERACE,DATUMZMENY,IDREKORD,ID_ARCHIV) values ('866','ZBOZI','U',to_date('10.12.25','DD.MM.RR'),'Avivaz 1L','7');
Insert into LOG (ID_LOG,TABULKANAZEV,OPERACE,DATUMZMENY,IDREKORD,ID_ARCHIV) values ('867','OBJEDNAVKA','I',to_date('10.12.25','DD.MM.RR'),'Alan Bartunek','8');
Insert into LOG (ID_LOG,TABULKANAZEV,OPERACE,DATUMZMENY,IDREKORD,ID_ARCHIV) values ('783','OBJEDNAVKA','U',to_date('10.12.25','DD.MM.RR'),'Alan Bartunek','8');
Insert into LOG (ID_LOG,TABULKANAZEV,OPERACE,DATUMZMENY,IDREKORD,ID_ARCHIV) values ('807','OBJEDNAVKA','U',to_date('10.12.25','DD.MM.RR'),'Alan Bartunek','8');
Insert into LOG (ID_LOG,TABULKANAZEV,OPERACE,DATUMZMENY,IDREKORD,ID_ARCHIV) values ('816','OBJEDNAVKA','U',to_date('10.12.25','DD.MM.RR'),'Alan Bartunek','8');
Insert into LOG (ID_LOG,TABULKANAZEV,OPERACE,DATUMZMENY,IDREKORD,ID_ARCHIV) values ('829','OBJEDNAVKA','U',to_date('10.12.25','DD.MM.RR'),'Alan Bartunek','8');
Insert into LOG (ID_LOG,TABULKANAZEV,OPERACE,DATUMZMENY,IDREKORD,ID_ARCHIV) values ('830','OBJEDNAVKA','U',to_date('10.12.25','DD.MM.RR'),'Alan Bartunek','8');
Insert into LOG (ID_LOG,TABULKANAZEV,OPERACE,DATUMZMENY,IDREKORD,ID_ARCHIV) values ('832','OBJEDNAVKA','U',to_date('10.12.25','DD.MM.RR'),'Alan Bartunek','8');
Insert into LOG (ID_LOG,TABULKANAZEV,OPERACE,DATUMZMENY,IDREKORD,ID_ARCHIV) values ('834','OBJEDNAVKA','U',to_date('10.12.25','DD.MM.RR'),'Alan Bartunek','8');
Insert into LOG (ID_LOG,TABULKANAZEV,OPERACE,DATUMZMENY,IDREKORD,ID_ARCHIV) values ('837','OBJEDNAVKA','U',to_date('10.12.25','DD.MM.RR'),'Alan Bartunek','8');
Insert into LOG (ID_LOG,TABULKANAZEV,OPERACE,DATUMZMENY,IDREKORD,ID_ARCHIV) values ('841','OBJEDNAVKA','U',to_date('10.12.25','DD.MM.RR'),'Adam Benes','8');
Insert into LOG (ID_LOG,TABULKANAZEV,OPERACE,DATUMZMENY,IDREKORD,ID_ARCHIV) values ('842','PLATBA','D',to_date('10.12.25','DD.MM.RR'),'PLATBA 2025-12-10 20:40 / Supermarket Praha Centrum','9');
Insert into LOG (ID_LOG,TABULKANAZEV,OPERACE,DATUMZMENY,IDREKORD,ID_ARCHIV) values ('843','OBJEDNAVKA','D',to_date('10.12.25','DD.MM.RR'),'Denys Tkach','8');
Insert into LOG (ID_LOG,TABULKANAZEV,OPERACE,DATUMZMENY,IDREKORD,ID_ARCHIV) values ('777','OBJEDNAVKA','D',to_date('10.12.25','DD.MM.RR'),'Alan Bartunek','8');
Insert into LOG (ID_LOG,TABULKANAZEV,OPERACE,DATUMZMENY,IDREKORD,ID_ARCHIV) values ('778','OBJEDNAVKA','I',to_date('10.12.25','DD.MM.RR'),'Alan Bartunek','8');
Insert into LOG (ID_LOG,TABULKANAZEV,OPERACE,DATUMZMENY,IDREKORD,ID_ARCHIV) values ('779','ZBOZI','U',to_date('10.12.25','DD.MM.RR'),'Avivaz 1L','7');
Insert into LOG (ID_LOG,TABULKANAZEV,OPERACE,DATUMZMENY,IDREKORD,ID_ARCHIV) values ('780','PLATBA','I',to_date('10.12.25','DD.MM.RR'),'PLATBA 2025-12-10 20:23 / Supermarket Praha Centrum','9');
Insert into LOG (ID_LOG,TABULKANAZEV,OPERACE,DATUMZMENY,IDREKORD,ID_ARCHIV) values ('789','OBJEDNAVKA','I',to_date('10.12.25','DD.MM.RR'),'Alan Bartunek','8');
Insert into LOG (ID_LOG,TABULKANAZEV,OPERACE,DATUMZMENY,IDREKORD,ID_ARCHIV) values ('790','ZBOZI','U',to_date('10.12.25','DD.MM.RR'),'Avivaz 1L','7');
Insert into LOG (ID_LOG,TABULKANAZEV,OPERACE,DATUMZMENY,IDREKORD,ID_ARCHIV) values ('791','PLATBA','I',to_date('10.12.25','DD.MM.RR'),'PLATBA 2025-12-10 20:31 / Supermarket Praha Centrum','9');
Insert into LOG (ID_LOG,TABULKANAZEV,OPERACE,DATUMZMENY,IDREKORD,ID_ARCHIV) values ('792','OBJEDNAVKA','U',to_date('10.12.25','DD.MM.RR'),'Alan Bartunek','8');
Insert into LOG (ID_LOG,TABULKANAZEV,OPERACE,DATUMZMENY,IDREKORD,ID_ARCHIV) values ('815','OBJEDNAVKA','U',to_date('10.12.25','DD.MM.RR'),'Alan Bartunek','8');
Insert into LOG (ID_LOG,TABULKANAZEV,OPERACE,DATUMZMENY,IDREKORD,ID_ARCHIV) values ('817','OBJEDNAVKA','U',to_date('10.12.25','DD.MM.RR'),'Alan Bartunek','8');
Insert into LOG (ID_LOG,TABULKANAZEV,OPERACE,DATUMZMENY,IDREKORD,ID_ARCHIV) values ('831','OBJEDNAVKA','U',to_date('10.12.25','DD.MM.RR'),'Alan Bartunek','8');
Insert into LOG (ID_LOG,TABULKANAZEV,OPERACE,DATUMZMENY,IDREKORD,ID_ARCHIV) values ('844','OBJEDNAVKA','I',to_date('10.12.25','DD.MM.RR'),'Alan Bartunek','8');
Insert into LOG (ID_LOG,TABULKANAZEV,OPERACE,DATUMZMENY,IDREKORD,ID_ARCHIV) values ('845','ZBOZI','U',to_date('10.12.25','DD.MM.RR'),'Avivaz 1L','7');
Insert into LOG (ID_LOG,TABULKANAZEV,OPERACE,DATUMZMENY,IDREKORD,ID_ARCHIV) values ('886','OBJEDNAVKA','U',to_date('10.12.25','DD.MM.RR'),'Alan Bartunek','8');
Insert into LOG (ID_LOG,TABULKANAZEV,OPERACE,DATUMZMENY,IDREKORD,ID_ARCHIV) values ('963','OBJEDNAVKA','U',to_date('10.12.25','DD.MM.RR'),'Dominik Krupa','17');
Insert into LOG (ID_LOG,TABULKANAZEV,OPERACE,DATUMZMENY,IDREKORD,ID_ARCHIV) values ('964','OBJEDNAVKA','U',to_date('10.12.25','DD.MM.RR'),'Erik Cerny','8');
Insert into LOG (ID_LOG,TABULKANAZEV,OPERACE,DATUMZMENY,IDREKORD,ID_ARCHIV) values ('965','OBJEDNAVKA','U',to_date('10.12.25','DD.MM.RR'),'Martin Dolezal','17');
Insert into LOG (ID_LOG,TABULKANAZEV,OPERACE,DATUMZMENY,IDREKORD,ID_ARCHIV) values ('966','OBJEDNAVKA','U',to_date('10.12.25','DD.MM.RR'),'David Toth','8');
Insert into LOG (ID_LOG,TABULKANAZEV,OPERACE,DATUMZMENY,IDREKORD,ID_ARCHIV) values ('967','OBJEDNAVKA','U',to_date('10.12.25','DD.MM.RR'),'Libor Kostal','17');
Insert into LOG (ID_LOG,TABULKANAZEV,OPERACE,DATUMZMENY,IDREKORD,ID_ARCHIV) values ('968','OBJEDNAVKA','U',to_date('10.12.25','DD.MM.RR'),'David Toth','8');
Insert into LOG (ID_LOG,TABULKANAZEV,OPERACE,DATUMZMENY,IDREKORD,ID_ARCHIV) values ('969','OBJEDNAVKA','U',to_date('10.12.25','DD.MM.RR'),'Adam Benes','17');
Insert into LOG (ID_LOG,TABULKANAZEV,OPERACE,DATUMZMENY,IDREKORD,ID_ARCHIV) values ('970','OBJEDNAVKA','U',to_date('10.12.25','DD.MM.RR'),'Anna Shabossova','17');
Insert into LOG (ID_LOG,TABULKANAZEV,OPERACE,DATUMZMENY,IDREKORD,ID_ARCHIV) values ('971','OBJEDNAVKA','U',to_date('10.12.25','DD.MM.RR'),'Milan Chladek','8');
Insert into LOG (ID_LOG,TABULKANAZEV,OPERACE,DATUMZMENY,IDREKORD,ID_ARCHIV) values ('972','OBJEDNAVKA','U',to_date('10.12.25','DD.MM.RR'),'Radek Pokorny','8');
Insert into LOG (ID_LOG,TABULKANAZEV,OPERACE,DATUMZMENY,IDREKORD,ID_ARCHIV) values ('973','OBJEDNAVKA','U',to_date('10.12.25','DD.MM.RR'),'Alan Bartunek','17');
Insert into LOG (ID_LOG,TABULKANAZEV,OPERACE,DATUMZMENY,IDREKORD,ID_ARCHIV) values ('974','OBJEDNAVKA','U',to_date('10.12.25','DD.MM.RR'),'Radek Janda','8');
Insert into LOG (ID_LOG,TABULKANAZEV,OPERACE,DATUMZMENY,IDREKORD,ID_ARCHIV) values ('975','OBJEDNAVKA','U',to_date('10.12.25','DD.MM.RR'),'Tomas Holik','17');
Insert into LOG (ID_LOG,TABULKANAZEV,OPERACE,DATUMZMENY,IDREKORD,ID_ARCHIV) values ('976','OBJEDNAVKA','U',to_date('10.12.25','DD.MM.RR'),'Tomas Vecera','8');
Insert into LOG (ID_LOG,TABULKANAZEV,OPERACE,DATUMZMENY,IDREKORD,ID_ARCHIV) values ('977','OBJEDNAVKA','U',to_date('10.12.25','DD.MM.RR'),'Patrik Navratil','17');
Insert into LOG (ID_LOG,TABULKANAZEV,OPERACE,DATUMZMENY,IDREKORD,ID_ARCHIV) values ('978','OBJEDNAVKA','U',to_date('10.12.25','DD.MM.RR'),'Marek Suchy','8');
Insert into LOG (ID_LOG,TABULKANAZEV,OPERACE,DATUMZMENY,IDREKORD,ID_ARCHIV) values ('979','OBJEDNAVKA','U',to_date('10.12.25','DD.MM.RR'),'Daniel Slama','8');
Insert into LOG (ID_LOG,TABULKANAZEV,OPERACE,DATUMZMENY,IDREKORD,ID_ARCHIV) values ('980','OBJEDNAVKA','U',to_date('10.12.25','DD.MM.RR'),'Petr Kral','17');
Insert into LOG (ID_LOG,TABULKANAZEV,OPERACE,DATUMZMENY,IDREKORD,ID_ARCHIV) values ('981','OBJEDNAVKA','U',to_date('10.12.25','DD.MM.RR'),'Michal Simek','8');
Insert into LOG (ID_LOG,TABULKANAZEV,OPERACE,DATUMZMENY,IDREKORD,ID_ARCHIV) values ('998','OBJEDNAVKA','U',to_date('10.12.25','DD.MM.RR'),'Jaroslav Blazek','8');
Insert into LOG (ID_LOG,TABULKANAZEV,OPERACE,DATUMZMENY,IDREKORD,ID_ARCHIV) values ('999','OBJEDNAVKA','U',to_date('10.12.25','DD.MM.RR'),'Tomas Holik','17');
Insert into LOG (ID_LOG,TABULKANAZEV,OPERACE,DATUMZMENY,IDREKORD,ID_ARCHIV) values ('1000','OBJEDNAVKA','U',to_date('10.12.25','DD.MM.RR'),'Stanislav Prokop','17');
Insert into LOG (ID_LOG,TABULKANAZEV,OPERACE,DATUMZMENY,IDREKORD,ID_ARCHIV) values ('1001','OBJEDNAVKA','U',to_date('10.12.25','DD.MM.RR'),'Ondrej Kalina','8');
Insert into LOG (ID_LOG,TABULKANAZEV,OPERACE,DATUMZMENY,IDREKORD,ID_ARCHIV) values ('1002','OBJEDNAVKA','U',to_date('10.12.25','DD.MM.RR'),'Radek Pokorny','8');
Insert into LOG (ID_LOG,TABULKANAZEV,OPERACE,DATUMZMENY,IDREKORD,ID_ARCHIV) values ('1003','OBJEDNAVKA','U',to_date('10.12.25','DD.MM.RR'),'Kamil Sykora','17');
Insert into LOG (ID_LOG,TABULKANAZEV,OPERACE,DATUMZMENY,IDREKORD,ID_ARCHIV) values ('1004','OBJEDNAVKA','U',to_date('10.12.25','DD.MM.RR'),'Alan Bartunek','8');
Insert into LOG (ID_LOG,TABULKANAZEV,OPERACE,DATUMZMENY,IDREKORD,ID_ARCHIV) values ('1005','OBJEDNAVKA','U',to_date('10.12.25','DD.MM.RR'),'Martin Dolezal','17');
Insert into LOG (ID_LOG,TABULKANAZEV,OPERACE,DATUMZMENY,IDREKORD,ID_ARCHIV) values ('1006','OBJEDNAVKA','U',to_date('10.12.25','DD.MM.RR'),'Vojtech Zabka','8');
Insert into LOG (ID_LOG,TABULKANAZEV,OPERACE,DATUMZMENY,IDREKORD,ID_ARCHIV) values ('1007','OBJEDNAVKA','U',to_date('10.12.25','DD.MM.RR'),'Marek Horak','17');
Insert into LOG (ID_LOG,TABULKANAZEV,OPERACE,DATUMZMENY,IDREKORD,ID_ARCHIV) values ('883','OBJEDNAVKA','U',to_date('10.12.25','DD.MM.RR'),'Alan Bartunek','8');
Insert into LOG (ID_LOG,TABULKANAZEV,OPERACE,DATUMZMENY,IDREKORD,ID_ARCHIV) values ('884','OBJEDNAVKA','U',to_date('10.12.25','DD.MM.RR'),'Alan Bartunek','8');
Insert into LOG (ID_LOG,TABULKANAZEV,OPERACE,DATUMZMENY,IDREKORD,ID_ARCHIV) values ('885','OBJEDNAVKA','U',to_date('10.12.25','DD.MM.RR'),'Alan Bartunek','8');
Insert into LOG (ID_LOG,TABULKANAZEV,OPERACE,DATUMZMENY,IDREKORD,ID_ARCHIV) values ('889','POHYB_UCTU','I',to_date('10.12.25','DD.MM.RR'),'POHYB UCET uzivatele / Anna Shabossova','18');
Insert into LOG (ID_LOG,TABULKANAZEV,OPERACE,DATUMZMENY,IDREKORD,ID_ARCHIV) values ('890','UCET','U',to_date('10.12.25','DD.MM.RR'),'UCET Anna Shabossova','18');
Insert into LOG (ID_LOG,TABULKANAZEV,OPERACE,DATUMZMENY,IDREKORD,ID_ARCHIV) values ('982','OBJEDNAVKA','U',to_date('10.12.25','DD.MM.RR'),'Robert Dolansky','17');
Insert into LOG (ID_LOG,TABULKANAZEV,OPERACE,DATUMZMENY,IDREKORD,ID_ARCHIV) values ('983','OBJEDNAVKA','U',to_date('10.12.25','DD.MM.RR'),'Michal Valek','17');
Insert into LOG (ID_LOG,TABULKANAZEV,OPERACE,DATUMZMENY,IDREKORD,ID_ARCHIV) values ('984','OBJEDNAVKA','U',to_date('10.12.25','DD.MM.RR'),'Lukas Krivda','8');
Insert into LOG (ID_LOG,TABULKANAZEV,OPERACE,DATUMZMENY,IDREKORD,ID_ARCHIV) values ('985','OBJEDNAVKA','U',to_date('10.12.25','DD.MM.RR'),'Erik Cerny','8');
Insert into LOG (ID_LOG,TABULKANAZEV,OPERACE,DATUMZMENY,IDREKORD,ID_ARCHIV) values ('986','OBJEDNAVKA','U',to_date('10.12.25','DD.MM.RR'),'Lukas Pavelka','17');
Insert into LOG (ID_LOG,TABULKANAZEV,OPERACE,DATUMZMENY,IDREKORD,ID_ARCHIV) values ('987','OBJEDNAVKA','U',to_date('10.12.25','DD.MM.RR'),'Roman Trnka','17');
Insert into LOG (ID_LOG,TABULKANAZEV,OPERACE,DATUMZMENY,IDREKORD,ID_ARCHIV) values ('988','OBJEDNAVKA','U',to_date('10.12.25','DD.MM.RR'),'Radek Janda','8');
Insert into LOG (ID_LOG,TABULKANAZEV,OPERACE,DATUMZMENY,IDREKORD,ID_ARCHIV) values ('989','OBJEDNAVKA','U',to_date('10.12.25','DD.MM.RR'),'Matej Stary','8');
Insert into LOG (ID_LOG,TABULKANAZEV,OPERACE,DATUMZMENY,IDREKORD,ID_ARCHIV) values ('990','OBJEDNAVKA','U',to_date('10.12.25','DD.MM.RR'),'Marek Horak','17');
Insert into LOG (ID_LOG,TABULKANAZEV,OPERACE,DATUMZMENY,IDREKORD,ID_ARCHIV) values ('991','OBJEDNAVKA','U',to_date('10.12.25','DD.MM.RR'),'Jiri Houska','8');
Insert into LOG (ID_LOG,TABULKANAZEV,OPERACE,DATUMZMENY,IDREKORD,ID_ARCHIV) values ('992','OBJEDNAVKA','U',to_date('10.12.25','DD.MM.RR'),'Vojtech Zabka','17');
Insert into LOG (ID_LOG,TABULKANAZEV,OPERACE,DATUMZMENY,IDREKORD,ID_ARCHIV) values ('993','OBJEDNAVKA','U',to_date('10.12.25','DD.MM.RR'),'Ondrej Kalina','8');
Insert into LOG (ID_LOG,TABULKANAZEV,OPERACE,DATUMZMENY,IDREKORD,ID_ARCHIV) values ('994','OBJEDNAVKA','U',to_date('10.12.25','DD.MM.RR'),'Viktor Kovar','8');
Insert into LOG (ID_LOG,TABULKANAZEV,OPERACE,DATUMZMENY,IDREKORD,ID_ARCHIV) values ('995','OBJEDNAVKA','U',to_date('10.12.25','DD.MM.RR'),'Igor Sladky','17');
Insert into LOG (ID_LOG,TABULKANAZEV,OPERACE,DATUMZMENY,IDREKORD,ID_ARCHIV) values ('996','OBJEDNAVKA','U',to_date('10.12.25','DD.MM.RR'),'Karel Zima','17');
Insert into LOG (ID_LOG,TABULKANAZEV,OPERACE,DATUMZMENY,IDREKORD,ID_ARCHIV) values ('997','OBJEDNAVKA','U',to_date('10.12.25','DD.MM.RR'),'Dominik Krupa','8');
Insert into LOG (ID_LOG,TABULKANAZEV,OPERACE,DATUMZMENY,IDREKORD,ID_ARCHIV) values ('887','OBJEDNAVKA','U',to_date('10.12.25','DD.MM.RR'),'Alan Bartunek','8');
Insert into LOG (ID_LOG,TABULKANAZEV,OPERACE,DATUMZMENY,IDREKORD,ID_ARCHIV) values ('945','OBJEDNAVKA','U',to_date('10.12.25','DD.MM.RR'),'Alan Bartunek','8');
Insert into LOG (ID_LOG,TABULKANAZEV,OPERACE,DATUMZMENY,IDREKORD,ID_ARCHIV) values ('946','OBJEDNAVKA','U',to_date('10.12.25','DD.MM.RR'),'David Prochazka','8');
Insert into LOG (ID_LOG,TABULKANAZEV,OPERACE,DATUMZMENY,IDREKORD,ID_ARCHIV) values ('947','OBJEDNAVKA','U',to_date('10.12.25','DD.MM.RR'),'Lukas Bohac','8');
Insert into LOG (ID_LOG,TABULKANAZEV,OPERACE,DATUMZMENY,IDREKORD,ID_ARCHIV) values ('948','OBJEDNAVKA','U',to_date('10.12.25','DD.MM.RR'),'Alan Bartunek','8');
Insert into LOG (ID_LOG,TABULKANAZEV,OPERACE,DATUMZMENY,IDREKORD,ID_ARCHIV) values ('949','OBJEDNAVKA','U',to_date('10.12.25','DD.MM.RR'),'Alan Bartunek','8');
Insert into LOG (ID_LOG,TABULKANAZEV,OPERACE,DATUMZMENY,IDREKORD,ID_ARCHIV) values ('950','OBJEDNAVKA','U',to_date('10.12.25','DD.MM.RR'),'Alan Bartunek','8');
Insert into LOG (ID_LOG,TABULKANAZEV,OPERACE,DATUMZMENY,IDREKORD,ID_ARCHIV) values ('951','OBJEDNAVKA','U',to_date('10.12.25','DD.MM.RR'),'Alan Bartunek','8');
Insert into LOG (ID_LOG,TABULKANAZEV,OPERACE,DATUMZMENY,IDREKORD,ID_ARCHIV) values ('952','OBJEDNAVKA','U',to_date('10.12.25','DD.MM.RR'),'Alan Bartunek','8');
Insert into LOG (ID_LOG,TABULKANAZEV,OPERACE,DATUMZMENY,IDREKORD,ID_ARCHIV) values ('953','OBJEDNAVKA','U',to_date('10.12.25','DD.MM.RR'),'Daniel Slama','8');
Insert into LOG (ID_LOG,TABULKANAZEV,OPERACE,DATUMZMENY,IDREKORD,ID_ARCHIV) values ('882','PLATBA','I',to_date('10.12.25','DD.MM.RR'),'PLATBA 2025-12-10 22:32 / Supermarket Praha Centrum','9');
Insert into LOG (ID_LOG,TABULKANAZEV,OPERACE,DATUMZMENY,IDREKORD,ID_ARCHIV) values ('888','OBJEDNAVKA','U',to_date('10.12.25','DD.MM.RR'),'Alan Bartunek','8');
Insert into LOG (ID_LOG,TABULKANAZEV,OPERACE,DATUMZMENY,IDREKORD,ID_ARCHIV) values ('954','OBJEDNAVKA','U',to_date('10.12.25','DD.MM.RR'),'Petr Svoboda','17');
Insert into LOG (ID_LOG,TABULKANAZEV,OPERACE,DATUMZMENY,IDREKORD,ID_ARCHIV) values ('955','OBJEDNAVKA','U',to_date('10.12.25','DD.MM.RR'),'Vojtech Zabka','17');
Insert into LOG (ID_LOG,TABULKANAZEV,OPERACE,DATUMZMENY,IDREKORD,ID_ARCHIV) values ('956','OBJEDNAVKA','U',to_date('10.12.25','DD.MM.RR'),'Daniel Kubicek','8');
Insert into LOG (ID_LOG,TABULKANAZEV,OPERACE,DATUMZMENY,IDREKORD,ID_ARCHIV) values ('957','OBJEDNAVKA','U',to_date('10.12.25','DD.MM.RR'),'Petr Kral','8');
Insert into LOG (ID_LOG,TABULKANAZEV,OPERACE,DATUMZMENY,IDREKORD,ID_ARCHIV) values ('958','OBJEDNAVKA','U',to_date('10.12.25','DD.MM.RR'),'Radek Janda','17');
Insert into LOG (ID_LOG,TABULKANAZEV,OPERACE,DATUMZMENY,IDREKORD,ID_ARCHIV) values ('959','OBJEDNAVKA','U',to_date('10.12.25','DD.MM.RR'),'Viktor Kovar','8');
Insert into LOG (ID_LOG,TABULKANAZEV,OPERACE,DATUMZMENY,IDREKORD,ID_ARCHIV) values ('960','OBJEDNAVKA','U',to_date('10.12.25','DD.MM.RR'),'Alan Bartunek','17');
Insert into LOG (ID_LOG,TABULKANAZEV,OPERACE,DATUMZMENY,IDREKORD,ID_ARCHIV) values ('961','OBJEDNAVKA','U',to_date('10.12.25','DD.MM.RR'),'Ondrej Kalina','8');
Insert into LOG (ID_LOG,TABULKANAZEV,OPERACE,DATUMZMENY,IDREKORD,ID_ARCHIV) values ('962','OBJEDNAVKA','U',to_date('10.12.25','DD.MM.RR'),'Karel Zima','8');
Insert into LOG (ID_LOG,TABULKANAZEV,OPERACE,DATUMZMENY,IDREKORD,ID_ARCHIV) values ('935','OBJEDNAVKA','U',to_date('10.12.25','DD.MM.RR'),'Radek Pokorny','8');
Insert into LOG (ID_LOG,TABULKANAZEV,OPERACE,DATUMZMENY,IDREKORD,ID_ARCHIV) values ('936','OBJEDNAVKA','U',to_date('10.12.25','DD.MM.RR'),'Radek Pokorny','8');
Insert into LOG (ID_LOG,TABULKANAZEV,OPERACE,DATUMZMENY,IDREKORD,ID_ARCHIV) values ('937','OBJEDNAVKA','U',to_date('10.12.25','DD.MM.RR'),'David Prochazka','8');
Insert into LOG (ID_LOG,TABULKANAZEV,OPERACE,DATUMZMENY,IDREKORD,ID_ARCHIV) values ('938','OBJEDNAVKA','U',to_date('10.12.25','DD.MM.RR'),'Radek Pokorny','17');
Insert into LOG (ID_LOG,TABULKANAZEV,OPERACE,DATUMZMENY,IDREKORD,ID_ARCHIV) values ('939','OBJEDNAVKA','U',to_date('10.12.25','DD.MM.RR'),'Radek Pokorny','8');
Insert into LOG (ID_LOG,TABULKANAZEV,OPERACE,DATUMZMENY,IDREKORD,ID_ARCHIV) values ('940','OBJEDNAVKA','U',to_date('10.12.25','DD.MM.RR'),'Petr Kral','17');
Insert into LOG (ID_LOG,TABULKANAZEV,OPERACE,DATUMZMENY,IDREKORD,ID_ARCHIV) values ('941','OBJEDNAVKA','U',to_date('10.12.25','DD.MM.RR'),'Petr Kral','17');
Insert into LOG (ID_LOG,TABULKANAZEV,OPERACE,DATUMZMENY,IDREKORD,ID_ARCHIV) values ('942','OBJEDNAVKA','U',to_date('10.12.25','DD.MM.RR'),'Alan Bartunek','8');
Insert into LOG (ID_LOG,TABULKANAZEV,OPERACE,DATUMZMENY,IDREKORD,ID_ARCHIV) values ('943','OBJEDNAVKA','U',to_date('10.12.25','DD.MM.RR'),'Alan Bartunek','8');
Insert into LOG (ID_LOG,TABULKANAZEV,OPERACE,DATUMZMENY,IDREKORD,ID_ARCHIV) values ('944','OBJEDNAVKA','U',to_date('10.12.25','DD.MM.RR'),'Alan Bartunek','8');
Insert into LOG (ID_LOG,TABULKANAZEV,OPERACE,DATUMZMENY,IDREKORD,ID_ARCHIV) values ('1070','APP_ROLE_PRAVO','D',to_date('11.12.25','DD.MM.RR'),'role=ADMIN; pravo=SUPPLIER_ORDERS_ACC','48');
Insert into LOG (ID_LOG,TABULKANAZEV,OPERACE,DATUMZMENY,IDREKORD,ID_ARCHIV) values ('1071','APP_ROLE_PRAVO','D',to_date('11.12.25','DD.MM.RR'),'role=SUPERVIZOR; pravo=VIEW_WAREHOUSE','48');
Insert into LOG (ID_LOG,TABULKANAZEV,OPERACE,DATUMZMENY,IDREKORD,ID_ARCHIV) values ('1072','APP_ROLE_PRAVO','D',to_date('11.12.25','DD.MM.RR'),'role=MANAZER; pravo=VIEW_WAREHOUSE','48');
Insert into LOG (ID_LOG,TABULKANAZEV,OPERACE,DATUMZMENY,IDREKORD,ID_ARCHIV) values ('1076','ZAMESTNANEC','U',to_date('11.12.25','DD.MM.RR'),'Pavel Salek','47');
Insert into LOG (ID_LOG,TABULKANAZEV,OPERACE,DATUMZMENY,IDREKORD,ID_ARCHIV) values ('1077','ZAMESTNANEC','U',to_date('11.12.25','DD.MM.RR'),'Radek Kuchar','47');
Insert into LOG (ID_LOG,TABULKANAZEV,OPERACE,DATUMZMENY,IDREKORD,ID_ARCHIV) values ('1078','ZAMESTNANEC','U',to_date('11.12.25','DD.MM.RR'),'David Moravec','47');
Insert into LOG (ID_LOG,TABULKANAZEV,OPERACE,DATUMZMENY,IDREKORD,ID_ARCHIV) values ('1079','ZAMESTNANEC','U',to_date('11.12.25','DD.MM.RR'),'Milan Kopecek','47');
Insert into LOG (ID_LOG,TABULKANAZEV,OPERACE,DATUMZMENY,IDREKORD,ID_ARCHIV) values ('1080','ZAMESTNANEC','U',to_date('11.12.25','DD.MM.RR'),'Roman Machacek','47');
Insert into LOG (ID_LOG,TABULKANAZEV,OPERACE,DATUMZMENY,IDREKORD,ID_ARCHIV) values ('1081','ZAMESTNANEC','U',to_date('11.12.25','DD.MM.RR'),'Vladimir Hruska','47');
Insert into LOG (ID_LOG,TABULKANAZEV,OPERACE,DATUMZMENY,IDREKORD,ID_ARCHIV) values ('1082','ZAMESTNANEC','U',to_date('11.12.25','DD.MM.RR'),'Karel Sedivy','47');
Insert into LOG (ID_LOG,TABULKANAZEV,OPERACE,DATUMZMENY,IDREKORD,ID_ARCHIV) values ('1083','ZAMESTNANEC','U',to_date('11.12.25','DD.MM.RR'),'Michal Kralik','47');
Insert into LOG (ID_LOG,TABULKANAZEV,OPERACE,DATUMZMENY,IDREKORD,ID_ARCHIV) values ('1084','ZAMESTNANEC','U',to_date('11.12.25','DD.MM.RR'),'Daniel Zeleny','47');
Insert into LOG (ID_LOG,TABULKANAZEV,OPERACE,DATUMZMENY,IDREKORD,ID_ARCHIV) values ('1085','ZAMESTNANEC','U',to_date('11.12.25','DD.MM.RR'),'Adam Studeny','47');
Insert into LOG (ID_LOG,TABULKANAZEV,OPERACE,DATUMZMENY,IDREKORD,ID_ARCHIV) values ('1086','ZAMESTNANEC','U',to_date('11.12.25','DD.MM.RR'),'Jaroslav Vorel','47');
Insert into LOG (ID_LOG,TABULKANAZEV,OPERACE,DATUMZMENY,IDREKORD,ID_ARCHIV) values ('1087','ZAMESTNANEC','U',to_date('11.12.25','DD.MM.RR'),'Marek Rychly','47');
Insert into LOG (ID_LOG,TABULKANAZEV,OPERACE,DATUMZMENY,IDREKORD,ID_ARCHIV) values ('1088','ZAMESTNANEC','U',to_date('11.12.25','DD.MM.RR'),'Igor Novotny','47');
Insert into LOG (ID_LOG,TABULKANAZEV,OPERACE,DATUMZMENY,IDREKORD,ID_ARCHIV) values ('1089','ZAMESTNANEC','U',to_date('11.12.25','DD.MM.RR'),'Petr Zdrahal','47');
Insert into LOG (ID_LOG,TABULKANAZEV,OPERACE,DATUMZMENY,IDREKORD,ID_ARCHIV) values ('1090','ZAMESTNANEC','U',to_date('11.12.25','DD.MM.RR'),'Tomas Pavlicek','47');
Insert into LOG (ID_LOG,TABULKANAZEV,OPERACE,DATUMZMENY,IDREKORD,ID_ARCHIV) values ('1044','PLATBA','D',to_date('10.12.25','DD.MM.RR'),'PLATBA 2025-12-10 22:32 / Supermarket Praha Centrum','9');
Insert into LOG (ID_LOG,TABULKANAZEV,OPERACE,DATUMZMENY,IDREKORD,ID_ARCHIV) values ('1045','POHYB_UCTU','D',to_date('10.12.25','DD.MM.RR'),'POHYB / Alan Bartunek','51');
Insert into LOG (ID_LOG,TABULKANAZEV,OPERACE,DATUMZMENY,IDREKORD,ID_ARCHIV) values ('1046','POHYB_UCTU','D',to_date('10.12.25','DD.MM.RR'),'POHYB / Alan Bartunek','51');
Insert into LOG (ID_LOG,TABULKANAZEV,OPERACE,DATUMZMENY,IDREKORD,ID_ARCHIV) values ('1047','OBJEDNAVKA','D',to_date('10.12.25','DD.MM.RR'),'Alan Bartunek','8');
Insert into LOG (ID_LOG,TABULKANAZEV,OPERACE,DATUMZMENY,IDREKORD,ID_ARCHIV) values ('1055','PLATBA','D',to_date('11.12.25','DD.MM.RR'),'PLATBA 2025-12-11 00:03 / Supermarket Praha Centrum','9');
Insert into LOG (ID_LOG,TABULKANAZEV,OPERACE,DATUMZMENY,IDREKORD,ID_ARCHIV) values ('1056','OBJEDNAVKA','D',to_date('11.12.25','DD.MM.RR'),'Denys Tkach','8');
Insert into LOG (ID_LOG,TABULKANAZEV,OPERACE,DATUMZMENY,IDREKORD,ID_ARCHIV) values ('1109','ZAMESTNANEC','U',to_date('11.12.25','DD.MM.RR'),'Lucie Fialova','47');
Insert into LOG (ID_LOG,TABULKANAZEV,OPERACE,DATUMZMENY,IDREKORD,ID_ARCHIV) values ('1110','ZAMESTNANEC','U',to_date('11.12.25','DD.MM.RR'),'Denis Tkach','47');
Insert into LOG (ID_LOG,TABULKANAZEV,OPERACE,DATUMZMENY,IDREKORD,ID_ARCHIV) values ('1111','PRAVO','U',to_date('11.12.25','DD.MM.RR'),'VIEW_FINANCE','48');
Insert into LOG (ID_LOG,TABULKANAZEV,OPERACE,DATUMZMENY,IDREKORD,ID_ARCHIV) values ('1112','APP_ROLE_PRAVO','I',to_date('11.12.25','DD.MM.RR'),'role=MANAZER; pravo=VIEW_FINANCE','48');
Insert into LOG (ID_LOG,TABULKANAZEV,OPERACE,DATUMZMENY,IDREKORD,ID_ARCHIV) values ('1113','UCET','I',to_date('11.12.25','DD.MM.RR'),'UCET Tereza Doubkova','51');
Insert into LOG (ID_LOG,TABULKANAZEV,OPERACE,DATUMZMENY,IDREKORD,ID_ARCHIV) values ('1114','ADRESA','U',to_date('11.12.25','DD.MM.RR'),'Dlouhá 3/1','48');
Insert into LOG (ID_LOG,TABULKANAZEV,OPERACE,DATUMZMENY,IDREKORD,ID_ARCHIV) values ('1115','UZIVATEL','U',to_date('11.12.25','DD.MM.RR'),'Katerina Benesova','47');
Insert into LOG (ID_LOG,TABULKANAZEV,OPERACE,DATUMZMENY,IDREKORD,ID_ARCHIV) values ('1116','ADRESA','U',to_date('11.12.25','DD.MM.RR'),'Borovského 14/1','48');
Insert into LOG (ID_LOG,TABULKANAZEV,OPERACE,DATUMZMENY,IDREKORD,ID_ARCHIV) values ('1117','UZIVATEL','U',to_date('11.12.25','DD.MM.RR'),'Eva Kovarova','47');
Insert into LOG (ID_LOG,TABULKANAZEV,OPERACE,DATUMZMENY,IDREKORD,ID_ARCHIV) values ('1118','OBJEDNAVKA','U',to_date('11.12.25','DD.MM.RR'),'Alan Bartunek','17');
Insert into LOG (ID_LOG,TABULKANAZEV,OPERACE,DATUMZMENY,IDREKORD,ID_ARCHIV) values ('1035','PLATBA','D',to_date('10.12.25','DD.MM.RR'),'PLATBA 2025-12-10 22:22 / Supermarket Praha Centrum','9');
Insert into LOG (ID_LOG,TABULKANAZEV,OPERACE,DATUMZMENY,IDREKORD,ID_ARCHIV) values ('1036','POHYB_UCTU','D',to_date('10.12.25','DD.MM.RR'),'POHYB / Alan Bartunek','51');
Insert into LOG (ID_LOG,TABULKANAZEV,OPERACE,DATUMZMENY,IDREKORD,ID_ARCHIV) values ('1037','OBJEDNAVKA','D',to_date('10.12.25','DD.MM.RR'),'Alan Bartunek','8');
Insert into LOG (ID_LOG,TABULKANAZEV,OPERACE,DATUMZMENY,IDREKORD,ID_ARCHIV) values ('1049','OBJEDNAVKA','I',to_date('11.12.25','DD.MM.RR'),'Denys Tkach','8');
Insert into LOG (ID_LOG,TABULKANAZEV,OPERACE,DATUMZMENY,IDREKORD,ID_ARCHIV) values ('1050','PLATBA','I',to_date('11.12.25','DD.MM.RR'),'PLATBA 2025-12-11 00:03 / Supermarket Praha Centrum','9');
Insert into LOG (ID_LOG,TABULKANAZEV,OPERACE,DATUMZMENY,IDREKORD,ID_ARCHIV) values ('1051','OBJEDNAVKA','I',to_date('11.12.25','DD.MM.RR'),'Denys Tkach','8');
Insert into LOG (ID_LOG,TABULKANAZEV,OPERACE,DATUMZMENY,IDREKORD,ID_ARCHIV) values ('1052','POHYB_UCTU','I',to_date('11.12.25','DD.MM.RR'),'POHYB / Denys Tkach','51');
Insert into LOG (ID_LOG,TABULKANAZEV,OPERACE,DATUMZMENY,IDREKORD,ID_ARCHIV) values ('1053','UCET','U',to_date('11.12.25','DD.MM.RR'),'UCET Denys Tkach','51');
Insert into LOG (ID_LOG,TABULKANAZEV,OPERACE,DATUMZMENY,IDREKORD,ID_ARCHIV) values ('1054','PLATBA','I',to_date('11.12.25','DD.MM.RR'),'PLATBA 2025-12-11 00:13 / Supermarket Praha Centrum','9');
Insert into LOG (ID_LOG,TABULKANAZEV,OPERACE,DATUMZMENY,IDREKORD,ID_ARCHIV) values ('1057','PLATBA','D',to_date('11.12.25','DD.MM.RR'),'PLATBA 2025-12-11 00:13 / Supermarket Praha Centrum','9');
Insert into LOG (ID_LOG,TABULKANAZEV,OPERACE,DATUMZMENY,IDREKORD,ID_ARCHIV) values ('1058','POHYB_UCTU','D',to_date('11.12.25','DD.MM.RR'),'POHYB / Denys Tkach','51');
Insert into LOG (ID_LOG,TABULKANAZEV,OPERACE,DATUMZMENY,IDREKORD,ID_ARCHIV) values ('1059','OBJEDNAVKA','D',to_date('11.12.25','DD.MM.RR'),'Denys Tkach','8');
Insert into LOG (ID_LOG,TABULKANAZEV,OPERACE,DATUMZMENY,IDREKORD,ID_ARCHIV) values ('1066','APP_ROLE_PRAVO','D',to_date('11.12.25','DD.MM.RR'),'role=ADMIN; pravo=EDIT_ORDERS','48');
Insert into LOG (ID_LOG,TABULKANAZEV,OPERACE,DATUMZMENY,IDREKORD,ID_ARCHIV) values ('1067','PRAVO','D',to_date('11.12.25','DD.MM.RR'),'EDIT_ORDERS','48');
Insert into LOG (ID_LOG,TABULKANAZEV,OPERACE,DATUMZMENY,IDREKORD,ID_ARCHIV) values ('1073','APP_ROLE_PRAVO','D',to_date('11.12.25','DD.MM.RR'),'role=DODAVATEL; pravo=VIEW_WAREHOUSE','48');
Insert into LOG (ID_LOG,TABULKANAZEV,OPERACE,DATUMZMENY,IDREKORD,ID_ARCHIV) values ('1091','ZAMESTNANEC','U',to_date('11.12.25','DD.MM.RR'),'Jan Sykor','47');
Insert into LOG (ID_LOG,TABULKANAZEV,OPERACE,DATUMZMENY,IDREKORD,ID_ARCHIV) values ('1092','ZAMESTNANEC','U',to_date('11.12.25','DD.MM.RR'),'Dominik Slavik','47');
Insert into LOG (ID_LOG,TABULKANAZEV,OPERACE,DATUMZMENY,IDREKORD,ID_ARCHIV) values ('1093','ZAMESTNANEC','U',to_date('11.12.25','DD.MM.RR'),'Katerina Benesova','47');
Insert into LOG (ID_LOG,TABULKANAZEV,OPERACE,DATUMZMENY,IDREKORD,ID_ARCHIV) values ('1094','ZAMESTNANEC','U',to_date('11.12.25','DD.MM.RR'),'Jana Sedlackova','47');
Insert into LOG (ID_LOG,TABULKANAZEV,OPERACE,DATUMZMENY,IDREKORD,ID_ARCHIV) values ('1042','PLATBA','D',to_date('10.12.25','DD.MM.RR'),'PLATBA 2025-12-09 23:59 / Supermarket Praha Centrum','9');
Insert into LOG (ID_LOG,TABULKANAZEV,OPERACE,DATUMZMENY,IDREKORD,ID_ARCHIV) values ('1043','OBJEDNAVKA','D',to_date('10.12.25','DD.MM.RR'),'Adam Benes','8');
Insert into LOG (ID_LOG,TABULKANAZEV,OPERACE,DATUMZMENY,IDREKORD,ID_ARCHIV) values ('1061','APP_ROLE_PRAVO','D',to_date('11.12.25','DD.MM.RR'),'role=ADMIN; pravo=CUSTOMER_HISTORY','48');
Insert into LOG (ID_LOG,TABULKANAZEV,OPERACE,DATUMZMENY,IDREKORD,ID_ARCHIV) values ('1095','ZAMESTNANEC','U',to_date('11.12.25','DD.MM.RR'),'Eva Kovarova','47');
Insert into LOG (ID_LOG,TABULKANAZEV,OPERACE,DATUMZMENY,IDREKORD,ID_ARCHIV) values ('1096','ZAMESTNANEC','U',to_date('11.12.25','DD.MM.RR'),'Monika Reznikova','47');
Insert into LOG (ID_LOG,TABULKANAZEV,OPERACE,DATUMZMENY,IDREKORD,ID_ARCHIV) values ('1097','ZAMESTNANEC','U',to_date('11.12.25','DD.MM.RR'),'Adela Liskova','47');
Insert into LOG (ID_LOG,TABULKANAZEV,OPERACE,DATUMZMENY,IDREKORD,ID_ARCHIV) values ('1098','ZAMESTNANEC','U',to_date('11.12.25','DD.MM.RR'),'Hana Kubesova','47');
Insert into LOG (ID_LOG,TABULKANAZEV,OPERACE,DATUMZMENY,IDREKORD,ID_ARCHIV) values ('1099','ZAMESTNANEC','U',to_date('11.12.25','DD.MM.RR'),'Veronika Ulrichova','47');
Insert into LOG (ID_LOG,TABULKANAZEV,OPERACE,DATUMZMENY,IDREKORD,ID_ARCHIV) values ('1100','ZAMESTNANEC','U',to_date('11.12.25','DD.MM.RR'),'Barbora Michalikova','47');
Insert into LOG (ID_LOG,TABULKANAZEV,OPERACE,DATUMZMENY,IDREKORD,ID_ARCHIV) values ('1101','ZAMESTNANEC','U',to_date('11.12.25','DD.MM.RR'),'Tereza Doubkova','47');
Insert into LOG (ID_LOG,TABULKANAZEV,OPERACE,DATUMZMENY,IDREKORD,ID_ARCHIV) values ('1102','ZAMESTNANEC','U',to_date('11.12.25','DD.MM.RR'),'Karel Balez','47');
Insert into LOG (ID_LOG,TABULKANAZEV,OPERACE,DATUMZMENY,IDREKORD,ID_ARCHIV) values ('1103','ZAMESTNANEC','U',to_date('11.12.25','DD.MM.RR'),'Leo Klement','47');
Insert into LOG (ID_LOG,TABULKANAZEV,OPERACE,DATUMZMENY,IDREKORD,ID_ARCHIV) values ('1104','ZAMESTNANEC','U',to_date('11.12.25','DD.MM.RR'),'Jaroslav Rada','47');
Insert into LOG (ID_LOG,TABULKANAZEV,OPERACE,DATUMZMENY,IDREKORD,ID_ARCHIV) values ('1105','ZAMESTNANEC','U',to_date('11.12.25','DD.MM.RR'),'Dominik Barta','47');
Insert into LOG (ID_LOG,TABULKANAZEV,OPERACE,DATUMZMENY,IDREKORD,ID_ARCHIV) values ('1106','ZAMESTNANEC','U',to_date('11.12.25','DD.MM.RR'),'Jan Herda','47');
Insert into LOG (ID_LOG,TABULKANAZEV,OPERACE,DATUMZMENY,IDREKORD,ID_ARCHIV) values ('1107','ZAMESTNANEC','U',to_date('11.12.25','DD.MM.RR'),'Adam Richter','47');
Insert into LOG (ID_LOG,TABULKANAZEV,OPERACE,DATUMZMENY,IDREKORD,ID_ARCHIV) values ('1108','ZAMESTNANEC','U',to_date('11.12.25','DD.MM.RR'),'Jiri Kopecky','47');
Insert into LOG (ID_LOG,TABULKANAZEV,OPERACE,DATUMZMENY,IDREKORD,ID_ARCHIV) values ('1008','OBJEDNAVKA','U',to_date('10.12.25','DD.MM.RR'),'Jiri Houska','8');
Insert into LOG (ID_LOG,TABULKANAZEV,OPERACE,DATUMZMENY,IDREKORD,ID_ARCHIV) values ('1009','OBJEDNAVKA','U',to_date('10.12.25','DD.MM.RR'),'Radek Janda','8');
Insert into LOG (ID_LOG,TABULKANAZEV,OPERACE,DATUMZMENY,IDREKORD,ID_ARCHIV) values ('1010','OBJEDNAVKA','U',to_date('10.12.25','DD.MM.RR'),'Daniel Slama','17');
Insert into LOG (ID_LOG,TABULKANAZEV,OPERACE,DATUMZMENY,IDREKORD,ID_ARCHIV) values ('1011','OBJEDNAVKA','U',to_date('10.12.25','DD.MM.RR'),'Adam Benes','17');
Insert into LOG (ID_LOG,TABULKANAZEV,OPERACE,DATUMZMENY,IDREKORD,ID_ARCHIV) values ('1012','OBJEDNAVKA','U',to_date('10.12.25','DD.MM.RR'),'Adam Benes','8');
Insert into LOG (ID_LOG,TABULKANAZEV,OPERACE,DATUMZMENY,IDREKORD,ID_ARCHIV) values ('1013','OBJEDNAVKA','U',to_date('10.12.25','DD.MM.RR'),'Alan Bartunek','8');
Insert into LOG (ID_LOG,TABULKANAZEV,OPERACE,DATUMZMENY,IDREKORD,ID_ARCHIV) values ('1014','OBJEDNAVKA','U',to_date('10.12.25','DD.MM.RR'),'Alan Bartunek','8');
Insert into LOG (ID_LOG,TABULKANAZEV,OPERACE,DATUMZMENY,IDREKORD,ID_ARCHIV) values ('1015','OBJEDNAVKA','U',to_date('10.12.25','DD.MM.RR'),'Ondrej Racek','8');
Insert into LOG (ID_LOG,TABULKANAZEV,OPERACE,DATUMZMENY,IDREKORD,ID_ARCHIV) values ('1016','OBJEDNAVKA','U',to_date('10.12.25','DD.MM.RR'),'Adam Benes','44');
Insert into LOG (ID_LOG,TABULKANAZEV,OPERACE,DATUMZMENY,IDREKORD,ID_ARCHIV) values ('1017','OBJEDNAVKA','U',to_date('10.12.25','DD.MM.RR'),'Michal Simek','8');
Insert into LOG (ID_LOG,TABULKANAZEV,OPERACE,DATUMZMENY,IDREKORD,ID_ARCHIV) values ('1018','OBJEDNAVKA','U',to_date('10.12.25','DD.MM.RR'),'Denys Tkach','8');
Insert into LOG (ID_LOG,TABULKANAZEV,OPERACE,DATUMZMENY,IDREKORD,ID_ARCHIV) values ('1019','OBJEDNAVKA','U',to_date('10.12.25','DD.MM.RR'),'Denys Tkach','8');
Insert into LOG (ID_LOG,TABULKANAZEV,OPERACE,DATUMZMENY,IDREKORD,ID_ARCHIV) values ('1020','OBJEDNAVKA','U',to_date('10.12.25','DD.MM.RR'),'David Prochazka','17');
Insert into LOG (ID_LOG,TABULKANAZEV,OPERACE,DATUMZMENY,IDREKORD,ID_ARCHIV) values ('1021','OBJEDNAVKA','U',to_date('10.12.25','DD.MM.RR'),'Adam Benes','8');
Insert into LOG (ID_LOG,TABULKANAZEV,OPERACE,DATUMZMENY,IDREKORD,ID_ARCHIV) values ('1022','OBJEDNAVKA','U',to_date('10.12.25','DD.MM.RR'),'Petr Kral','8');
Insert into LOG (ID_LOG,TABULKANAZEV,OPERACE,DATUMZMENY,IDREKORD,ID_ARCHIV) values ('1023','OBJEDNAVKA','U',to_date('10.12.25','DD.MM.RR'),'Petr Kral','17');
Insert into LOG (ID_LOG,TABULKANAZEV,OPERACE,DATUMZMENY,IDREKORD,ID_ARCHIV) values ('1024','OBJEDNAVKA','U',to_date('10.12.25','DD.MM.RR'),'Alan Bartunek','8');
Insert into LOG (ID_LOG,TABULKANAZEV,OPERACE,DATUMZMENY,IDREKORD,ID_ARCHIV) values ('1025','OBJEDNAVKA','U',to_date('10.12.25','DD.MM.RR'),'Adam Benes','8');
Insert into LOG (ID_LOG,TABULKANAZEV,OPERACE,DATUMZMENY,IDREKORD,ID_ARCHIV) values ('1026','OBJEDNAVKA','U',to_date('10.12.25','DD.MM.RR'),'Alan Bartunek','8');
Insert into LOG (ID_LOG,TABULKANAZEV,OPERACE,DATUMZMENY,IDREKORD,ID_ARCHIV) values ('1027','OBJEDNAVKA','U',to_date('10.12.25','DD.MM.RR'),'Adam Benes','8');
Insert into LOG (ID_LOG,TABULKANAZEV,OPERACE,DATUMZMENY,IDREKORD,ID_ARCHIV) values ('1028','OBJEDNAVKA','U',to_date('10.12.25','DD.MM.RR'),'Alan Bartunek','8');
Insert into LOG (ID_LOG,TABULKANAZEV,OPERACE,DATUMZMENY,IDREKORD,ID_ARCHIV) values ('1029','OBJEDNAVKA','U',to_date('10.12.25','DD.MM.RR'),'Alan Bartunek','8');
Insert into LOG (ID_LOG,TABULKANAZEV,OPERACE,DATUMZMENY,IDREKORD,ID_ARCHIV) values ('1030','OBJEDNAVKA','U',to_date('10.12.25','DD.MM.RR'),'Erik Cerny','8');
Insert into LOG (ID_LOG,TABULKANAZEV,OPERACE,DATUMZMENY,IDREKORD,ID_ARCHIV) values ('1031','OBJEDNAVKA','U',to_date('10.12.25','DD.MM.RR'),'Adam Benes','8');
Insert into LOG (ID_LOG,TABULKANAZEV,OPERACE,DATUMZMENY,IDREKORD,ID_ARCHIV) values ('1032','OBJEDNAVKA','U',to_date('10.12.25','DD.MM.RR'),'Erik Cerny','8');
Insert into LOG (ID_LOG,TABULKANAZEV,OPERACE,DATUMZMENY,IDREKORD,ID_ARCHIV) values ('1033','POHYB_UCTU','I',to_date('10.12.25','DD.MM.RR'),'POHYB / Anna Shabossova','51');
Insert into LOG (ID_LOG,TABULKANAZEV,OPERACE,DATUMZMENY,IDREKORD,ID_ARCHIV) values ('1034','UCET','U',to_date('10.12.25','DD.MM.RR'),'UCET Anna Shabossova','51');
Insert into LOG (ID_LOG,TABULKANAZEV,OPERACE,DATUMZMENY,IDREKORD,ID_ARCHIV) values ('1038','PLATBA','D',to_date('10.12.25','DD.MM.RR'),'PLATBA 2025-12-10 22:27 / Supermarket Praha Centrum','9');
Insert into LOG (ID_LOG,TABULKANAZEV,OPERACE,DATUMZMENY,IDREKORD,ID_ARCHIV) values ('1039','POHYB_UCTU','D',to_date('10.12.25','DD.MM.RR'),'POHYB / Alan Bartunek','51');
Insert into LOG (ID_LOG,TABULKANAZEV,OPERACE,DATUMZMENY,IDREKORD,ID_ARCHIV) values ('1040','POHYB_UCTU','D',to_date('10.12.25','DD.MM.RR'),'POHYB / Alan Bartunek','51');
Insert into LOG (ID_LOG,TABULKANAZEV,OPERACE,DATUMZMENY,IDREKORD,ID_ARCHIV) values ('1041','OBJEDNAVKA','D',to_date('10.12.25','DD.MM.RR'),'Alan Bartunek','8');
Insert into LOG (ID_LOG,TABULKANAZEV,OPERACE,DATUMZMENY,IDREKORD,ID_ARCHIV) values ('1060','APP_ROLE_PRAVO','D',to_date('11.12.25','DD.MM.RR'),'role=ADMIN; pravo=CLIENT_ORDER_MANAGE','48');
Insert into LOG (ID_LOG,TABULKANAZEV,OPERACE,DATUMZMENY,IDREKORD,ID_ARCHIV) values ('1062','PLATBA','D',to_date('11.12.25','DD.MM.RR'),'PLATBA 2025-12-10 21:36 / Supermarket Praha Centrum','9');
Insert into LOG (ID_LOG,TABULKANAZEV,OPERACE,DATUMZMENY,IDREKORD,ID_ARCHIV) values ('1063','POHYB_UCTU','D',to_date('11.12.25','DD.MM.RR'),'POHYB / Alan Bartunek','51');
Insert into LOG (ID_LOG,TABULKANAZEV,OPERACE,DATUMZMENY,IDREKORD,ID_ARCHIV) values ('1064','POHYB_UCTU','D',to_date('11.12.25','DD.MM.RR'),'POHYB / Alan Bartunek','51');
Insert into LOG (ID_LOG,TABULKANAZEV,OPERACE,DATUMZMENY,IDREKORD,ID_ARCHIV) values ('1065','OBJEDNAVKA','D',to_date('11.12.25','DD.MM.RR'),'Alan Bartunek','8');
Insert into LOG (ID_LOG,TABULKANAZEV,OPERACE,DATUMZMENY,IDREKORD,ID_ARCHIV) values ('1068','APP_ROLE_PRAVO','D',to_date('11.12.25','DD.MM.RR'),'role=ADMIN; pravo=FULL_ADMIN','48');
Insert into LOG (ID_LOG,TABULKANAZEV,OPERACE,DATUMZMENY,IDREKORD,ID_ARCHIV) values ('1069','PRAVO','D',to_date('11.12.25','DD.MM.RR'),'FULL_ADMIN','48');
Insert into LOG (ID_LOG,TABULKANAZEV,OPERACE,DATUMZMENY,IDREKORD,ID_ARCHIV) values ('1074','ZAMESTNANEC','U',to_date('11.12.25','DD.MM.RR'),'Pavel Pepr','47');
Insert into LOG (ID_LOG,TABULKANAZEV,OPERACE,DATUMZMENY,IDREKORD,ID_ARCHIV) values ('1075','ZAMESTNANEC','U',to_date('11.12.25','DD.MM.RR'),'Tomas Vesely','47');
Insert into LOG (ID_LOG,TABULKANAZEV,OPERACE,DATUMZMENY,IDREKORD,ID_ARCHIV) values ('1120','APP_ROLE_PRAVO','D',to_date('11.12.25','DD.MM.RR'),'role=ANALYTIK; pravo=VIEW_ARCHIVE','48');
Insert into LOG (ID_LOG,TABULKANAZEV,OPERACE,DATUMZMENY,IDREKORD,ID_ARCHIV) values ('1123','APP_ROLE_PRAVO','I',to_date('11.12.25','DD.MM.RR'),'role=SUPERVIZOR; pravo=VIEW_ORDERS','48');
Insert into LOG (ID_LOG,TABULKANAZEV,OPERACE,DATUMZMENY,IDREKORD,ID_ARCHIV) values ('1119','OBJEDNAVKA','U',to_date('11.12.25','DD.MM.RR'),'Alan Bartunek','8');
Insert into LOG (ID_LOG,TABULKANAZEV,OPERACE,DATUMZMENY,IDREKORD,ID_ARCHIV) values ('1121','UCET','I',to_date('11.12.25','DD.MM.RR'),'UCET Karel Balez','51');
Insert into LOG (ID_LOG,TABULKANAZEV,OPERACE,DATUMZMENY,IDREKORD,ID_ARCHIV) values ('1122','APP_ROLE_PRAVO','D',to_date('11.12.25','DD.MM.RR'),'role=ZAKAZNIK; pravo=VIEW_ORDERS','48');
REM INSERTING into MESTO
SET DEFINE OFF;
Insert into MESTO (PSC,NAZEV,KRAJ) values ('11000','Praha 1','Hlavní město Praha');
Insert into MESTO (PSC,NAZEV,KRAJ) values ('12000','Praha 2','Hlavní město Praha');
Insert into MESTO (PSC,NAZEV,KRAJ) values ('13000','Praha 3','Hlavní město Praha');
Insert into MESTO (PSC,NAZEV,KRAJ) values ('14000','Praha 4','Hlavní město Praha');
Insert into MESTO (PSC,NAZEV,KRAJ) values ('17000','Praha 7','Hlavní město Praha');
Insert into MESTO (PSC,NAZEV,KRAJ) values ('53009','Pardubice','Pardubický kraj');
Insert into MESTO (PSC,NAZEV,KRAJ) values ('50002','Hradec Králové','Královéhradecký kraj');
Insert into MESTO (PSC,NAZEV,KRAJ) values ('60200','Brno','Jihomoravský kraj');
Insert into MESTO (PSC,NAZEV,KRAJ) values ('30100','Plzeň','Plzeňský kraj');
Insert into MESTO (PSC,NAZEV,KRAJ) values ('70200','Ostrava','Moravskoslezský kraj');
Insert into MESTO (PSC,NAZEV,KRAJ) values ('46001','Liberec','Liberecký kraj');
Insert into MESTO (PSC,NAZEV,KRAJ) values ('37001','České Budějovice','Jihočeský kraj');
Insert into MESTO (PSC,NAZEV,KRAJ) values ('77900','Olomouc','Olomoucký kraj');
Insert into MESTO (PSC,NAZEV,KRAJ) values ('40001','Ústí nad Labem','Ústecký kraj');
Insert into MESTO (PSC,NAZEV,KRAJ) values ('41501','Teplice','Ústecký kraj');
Insert into MESTO (PSC,NAZEV,KRAJ) values ('58601','Jihlava','Kraj Vysočina');
Insert into MESTO (PSC,NAZEV,KRAJ) values ('69002','Břeclav','Jihomoravský kraj');
Insert into MESTO (PSC,NAZEV,KRAJ) values ('29301','Mladá Boleslav','Středočeský kraj');
Insert into MESTO (PSC,NAZEV,KRAJ) values ('72802','Karviná','Moravskoslezský kraj');
REM INSERTING into NOTIFIKACE
SET DEFINE OFF;
Insert into NOTIFIKACE (ID_NOTIFIKACE,AUTHTOKEN,ENDPOINT,P256DH,ADRESAT,ID_ZPRAVA) values ('10','fyUzhd2LZihr2qG6e3/19A==','https://fcm.googleapis.com/fcm/send/fY-2dc6v8FU:APA91bH1C0rTUn8U9z_pJ5tXnPtZrlnBGfgKmoNasrALljFQam6iiQYKDataBfyHL1iquctefmNIs3ZftHhSVpyI9b34yg9S789Y6jJuwCU6bkHA3sSwqxi7rR4PvU_5haAvzV3ku-N5','BAzz8T3LooI8/CnEBsTH2/vfPPXjzxwV4G30Gx733u4fEinWA2OHrqlmiL9edluSiL1JivR/tK+9PP4OY4K07O4=','david.prochazka@admin.cz','131');
Insert into NOTIFIKACE (ID_NOTIFIKACE,AUTHTOKEN,ENDPOINT,P256DH,ADRESAT,ID_ZPRAVA) values ('18','u4mHYAmJZsEDGwkeYrsTGQ==','https://web.push.apple.com/QKzHNIB96tgDPV18HO_LIgBBaYBlSqyd_VzwUop8uWRdY6Gupbs79Ltwf0p0Cgd0VSFTT6dgNLpcbZpCVX3eXcozpURdcXN7KrxlNnD4WYdqoJXkkOk42Bos1LAu-ykMMwAgAjSIEiFsY6u-jdPnhYtDxqrdndOK9sy02TffPAY','BBc7+3+UcHa0R4Wcvw2dsGpFEvml4ElneQl7MGHspr6s9/niYbnDbrlBoEwUQVuyrd+KEN/E4VZOi9BI1BhY5kE=','anna@example.com','16');
Insert into NOTIFIKACE (ID_NOTIFIKACE,AUTHTOKEN,ENDPOINT,P256DH,ADRESAT,ID_ZPRAVA) values ('20','QUilYbfFqmPcFqU3R6/PPA==','https://fcm.googleapis.com/fcm/send/cILzqOvhUOE:APA91bFlCcNTFwxaREACWZSy8cJ5vOEkl3S7tEfbh3XIssoLU9caYRBfuptvrBacmaYnFYe9gCqRv4Gk_vgw5iDTFsMVxAtAKBeqpzdw2FgbOWync-kDYg7F4ey8fvUOyhunULDRvPAa','BJs1BtDAsylJJ16gW+PNFqBDvom0SEntbBlX7bOFVHqv5YUvKsrq3w62BRBt/ycYB+8sdPtFIxpOn3OmHs/iWNY=','tkachden1308@gmail.com','262');
Insert into NOTIFIKACE (ID_NOTIFIKACE,AUTHTOKEN,ENDPOINT,P256DH,ADRESAT,ID_ZPRAVA) values ('23','t61Z4B1ofH1JZMvij58AAw==','https://web.push.apple.com/QCLiHjIGgYw4KSy_J0XI7rm4dg_4_rnUATnpAUl94q0NW1m6tbBJtaaKt9Y1nSfDDllPpLhe0eWcHAhYRjG8qYmFyHxZ3AaXGlxlqBUB9FpqPzOL7mef1jcxzeThatU2oQpqgbFNdgmIA2pKrT-sSbGuf4N_RVjmpfMUK7WF4qI','BDD0mG7XTv+M9jOuhh/BWHc1eLuilQBWNAFy7CeIgv0KPJTejtlld6tu+3lCgodfPaNs/4ii3YM5PgDTLRzzZ7M=','shabossova@admin.cz','277');
REM INSERTING into OBJEDNAVKA
SET DEFINE OFF;
Insert into OBJEDNAVKA (ID_OBJEDNAVKA,DATUM,ID_STATUS,TYP_OBJEDNAVKA,ID_UZIVATEL,ID_SUPERMARKET,ID_OBSLUHA,CISLO) values ('109',to_date('09.12.25','DD.MM.RR'),'6','DODAVATEL','12','1',null,'2025-010586');
Insert into OBJEDNAVKA (ID_OBJEDNAVKA,DATUM,ID_STATUS,TYP_OBJEDNAVKA,ID_UZIVATEL,ID_SUPERMARKET,ID_OBSLUHA,CISLO) values ('110',to_date('09.12.25','DD.MM.RR'),'6','DODAVATEL','12','1',null,'2025-010683');
Insert into OBJEDNAVKA (ID_OBJEDNAVKA,DATUM,ID_STATUS,TYP_OBJEDNAVKA,ID_UZIVATEL,ID_SUPERMARKET,ID_OBSLUHA,CISLO) values ('106',to_date('09.12.25','DD.MM.RR'),'5','INTERNI','1','1',null,'2025-010295');
Insert into OBJEDNAVKA (ID_OBJEDNAVKA,DATUM,ID_STATUS,TYP_OBJEDNAVKA,ID_UZIVATEL,ID_SUPERMARKET,ID_OBSLUHA,CISLO) values ('111',to_date('09.12.25','DD.MM.RR'),'6','DODAVATEL','12','2',null,'2025-010780');
Insert into OBJEDNAVKA (ID_OBJEDNAVKA,DATUM,ID_STATUS,TYP_OBJEDNAVKA,ID_UZIVATEL,ID_SUPERMARKET,ID_OBSLUHA,CISLO) values ('112',to_date('09.12.25','DD.MM.RR'),'6','DODAVATEL','12','1',null,'2025-010877');
Insert into OBJEDNAVKA (ID_OBJEDNAVKA,DATUM,ID_STATUS,TYP_OBJEDNAVKA,ID_UZIVATEL,ID_SUPERMARKET,ID_OBSLUHA,CISLO) values ('115',to_date('09.12.25','DD.MM.RR'),'5','DODAVATEL','22','2',null,'2025-011168');
Insert into OBJEDNAVKA (ID_OBJEDNAVKA,DATUM,ID_STATUS,TYP_OBJEDNAVKA,ID_UZIVATEL,ID_SUPERMARKET,ID_OBSLUHA,CISLO) values ('122',to_date('10.12.25','DD.MM.RR'),'5','DODAVATEL','22','2',null,'2025-011847');
Insert into OBJEDNAVKA (ID_OBJEDNAVKA,DATUM,ID_STATUS,TYP_OBJEDNAVKA,ID_UZIVATEL,ID_SUPERMARKET,ID_OBSLUHA,CISLO) values ('123',to_date('10.12.25','DD.MM.RR'),'6','ZAKAZNIK','51','1','27','2025-011944');
Insert into OBJEDNAVKA (ID_OBJEDNAVKA,DATUM,ID_STATUS,TYP_OBJEDNAVKA,ID_UZIVATEL,ID_SUPERMARKET,ID_OBSLUHA,CISLO) values ('124',to_date('10.12.25','DD.MM.RR'),'6','ZAKAZNIK','51','1','41','2025-012041');
Insert into OBJEDNAVKA (ID_OBJEDNAVKA,DATUM,ID_STATUS,TYP_OBJEDNAVKA,ID_UZIVATEL,ID_SUPERMARKET,ID_OBSLUHA,CISLO) values ('125',to_date('10.12.25','DD.MM.RR'),'5','ZAKAZNIK','51','1','27','2025-012138');
Insert into OBJEDNAVKA (ID_OBJEDNAVKA,DATUM,ID_STATUS,TYP_OBJEDNAVKA,ID_UZIVATEL,ID_SUPERMARKET,ID_OBSLUHA,CISLO) values ('126',to_date('10.12.25','DD.MM.RR'),'5','ZAKAZNIK','51','1','27','2025-012235');
Insert into OBJEDNAVKA (ID_OBJEDNAVKA,DATUM,ID_STATUS,TYP_OBJEDNAVKA,ID_UZIVATEL,ID_SUPERMARKET,ID_OBSLUHA,CISLO) values ('127',to_date('10.12.25','DD.MM.RR'),'1','DODAVATEL','1','1',null,'2025-012332');
Insert into OBJEDNAVKA (ID_OBJEDNAVKA,DATUM,ID_STATUS,TYP_OBJEDNAVKA,ID_UZIVATEL,ID_SUPERMARKET,ID_OBSLUHA,CISLO) values ('128',to_date('10.12.25','DD.MM.RR'),'5','ZAKAZNIK','55','1','27','2025-012429');
Insert into OBJEDNAVKA (ID_OBJEDNAVKA,DATUM,ID_STATUS,TYP_OBJEDNAVKA,ID_UZIVATEL,ID_SUPERMARKET,ID_OBSLUHA,CISLO) values ('143',to_date('10.12.25','DD.MM.RR'),'5','ZAKAZNIK','51','1','27','2025-013884');
Insert into OBJEDNAVKA (ID_OBJEDNAVKA,DATUM,ID_STATUS,TYP_OBJEDNAVKA,ID_UZIVATEL,ID_SUPERMARKET,ID_OBSLUHA,CISLO) values ('153',to_date('10.12.25','DD.MM.RR'),'5','ZAKAZNIK','51','1','41','2025-014854');
Insert into OBJEDNAVKA (ID_OBJEDNAVKA,DATUM,ID_STATUS,TYP_OBJEDNAVKA,ID_UZIVATEL,ID_SUPERMARKET,ID_OBSLUHA,CISLO) values ('1',to_date('01.09.25','DD.MM.RR'),'5','ZAKAZNIK','28','1',null,'2025-000110');
Insert into OBJEDNAVKA (ID_OBJEDNAVKA,DATUM,ID_STATUS,TYP_OBJEDNAVKA,ID_UZIVATEL,ID_SUPERMARKET,ID_OBSLUHA,CISLO) values ('2',to_date('01.09.25','DD.MM.RR'),'6','DODAVATEL','3','2',null,'2025-000207');
Insert into OBJEDNAVKA (ID_OBJEDNAVKA,DATUM,ID_STATUS,TYP_OBJEDNAVKA,ID_UZIVATEL,ID_SUPERMARKET,ID_OBSLUHA,CISLO) values ('3',to_date('02.09.25','DD.MM.RR'),'5','ZAKAZNIK','45','2',null,'2025-000304');
Insert into OBJEDNAVKA (ID_OBJEDNAVKA,DATUM,ID_STATUS,TYP_OBJEDNAVKA,ID_UZIVATEL,ID_SUPERMARKET,ID_OBSLUHA,CISLO) values ('4',to_date('03.09.25','DD.MM.RR'),'6','DODAVATEL','15','1',null,'2025-000401');
Insert into OBJEDNAVKA (ID_OBJEDNAVKA,DATUM,ID_STATUS,TYP_OBJEDNAVKA,ID_UZIVATEL,ID_SUPERMARKET,ID_OBSLUHA,CISLO) values ('5',to_date('04.09.25','DD.MM.RR'),'5','ZAKAZNIK','22','1',null,'2025-000498');
Insert into OBJEDNAVKA (ID_OBJEDNAVKA,DATUM,ID_STATUS,TYP_OBJEDNAVKA,ID_UZIVATEL,ID_SUPERMARKET,ID_OBSLUHA,CISLO) values ('6',to_date('05.09.25','DD.MM.RR'),'5','ZAKAZNIK','33','2',null,'2025-000595');
Insert into OBJEDNAVKA (ID_OBJEDNAVKA,DATUM,ID_STATUS,TYP_OBJEDNAVKA,ID_UZIVATEL,ID_SUPERMARKET,ID_OBSLUHA,CISLO) values ('7',to_date('07.09.25','DD.MM.RR'),'6','DODAVATEL','8','1',null,'2025-000692');
Insert into OBJEDNAVKA (ID_OBJEDNAVKA,DATUM,ID_STATUS,TYP_OBJEDNAVKA,ID_UZIVATEL,ID_SUPERMARKET,ID_OBSLUHA,CISLO) values ('8',to_date('07.09.25','DD.MM.RR'),'5','ZAKAZNIK','51','2',null,'2025-000789');
Insert into OBJEDNAVKA (ID_OBJEDNAVKA,DATUM,ID_STATUS,TYP_OBJEDNAVKA,ID_UZIVATEL,ID_SUPERMARKET,ID_OBSLUHA,CISLO) values ('9',to_date('08.09.25','DD.MM.RR'),'6','ZAKAZNIK','24','1',null,'2025-000886');
Insert into OBJEDNAVKA (ID_OBJEDNAVKA,DATUM,ID_STATUS,TYP_OBJEDNAVKA,ID_UZIVATEL,ID_SUPERMARKET,ID_OBSLUHA,CISLO) values ('10',to_date('10.09.25','DD.MM.RR'),'5','DODAVATEL','11','1',null,'2025-000983');
Insert into OBJEDNAVKA (ID_OBJEDNAVKA,DATUM,ID_STATUS,TYP_OBJEDNAVKA,ID_UZIVATEL,ID_SUPERMARKET,ID_OBSLUHA,CISLO) values ('11',to_date('12.09.25','DD.MM.RR'),'5','ZAKAZNIK','39','2',null,'2025-001080');
Insert into OBJEDNAVKA (ID_OBJEDNAVKA,DATUM,ID_STATUS,TYP_OBJEDNAVKA,ID_UZIVATEL,ID_SUPERMARKET,ID_OBSLUHA,CISLO) values ('12',to_date('14.09.25','DD.MM.RR'),'6','ZAKAZNIK','49','1',null,'2025-001177');
Insert into OBJEDNAVKA (ID_OBJEDNAVKA,DATUM,ID_STATUS,TYP_OBJEDNAVKA,ID_UZIVATEL,ID_SUPERMARKET,ID_OBSLUHA,CISLO) values ('13',to_date('15.09.25','DD.MM.RR'),'5','DODAVATEL','4','2',null,'2025-001274');
Insert into OBJEDNAVKA (ID_OBJEDNAVKA,DATUM,ID_STATUS,TYP_OBJEDNAVKA,ID_UZIVATEL,ID_SUPERMARKET,ID_OBSLUHA,CISLO) values ('14',to_date('18.09.25','DD.MM.RR'),'5','ZAKAZNIK','31','1',null,'2025-001371');
Insert into OBJEDNAVKA (ID_OBJEDNAVKA,DATUM,ID_STATUS,TYP_OBJEDNAVKA,ID_UZIVATEL,ID_SUPERMARKET,ID_OBSLUHA,CISLO) values ('15',to_date('20.09.25','DD.MM.RR'),'6','DODAVATEL','17','2',null,'2025-001468');
Insert into OBJEDNAVKA (ID_OBJEDNAVKA,DATUM,ID_STATUS,TYP_OBJEDNAVKA,ID_UZIVATEL,ID_SUPERMARKET,ID_OBSLUHA,CISLO) values ('16',to_date('21.09.25','DD.MM.RR'),'5','ZAKAZNIK','31','1',null,'2025-001565');
Insert into OBJEDNAVKA (ID_OBJEDNAVKA,DATUM,ID_STATUS,TYP_OBJEDNAVKA,ID_UZIVATEL,ID_SUPERMARKET,ID_OBSLUHA,CISLO) values ('17',to_date('22.09.25','DD.MM.RR'),'6','DODAVATEL','6','2',null,'2025-001662');
Insert into OBJEDNAVKA (ID_OBJEDNAVKA,DATUM,ID_STATUS,TYP_OBJEDNAVKA,ID_UZIVATEL,ID_SUPERMARKET,ID_OBSLUHA,CISLO) values ('18',to_date('24.09.25','DD.MM.RR'),'5','ZAKAZNIK','41','2',null,'2025-001759');
Insert into OBJEDNAVKA (ID_OBJEDNAVKA,DATUM,ID_STATUS,TYP_OBJEDNAVKA,ID_UZIVATEL,ID_SUPERMARKET,ID_OBSLUHA,CISLO) values ('19',to_date('25.09.25','DD.MM.RR'),'5','ZAKAZNIK','46','1',null,'2025-001856');
Insert into OBJEDNAVKA (ID_OBJEDNAVKA,DATUM,ID_STATUS,TYP_OBJEDNAVKA,ID_UZIVATEL,ID_SUPERMARKET,ID_OBSLUHA,CISLO) values ('20',to_date('27.09.25','DD.MM.RR'),'6','DODAVATEL','12','1',null,'2025-001953');
Insert into OBJEDNAVKA (ID_OBJEDNAVKA,DATUM,ID_STATUS,TYP_OBJEDNAVKA,ID_UZIVATEL,ID_SUPERMARKET,ID_OBSLUHA,CISLO) values ('21',to_date('29.09.25','DD.MM.RR'),'5','ZAKAZNIK','51','2',null,'2025-002050');
Insert into OBJEDNAVKA (ID_OBJEDNAVKA,DATUM,ID_STATUS,TYP_OBJEDNAVKA,ID_UZIVATEL,ID_SUPERMARKET,ID_OBSLUHA,CISLO) values ('22',to_date('30.09.25','DD.MM.RR'),'5','ZAKAZNIK','33','1',null,'2025-002147');
Insert into OBJEDNAVKA (ID_OBJEDNAVKA,DATUM,ID_STATUS,TYP_OBJEDNAVKA,ID_UZIVATEL,ID_SUPERMARKET,ID_OBSLUHA,CISLO) values ('23',to_date('02.10.25','DD.MM.RR'),'6','DODAVATEL','7','2',null,'2025-002244');
Insert into OBJEDNAVKA (ID_OBJEDNAVKA,DATUM,ID_STATUS,TYP_OBJEDNAVKA,ID_UZIVATEL,ID_SUPERMARKET,ID_OBSLUHA,CISLO) values ('24',to_date('03.10.25','DD.MM.RR'),'5','ZAKAZNIK','25','1',null,'2025-002341');
Insert into OBJEDNAVKA (ID_OBJEDNAVKA,DATUM,ID_STATUS,TYP_OBJEDNAVKA,ID_UZIVATEL,ID_SUPERMARKET,ID_OBSLUHA,CISLO) values ('25',to_date('05.10.25','DD.MM.RR'),'5','ZAKAZNIK','37','2',null,'2025-002438');
Insert into OBJEDNAVKA (ID_OBJEDNAVKA,DATUM,ID_STATUS,TYP_OBJEDNAVKA,ID_UZIVATEL,ID_SUPERMARKET,ID_OBSLUHA,CISLO) values ('26',to_date('06.10.25','DD.MM.RR'),'6','DODAVATEL','18','1',null,'2025-002535');
Insert into OBJEDNAVKA (ID_OBJEDNAVKA,DATUM,ID_STATUS,TYP_OBJEDNAVKA,ID_UZIVATEL,ID_SUPERMARKET,ID_OBSLUHA,CISLO) values ('27',to_date('08.10.25','DD.MM.RR'),'5','ZAKAZNIK','28','1',null,'2025-002632');
Insert into OBJEDNAVKA (ID_OBJEDNAVKA,DATUM,ID_STATUS,TYP_OBJEDNAVKA,ID_UZIVATEL,ID_SUPERMARKET,ID_OBSLUHA,CISLO) values ('28',to_date('10.10.25','DD.MM.RR'),'6','ZAKAZNIK','22','2',null,'2025-002729');
Insert into OBJEDNAVKA (ID_OBJEDNAVKA,DATUM,ID_STATUS,TYP_OBJEDNAVKA,ID_UZIVATEL,ID_SUPERMARKET,ID_OBSLUHA,CISLO) values ('29',to_date('15.10.25','DD.MM.RR'),'6','DODAVATEL','10','1',null,'2025-002826');
Insert into OBJEDNAVKA (ID_OBJEDNAVKA,DATUM,ID_STATUS,TYP_OBJEDNAVKA,ID_UZIVATEL,ID_SUPERMARKET,ID_OBSLUHA,CISLO) values ('30',to_date('12.10.25','DD.MM.RR'),'5','ZAKAZNIK','44','2',null,'2025-002923');
Insert into OBJEDNAVKA (ID_OBJEDNAVKA,DATUM,ID_STATUS,TYP_OBJEDNAVKA,ID_UZIVATEL,ID_SUPERMARKET,ID_OBSLUHA,CISLO) values ('31',to_date('16.10.25','DD.MM.RR'),'5','ZAKAZNIK','32','2',null,'2025-003020');
Insert into OBJEDNAVKA (ID_OBJEDNAVKA,DATUM,ID_STATUS,TYP_OBJEDNAVKA,ID_UZIVATEL,ID_SUPERMARKET,ID_OBSLUHA,CISLO) values ('32',to_date('17.10.25','DD.MM.RR'),'6','DODAVATEL','5','1',null,'2025-003117');
Insert into OBJEDNAVKA (ID_OBJEDNAVKA,DATUM,ID_STATUS,TYP_OBJEDNAVKA,ID_UZIVATEL,ID_SUPERMARKET,ID_OBSLUHA,CISLO) values ('33',to_date('18.10.25','DD.MM.RR'),'5','ZAKAZNIK','49','1',null,'2025-003214');
Insert into OBJEDNAVKA (ID_OBJEDNAVKA,DATUM,ID_STATUS,TYP_OBJEDNAVKA,ID_UZIVATEL,ID_SUPERMARKET,ID_OBSLUHA,CISLO) values ('34',to_date('20.10.25','DD.MM.RR'),'5','ZAKAZNIK','26','2',null,'2025-003311');
Insert into OBJEDNAVKA (ID_OBJEDNAVKA,DATUM,ID_STATUS,TYP_OBJEDNAVKA,ID_UZIVATEL,ID_SUPERMARKET,ID_OBSLUHA,CISLO) values ('35',to_date('21.10.25','DD.MM.RR'),'6','DODAVATEL','14','2',null,'2025-003408');
Insert into OBJEDNAVKA (ID_OBJEDNAVKA,DATUM,ID_STATUS,TYP_OBJEDNAVKA,ID_UZIVATEL,ID_SUPERMARKET,ID_OBSLUHA,CISLO) values ('36',to_date('23.10.25','DD.MM.RR'),'5','ZAKAZNIK','33','1',null,'2025-003505');
Insert into OBJEDNAVKA (ID_OBJEDNAVKA,DATUM,ID_STATUS,TYP_OBJEDNAVKA,ID_UZIVATEL,ID_SUPERMARKET,ID_OBSLUHA,CISLO) values ('37',to_date('24.10.25','DD.MM.RR'),'5','ZAKAZNIK','42','1',null,'2025-003602');
Insert into OBJEDNAVKA (ID_OBJEDNAVKA,DATUM,ID_STATUS,TYP_OBJEDNAVKA,ID_UZIVATEL,ID_SUPERMARKET,ID_OBSLUHA,CISLO) values ('38',to_date('26.10.25','DD.MM.RR'),'6','ZAKAZNIK','23','2',null,'2025-003699');
Insert into OBJEDNAVKA (ID_OBJEDNAVKA,DATUM,ID_STATUS,TYP_OBJEDNAVKA,ID_UZIVATEL,ID_SUPERMARKET,ID_OBSLUHA,CISLO) values ('39',to_date('27.10.25','DD.MM.RR'),'5','DODAVATEL','16','1',null,'2025-003796');
Insert into OBJEDNAVKA (ID_OBJEDNAVKA,DATUM,ID_STATUS,TYP_OBJEDNAVKA,ID_UZIVATEL,ID_SUPERMARKET,ID_OBSLUHA,CISLO) values ('40',to_date('29.10.25','DD.MM.RR'),'5','ZAKAZNIK','45','2',null,'2025-003893');
Insert into OBJEDNAVKA (ID_OBJEDNAVKA,DATUM,ID_STATUS,TYP_OBJEDNAVKA,ID_UZIVATEL,ID_SUPERMARKET,ID_OBSLUHA,CISLO) values ('41',to_date('02.11.25','DD.MM.RR'),'5','ZAKAZNIK','24','1',null,'2025-003990');
Insert into OBJEDNAVKA (ID_OBJEDNAVKA,DATUM,ID_STATUS,TYP_OBJEDNAVKA,ID_UZIVATEL,ID_SUPERMARKET,ID_OBSLUHA,CISLO) values ('42',to_date('30.10.25','DD.MM.RR'),'6','DODAVATEL','8','1',null,'2025-004087');
Insert into OBJEDNAVKA (ID_OBJEDNAVKA,DATUM,ID_STATUS,TYP_OBJEDNAVKA,ID_UZIVATEL,ID_SUPERMARKET,ID_OBSLUHA,CISLO) values ('43',to_date('03.11.25','DD.MM.RR'),'6','ZAKAZNIK','50','2',null,'2025-004184');
Insert into OBJEDNAVKA (ID_OBJEDNAVKA,DATUM,ID_STATUS,TYP_OBJEDNAVKA,ID_UZIVATEL,ID_SUPERMARKET,ID_OBSLUHA,CISLO) values ('44',to_date('07.11.25','DD.MM.RR'),'5','DODAVATEL','11','2',null,'2025-004281');
Insert into OBJEDNAVKA (ID_OBJEDNAVKA,DATUM,ID_STATUS,TYP_OBJEDNAVKA,ID_UZIVATEL,ID_SUPERMARKET,ID_OBSLUHA,CISLO) values ('45',to_date('10.11.25','DD.MM.RR'),'5','ZAKAZNIK','39','1',null,'2025-004378');
Insert into OBJEDNAVKA (ID_OBJEDNAVKA,DATUM,ID_STATUS,TYP_OBJEDNAVKA,ID_UZIVATEL,ID_SUPERMARKET,ID_OBSLUHA,CISLO) values ('46',to_date('21.11.25','DD.MM.RR'),'3','ZAKAZNIK','34','1',null,'2025-004475');
Insert into OBJEDNAVKA (ID_OBJEDNAVKA,DATUM,ID_STATUS,TYP_OBJEDNAVKA,ID_UZIVATEL,ID_SUPERMARKET,ID_OBSLUHA,CISLO) values ('47',to_date('21.11.25','DD.MM.RR'),'1','DODAVATEL','7','2',null,'2025-004572');
Insert into OBJEDNAVKA (ID_OBJEDNAVKA,DATUM,ID_STATUS,TYP_OBJEDNAVKA,ID_UZIVATEL,ID_SUPERMARKET,ID_OBSLUHA,CISLO) values ('48',to_date('22.11.25','DD.MM.RR'),'4','ZAKAZNIK','47','2',null,'2025-004669');
Insert into OBJEDNAVKA (ID_OBJEDNAVKA,DATUM,ID_STATUS,TYP_OBJEDNAVKA,ID_UZIVATEL,ID_SUPERMARKET,ID_OBSLUHA,CISLO) values ('49',to_date('22.11.25','DD.MM.RR'),'6','ZAKAZNIK','24','1',null,'2025-004766');
Insert into OBJEDNAVKA (ID_OBJEDNAVKA,DATUM,ID_STATUS,TYP_OBJEDNAVKA,ID_UZIVATEL,ID_SUPERMARKET,ID_OBSLUHA,CISLO) values ('50',to_date('23.11.25','DD.MM.RR'),'6','DODAVATEL','12','1',null,'2025-004863');
Insert into OBJEDNAVKA (ID_OBJEDNAVKA,DATUM,ID_STATUS,TYP_OBJEDNAVKA,ID_UZIVATEL,ID_SUPERMARKET,ID_OBSLUHA,CISLO) values ('51',to_date('23.11.25','DD.MM.RR'),'5','ZAKAZNIK','38','2',null,'2025-004960');
Insert into OBJEDNAVKA (ID_OBJEDNAVKA,DATUM,ID_STATUS,TYP_OBJEDNAVKA,ID_UZIVATEL,ID_SUPERMARKET,ID_OBSLUHA,CISLO) values ('52',to_date('24.11.25','DD.MM.RR'),'5','ZAKAZNIK','51','1',null,'2025-005057');
Insert into OBJEDNAVKA (ID_OBJEDNAVKA,DATUM,ID_STATUS,TYP_OBJEDNAVKA,ID_UZIVATEL,ID_SUPERMARKET,ID_OBSLUHA,CISLO) values ('53',to_date('24.11.25','DD.MM.RR'),'1','DODAVATEL','4','2',null,'2025-005154');
Insert into OBJEDNAVKA (ID_OBJEDNAVKA,DATUM,ID_STATUS,TYP_OBJEDNAVKA,ID_UZIVATEL,ID_SUPERMARKET,ID_OBSLUHA,CISLO) values ('54',to_date('25.11.25','DD.MM.RR'),'2','ZAKAZNIK','45','1',null,'2025-005251');
Insert into OBJEDNAVKA (ID_OBJEDNAVKA,DATUM,ID_STATUS,TYP_OBJEDNAVKA,ID_UZIVATEL,ID_SUPERMARKET,ID_OBSLUHA,CISLO) values ('55',to_date('25.11.25','DD.MM.RR'),'6','ZAKAZNIK','23','2',null,'2025-005348');
Insert into OBJEDNAVKA (ID_OBJEDNAVKA,DATUM,ID_STATUS,TYP_OBJEDNAVKA,ID_UZIVATEL,ID_SUPERMARKET,ID_OBSLUHA,CISLO) values ('56',to_date('26.11.25','DD.MM.RR'),'1','DODAVATEL','16','1',null,'2025-005445');
Insert into OBJEDNAVKA (ID_OBJEDNAVKA,DATUM,ID_STATUS,TYP_OBJEDNAVKA,ID_UZIVATEL,ID_SUPERMARKET,ID_OBSLUHA,CISLO) values ('57',to_date('26.11.25','DD.MM.RR'),'4','ZAKAZNIK','33','1',null,'2025-005542');
Insert into OBJEDNAVKA (ID_OBJEDNAVKA,DATUM,ID_STATUS,TYP_OBJEDNAVKA,ID_UZIVATEL,ID_SUPERMARKET,ID_OBSLUHA,CISLO) values ('58',to_date('27.11.25','DD.MM.RR'),'2','ZAKAZNIK','28','2',null,'2025-005639');
Insert into OBJEDNAVKA (ID_OBJEDNAVKA,DATUM,ID_STATUS,TYP_OBJEDNAVKA,ID_UZIVATEL,ID_SUPERMARKET,ID_OBSLUHA,CISLO) values ('59',to_date('27.11.25','DD.MM.RR'),'5','DODAVATEL','6','2',null,'2025-005736');
Insert into OBJEDNAVKA (ID_OBJEDNAVKA,DATUM,ID_STATUS,TYP_OBJEDNAVKA,ID_UZIVATEL,ID_SUPERMARKET,ID_OBSLUHA,CISLO) values ('60',to_date('28.11.25','DD.MM.RR'),'3','DODAVATEL','6','1',null,'2025-005833');
Insert into OBJEDNAVKA (ID_OBJEDNAVKA,DATUM,ID_STATUS,TYP_OBJEDNAVKA,ID_UZIVATEL,ID_SUPERMARKET,ID_OBSLUHA,CISLO) values ('129',to_date('10.12.25','DD.MM.RR'),'5','ZAKAZNIK','51','1','27','2025-012526');
Insert into OBJEDNAVKA (ID_OBJEDNAVKA,DATUM,ID_STATUS,TYP_OBJEDNAVKA,ID_UZIVATEL,ID_SUPERMARKET,ID_OBSLUHA,CISLO) values ('155',to_date('10.12.25','DD.MM.RR'),'5','ZAKAZNIK','51','1','27','2025-015048');
Insert into OBJEDNAVKA (ID_OBJEDNAVKA,DATUM,ID_STATUS,TYP_OBJEDNAVKA,ID_UZIVATEL,ID_SUPERMARKET,ID_OBSLUHA,CISLO) values ('61',to_date('29.11.25','DD.MM.RR'),'1','DODAVATEL','19','1',null,'2025-005930');
Insert into OBJEDNAVKA (ID_OBJEDNAVKA,DATUM,ID_STATUS,TYP_OBJEDNAVKA,ID_UZIVATEL,ID_SUPERMARKET,ID_OBSLUHA,CISLO) values ('101',to_date('09.12.25','DD.MM.RR'),'1','DODAVATEL','6','5',null,'2025-009810');
Insert into OBJEDNAVKA (ID_OBJEDNAVKA,DATUM,ID_STATUS,TYP_OBJEDNAVKA,ID_UZIVATEL,ID_SUPERMARKET,ID_OBSLUHA,CISLO) values ('105',to_date('09.12.25','DD.MM.RR'),'5','INTERNI','10','1',null,'2025-010198');
Insert into OBJEDNAVKA (ID_OBJEDNAVKA,DATUM,ID_STATUS,TYP_OBJEDNAVKA,ID_UZIVATEL,ID_SUPERMARKET,ID_OBSLUHA,CISLO) values ('103',to_date('09.12.25','DD.MM.RR'),'1','INTERNI','86','1',null,'2025-010004');
Insert into OBJEDNAVKA (ID_OBJEDNAVKA,DATUM,ID_STATUS,TYP_OBJEDNAVKA,ID_UZIVATEL,ID_SUPERMARKET,ID_OBSLUHA,CISLO) values ('104',to_date('09.12.25','DD.MM.RR'),'6','INTERNI','86','1',null,'2025-010101');
Insert into OBJEDNAVKA (ID_OBJEDNAVKA,DATUM,ID_STATUS,TYP_OBJEDNAVKA,ID_UZIVATEL,ID_SUPERMARKET,ID_OBSLUHA,CISLO) values ('107',to_date('09.12.25','DD.MM.RR'),'5','INTERNI','1','2',null,'2025-010392');
Insert into OBJEDNAVKA (ID_OBJEDNAVKA,DATUM,ID_STATUS,TYP_OBJEDNAVKA,ID_UZIVATEL,ID_SUPERMARKET,ID_OBSLUHA,CISLO) values ('113',to_date('09.12.25','DD.MM.RR'),'6','DODAVATEL','6','1',null,'2025-010974');
Insert into OBJEDNAVKA (ID_OBJEDNAVKA,DATUM,ID_STATUS,TYP_OBJEDNAVKA,ID_UZIVATEL,ID_SUPERMARKET,ID_OBSLUHA,CISLO) values ('114',to_date('09.12.25','DD.MM.RR'),'5','DODAVATEL','22','1',null,'2025-011071');
Insert into OBJEDNAVKA (ID_OBJEDNAVKA,DATUM,ID_STATUS,TYP_OBJEDNAVKA,ID_UZIVATEL,ID_SUPERMARKET,ID_OBSLUHA,CISLO) values ('116',to_date('09.12.25','DD.MM.RR'),'5','DODAVATEL','22','2',null,'2025-011265');
Insert into OBJEDNAVKA (ID_OBJEDNAVKA,DATUM,ID_STATUS,TYP_OBJEDNAVKA,ID_UZIVATEL,ID_SUPERMARKET,ID_OBSLUHA,CISLO) values ('121',to_date('10.12.25','DD.MM.RR'),'6','ZAKAZNIK','51','1','27','2025-011750');
Insert into OBJEDNAVKA (ID_OBJEDNAVKA,DATUM,ID_STATUS,TYP_OBJEDNAVKA,ID_UZIVATEL,ID_SUPERMARKET,ID_OBSLUHA,CISLO) values ('108',to_date('09.12.25','DD.MM.RR'),'5','INTERNI','6','1',null,'2025-010489');
Insert into OBJEDNAVKA (ID_OBJEDNAVKA,DATUM,ID_STATUS,TYP_OBJEDNAVKA,ID_UZIVATEL,ID_SUPERMARKET,ID_OBSLUHA,CISLO) values ('136',to_date('10.12.25','DD.MM.RR'),'5','ZAKAZNIK','51','1','27','2025-013205');
Insert into OBJEDNAVKA (ID_OBJEDNAVKA,DATUM,ID_STATUS,TYP_OBJEDNAVKA,ID_UZIVATEL,ID_SUPERMARKET,ID_OBSLUHA,CISLO) values ('96',to_date('08.12.25','DD.MM.RR'),'2','DODAVATEL','6','1',null,'2025-009325');
Insert into OBJEDNAVKA (ID_OBJEDNAVKA,DATUM,ID_STATUS,TYP_OBJEDNAVKA,ID_UZIVATEL,ID_SUPERMARKET,ID_OBSLUHA,CISLO) values ('133',to_date('10.12.25','DD.MM.RR'),'5','ZAKAZNIK','51','1','27','2025-012914');
Insert into OBJEDNAVKA (ID_OBJEDNAVKA,DATUM,ID_STATUS,TYP_OBJEDNAVKA,ID_UZIVATEL,ID_SUPERMARKET,ID_OBSLUHA,CISLO) values ('118',to_date('09.12.25','DD.MM.RR'),'6','ZAKAZNIK','49','1','27','2025-011459');
Insert into OBJEDNAVKA (ID_OBJEDNAVKA,DATUM,ID_STATUS,TYP_OBJEDNAVKA,ID_UZIVATEL,ID_SUPERMARKET,ID_OBSLUHA,CISLO) values ('117',to_date('09.12.25','DD.MM.RR'),'6','ZAKAZNIK','49','1','41','2025-011362');
REM INSERTING into OBJEDNAVKA_ZBOZI
SET DEFINE OFF;
Insert into OBJEDNAVKA_ZBOZI (POCET,ID_OBJEDNAVKA,ID_ZBOZI) values ('60','110','5');
Insert into OBJEDNAVKA_ZBOZI (POCET,ID_OBJEDNAVKA,ID_ZBOZI) values ('90','111','2');
Insert into OBJEDNAVKA_ZBOZI (POCET,ID_OBJEDNAVKA,ID_ZBOZI) values ('60','106','5');
Insert into OBJEDNAVKA_ZBOZI (POCET,ID_OBJEDNAVKA,ID_ZBOZI) values ('90','109','1');
Insert into OBJEDNAVKA_ZBOZI (POCET,ID_OBJEDNAVKA,ID_ZBOZI) values ('60','112','7');
Insert into OBJEDNAVKA_ZBOZI (POCET,ID_OBJEDNAVKA,ID_ZBOZI) values ('90','115','2');
Insert into OBJEDNAVKA_ZBOZI (POCET,ID_OBJEDNAVKA,ID_ZBOZI) values ('90','122','2');
Insert into OBJEDNAVKA_ZBOZI (POCET,ID_OBJEDNAVKA,ID_ZBOZI) values ('1','125','157');
Insert into OBJEDNAVKA_ZBOZI (POCET,ID_OBJEDNAVKA,ID_ZBOZI) values ('1','125','112');
Insert into OBJEDNAVKA_ZBOZI (POCET,ID_OBJEDNAVKA,ID_ZBOZI) values ('9','125','19');
Insert into OBJEDNAVKA_ZBOZI (POCET,ID_OBJEDNAVKA,ID_ZBOZI) values ('1','126','129');
Insert into OBJEDNAVKA_ZBOZI (POCET,ID_OBJEDNAVKA,ID_ZBOZI) values ('1','126','9');
Insert into OBJEDNAVKA_ZBOZI (POCET,ID_OBJEDNAVKA,ID_ZBOZI) values ('1','126','134');
Insert into OBJEDNAVKA_ZBOZI (POCET,ID_OBJEDNAVKA,ID_ZBOZI) values ('8','126','93');
Insert into OBJEDNAVKA_ZBOZI (POCET,ID_OBJEDNAVKA,ID_ZBOZI) values ('1','126','19');
Insert into OBJEDNAVKA_ZBOZI (POCET,ID_OBJEDNAVKA,ID_ZBOZI) values ('60','127','5');
Insert into OBJEDNAVKA_ZBOZI (POCET,ID_OBJEDNAVKA,ID_ZBOZI) values ('2','128','80');
Insert into OBJEDNAVKA_ZBOZI (POCET,ID_OBJEDNAVKA,ID_ZBOZI) values ('1','128','25');
Insert into OBJEDNAVKA_ZBOZI (POCET,ID_OBJEDNAVKA,ID_ZBOZI) values ('1','128','31');
Insert into OBJEDNAVKA_ZBOZI (POCET,ID_OBJEDNAVKA,ID_ZBOZI) values ('1','128','135');
Insert into OBJEDNAVKA_ZBOZI (POCET,ID_OBJEDNAVKA,ID_ZBOZI) values ('1','128','21');
Insert into OBJEDNAVKA_ZBOZI (POCET,ID_OBJEDNAVKA,ID_ZBOZI) values ('7','143','157');
Insert into OBJEDNAVKA_ZBOZI (POCET,ID_OBJEDNAVKA,ID_ZBOZI) values ('8','153','157');
Insert into OBJEDNAVKA_ZBOZI (POCET,ID_OBJEDNAVKA,ID_ZBOZI) values ('2','1','145');
Insert into OBJEDNAVKA_ZBOZI (POCET,ID_OBJEDNAVKA,ID_ZBOZI) values ('1','1','32');
Insert into OBJEDNAVKA_ZBOZI (POCET,ID_OBJEDNAVKA,ID_ZBOZI) values ('3','1','88');
Insert into OBJEDNAVKA_ZBOZI (POCET,ID_OBJEDNAVKA,ID_ZBOZI) values ('25','2','11');
Insert into OBJEDNAVKA_ZBOZI (POCET,ID_OBJEDNAVKA,ID_ZBOZI) values ('40','2','74');
Insert into OBJEDNAVKA_ZBOZI (POCET,ID_OBJEDNAVKA,ID_ZBOZI) values ('1','3','53');
Insert into OBJEDNAVKA_ZBOZI (POCET,ID_OBJEDNAVKA,ID_ZBOZI) values ('4','3','122');
Insert into OBJEDNAVKA_ZBOZI (POCET,ID_OBJEDNAVKA,ID_ZBOZI) values ('30','4','15');
Insert into OBJEDNAVKA_ZBOZI (POCET,ID_OBJEDNAVKA,ID_ZBOZI) values ('18','4','98');
Insert into OBJEDNAVKA_ZBOZI (POCET,ID_OBJEDNAVKA,ID_ZBOZI) values ('2','5','7');
Insert into OBJEDNAVKA_ZBOZI (POCET,ID_OBJEDNAVKA,ID_ZBOZI) values ('1','5','66');
Insert into OBJEDNAVKA_ZBOZI (POCET,ID_OBJEDNAVKA,ID_ZBOZI) values ('3','6','49');
Insert into OBJEDNAVKA_ZBOZI (POCET,ID_OBJEDNAVKA,ID_ZBOZI) values ('1','6','141');
Insert into OBJEDNAVKA_ZBOZI (POCET,ID_OBJEDNAVKA,ID_ZBOZI) values ('22','7','63');
Insert into OBJEDNAVKA_ZBOZI (POCET,ID_OBJEDNAVKA,ID_ZBOZI) values ('15','7','130');
Insert into OBJEDNAVKA_ZBOZI (POCET,ID_OBJEDNAVKA,ID_ZBOZI) values ('28','7','81');
Insert into OBJEDNAVKA_ZBOZI (POCET,ID_OBJEDNAVKA,ID_ZBOZI) values ('1','8','17');
Insert into OBJEDNAVKA_ZBOZI (POCET,ID_OBJEDNAVKA,ID_ZBOZI) values ('4','8','152');
Insert into OBJEDNAVKA_ZBOZI (POCET,ID_OBJEDNAVKA,ID_ZBOZI) values ('3','9','109');
Insert into OBJEDNAVKA_ZBOZI (POCET,ID_OBJEDNAVKA,ID_ZBOZI) values ('2','9','41');
Insert into OBJEDNAVKA_ZBOZI (POCET,ID_OBJEDNAVKA,ID_ZBOZI) values ('33','10','27');
Insert into OBJEDNAVKA_ZBOZI (POCET,ID_OBJEDNAVKA,ID_ZBOZI) values ('20','10','99');
Insert into OBJEDNAVKA_ZBOZI (POCET,ID_OBJEDNAVKA,ID_ZBOZI) values ('2','11','61');
Insert into OBJEDNAVKA_ZBOZI (POCET,ID_OBJEDNAVKA,ID_ZBOZI) values ('5','11','135');
Insert into OBJEDNAVKA_ZBOZI (POCET,ID_OBJEDNAVKA,ID_ZBOZI) values ('1','12','14');
Insert into OBJEDNAVKA_ZBOZI (POCET,ID_OBJEDNAVKA,ID_ZBOZI) values ('3','12','120');
Insert into OBJEDNAVKA_ZBOZI (POCET,ID_OBJEDNAVKA,ID_ZBOZI) values ('40','13','45');
Insert into OBJEDNAVKA_ZBOZI (POCET,ID_OBJEDNAVKA,ID_ZBOZI) values ('22','13','86');
Insert into OBJEDNAVKA_ZBOZI (POCET,ID_OBJEDNAVKA,ID_ZBOZI) values ('2','14','104');
Insert into OBJEDNAVKA_ZBOZI (POCET,ID_OBJEDNAVKA,ID_ZBOZI) values ('3','14','75');
Insert into OBJEDNAVKA_ZBOZI (POCET,ID_OBJEDNAVKA,ID_ZBOZI) values ('18','15','12');
Insert into OBJEDNAVKA_ZBOZI (POCET,ID_OBJEDNAVKA,ID_ZBOZI) values ('35','15','134');
Insert into OBJEDNAVKA_ZBOZI (POCET,ID_OBJEDNAVKA,ID_ZBOZI) values ('2','16','58');
Insert into OBJEDNAVKA_ZBOZI (POCET,ID_OBJEDNAVKA,ID_ZBOZI) values ('1','16','143');
Insert into OBJEDNAVKA_ZBOZI (POCET,ID_OBJEDNAVKA,ID_ZBOZI) values ('4','16','27');
Insert into OBJEDNAVKA_ZBOZI (POCET,ID_OBJEDNAVKA,ID_ZBOZI) values ('22','17','12');
Insert into OBJEDNAVKA_ZBOZI (POCET,ID_OBJEDNAVKA,ID_ZBOZI) values ('34','17','77');
Insert into OBJEDNAVKA_ZBOZI (POCET,ID_OBJEDNAVKA,ID_ZBOZI) values ('3','18','41');
Insert into OBJEDNAVKA_ZBOZI (POCET,ID_OBJEDNAVKA,ID_ZBOZI) values ('2','18','119');
Insert into OBJEDNAVKA_ZBOZI (POCET,ID_OBJEDNAVKA,ID_ZBOZI) values ('1','19','68');
Insert into OBJEDNAVKA_ZBOZI (POCET,ID_OBJEDNAVKA,ID_ZBOZI) values ('2','19','155');
Insert into OBJEDNAVKA_ZBOZI (POCET,ID_OBJEDNAVKA,ID_ZBOZI) values ('4','19','98');
Insert into OBJEDNAVKA_ZBOZI (POCET,ID_OBJEDNAVKA,ID_ZBOZI) values ('15','20','26');
Insert into OBJEDNAVKA_ZBOZI (POCET,ID_OBJEDNAVKA,ID_ZBOZI) values ('28','20','114');
Insert into OBJEDNAVKA_ZBOZI (POCET,ID_OBJEDNAVKA,ID_ZBOZI) values ('4','21','73');
Insert into OBJEDNAVKA_ZBOZI (POCET,ID_OBJEDNAVKA,ID_ZBOZI) values ('1','21','131');
Insert into OBJEDNAVKA_ZBOZI (POCET,ID_OBJEDNAVKA,ID_ZBOZI) values ('3','22','36');
Insert into OBJEDNAVKA_ZBOZI (POCET,ID_OBJEDNAVKA,ID_ZBOZI) values ('5','22','147');
Insert into OBJEDNAVKA_ZBOZI (POCET,ID_OBJEDNAVKA,ID_ZBOZI) values ('40','23','16');
Insert into OBJEDNAVKA_ZBOZI (POCET,ID_OBJEDNAVKA,ID_ZBOZI) values ('12','23','89');
Insert into OBJEDNAVKA_ZBOZI (POCET,ID_OBJEDNAVKA,ID_ZBOZI) values ('24','23','102');
Insert into OBJEDNAVKA_ZBOZI (POCET,ID_OBJEDNAVKA,ID_ZBOZI) values ('2','24','55');
Insert into OBJEDNAVKA_ZBOZI (POCET,ID_OBJEDNAVKA,ID_ZBOZI) values ('3','24','162');
Insert into OBJEDNAVKA_ZBOZI (POCET,ID_OBJEDNAVKA,ID_ZBOZI) values ('1','25','12');
Insert into OBJEDNAVKA_ZBOZI (POCET,ID_OBJEDNAVKA,ID_ZBOZI) values ('4','25','180');
Insert into OBJEDNAVKA_ZBOZI (POCET,ID_OBJEDNAVKA,ID_ZBOZI) values ('20','26','77');
Insert into OBJEDNAVKA_ZBOZI (POCET,ID_OBJEDNAVKA,ID_ZBOZI) values ('45','26','133');
Insert into OBJEDNAVKA_ZBOZI (POCET,ID_OBJEDNAVKA,ID_ZBOZI) values ('3','27','111');
Insert into OBJEDNAVKA_ZBOZI (POCET,ID_OBJEDNAVKA,ID_ZBOZI) values ('2','27','108');
Insert into OBJEDNAVKA_ZBOZI (POCET,ID_OBJEDNAVKA,ID_ZBOZI) values ('5','28','54');
Insert into OBJEDNAVKA_ZBOZI (POCET,ID_OBJEDNAVKA,ID_ZBOZI) values ('1','28','123');
Insert into OBJEDNAVKA_ZBOZI (POCET,ID_OBJEDNAVKA,ID_ZBOZI) values ('4','28','165');
Insert into OBJEDNAVKA_ZBOZI (POCET,ID_OBJEDNAVKA,ID_ZBOZI) values ('2','29','64');
Insert into OBJEDNAVKA_ZBOZI (POCET,ID_OBJEDNAVKA,ID_ZBOZI) values ('1','29','87');
Insert into OBJEDNAVKA_ZBOZI (POCET,ID_OBJEDNAVKA,ID_ZBOZI) values ('32','30','19');
Insert into OBJEDNAVKA_ZBOZI (POCET,ID_OBJEDNAVKA,ID_ZBOZI) values ('18','30','142');
Insert into OBJEDNAVKA_ZBOZI (POCET,ID_OBJEDNAVKA,ID_ZBOZI) values ('2','31','57');
Insert into OBJEDNAVKA_ZBOZI (POCET,ID_OBJEDNAVKA,ID_ZBOZI) values ('4','31','101');
Insert into OBJEDNAVKA_ZBOZI (POCET,ID_OBJEDNAVKA,ID_ZBOZI) values ('1','31','133');
Insert into OBJEDNAVKA_ZBOZI (POCET,ID_OBJEDNAVKA,ID_ZBOZI) values ('28','32','18');
Insert into OBJEDNAVKA_ZBOZI (POCET,ID_OBJEDNAVKA,ID_ZBOZI) values ('16','32','92');
Insert into OBJEDNAVKA_ZBOZI (POCET,ID_OBJEDNAVKA,ID_ZBOZI) values ('3','33','76');
Insert into OBJEDNAVKA_ZBOZI (POCET,ID_OBJEDNAVKA,ID_ZBOZI) values ('2','33','145');
Insert into OBJEDNAVKA_ZBOZI (POCET,ID_OBJEDNAVKA,ID_ZBOZI) values ('1','34','25');
Insert into OBJEDNAVKA_ZBOZI (POCET,ID_OBJEDNAVKA,ID_ZBOZI) values ('3','34','172');
Insert into OBJEDNAVKA_ZBOZI (POCET,ID_OBJEDNAVKA,ID_ZBOZI) values ('34','35','14');
Insert into OBJEDNAVKA_ZBOZI (POCET,ID_OBJEDNAVKA,ID_ZBOZI) values ('21','35','89');
Insert into OBJEDNAVKA_ZBOZI (POCET,ID_OBJEDNAVKA,ID_ZBOZI) values ('4','36','68');
Insert into OBJEDNAVKA_ZBOZI (POCET,ID_OBJEDNAVKA,ID_ZBOZI) values ('2','36','137');
Insert into OBJEDNAVKA_ZBOZI (POCET,ID_OBJEDNAVKA,ID_ZBOZI) values ('3','37','42');
Insert into OBJEDNAVKA_ZBOZI (POCET,ID_OBJEDNAVKA,ID_ZBOZI) values ('1','37','119');
Insert into OBJEDNAVKA_ZBOZI (POCET,ID_OBJEDNAVKA,ID_ZBOZI) values ('2','38','97');
Insert into OBJEDNAVKA_ZBOZI (POCET,ID_OBJEDNAVKA,ID_ZBOZI) values ('5','38','156');
Insert into OBJEDNAVKA_ZBOZI (POCET,ID_OBJEDNAVKA,ID_ZBOZI) values ('1','38','61');
Insert into OBJEDNAVKA_ZBOZI (POCET,ID_OBJEDNAVKA,ID_ZBOZI) values ('25','39','88');
Insert into OBJEDNAVKA_ZBOZI (POCET,ID_OBJEDNAVKA,ID_ZBOZI) values ('12','39','140');
Insert into OBJEDNAVKA_ZBOZI (POCET,ID_OBJEDNAVKA,ID_ZBOZI) values ('3','40','11');
Insert into OBJEDNAVKA_ZBOZI (POCET,ID_OBJEDNAVKA,ID_ZBOZI) values ('2','40','134');
Insert into OBJEDNAVKA_ZBOZI (POCET,ID_OBJEDNAVKA,ID_ZBOZI) values ('40','41','55');
Insert into OBJEDNAVKA_ZBOZI (POCET,ID_OBJEDNAVKA,ID_ZBOZI) values ('18','41','101');
Insert into OBJEDNAVKA_ZBOZI (POCET,ID_OBJEDNAVKA,ID_ZBOZI) values ('1','42','19');
Insert into OBJEDNAVKA_ZBOZI (POCET,ID_OBJEDNAVKA,ID_ZBOZI) values ('5','42','147');
Insert into OBJEDNAVKA_ZBOZI (POCET,ID_OBJEDNAVKA,ID_ZBOZI) values ('3','43','78');
Insert into OBJEDNAVKA_ZBOZI (POCET,ID_OBJEDNAVKA,ID_ZBOZI) values ('2','43','131');
Insert into OBJEDNAVKA_ZBOZI (POCET,ID_OBJEDNAVKA,ID_ZBOZI) values ('32','44','17');
Insert into OBJEDNAVKA_ZBOZI (POCET,ID_OBJEDNAVKA,ID_ZBOZI) values ('15','44','99');
Insert into OBJEDNAVKA_ZBOZI (POCET,ID_OBJEDNAVKA,ID_ZBOZI) values ('22','44','154');
Insert into OBJEDNAVKA_ZBOZI (POCET,ID_OBJEDNAVKA,ID_ZBOZI) values ('2','45','63');
Insert into OBJEDNAVKA_ZBOZI (POCET,ID_OBJEDNAVKA,ID_ZBOZI) values ('4','45','140');
Insert into OBJEDNAVKA_ZBOZI (POCET,ID_OBJEDNAVKA,ID_ZBOZI) values ('3','46','77');
Insert into OBJEDNAVKA_ZBOZI (POCET,ID_OBJEDNAVKA,ID_ZBOZI) values ('1','46','145');
Insert into OBJEDNAVKA_ZBOZI (POCET,ID_OBJEDNAVKA,ID_ZBOZI) values ('4','46','52');
Insert into OBJEDNAVKA_ZBOZI (POCET,ID_OBJEDNAVKA,ID_ZBOZI) values ('28','47','19');
Insert into OBJEDNAVKA_ZBOZI (POCET,ID_OBJEDNAVKA,ID_ZBOZI) values ('14','47','63');
Insert into OBJEDNAVKA_ZBOZI (POCET,ID_OBJEDNAVKA,ID_ZBOZI) values ('22','47','138');
Insert into OBJEDNAVKA_ZBOZI (POCET,ID_OBJEDNAVKA,ID_ZBOZI) values ('2','48','48');
Insert into OBJEDNAVKA_ZBOZI (POCET,ID_OBJEDNAVKA,ID_ZBOZI) values ('5','48','169');
Insert into OBJEDNAVKA_ZBOZI (POCET,ID_OBJEDNAVKA,ID_ZBOZI) values ('3','49','33');
Insert into OBJEDNAVKA_ZBOZI (POCET,ID_OBJEDNAVKA,ID_ZBOZI) values ('1','49','110');
Insert into OBJEDNAVKA_ZBOZI (POCET,ID_OBJEDNAVKA,ID_ZBOZI) values ('32','50','72');
Insert into OBJEDNAVKA_ZBOZI (POCET,ID_OBJEDNAVKA,ID_ZBOZI) values ('18','50','152');
Insert into OBJEDNAVKA_ZBOZI (POCET,ID_OBJEDNAVKA,ID_ZBOZI) values ('4','51','14');
Insert into OBJEDNAVKA_ZBOZI (POCET,ID_OBJEDNAVKA,ID_ZBOZI) values ('2','51','127');
Insert into OBJEDNAVKA_ZBOZI (POCET,ID_OBJEDNAVKA,ID_ZBOZI) values ('1','52','65');
Insert into OBJEDNAVKA_ZBOZI (POCET,ID_OBJEDNAVKA,ID_ZBOZI) values ('5','52','144');
Insert into OBJEDNAVKA_ZBOZI (POCET,ID_OBJEDNAVKA,ID_ZBOZI) values ('20','53','91');
Insert into OBJEDNAVKA_ZBOZI (POCET,ID_OBJEDNAVKA,ID_ZBOZI) values ('28','53','119');
Insert into OBJEDNAVKA_ZBOZI (POCET,ID_OBJEDNAVKA,ID_ZBOZI) values ('13','53','167');
Insert into OBJEDNAVKA_ZBOZI (POCET,ID_OBJEDNAVKA,ID_ZBOZI) values ('3','54','101');
Insert into OBJEDNAVKA_ZBOZI (POCET,ID_OBJEDNAVKA,ID_ZBOZI) values ('2','54','34');
Insert into OBJEDNAVKA_ZBOZI (POCET,ID_OBJEDNAVKA,ID_ZBOZI) values ('4','55','22');
Insert into OBJEDNAVKA_ZBOZI (POCET,ID_OBJEDNAVKA,ID_ZBOZI) values ('1','55','150');
Insert into OBJEDNAVKA_ZBOZI (POCET,ID_OBJEDNAVKA,ID_ZBOZI) values ('5','55','89');
Insert into OBJEDNAVKA_ZBOZI (POCET,ID_OBJEDNAVKA,ID_ZBOZI) values ('31','56','71');
Insert into OBJEDNAVKA_ZBOZI (POCET,ID_OBJEDNAVKA,ID_ZBOZI) values ('45','56','128');
Insert into OBJEDNAVKA_ZBOZI (POCET,ID_OBJEDNAVKA,ID_ZBOZI) values ('2','57','44');
Insert into OBJEDNAVKA_ZBOZI (POCET,ID_OBJEDNAVKA,ID_ZBOZI) values ('3','57','109');
Insert into OBJEDNAVKA_ZBOZI (POCET,ID_OBJEDNAVKA,ID_ZBOZI) values ('1','58','18');
Insert into OBJEDNAVKA_ZBOZI (POCET,ID_OBJEDNAVKA,ID_ZBOZI) values ('4','58','83');
Insert into OBJEDNAVKA_ZBOZI (POCET,ID_OBJEDNAVKA,ID_ZBOZI) values ('26','59','29');
Insert into OBJEDNAVKA_ZBOZI (POCET,ID_OBJEDNAVKA,ID_ZBOZI) values ('19','59','101');
Insert into OBJEDNAVKA_ZBOZI (POCET,ID_OBJEDNAVKA,ID_ZBOZI) values ('14','59','146');
Insert into OBJEDNAVKA_ZBOZI (POCET,ID_OBJEDNAVKA,ID_ZBOZI) values ('5','60','53');
Insert into OBJEDNAVKA_ZBOZI (POCET,ID_OBJEDNAVKA,ID_ZBOZI) values ('1','60','130');
Insert into OBJEDNAVKA_ZBOZI (POCET,ID_OBJEDNAVKA,ID_ZBOZI) values ('90','129','3');
Insert into OBJEDNAVKA_ZBOZI (POCET,ID_OBJEDNAVKA,ID_ZBOZI) values ('2','155','157');
Insert into OBJEDNAVKA_ZBOZI (POCET,ID_OBJEDNAVKA,ID_ZBOZI) values ('1','155','80');
Insert into OBJEDNAVKA_ZBOZI (POCET,ID_OBJEDNAVKA,ID_ZBOZI) values ('1','155','130');
Insert into OBJEDNAVKA_ZBOZI (POCET,ID_OBJEDNAVKA,ID_ZBOZI) values ('150','105','1');
Insert into OBJEDNAVKA_ZBOZI (POCET,ID_OBJEDNAVKA,ID_ZBOZI) values ('75','107','16');
Insert into OBJEDNAVKA_ZBOZI (POCET,ID_OBJEDNAVKA,ID_ZBOZI) values ('90','113','1');
Insert into OBJEDNAVKA_ZBOZI (POCET,ID_OBJEDNAVKA,ID_ZBOZI) values ('90','114','1');
Insert into OBJEDNAVKA_ZBOZI (POCET,ID_OBJEDNAVKA,ID_ZBOZI) values ('90','116','4');
Insert into OBJEDNAVKA_ZBOZI (POCET,ID_OBJEDNAVKA,ID_ZBOZI) values ('16','133','157');
Insert into OBJEDNAVKA_ZBOZI (POCET,ID_OBJEDNAVKA,ID_ZBOZI) values ('6','136','157');
REM INSERTING into PLATBA
SET DEFINE OFF;
Insert into PLATBA (ID_PLATBA,CASTKA,DATUM,ID_OBJEDNAVKA,PLATBATYP,ID_POHYB_UCTU) values ('36','103,4',to_date('10.12.25','DD.MM.RR'),'124','H ',null);
Insert into PLATBA (ID_PLATBA,CASTKA,DATUM,ID_OBJEDNAVKA,PLATBATYP,ID_POHYB_UCTU) values ('37','308,9',to_date('10.12.25','DD.MM.RR'),'125','H ',null);
Insert into PLATBA (ID_PLATBA,CASTKA,DATUM,ID_OBJEDNAVKA,PLATBATYP,ID_POHYB_UCTU) values ('35','159,8',to_date('10.12.25','DD.MM.RR'),'123','H ',null);
Insert into PLATBA (ID_PLATBA,CASTKA,DATUM,ID_OBJEDNAVKA,PLATBATYP,ID_POHYB_UCTU) values ('38','457,8',to_date('10.12.25','DD.MM.RR'),'126','H ',null);
Insert into PLATBA (ID_PLATBA,CASTKA,DATUM,ID_OBJEDNAVKA,PLATBATYP,ID_POHYB_UCTU) values ('39','420,4',to_date('10.12.25','DD.MM.RR'),'128','H ',null);
Insert into PLATBA (ID_PLATBA,CASTKA,DATUM,ID_OBJEDNAVKA,PLATBATYP,ID_POHYB_UCTU) values ('53','559,3',to_date('10.12.25','DD.MM.RR'),'143','U ','53');
Insert into PLATBA (ID_PLATBA,CASTKA,DATUM,ID_OBJEDNAVKA,PLATBATYP,ID_POHYB_UCTU) values ('62','639,2',to_date('10.12.25','DD.MM.RR'),'153','U ','56');
Insert into PLATBA (ID_PLATBA,CASTKA,DATUM,ID_OBJEDNAVKA,PLATBATYP,ID_POHYB_UCTU) values ('40','2421',to_date('10.12.25','DD.MM.RR'),'129','H ',null);
Insert into PLATBA (ID_PLATBA,CASTKA,DATUM,ID_OBJEDNAVKA,PLATBATYP,ID_POHYB_UCTU) values ('64','199,6',to_date('10.12.25','DD.MM.RR'),'155','U ','61');
Insert into PLATBA (ID_PLATBA,CASTKA,DATUM,ID_OBJEDNAVKA,PLATBATYP,ID_POHYB_UCTU) values ('28','239,7',to_date('09.12.25','DD.MM.RR'),'103','U ','13');
Insert into PLATBA (ID_PLATBA,CASTKA,DATUM,ID_OBJEDNAVKA,PLATBATYP,ID_POHYB_UCTU) values ('29','239,7',to_date('09.12.25','DD.MM.RR'),'104','U ','19');
Insert into PLATBA (ID_PLATBA,CASTKA,DATUM,ID_OBJEDNAVKA,PLATBATYP,ID_POHYB_UCTU) values ('34','448',to_date('10.12.25','DD.MM.RR'),'121','H ',null);
Insert into PLATBA (ID_PLATBA,CASTKA,DATUM,ID_OBJEDNAVKA,PLATBATYP,ID_POHYB_UCTU) values ('44','1278,4',to_date('10.12.25','DD.MM.RR'),'133','H ',null);
Insert into PLATBA (ID_PLATBA,CASTKA,DATUM,ID_OBJEDNAVKA,PLATBATYP,ID_POHYB_UCTU) values ('47','479,4',to_date('10.12.25','DD.MM.RR'),'136','K ',null);
Insert into PLATBA (ID_PLATBA,CASTKA,DATUM,ID_OBJEDNAVKA,PLATBATYP,ID_POHYB_UCTU) values ('3','123,45',to_date('05.12.25','DD.MM.RR'),'10','H ',null);
Insert into PLATBA (ID_PLATBA,CASTKA,DATUM,ID_OBJEDNAVKA,PLATBATYP,ID_POHYB_UCTU) values ('17','50',to_date('07.12.25','DD.MM.RR'),'1','U ','2');
Insert into PLATBA (ID_PLATBA,CASTKA,DATUM,ID_OBJEDNAVKA,PLATBATYP,ID_POHYB_UCTU) values ('19','50',to_date('07.12.25','DD.MM.RR'),'2','U ','5');
Insert into PLATBA (ID_PLATBA,CASTKA,DATUM,ID_OBJEDNAVKA,PLATBATYP,ID_POHYB_UCTU) values ('20','50',to_date('07.12.25','DD.MM.RR'),'3','U ','6');
Insert into PLATBA (ID_PLATBA,CASTKA,DATUM,ID_OBJEDNAVKA,PLATBATYP,ID_POHYB_UCTU) values ('30','92,8',to_date('09.12.25','DD.MM.RR'),'117','H ',null);
Insert into PLATBA (ID_PLATBA,CASTKA,DATUM,ID_OBJEDNAVKA,PLATBATYP,ID_POHYB_UCTU) values ('31','159,8',to_date('09.12.25','DD.MM.RR'),'118','U ','38');
REM INSERTING into POHYB_UCTU
SET DEFINE OFF;
Insert into POHYB_UCTU (ID_POHYB,ID_UCET,SMER,METODA,CASTKA,POZNAMKA,DATUM_VYTVORENI,ID_OBJEDNAVKA,CISLOKARTY) values ('15','2','P','REFUND','239,7','Refund objednavky 103',to_date('09.12.25','DD.MM.RR'),'103',null);
Insert into POHYB_UCTU (ID_POHYB,ID_UCET,SMER,METODA,CASTKA,POZNAMKA,DATUM_VYTVORENI,ID_OBJEDNAVKA,CISLOKARTY) values ('22','2','P','HOTOVOST','111','1',to_date('09.12.25','DD.MM.RR'),null,null);
Insert into POHYB_UCTU (ID_POHYB,ID_UCET,SMER,METODA,CASTKA,POZNAMKA,DATUM_VYTVORENI,ID_OBJEDNAVKA,CISLOKARTY) values ('33','9','P','OBJEDNAVKA','1568,7','Vyplaceno za objednavku 114',to_date('09.12.25','DD.MM.RR'),'114',null);
Insert into POHYB_UCTU (ID_POHYB,ID_UCET,SMER,METODA,CASTKA,POZNAMKA,DATUM_VYTVORENI,ID_OBJEDNAVKA,CISLOKARTY) values ('35','9','P','OBJEDNAVKA','1568,7','Vyplaceno za objednavku 115',to_date('09.12.25','DD.MM.RR'),'115',null);
Insert into POHYB_UCTU (ID_POHYB,ID_UCET,SMER,METODA,CASTKA,POZNAMKA,DATUM_VYTVORENI,ID_OBJEDNAVKA,CISLOKARTY) values ('52','3','P','REFUND','100,5','Refund objednavky 18',to_date('10.12.25','DD.MM.RR'),'18',null);
Insert into POHYB_UCTU (ID_POHYB,ID_UCET,SMER,METODA,CASTKA,POZNAMKA,DATUM_VYTVORENI,ID_OBJEDNAVKA,CISLOKARTY) values ('53','15','D','OBJEDNAVKA','559,3','Platba objednavky 143',to_date('10.12.25','DD.MM.RR'),'143',null);
Insert into POHYB_UCTU (ID_POHYB,ID_UCET,SMER,METODA,CASTKA,POZNAMKA,DATUM_VYTVORENI,ID_OBJEDNAVKA,CISLOKARTY) values ('56','15','D','OBJEDNAVKA','639,2','Platba objednavky 153',to_date('10.12.25','DD.MM.RR'),'153',null);
Insert into POHYB_UCTU (ID_POHYB,ID_UCET,SMER,METODA,CASTKA,POZNAMKA,DATUM_VYTVORENI,ID_OBJEDNAVKA,CISLOKARTY) values ('74','3','P','HOTOVOST','100',null,to_date('10.12.25','DD.MM.RR'),null,null);
Insert into POHYB_UCTU (ID_POHYB,ID_UCET,SMER,METODA,CASTKA,POZNAMKA,DATUM_VYTVORENI,ID_OBJEDNAVKA,CISLOKARTY) values ('7','2','P','KARTA','1000','na ribu',to_date('07.12.25','DD.MM.RR'),null,'4939 4923 1234 1234');
Insert into POHYB_UCTU (ID_POHYB,ID_UCET,SMER,METODA,CASTKA,POZNAMKA,DATUM_VYTVORENI,ID_OBJEDNAVKA,CISLOKARTY) values ('61','15','D','OBJEDNAVKA','199,6','Platba objednavky 155',to_date('10.12.25','DD.MM.RR'),'155',null);
Insert into POHYB_UCTU (ID_POHYB,ID_UCET,SMER,METODA,CASTKA,POZNAMKA,DATUM_VYTVORENI,ID_OBJEDNAVKA,CISLOKARTY) values ('16','2','P','REFUND','239,7','Refund objednavky 103',to_date('09.12.25','DD.MM.RR'),'103',null);
Insert into POHYB_UCTU (ID_POHYB,ID_UCET,SMER,METODA,CASTKA,POZNAMKA,DATUM_VYTVORENI,ID_OBJEDNAVKA,CISLOKARTY) values ('30','7','P','HOTOVOST','200','Вщишеш',to_date('09.12.25','DD.MM.RR'),null,null);
Insert into POHYB_UCTU (ID_POHYB,ID_UCET,SMER,METODA,CASTKA,POZNAMKA,DATUM_VYTVORENI,ID_OBJEDNAVKA,CISLOKARTY) values ('11','2','P','HOTOVOST','888','na ribu',to_date('09.12.25','DD.MM.RR'),null,null);
Insert into POHYB_UCTU (ID_POHYB,ID_UCET,SMER,METODA,CASTKA,POZNAMKA,DATUM_VYTVORENI,ID_OBJEDNAVKA,CISLOKARTY) values ('18','2','P','REFUND','239,7','Refund objednavky 103',to_date('09.12.25','DD.MM.RR'),'103',null);
Insert into POHYB_UCTU (ID_POHYB,ID_UCET,SMER,METODA,CASTKA,POZNAMKA,DATUM_VYTVORENI,ID_OBJEDNAVKA,CISLOKARTY) values ('13','2','D','OBJEDNAVKA','239,7','Platba objednavky 103',to_date('09.12.25','DD.MM.RR'),'103',null);
Insert into POHYB_UCTU (ID_POHYB,ID_UCET,SMER,METODA,CASTKA,POZNAMKA,DATUM_VYTVORENI,ID_OBJEDNAVKA,CISLOKARTY) values ('14','2','P','REFUND','239,7','Refund objednavky 103',to_date('09.12.25','DD.MM.RR'),'103',null);
Insert into POHYB_UCTU (ID_POHYB,ID_UCET,SMER,METODA,CASTKA,POZNAMKA,DATUM_VYTVORENI,ID_OBJEDNAVKA,CISLOKARTY) values ('19','2','D','OBJEDNAVKA','239,7','Platba objednavky 104',to_date('09.12.25','DD.MM.RR'),'104',null);
Insert into POHYB_UCTU (ID_POHYB,ID_UCET,SMER,METODA,CASTKA,POZNAMKA,DATUM_VYTVORENI,ID_OBJEDNAVKA,CISLOKARTY) values ('20','2','P','REFUND','239,7','Refund objednavky 104',to_date('09.12.25','DD.MM.RR'),'104',null);
Insert into POHYB_UCTU (ID_POHYB,ID_UCET,SMER,METODA,CASTKA,POZNAMKA,DATUM_VYTVORENI,ID_OBJEDNAVKA,CISLOKARTY) values ('21','2','P','KARTA','1231','na ribu',to_date('09.12.25','DD.MM.RR'),null,'4939 4923 1234 1234');
Insert into POHYB_UCTU (ID_POHYB,ID_UCET,SMER,METODA,CASTKA,POZNAMKA,DATUM_VYTVORENI,ID_OBJEDNAVKA,CISLOKARTY) values ('34','9','P','OBJEDNAVKA','1694,7','Vyplaceno za objednavku 116',to_date('09.12.25','DD.MM.RR'),'116',null);
Insert into POHYB_UCTU (ID_POHYB,ID_UCET,SMER,METODA,CASTKA,POZNAMKA,DATUM_VYTVORENI,ID_OBJEDNAVKA,CISLOKARTY) values ('36','3','P','HOTOVOST','400',null,to_date('09.12.25','DD.MM.RR'),null,null);
Insert into POHYB_UCTU (ID_POHYB,ID_UCET,SMER,METODA,CASTKA,POZNAMKA,DATUM_VYTVORENI,ID_OBJEDNAVKA,CISLOKARTY) values ('48','15','P','REFUND','1278,4','Refund objednavky 133',to_date('10.12.25','DD.MM.RR'),'133',null);
Insert into POHYB_UCTU (ID_POHYB,ID_UCET,SMER,METODA,CASTKA,POZNAMKA,DATUM_VYTVORENI,ID_OBJEDNAVKA,CISLOKARTY) values ('49','15','P','REFUND','457,8','Refund objednavky 126',to_date('10.12.25','DD.MM.RR'),'126',null);
Insert into POHYB_UCTU (ID_POHYB,ID_UCET,SMER,METODA,CASTKA,POZNAMKA,DATUM_VYTVORENI,ID_OBJEDNAVKA,CISLOKARTY) values ('55','15','P','REFUND','559,3','Refund objednavky 143',to_date('10.12.25','DD.MM.RR'),'143',null);
Insert into POHYB_UCTU (ID_POHYB,ID_UCET,SMER,METODA,CASTKA,POZNAMKA,DATUM_VYTVORENI,ID_OBJEDNAVKA,CISLOKARTY) values ('58','15','P','REFUND','639,2','Refund objednavky 153',to_date('10.12.25','DD.MM.RR'),'153',null);
Insert into POHYB_UCTU (ID_POHYB,ID_UCET,SMER,METODA,CASTKA,POZNAMKA,DATUM_VYTVORENI,ID_OBJEDNAVKA,CISLOKARTY) values ('63','15','P','REFUND','199,6','Refund objednavky 155',to_date('10.12.25','DD.MM.RR'),'155',null);
Insert into POHYB_UCTU (ID_POHYB,ID_UCET,SMER,METODA,CASTKA,POZNAMKA,DATUM_VYTVORENI,ID_OBJEDNAVKA,CISLOKARTY) values ('17','2','P','REFUND','239,7','Refund objednavky 103',to_date('09.12.25','DD.MM.RR'),'103',null);
Insert into POHYB_UCTU (ID_POHYB,ID_UCET,SMER,METODA,CASTKA,POZNAMKA,DATUM_VYTVORENI,ID_OBJEDNAVKA,CISLOKARTY) values ('40','9','P','OBJEDNAVKA','1568,7','Vyplaceno za objednavku 122',to_date('10.12.25','DD.MM.RR'),'122',null);
Insert into POHYB_UCTU (ID_POHYB,ID_UCET,SMER,METODA,CASTKA,POZNAMKA,DATUM_VYTVORENI,ID_OBJEDNAVKA,CISLOKARTY) values ('46','15','P','REFUND','2421','Refund objednavky 129',to_date('10.12.25','DD.MM.RR'),'129',null);
Insert into POHYB_UCTU (ID_POHYB,ID_UCET,SMER,METODA,CASTKA,POZNAMKA,DATUM_VYTVORENI,ID_OBJEDNAVKA,CISLOKARTY) values ('73','3','P','HOTOVOST','100',null,to_date('10.12.25','DD.MM.RR'),null,null);
Insert into POHYB_UCTU (ID_POHYB,ID_UCET,SMER,METODA,CASTKA,POZNAMKA,DATUM_VYTVORENI,ID_OBJEDNAVKA,CISLOKARTY) values ('1','1','P','HOTOVOST','100','test topup',to_date('07.12.25','DD.MM.RR'),null,null);
Insert into POHYB_UCTU (ID_POHYB,ID_UCET,SMER,METODA,CASTKA,POZNAMKA,DATUM_VYTVORENI,ID_OBJEDNAVKA,CISLOKARTY) values ('2','1','D','OBJEDNAVKA','50','Platba objednavky 1',to_date('07.12.25','DD.MM.RR'),'1',null);
Insert into POHYB_UCTU (ID_POHYB,ID_UCET,SMER,METODA,CASTKA,POZNAMKA,DATUM_VYTVORENI,ID_OBJEDNAVKA,CISLOKARTY) values ('3','1','P','HOTOVOST','100','test topup',to_date('07.12.25','DD.MM.RR'),null,null);
Insert into POHYB_UCTU (ID_POHYB,ID_UCET,SMER,METODA,CASTKA,POZNAMKA,DATUM_VYTVORENI,ID_OBJEDNAVKA,CISLOKARTY) values ('5','1','D','OBJEDNAVKA','50','Platba objednavky 2',to_date('07.12.25','DD.MM.RR'),'2',null);
Insert into POHYB_UCTU (ID_POHYB,ID_UCET,SMER,METODA,CASTKA,POZNAMKA,DATUM_VYTVORENI,ID_OBJEDNAVKA,CISLOKARTY) values ('6','1','D','OBJEDNAVKA','50','Platba objednavky 3',to_date('07.12.25','DD.MM.RR'),'3',null);
Insert into POHYB_UCTU (ID_POHYB,ID_UCET,SMER,METODA,CASTKA,POZNAMKA,DATUM_VYTVORENI,ID_OBJEDNAVKA,CISLOKARTY) values ('37','10','P','HOTOVOST','400',null,to_date('09.12.25','DD.MM.RR'),null,null);
Insert into POHYB_UCTU (ID_POHYB,ID_UCET,SMER,METODA,CASTKA,POZNAMKA,DATUM_VYTVORENI,ID_OBJEDNAVKA,CISLOKARTY) values ('38','10','D','OBJEDNAVKA','159,8','Platba objednavky 118',to_date('09.12.25','DD.MM.RR'),'118',null);
REM INSERTING into PRAVO
SET DEFINE OFF;
Insert into PRAVO (ID_PRAVO,NAZEV,KOD) values ('1','Prehled zboží','VIEW_PRODUCTS');
Insert into PRAVO (ID_PRAVO,NAZEV,KOD) values ('2','Úprava zboží','EDIT_PRODUCTS');
Insert into PRAVO (ID_PRAVO,NAZEV,KOD) values ('3','Zobrazení objednávek','VIEW_ORDERS');
Insert into PRAVO (ID_PRAVO,NAZEV,KOD) values ('5','Vytvoření objednávky','CREATE_ORDERS');
Insert into PRAVO (ID_PRAVO,NAZEV,KOD) values ('6','Zobrazení financí','VIEW_FINANCE');
Insert into PRAVO (ID_PRAVO,NAZEV,KOD) values ('7','Zobrazení archivu','VIEW_ARCHIVE');
Insert into PRAVO (ID_PRAVO,NAZEV,KOD) values ('8','Správa uživatelů','MANAGE_USERS');
Insert into PRAVO (ID_PRAVO,NAZEV,KOD) values ('9','Výpis DB objektů','VIEW_DB_OBJECTS');
Insert into PRAVO (ID_PRAVO,NAZEV,KOD) values ('28','Objednávky dodav.','SUPPLIER_ORDERS_ACC');
Insert into PRAVO (ID_PRAVO,NAZEV,KOD) values ('30','Historie objednavek','CUSTOMER_HISTORY');
Insert into PRAVO (ID_PRAVO,NAZEV,KOD) values ('11','Úprava cizích zpráv','EDIT_MSGS');
Insert into PRAVO (ID_PRAVO,NAZEV,KOD) values ('29','Objednavky klientu','CLIENT_ORDER_MANAGE');
REM INSERTING into SKLAD
SET DEFINE OFF;
Insert into SKLAD (ID_SKLAD,NAZEV,KAPACITA,TELEFONNICISLO,ID_SUPERMARKET) values ('1','Sklad Praha Centrum - Hala A','10000','+420221900101','1');
Insert into SKLAD (ID_SKLAD,NAZEV,KAPACITA,TELEFONNICISLO,ID_SUPERMARKET) values ('2','Sklad Praha Centrum - Hala B','10000','+420221900102','1');
Insert into SKLAD (ID_SKLAD,NAZEV,KAPACITA,TELEFONNICISLO,ID_SUPERMARKET) values ('3','Sklad Folimanka - Polabiny','10000','+420466777201','2');
Insert into SKLAD (ID_SKLAD,NAZEV,KAPACITA,TELEFONNICISLO,ID_SUPERMARKET) values ('4','Sklad Folimanka - Rezerva','10000','+420466777202','2');
Insert into SKLAD (ID_SKLAD,NAZEV,KAPACITA,TELEFONNICISLO,ID_SUPERMARKET) values ('5','Sklad Zahrada - Sever','10000','+420389501301','3');
Insert into SKLAD (ID_SKLAD,NAZEV,KAPACITA,TELEFONNICISLO,ID_SUPERMARKET) values ('6','Sklad Zahrada - Jih','10000','+420389501302','3');
Insert into SKLAD (ID_SKLAD,NAZEV,KAPACITA,TELEFONNICISLO,ID_SUPERMARKET) values ('7','Sklad Jeremenkova - Central','10000','+420377445401','4');
Insert into SKLAD (ID_SKLAD,NAZEV,KAPACITA,TELEFONNICISLO,ID_SUPERMARKET) values ('8','Sklad Jeremenkova - Bory','10000','+420377445402','4');
Insert into SKLAD (ID_SKLAD,NAZEV,KAPACITA,TELEFONNICISLO,ID_SUPERMARKET) values ('9','Sklad Tusarova - Liberec','10000','+420485123501','5');
Insert into SKLAD (ID_SKLAD,NAZEV,KAPACITA,TELEFONNICISLO,ID_SUPERMARKET) values ('10','Sklad Tusarova - Svermova','10000','+420485123502','5');
REM INSERTING into SKLAD_CAPACITY_TMP
SET DEFINE OFF;
REM INSERTING into SOUBOR
SET DEFINE OFF;
Insert into SOUBOR (ID_SOUBOR,NAZEV,TYP,PRIPONA,DATUMNAHRANI,DATUMMODIFIKACE,ID_UZIVATELU,ID_ARCHIV) values ('8','anime-style-mythical-dragon-creature','image/jpeg','jpg',to_date('30.11.25','DD.MM.RR'),to_date('30.11.25','DD.MM.RR'),'82','3');
Insert into SOUBOR (ID_SOUBOR,NAZEV,TYP,PRIPONA,DATUMNAHRANI,DATUMMODIFIKACE,ID_UZIVATELU,ID_ARCHIV) values ('17','vypis','application/pdf','pdf',to_date('10.12.25','DD.MM.RR'),to_date('10.12.25','DD.MM.RR'),'41','3');
Insert into SOUBOR (ID_SOUBOR,NAZEV,TYP,PRIPONA,DATUMNAHRANI,DATUMMODIFIKACE,ID_UZIVATELU,ID_ARCHIV) values ('7','%D0%A1%D0%BD%D0%B8%D0%BC%D0%BE%D0%BA%20%D1%8D%D0%BA%D1%80%D0%B0%D0%BD%D0%B0%202025-11-08%20%D0%B2%2023.04.04','image/png','png',to_date('30.11.25','DD.MM.RR'),to_date('30.11.25','DD.MM.RR'),'82','3');
Insert into SOUBOR (ID_SOUBOR,NAZEV,TYP,PRIPONA,DATUMNAHRANI,DATUMMODIFIKACE,ID_UZIVATELU,ID_ARCHIV) values ('89','report_ucet_7_202512','text/csv','csv',to_date('11.12.25','DD.MM.RR'),to_date('11.12.25','DD.MM.RR'),'1','53');
Insert into SOUBOR (ID_SOUBOR,NAZEV,TYP,PRIPONA,DATUMNAHRANI,DATUMMODIFIKACE,ID_UZIVATELU,ID_ARCHIV) values ('90','report_ucet_9_202512','text/csv','csv',to_date('11.12.25','DD.MM.RR'),to_date('11.12.25','DD.MM.RR'),'1','53');
Insert into SOUBOR (ID_SOUBOR,NAZEV,TYP,PRIPONA,DATUMNAHRANI,DATUMMODIFIKACE,ID_UZIVATELU,ID_ARCHIV) values ('91','report_ucet_3_202512','text/csv','csv',to_date('11.12.25','DD.MM.RR'),to_date('11.12.25','DD.MM.RR'),'1','53');
Insert into SOUBOR (ID_SOUBOR,NAZEV,TYP,PRIPONA,DATUMNAHRANI,DATUMMODIFIKACE,ID_UZIVATELU,ID_ARCHIV) values ('92','report_ucet_10_202512','text/csv','csv',to_date('11.12.25','DD.MM.RR'),to_date('11.12.25','DD.MM.RR'),'1','53');
Insert into SOUBOR (ID_SOUBOR,NAZEV,TYP,PRIPONA,DATUMNAHRANI,DATUMMODIFIKACE,ID_UZIVATELU,ID_ARCHIV) values ('93','report_ucet_15_202512','text/csv','csv',to_date('11.12.25','DD.MM.RR'),to_date('11.12.25','DD.MM.RR'),'1','53');
Insert into SOUBOR (ID_SOUBOR,NAZEV,TYP,PRIPONA,DATUMNAHRANI,DATUMMODIFIKACE,ID_UZIVATELU,ID_ARCHIV) values ('94','report_ucet_2_202512','text/csv','csv',to_date('11.12.25','DD.MM.RR'),to_date('11.12.25','DD.MM.RR'),'1','53');
Insert into SOUBOR (ID_SOUBOR,NAZEV,TYP,PRIPONA,DATUMNAHRANI,DATUMMODIFIKACE,ID_UZIVATELU,ID_ARCHIV) values ('88','report_ucet_1_202512','text/csv','csv',to_date('11.12.25','DD.MM.RR'),to_date('11.12.25','DD.MM.RR'),'1','53');
REM INSERTING into STATUS
SET DEFINE OFF;
Insert into STATUS (ID_STATUS,NAZEV) values ('1','Vytvorena');
Insert into STATUS (ID_STATUS,NAZEV) values ('2','Potvrzena');
Insert into STATUS (ID_STATUS,NAZEV) values ('3','Pripravuje se');
Insert into STATUS (ID_STATUS,NAZEV) values ('4','Odeslana');
Insert into STATUS (ID_STATUS,NAZEV) values ('5','Dokoncena');
Insert into STATUS (ID_STATUS,NAZEV) values ('6','Zrusena');
REM INSERTING into SUPERMARKET
SET DEFINE OFF;
Insert into SUPERMARKET (ID_SUPERMARKET,NAZEV,TELEFON,EMAIL,ID_ADRESA) values ('1','Supermarket Praha Centrum','720111111','praha.centrum@shop.cz','86');
Insert into SUPERMARKET (ID_SUPERMARKET,NAZEV,TELEFON,EMAIL,ID_ADRESA) values ('2','Supermarket Praha Folimanka','720222222','praha.folimanka@shop.cz','87');
Insert into SUPERMARKET (ID_SUPERMARKET,NAZEV,TELEFON,EMAIL,ID_ADRESA) values ('3','Supermarket Praha Zahrada','720333333','praha.zahrada@shop.cz','88');
Insert into SUPERMARKET (ID_SUPERMARKET,NAZEV,TELEFON,EMAIL,ID_ADRESA) values ('4','Supermarket Praha Jeremenkova','720444444','praha.jeremenkova@shop.cz','89');
Insert into SUPERMARKET (ID_SUPERMARKET,NAZEV,TELEFON,EMAIL,ID_ADRESA) values ('5','Supermarket Praha Tusarova','720555555','praha.tusarova@shop.cz','90');
REM INSERTING into UCET
SET DEFINE OFF;
Insert into UCET (ID_UCET,ID_UZIVATEL,ZUSTATEK,DATUM_VYTVORENI) values ('9','22','6400,8',to_date('09.12.25','DD.MM.RR'));
Insert into UCET (ID_UCET,ID_UZIVATEL,ZUSTATEK,DATUM_VYTVORENI) values ('12','23','0',to_date('10.12.25','DD.MM.RR'));
Insert into UCET (ID_UCET,ID_UZIVATEL,ZUSTATEK,DATUM_VYTVORENI) values ('2','86','2235',to_date('07.12.25','DD.MM.RR'));
Insert into UCET (ID_UCET,ID_UZIVATEL,ZUSTATEK,DATUM_VYTVORENI) values ('7','8','200',to_date('09.12.25','DD.MM.RR'));
Insert into UCET (ID_UCET,ID_UZIVATEL,ZUSTATEK,DATUM_VYTVORENI) values ('14','27','0',to_date('10.12.25','DD.MM.RR'));
Insert into UCET (ID_UCET,ID_UZIVATEL,ZUSTATEK,DATUM_VYTVORENI) values ('15','51','3677,8',to_date('10.12.25','DD.MM.RR'));
Insert into UCET (ID_UCET,ID_UZIVATEL,ZUSTATEK,DATUM_VYTVORENI) values ('3','41','940,2',to_date('08.12.25','DD.MM.RR'));
Insert into UCET (ID_UCET,ID_UZIVATEL,ZUSTATEK,DATUM_VYTVORENI) values ('8','17','0',to_date('09.12.25','DD.MM.RR'));
Insert into UCET (ID_UCET,ID_UZIVATEL,ZUSTATEK,DATUM_VYTVORENI) values ('11','44','0',to_date('10.12.25','DD.MM.RR'));
Insert into UCET (ID_UCET,ID_UZIVATEL,ZUSTATEK,DATUM_VYTVORENI) values ('16','55','0',to_date('10.12.25','DD.MM.RR'));
Insert into UCET (ID_UCET,ID_UZIVATEL,ZUSTATEK,DATUM_VYTVORENI) values ('17','81','0',to_date('11.12.25','DD.MM.RR'));
Insert into UCET (ID_UCET,ID_UZIVATEL,ZUSTATEK,DATUM_VYTVORENI) values ('4','6','0',to_date('08.12.25','DD.MM.RR'));
Insert into UCET (ID_UCET,ID_UZIVATEL,ZUSTATEK,DATUM_VYTVORENI) values ('5','4','0',to_date('08.12.25','DD.MM.RR'));
Insert into UCET (ID_UCET,ID_UZIVATEL,ZUSTATEK,DATUM_VYTVORENI) values ('6','12','0',to_date('09.12.25','DD.MM.RR'));
Insert into UCET (ID_UCET,ID_UZIVATEL,ZUSTATEK,DATUM_VYTVORENI) values ('13','34','0',to_date('10.12.25','DD.MM.RR'));
Insert into UCET (ID_UCET,ID_UZIVATEL,ZUSTATEK,DATUM_VYTVORENI) values ('1','1','50',to_date('07.12.25','DD.MM.RR'));
Insert into UCET (ID_UCET,ID_UZIVATEL,ZUSTATEK,DATUM_VYTVORENI) values ('10','49','240,2',to_date('09.12.25','DD.MM.RR'));
Insert into UCET (ID_UCET,ID_UZIVATEL,ZUSTATEK,DATUM_VYTVORENI) values ('18','82','0',to_date('11.12.25','DD.MM.RR'));
REM INSERTING into UZIVATEL
SET DEFINE OFF;
Insert into UZIVATEL (ID_UZIVATEL,JMENO,PRIJMENI,EMAIL,HESLO,TELEFONNICISLO,ID_ADRESA,ID_ROLE) values ('82','Karel','Balez','balez@example.com','$2a$10$j1057CO.NRJm200dnsL3IeCdw8Gap1pf3JaKIcJl07HLdYR9GfOcS','420705991','101','6');
Insert into UZIVATEL (ID_UZIVATEL,JMENO,PRIJMENI,EMAIL,HESLO,TELEFONNICISLO,ID_ADRESA,ID_ROLE) values ('43','Pavel','Jurik','pavel.jurik@customers.cz','$2a$10$w1TiQtwDLEAXsbvaFSY.gueryTlH7FRS/EW213nEW3Lv6HYu3Fp8m','724222333','30','7');
Insert into UZIVATEL (ID_UZIVATEL,JMENO,PRIJMENI,EMAIL,HESLO,TELEFONNICISLO,ID_ADRESA,ID_ROLE) values ('46','Milan','Chladek','milan.chladek@customers.cz','$2a$10$pBIL7Ed/cJUX3Xdtl8Nlu.6JvXjavIDD/Ka/JG08gpC/Sb7kWc0Zm','724555666','34','3');
Insert into UZIVATEL (ID_UZIVATEL,JMENO,PRIJMENI,EMAIL,HESLO,TELEFONNICISLO,ID_ADRESA,ID_ROLE) values ('48','Leo','Klement','leo.klement@customers.cz','$2a$10$8j45kvMRhvoDl8EChx6qyuj.9gQDMMLMb8K6LqDz3v0JJTylvJaJS','725222333','37','6');
Insert into UZIVATEL (ID_UZIVATEL,JMENO,PRIJMENI,EMAIL,HESLO,TELEFONNICISLO,ID_ADRESA,ID_ROLE) values ('50','Igor','Sladky','igor.sladky@customers.cz','$2a$10$4EvigC8fysbjxPougqMqyewcPsoWMQcfyCgpKAQp7DMxpFeHiEkYe','725444555','39','3');
Insert into UZIVATEL (ID_UZIVATEL,JMENO,PRIJMENI,EMAIL,HESLO,TELEFONNICISLO,ID_ADRESA,ID_ROLE) values ('52','Jan','Prokop','jan.prokop@management.cz','$2a$10$QYOJ.P7EwKHMFc7BR1F53.rDdbGnCGHgjn.IdfnbI.2Ea5RbJtQb6','730111222','42','3');
Insert into UZIVATEL (ID_UZIVATEL,JMENO,PRIJMENI,EMAIL,HESLO,TELEFONNICISLO,ID_ADRESA,ID_ROLE) values ('55','Lukas','Bohac','lukas.bohac@management.cz','$2a$10$Ixir5Ra38fu/LoyBCHHF9urhJBB.Dy38Zr0jf.BOXEcImrOboNaVu','730444555','47','3');
Insert into UZIVATEL (ID_UZIVATEL,JMENO,PRIJMENI,EMAIL,HESLO,TELEFONNICISLO,ID_ADRESA,ID_ROLE) values ('57','David','Moravec','david.moravec@management.cz','$2a$10$/eFv55NLWTxrk0cNHceLVezN/eUh.pC.JKlWfG4Qbr86CbWo8jQWC','731111222','50','4');
Insert into UZIVATEL (ID_UZIVATEL,JMENO,PRIJMENI,EMAIL,HESLO,TELEFONNICISLO,ID_ADRESA,ID_ROLE) values ('59','Roman','Machacek','roman.machacek@management.cz','$2a$10$Hqq3WMpl759aFh76Sz6R7.4Zi5rkd3tuk1BAYdkh/9wr48EMsDeCi','731333444','55','4');
Insert into UZIVATEL (ID_UZIVATEL,JMENO,PRIJMENI,EMAIL,HESLO,TELEFONNICISLO,ID_ADRESA,ID_ROLE) values ('62','Michal','Kralik','michal.kralik@analytics.cz','$2a$10$gF8OyesmA4XWJrs3e1utXOIHusjFC/0I60ijEqvxESXTSVKtSBeVq','732111222','61','5');
Insert into UZIVATEL (ID_UZIVATEL,JMENO,PRIJMENI,EMAIL,HESLO,TELEFONNICISLO,ID_ADRESA,ID_ROLE) values ('64','Adam','Studeny','adam.studeny@analytics.cz','$2a$10$TVWcOcUerTbm2.F.kWNpXOYxvzgvaPxcz7aMn3z1I8nPMo3PEqi/O','732333444','63','5');
Insert into UZIVATEL (ID_UZIVATEL,JMENO,PRIJMENI,EMAIL,HESLO,TELEFONNICISLO,ID_ADRESA,ID_ROLE) values ('67','Igor','Novotny','igor.novotny@analytics.cz','$2a$10$CR22cJhYVj4i5HLBJ4INH.Hb06cZ2gM1lvB5h1VIR7wJ3QYOurANy','733111222','67','5');
Insert into UZIVATEL (ID_UZIVATEL,JMENO,PRIJMENI,EMAIL,HESLO,TELEFONNICISLO,ID_ADRESA,ID_ROLE) values ('69','Tomas','Pavlicek','tomas.pavlicek@analytics.cz','$2a$10$TLgbuEbTEgBsmGRi3XxBwu.Cg983poHg7tCwuW0N6ncntU6ZeTNxy','733333444','70','5');
Insert into UZIVATEL (ID_UZIVATEL,JMENO,PRIJMENI,EMAIL,HESLO,TELEFONNICISLO,ID_ADRESA,ID_ROLE) values ('71','Dominik','Slavik','dominik.slavik@analytics.cz','$2a$10$5dWInPzMAofAbDH0nH4vie8B9Q5Th8slLZ37lHEnmkusEtHA82WJy','733555666','74','5');
Insert into UZIVATEL (ID_UZIVATEL,JMENO,PRIJMENI,EMAIL,HESLO,TELEFONNICISLO,ID_ADRESA,ID_ROLE) values ('74','Jana','Sedlackova','jana.sedlackova@supervision.cz','$2a$10$gC7s269P32iunyqlQxPepOrNYRdEjUbg1nn01GjX1VTCfGrOWY3Hy','734333444','77','6');
Insert into UZIVATEL (ID_UZIVATEL,JMENO,PRIJMENI,EMAIL,HESLO,TELEFONNICISLO,ID_ADRESA,ID_ROLE) values ('76','Monika','Reznikova','monika.reznikova@supervision.cz','$2a$10$q7zXKXsrnakLb3GlDw027.KeK9BRr2QsgbLXzgZU3jAUYt5GkoYg.','734555666','79','6');
Insert into UZIVATEL (ID_UZIVATEL,JMENO,PRIJMENI,EMAIL,HESLO,TELEFONNICISLO,ID_ADRESA,ID_ROLE) values ('79','Veronika','Ulrichova','veronika.ulrichova@supervision.cz','$2a$10$I8qAP1fi9j0RN6/.OpQzIeEXAuRWlimGBRTrtnojC2vQf2yNDeaYW','735333444','83','6');
Insert into UZIVATEL (ID_UZIVATEL,JMENO,PRIJMENI,EMAIL,HESLO,TELEFONNICISLO,ID_ADRESA,ID_ROLE) values ('90','Artur','Pirozkov','artur.pirozkov@zakaznik.cz','$2a$10$E4izRZxBygdA1o3i/6olruL3G8PzL2oI5gZqG6t38.TIb9DvbhNbm','705998254',null,'7');
Insert into UZIVATEL (ID_UZIVATEL,JMENO,PRIJMENI,EMAIL,HESLO,TELEFONNICISLO,ID_ADRESA,ID_ROLE) values ('91','Artur','Pirozkov','lada@zakaznik.cz','$2a$10$Tg/m9xqrnxLdW6HK2cQel.Wm/IHwrULTcalkZKxPtAT91/LVglWnq','708543254',null,'7');
Insert into UZIVATEL (ID_UZIVATEL,JMENO,PRIJMENI,EMAIL,HESLO,TELEFONNICISLO,ID_ADRESA,ID_ROLE) values ('92','Pavel','Pepr','pepr.pavel@manager.cz','$2a$10$bbd07gIKyF0OWgD7/eGPqO4hAjQPf.gNCwcnQrCaG0nO.hAxW.fAy','420906453',null,'4');
Insert into UZIVATEL (ID_UZIVATEL,JMENO,PRIJMENI,EMAIL,HESLO,TELEFONNICISLO,ID_ADRESA,ID_ROLE) values ('88','kimi','kirik','kimi@example.com','$2a$10$PLDVjWPl1lSwPsHxqS5.kuxJXuGc14TDgVxzfNbLGZgem.2XhhkbO','+420705991167',null,'7');
Insert into UZIVATEL (ID_UZIVATEL,JMENO,PRIJMENI,EMAIL,HESLO,TELEFONNICISLO,ID_ADRESA,ID_ROLE) values ('1','David','Prochazka','david.prochazka@admin.cz','$2a$10$rz3Z0FUNnM1VzgQ5HOQY3elIVPcUvwd0KoKqJ2GLt4XPYyu29M0ly','123456789','1','1');
Insert into UZIVATEL (ID_UZIVATEL,JMENO,PRIJMENI,EMAIL,HESLO,TELEFONNICISLO,ID_ADRESA,ID_ROLE) values ('2','Jan','Novak','jan.novak@suppliers.cz','$2a$10$kkSUUG0VbmbGMgijA.l3f.M5d6tGqjmi1u0b2gb5QXYSlgVxDLipm','702111222','5','2');
Insert into UZIVATEL (ID_UZIVATEL,JMENO,PRIJMENI,EMAIL,HESLO,TELEFONNICISLO,ID_ADRESA,ID_ROLE) values ('3','Petr','Svoboda','petr.svoboda@suppliers.cz','$2a$10$nU3Z/4YcYgHCbWoOczQufeGg.iEykchUC36wdoHFo3WYgxCWB.yRS','702333444','7','2');
Insert into UZIVATEL (ID_UZIVATEL,JMENO,PRIJMENI,EMAIL,HESLO,TELEFONNICISLO,ID_ADRESA,ID_ROLE) values ('4','Martin','Dolezal','martin.dolezal@suppliers.cz','$2a$10$GAgI/oEv93FPOTMByUk/vuBypjyYNRNUDJ3lneSjszHTLqWn1Ojpm','703555666','12','2');
Insert into UZIVATEL (ID_UZIVATEL,JMENO,PRIJMENI,EMAIL,HESLO,TELEFONNICISLO,ID_ADRESA,ID_ROLE) values ('5','Lukas','Krivda','lukas.krivda@suppliers.cz','$2a$10$pDoCqLVL.I6pniYZTFcDH.JAqCPBsYVosI7k9DpIMOAz2/vxDFOYq','704101010','18','2');
Insert into UZIVATEL (ID_UZIVATEL,JMENO,PRIJMENI,EMAIL,HESLO,TELEFONNICISLO,ID_ADRESA,ID_ROLE) values ('6','Adam','Benes','adam.benes@suppliers.cz','$2a$10$0HzYa69ulEMvhW0LhOt7zuJj4PlPEEovcb63IhMxqDlDIIklv621u','704999888','22','2');
Insert into UZIVATEL (ID_UZIVATEL,JMENO,PRIJMENI,EMAIL,HESLO,TELEFONNICISLO,ID_ADRESA,ID_ROLE) values ('7','Tomas','Holik','tomas.holik@suppliers.cz','$2a$10$m8ILK0EIHE3QRyxz.7nUn.rAZ0Q.sMiOPvtw6MCRKVLSdUHcVSnp6','705222333','27','2');
Insert into UZIVATEL (ID_UZIVATEL,JMENO,PRIJMENI,EMAIL,HESLO,TELEFONNICISLO,ID_ADRESA,ID_ROLE) values ('8','Viktor','Kovar','viktor.kovar@suppliers.cz','$2a$10$SWAl9eT3CcbR.2qfVzJvY.hX589lSzx.r9pogGWPzHy0yDuTkE8ze','705444555','31','2');
Insert into UZIVATEL (ID_UZIVATEL,JMENO,PRIJMENI,EMAIL,HESLO,TELEFONNICISLO,ID_ADRESA,ID_ROLE) values ('9','Jaroslav','Rada','jaroslav.rada@suppliers.cz','$2a$10$rn6yPhCBWZlYFCm5gD7iZOTGBTZzctxoqx4hgkRRt/V6jEPpANbPu','706121212','36','6');
Insert into UZIVATEL (ID_UZIVATEL,JMENO,PRIJMENI,EMAIL,HESLO,TELEFONNICISLO,ID_ADRESA,ID_ROLE) values ('10','Michal','Simek','michal.simek@suppliers.cz','$2a$10$KDkRoLC21p20VcfRrmeUcuGtUX/OiIHRWzy.vh45tBR9PZiNNBgLi','706454545','41','2');
Insert into UZIVATEL (ID_UZIVATEL,JMENO,PRIJMENI,EMAIL,HESLO,TELEFONNICISLO,ID_ADRESA,ID_ROLE) values ('11','Karel','Zima','karel.zima@suppliers.cz','$2a$10$mVPqVAhh163qWBtM.GzQ8OkBPOjmUeXiDL4umYXRkb8VGfMp9KNyy','706787878','44','2');
Insert into UZIVATEL (ID_UZIVATEL,JMENO,PRIJMENI,EMAIL,HESLO,TELEFONNICISLO,ID_ADRESA,ID_ROLE) values ('12','Radek','Pokorny','radek.pokorny@suppliers.cz','$2a$10$pK4exwqqTPcq.hk8Psrd4OHOiyhcuEj7jej2EG4XXUkQ90027qsbS','707333222','49','2');
Insert into UZIVATEL (ID_UZIVATEL,JMENO,PRIJMENI,EMAIL,HESLO,TELEFONNICISLO,ID_ADRESA,ID_ROLE) values ('13','Dominik','Barta','dominik.barta@suppliers.cz','$2a$10$wHKWBmSpHS7.XeyVfaBSY.e0lKNYGtY2PORbQ0xh4L4SnwA7qbZZe','70755544','52','6');
Insert into UZIVATEL (ID_UZIVATEL,JMENO,PRIJMENI,EMAIL,HESLO,TELEFONNICISLO,ID_ADRESA,ID_ROLE) values ('14','Roman','Trnka','roman.trnka@suppliers.cz','$2a$10$Q8W9dU4y1nlRXL9IM9j8ZOTmX1fWggJCB7QRJvhxD/CoEtP0./hGK','708101099','57','2');
Insert into UZIVATEL (ID_UZIVATEL,JMENO,PRIJMENI,EMAIL,HESLO,TELEFONNICISLO,ID_ADRESA,ID_ROLE) values ('15','Daniel','Kubicek','daniel.kubicek@suppliers.cz','$2a$10$pa9y5bUn9HIaojcqVjqjpOI.iPj2FRUzIbwcSaJmxWGN.ifLV4jTu','708202233','60','2');
Insert into UZIVATEL (ID_UZIVATEL,JMENO,PRIJMENI,EMAIL,HESLO,TELEFONNICISLO,ID_ADRESA,ID_ROLE) values ('16','Jiri','Houska','jiri.houska@suppliers.cz','$2a$10$UJ2Y1ikBqQ6YmBCfkz4FQunW68gMD9NlZBDGqOQRm1sxZINjdmmqu','708858585','63','2');
Insert into UZIVATEL (ID_UZIVATEL,JMENO,PRIJMENI,EMAIL,HESLO,TELEFONNICISLO,ID_ADRESA,ID_ROLE) values ('17','Libor','Kostal','libor.kostal@suppliers.cz','$2a$10$ezL8GIzDoZ.pHvOk9JCb9eS682XP.9GBLiqeaDiMIkfZLfAfx0JLu','709444222','68','2');
Insert into UZIVATEL (ID_UZIVATEL,JMENO,PRIJMENI,EMAIL,HESLO,TELEFONNICISLO,ID_ADRESA,ID_ROLE) values ('18','Marek','Suchy','marek.suchy@suppliers.cz','$2a$10$uKi34d2H2Yd6.WipcU..2eTsTZwuPVdKdhpq2iDwsPrH8m.IT4biG','709666333','73','2');
Insert into UZIVATEL (ID_UZIVATEL,JMENO,PRIJMENI,EMAIL,HESLO,TELEFONNICISLO,ID_ADRESA,ID_ROLE) values ('19','Ondrej','Racek','ondrej.racek@suppliers.cz','$2a$10$KmTO48RCkEUuJ5hT7OuB2uCj53ZfZMMM76Cj2jLq/8QBNQrKQHI5.','709787878','81','2');
Insert into UZIVATEL (ID_UZIVATEL,JMENO,PRIJMENI,EMAIL,HESLO,TELEFONNICISLO,ID_ADRESA,ID_ROLE) values ('22','Petr','Kral','petr.kral@customers.cz','$2a$10$uPOZYflNhl7kz5tWSFLy7.ZQexbyuAg114jzso4adp.032VInZMZG','720111222','2','2');
Insert into UZIVATEL (ID_UZIVATEL,JMENO,PRIJMENI,EMAIL,HESLO,TELEFONNICISLO,ID_ADRESA,ID_ROLE) values ('23','Marek','Horak','marek.horak@customers.cz','$2a$10$eOhtLQ0dRz0KALx.VWCunOmsgw0.sDK.7XMwiESW4SwFn1ec3zugW','720222333','3','3');
Insert into UZIVATEL (ID_UZIVATEL,JMENO,PRIJMENI,EMAIL,HESLO,TELEFONNICISLO,ID_ADRESA,ID_ROLE) values ('24','Ondrej','Kalina','ondrej.kalina@customers.cz','$2a$10$2OvaSuvEA0fYdT2fETpqjObsuMC.eB2ZzUecDy72Eg5bf6ULiU4MG','720333444','4','3');
Insert into UZIVATEL (ID_UZIVATEL,JMENO,PRIJMENI,EMAIL,HESLO,TELEFONNICISLO,ID_ADRESA,ID_ROLE) values ('25','Tomas','Vecera','tomas.vecera@customers.cz','$2a$10$HQCygRyFnfMlZrtJXornmuYEqur9Ns9ThNihDr.HtfmNE16xgxWJG','720444555','6','3');
Insert into UZIVATEL (ID_UZIVATEL,JMENO,PRIJMENI,EMAIL,HESLO,TELEFONNICISLO,ID_ADRESA,ID_ROLE) values ('26','Lukas','Pavelka','lukas.pavelka@customers.cz','$2a$10$XETWtEXWm9k.VqRTB1vl8Oj/5Vt5iNW5p91aZ8Xxmw6Y7PGHuU9JO','720555666','8','3');
Insert into UZIVATEL (ID_UZIVATEL,JMENO,PRIJMENI,EMAIL,HESLO,TELEFONNICISLO,ID_ADRESA,ID_ROLE) values ('27','Jan','Herda','jan.herda@customers.cz','$2a$10$VTeWARxVidBf.69OfBLzgOLkyI.epAoJI4.lGV/b/VD18CKfQiJGa','721111222','9','4');
Insert into UZIVATEL (ID_UZIVATEL,JMENO,PRIJMENI,EMAIL,HESLO,TELEFONNICISLO,ID_ADRESA,ID_ROLE) values ('28','Daniel','Slama','daniel.slama@customers.cz','$2a$10$TLMjFe6w3XJmdnYlFoCgX.lGrmN2MycNWSSAHDBWeViQkewf.k0oK','721222333','10','3');
Insert into UZIVATEL (ID_UZIVATEL,JMENO,PRIJMENI,EMAIL,HESLO,TELEFONNICISLO,ID_ADRESA,ID_ROLE) values ('29','Adam','Richter','adam.richter@customers.cz','$2a$10$NGYLbW/Ib5uID8OExVlLPuBL7z4T6Te4UGez6xbxJAgU/qBsTywTK','721333444','11','4');
Insert into UZIVATEL (ID_UZIVATEL,JMENO,PRIJMENI,EMAIL,HESLO,TELEFONNICISLO,ID_ADRESA,ID_ROLE) values ('30','Jiri','Kopecky','jiri.kopecky@customers.cz','$2a$10$yo2c2J3ZBl4iRS0luMVuoOWxWgQx6azICTnHwAXaM0Uq3xx0EYu7u','721444555','13','6');
Insert into UZIVATEL (ID_UZIVATEL,JMENO,PRIJMENI,EMAIL,HESLO,TELEFONNICISLO,ID_ADRESA,ID_ROLE) values ('31','David','Toth','david.toth@customers.cz','$2a$10$c2jkihv6V2YHZPymUNEg8e0ZjSXkP9egTBxT0vJc8QmAHMlrVFNli','721555666','14','3');
Insert into UZIVATEL (ID_UZIVATEL,JMENO,PRIJMENI,EMAIL,HESLO,TELEFONNICISLO,ID_ADRESA,ID_ROLE) values ('32','Michal','Valek','michal.valek@customers.cz','$2a$10$JbVVyATW4BK1xB9IglrCm.79zpeQeLccloNQecfxKN2INBwzpeGWa','722111222','15','2');
Insert into UZIVATEL (ID_UZIVATEL,JMENO,PRIJMENI,EMAIL,HESLO,TELEFONNICISLO,ID_ADRESA,ID_ROLE) values ('33','Radek','Janda','radek.janda@customers.cz','$2a$10$DCZ4KxcRKMhhL6cGHeThsOMnfqhQr.Uqy2lgosvT1mySm2x3mLYEW','722222333','16','2');
Insert into UZIVATEL (ID_UZIVATEL,JMENO,PRIJMENI,EMAIL,HESLO,TELEFONNICISLO,ID_ADRESA,ID_ROLE) values ('34','Jaroslav','Blazek','jaroslav.blazek@customers.cz','$2a$10$7A8VYwdSu.emFzWkxfX.We/2GnzSydmglbgQdvw6LLo58Z0mVqIwi','722333444','17','3');
Insert into UZIVATEL (ID_UZIVATEL,JMENO,PRIJMENI,EMAIL,HESLO,TELEFONNICISLO,ID_ADRESA,ID_ROLE) values ('35','Filip','Lanik','filip.lanik@customers.cz','$2a$10$Y3QthkmyBBETsVyyxoTag.GtA1y0fVUBojVXws9wPVuq070lsEToW','722444555','19','3');
Insert into UZIVATEL (ID_UZIVATEL,JMENO,PRIJMENI,EMAIL,HESLO,TELEFONNICISLO,ID_ADRESA,ID_ROLE) values ('36','Roman','Stehlik','roman.stehlik@customers.cz','$2a$10$4eMfNzeze2PBR1Adj5Zk4eOL3uwD4b78mVXl4Jx5bTjNQHkXoyXbi','722555666','20','3');
Insert into UZIVATEL (ID_UZIVATEL,JMENO,PRIJMENI,EMAIL,HESLO,TELEFONNICISLO,ID_ADRESA,ID_ROLE) values ('37','Patrik','Navratil','patrik.navratil@customers.cz','$2a$10$bW2LqP8TMEekyk/rwZjRFeqhjn6SkJNoNbxUVQqUb2kCWrd7DbK2G','723111222','23','3');
Insert into UZIVATEL (ID_UZIVATEL,JMENO,PRIJMENI,EMAIL,HESLO,TELEFONNICISLO,ID_ADRESA,ID_ROLE) values ('38','Kamil','Sykora','kamil.sykora@customers.cz','$2a$10$2I/p3WZ25zKsptfz4t2o1ujOmo.21ej9FDrwdbpJlx/Wh9nrqxPdS','723222333','24','3');
Insert into UZIVATEL (ID_UZIVATEL,JMENO,PRIJMENI,EMAIL,HESLO,TELEFONNICISLO,ID_ADRESA,ID_ROLE) values ('39','Dominik','Krupa','dominik.krupa@customers.cz','$2a$10$FeY4qSAPwtvsBLMAFGxBSOSLlDxMtOD0ZCMResgr5QUD4eGjqwG/W','723333444','25','3');
Insert into UZIVATEL (ID_UZIVATEL,JMENO,PRIJMENI,EMAIL,HESLO,TELEFONNICISLO,ID_ADRESA,ID_ROLE) values ('40','Rene','Sedlak','rene.sedlak@customers.cz','$2a$10$JOmHdyXN7iDVdWVzyv3gUeqkNRvsZ/8PN5VFp8btJFVTzn.euqTW2','723444555','26','3');
Insert into UZIVATEL (ID_UZIVATEL,JMENO,PRIJMENI,EMAIL,HESLO,TELEFONNICISLO,ID_ADRESA,ID_ROLE) values ('41','Anna','Shabossova','shabossova@admin.cz','$2a$10$hQ4nsqcEgWPlg0iQnOnDqOJE/5uMQ3uw91EydGlDZm37s05FdHC7.','723555666','28','1');
Insert into UZIVATEL (ID_UZIVATEL,JMENO,PRIJMENI,EMAIL,HESLO,TELEFONNICISLO,ID_ADRESA,ID_ROLE) values ('42','Matej','Stary','matej.stary@customers.cz','$2a$10$NxOLM/LGz1sgJltyCYls1eLC7LZy6BRTGz3doQkbIPx4VM6BrL4ES','724111222','29','3');
Insert into UZIVATEL (ID_UZIVATEL,JMENO,PRIJMENI,EMAIL,HESLO,TELEFONNICISLO,ID_ADRESA,ID_ROLE) values ('44','Robert','Dolansky','robert.dolansky@customers.cz','$2a$10$in0EgeXaO00wJqiH1pi9POJNChP.iMufBMEgGbAOALSzSjxVOlTVG','724333444','32','3');
Insert into UZIVATEL (ID_UZIVATEL,JMENO,PRIJMENI,EMAIL,HESLO,TELEFONNICISLO,ID_ADRESA,ID_ROLE) values ('45','Vojtech','Zabka','vojtech.zabka@customers.cz','$2a$10$ai.vGPxzLxIg.MhSjwO0l.F1Ne5LqmGCxgDEUO21.ZjFbarrrs0yW','724444555','33','3');
Insert into UZIVATEL (ID_UZIVATEL,JMENO,PRIJMENI,EMAIL,HESLO,TELEFONNICISLO,ID_ADRESA,ID_ROLE) values ('47','Stanislav','Prokop','stanislav.prokop@customers.cz','$2a$10$5mwpbmbC7mjz4BD3EnTQmOi/FpGHpX9zxgIzdWdIhFG.IeJXEEkE2','725111222','35','3');
Insert into UZIVATEL (ID_UZIVATEL,JMENO,PRIJMENI,EMAIL,HESLO,TELEFONNICISLO,ID_ADRESA,ID_ROLE) values ('49','Erik','Cerny','erik.cerny@customers.cz','$2a$10$8b2lBQFmNy4W0RjlUKdBj.DgTzGwGJDP26uusSIEsmxmQyXtQYVuq','725333444','38','3');
Insert into UZIVATEL (ID_UZIVATEL,JMENO,PRIJMENI,EMAIL,HESLO,TELEFONNICISLO,ID_ADRESA,ID_ROLE) values ('51','Alan','Bartunek','alan.bartunek@customers.cz','$2a$10$YOWmPT.KqL0rHJjTOPh6j.KCKkk7VY8lwYOFjNR29MipilkUT7n9W','725555666','40','3');
Insert into UZIVATEL (ID_UZIVATEL,JMENO,PRIJMENI,EMAIL,HESLO,TELEFONNICISLO,ID_ADRESA,ID_ROLE) values ('53','Tomas','Vesely','tomas.vesely@management.cz','$2a$10$MnhdyObQYD54CEEO.GZwvOMIeuELxSt/QePuPEtz/NxNPGeSzoRjG','730222333','44','4');
Insert into UZIVATEL (ID_UZIVATEL,JMENO,PRIJMENI,EMAIL,HESLO,TELEFONNICISLO,ID_ADRESA,ID_ROLE) values ('54','Pavel','Salek','pavel.salek@management.cz','$2a$10$vQ/NGpFgRawL.T4C.hb4I.Nf0uMVWjwEeCstuBG3kT2W5jLVkhhM2','730333444','46','4');
Insert into UZIVATEL (ID_UZIVATEL,JMENO,PRIJMENI,EMAIL,HESLO,TELEFONNICISLO,ID_ADRESA,ID_ROLE) values ('56','Radek','Kuchar','radek.kuchar@management.cz','$2a$10$okcOAOv2y8PQ/UNHEqw3W.f62z3ECsR89B0GTuuRAYSJyYY/CjtEi','730555666','48','4');
Insert into UZIVATEL (ID_UZIVATEL,JMENO,PRIJMENI,EMAIL,HESLO,TELEFONNICISLO,ID_ADRESA,ID_ROLE) values ('58','Milan','Kopecek','milan.kopecek@management.cz','$2a$10$lWRdOTQdsPa/dVXwnUSFAuVo8zkE7iAJPORMvUNzS7vj84BKzbgni','731222333','52','4');
Insert into UZIVATEL (ID_UZIVATEL,JMENO,PRIJMENI,EMAIL,HESLO,TELEFONNICISLO,ID_ADRESA,ID_ROLE) values ('60','Vladimir','Hruska','vladimir.hruska@management.cz','$2a$10$nhQX0rF5pz1Rl7Jg/9FeUOSrHM7CH6im7QGHhkrvmy5V/w4FrXxQi','731444555','57','4');
Insert into UZIVATEL (ID_UZIVATEL,JMENO,PRIJMENI,EMAIL,HESLO,TELEFONNICISLO,ID_ADRESA,ID_ROLE) values ('61','Karel','Sedivy','karel.sedivy@management.cz','$2a$10$.WdQOihWUmr7PPntyB8r6.G1FTBsjRS3jf7nUDlNyqatR8sZgb.l6','731555666','59','4');
Insert into UZIVATEL (ID_UZIVATEL,JMENO,PRIJMENI,EMAIL,HESLO,TELEFONNICISLO,ID_ADRESA,ID_ROLE) values ('63','Daniel','Zeleny','daniel.zeleny@analytics.cz','$2a$10$MFfZaJQQ/GPu/yrQ7vue5OHY0tBWcjISXt4w.fXKfT6rJgkPb85by','732222333','62','5');
Insert into UZIVATEL (ID_UZIVATEL,JMENO,PRIJMENI,EMAIL,HESLO,TELEFONNICISLO,ID_ADRESA,ID_ROLE) values ('65','Jaroslav','Vorel','jaroslav.vorel@analytics.cz','$2a$10$AvhyJNvOGYKnRvSUizH4oeJOuR9scV0laOpyjm1c47GzkZ6aW0Upu','732444555','65','5');
Insert into UZIVATEL (ID_UZIVATEL,JMENO,PRIJMENI,EMAIL,HESLO,TELEFONNICISLO,ID_ADRESA,ID_ROLE) values ('66','Marek','Rychly','marek.rychly@analytics.cz','$2a$10$4tJ3UAeSEWtdjJDShkdeG.04UuHpSNI2WmByyh9.z6GW6BOwJgoMe','732555666','66','5');
Insert into UZIVATEL (ID_UZIVATEL,JMENO,PRIJMENI,EMAIL,HESLO,TELEFONNICISLO,ID_ADRESA,ID_ROLE) values ('68','Petr','Zdrahal','petr.zdrahal@analytics.cz','$2a$10$XtWzqS80O27i4i7WqoDoUeMd7lEJFycNrmXvGwJrvoeMKtgZdeZja','733222333','69','5');
Insert into UZIVATEL (ID_UZIVATEL,JMENO,PRIJMENI,EMAIL,HESLO,TELEFONNICISLO,ID_ADRESA,ID_ROLE) values ('70','Jan','Sykor','jan.sykor@analytics.cz','$2a$10$Pv0eF30q2V3rQBESyEtuAuoROw/Q7o3GhVWKjqnTflFX.vSNHVZR6','733444555','72','5');
Insert into UZIVATEL (ID_UZIVATEL,JMENO,PRIJMENI,EMAIL,HESLO,TELEFONNICISLO,ID_ADRESA,ID_ROLE) values ('72','Katerina','Benesova','katerina.benesova@supervision.cz','$2a$10$370RCmwlgbd7TLg0.dNLF./Iiw0ch6PLpoID12nwzBl32VBipNBmS','734111222','75','6');
Insert into UZIVATEL (ID_UZIVATEL,JMENO,PRIJMENI,EMAIL,HESLO,TELEFONNICISLO,ID_ADRESA,ID_ROLE) values ('73','Lucie','Fialova','lucie.fialova@supervision.cz','$2a$10$l22oSGfAe1SubbYWgxj5XejfY5KlElYJE/47IKb3NskGMUr28nMsK','734222333','76','6');
Insert into UZIVATEL (ID_UZIVATEL,JMENO,PRIJMENI,EMAIL,HESLO,TELEFONNICISLO,ID_ADRESA,ID_ROLE) values ('75','Eva','Kovarova','eva.kovarova@supervision.cz','$2a$10$EuNsXh3uHMC13IodVf8u6uXpXnyUdz7EgpbQJYrXIctKke/9Wvwuu','734444555','78','6');
Insert into UZIVATEL (ID_UZIVATEL,JMENO,PRIJMENI,EMAIL,HESLO,TELEFONNICISLO,ID_ADRESA,ID_ROLE) values ('77','Adela','Liskova','adela.liskova@supervision.cz','$2a$10$4kUiuq4GWwfYGrom1dK3muL1kR9mWkaXv/RYYb9wfBo/Vfos5VYGi','735111222','80','6');
Insert into UZIVATEL (ID_UZIVATEL,JMENO,PRIJMENI,EMAIL,HESLO,TELEFONNICISLO,ID_ADRESA,ID_ROLE) values ('78','Hana','Kubesova','hana.kubesova@supervision.cz','$2a$10$JkGo/N6m4Glfvr0pLEMSmeLin0D6bmPMiSQYdqgdeJeGhSJmOEa1y','735222333','82','6');
Insert into UZIVATEL (ID_UZIVATEL,JMENO,PRIJMENI,EMAIL,HESLO,TELEFONNICISLO,ID_ADRESA,ID_ROLE) values ('80','Barbora','Michalikova','barbora.michalikova@supervision.cz','$2a$10$IdaYhuFfVo8NjSKOJEYicOE5ay/ktn2iSuBgvMM8hoe/NpTogdQxO','735444555','84','6');
Insert into UZIVATEL (ID_UZIVATEL,JMENO,PRIJMENI,EMAIL,HESLO,TELEFONNICISLO,ID_ADRESA,ID_ROLE) values ('81','Tereza','Doubkova','tereza.doubkova@supervision.cz','$2a$10$3SlwZkDattxxPRdlLlla/.XRHSlCL8Ofk9O2R20UXGVtJjdZp.qDO','735555666','85','6');
Insert into UZIVATEL (ID_UZIVATEL,JMENO,PRIJMENI,EMAIL,HESLO,TELEFONNICISLO,ID_ADRESA,ID_ROLE) values ('83','Kiki','Kikovic','kiki.kikovic@example.com','$2a$10$QiXxXMye9NTWw46ccTVHEu0Pd5Hd1jHAtn4medZjfEOKkL/Mhvqv6','705991163',null,'7');
Insert into UZIVATEL (ID_UZIVATEL,JMENO,PRIJMENI,EMAIL,HESLO,TELEFONNICISLO,ID_ADRESA,ID_ROLE) values ('84','Denis','Tkach','denictkach@admin.com','$2a$10$06W227GNmdFzeoy/9xf82eTr0ncetK/jY.1GYhvVoX4R.V65kbfRK','+420998756321','102','6');
Insert into UZIVATEL (ID_UZIVATEL,JMENO,PRIJMENI,EMAIL,HESLO,TELEFONNICISLO,ID_ADRESA,ID_ROLE) values ('85','Sisi','sisi','sisi@example.com','$2a$10$9.iyUGr.dNEahFcOIBB./uex9zSqh8PPc13jUAzy/H6FjP3IA.Ruu','+4209876543212',null,'7');
Insert into UZIVATEL (ID_UZIVATEL,JMENO,PRIJMENI,EMAIL,HESLO,TELEFONNICISLO,ID_ADRESA,ID_ROLE) values ('86','Denys','Tkach','tkachden1308@gmail.com','$2a$10$RrgXN6uGxu.u2//b3jpf6OELUyf.1XuHNi3iIHar.Mdtgv/os/vHW','+420606988506','103','1');
Insert into UZIVATEL (ID_UZIVATEL,JMENO,PRIJMENI,EMAIL,HESLO,TELEFONNICISLO,ID_ADRESA,ID_ROLE) values ('89','ivan','jorge','ivan@example.com','$2a$10$ZOvc9KRP22DIP6yurq4yT.8u3bKvkm8gd/cAeTAI673B38sO8ggoG','705991143',null,'7');
Insert into UZIVATEL (ID_UZIVATEL,JMENO,PRIJMENI,EMAIL,HESLO,TELEFONNICISLO,ID_ADRESA,ID_ROLE) values ('87','Denys','Tkach','denictkach123@admin.com','$2a$10$UB6eLTYBN72.CnlbabV51.6KkPj11EHk7jH/.kEQzRYSZxN3iA1F.','+4206069458506',null,'7');
REM INSERTING into ZAKAZNIK
SET DEFINE OFF;
Insert into ZAKAZNIK (ID_UZIVATELU,KARTAVERNOSTI) values ('23','LTC10002');
Insert into ZAKAZNIK (ID_UZIVATELU,KARTAVERNOSTI) values ('24','LTC10003');
Insert into ZAKAZNIK (ID_UZIVATELU,KARTAVERNOSTI) values ('25','LTC10004');
Insert into ZAKAZNIK (ID_UZIVATELU,KARTAVERNOSTI) values ('26','LTC10005');
Insert into ZAKAZNIK (ID_UZIVATELU,KARTAVERNOSTI) values ('28','LTC10007');
Insert into ZAKAZNIK (ID_UZIVATELU,KARTAVERNOSTI) values ('31','LTC10010');
Insert into ZAKAZNIK (ID_UZIVATELU,KARTAVERNOSTI) values ('33','LTC10012');
Insert into ZAKAZNIK (ID_UZIVATELU,KARTAVERNOSTI) values ('34','LTC10013');
Insert into ZAKAZNIK (ID_UZIVATELU,KARTAVERNOSTI) values ('35','LTC10014');
Insert into ZAKAZNIK (ID_UZIVATELU,KARTAVERNOSTI) values ('36','LTC10015');
Insert into ZAKAZNIK (ID_UZIVATELU,KARTAVERNOSTI) values ('37','LTC10016');
Insert into ZAKAZNIK (ID_UZIVATELU,KARTAVERNOSTI) values ('38','LTC10017');
Insert into ZAKAZNIK (ID_UZIVATELU,KARTAVERNOSTI) values ('39','LTC10018');
Insert into ZAKAZNIK (ID_UZIVATELU,KARTAVERNOSTI) values ('40','LTC10019');
Insert into ZAKAZNIK (ID_UZIVATELU,KARTAVERNOSTI) values ('42','LTC10021');
Insert into ZAKAZNIK (ID_UZIVATELU,KARTAVERNOSTI) values ('44','LTC10023');
Insert into ZAKAZNIK (ID_UZIVATELU,KARTAVERNOSTI) values ('45','LTC10024');
Insert into ZAKAZNIK (ID_UZIVATELU,KARTAVERNOSTI) values ('46','LTC10025');
Insert into ZAKAZNIK (ID_UZIVATELU,KARTAVERNOSTI) values ('47','LTC10026');
Insert into ZAKAZNIK (ID_UZIVATELU,KARTAVERNOSTI) values ('49','LTC10028');
Insert into ZAKAZNIK (ID_UZIVATELU,KARTAVERNOSTI) values ('50','LTC10029');
Insert into ZAKAZNIK (ID_UZIVATELU,KARTAVERNOSTI) values ('51','LTC10030');
Insert into ZAKAZNIK (ID_UZIVATELU,KARTAVERNOSTI) values ('55','LTC10031');
Insert into ZAKAZNIK (ID_UZIVATELU,KARTAVERNOSTI) values ('52',null);
REM INSERTING into ZAMESTNANEC
SET DEFINE OFF;
Insert into ZAMESTNANEC (ID_UZIVATELU,MZDA,DATUMNASTUPA,POZICE) values ('92','20000',to_date('01.12.25','DD.MM.RR'),'JUNIOR ANALYTIK FINANCI');
Insert into ZAMESTNANEC (ID_UZIVATELU,MZDA,DATUMNASTUPA,POZICE) values ('53','47000',to_date('10.09.21','DD.MM.RR'),'REKRUTER');
Insert into ZAMESTNANEC (ID_UZIVATELU,MZDA,DATUMNASTUPA,POZICE) values ('54','48000',to_date('01.05.20','DD.MM.RR'),'PROJEKTOVY MANAZER');
Insert into ZAMESTNANEC (ID_UZIVATELU,MZDA,DATUMNASTUPA,POZICE) values ('56','46000',to_date('12.02.23','DD.MM.RR'),'OPERATIONS MANAZER');
Insert into ZAMESTNANEC (ID_UZIVATELU,MZDA,DATUMNASTUPA,POZICE) values ('57','49500',to_date('21.04.21','DD.MM.RR'),'MANAZER SORTIMENTU');
Insert into ZAMESTNANEC (ID_UZIVATELU,MZDA,DATUMNASTUPA,POZICE) values ('58','52000',to_date('30.11.20','DD.MM.RR'),'FINANCNI MANAZER');
Insert into ZAMESTNANEC (ID_UZIVATELU,MZDA,DATUMNASTUPA,POZICE) values ('59','51000',to_date('14.01.23','DD.MM.RR'),'MANAZER DODAVATELU');
Insert into ZAMESTNANEC (ID_UZIVATELU,MZDA,DATUMNASTUPA,POZICE) values ('60','47000',to_date('07.07.22','DD.MM.RR'),'MANAZER ZAKAZNICKYCH SLUZEB');
Insert into ZAMESTNANEC (ID_UZIVATELU,MZDA,DATUMNASTUPA,POZICE) values ('61','46500',to_date('05.12.20','DD.MM.RR'),'MANAZER ROZVOJE');
Insert into ZAMESTNANEC (ID_UZIVATELU,MZDA,DATUMNASTUPA,POZICE) values ('62','53000',to_date('10.03.23','DD.MM.RR'),'FINANCNI ANALYTIK');
Insert into ZAMESTNANEC (ID_UZIVATELU,MZDA,DATUMNASTUPA,POZICE) values ('63','54000',to_date('01.10.22','DD.MM.RR'),'REPORTING ANALYTIK');
Insert into ZAMESTNANEC (ID_UZIVATELU,MZDA,DATUMNASTUPA,POZICE) values ('64','56000',to_date('11.06.21','DD.MM.RR'),'DATOVY ANALYTIK');
Insert into ZAMESTNANEC (ID_UZIVATELU,MZDA,DATUMNASTUPA,POZICE) values ('65','57000',to_date('28.09.20','DD.MM.RR'),'OBCHODNI ANALYTIK');
Insert into ZAMESTNANEC (ID_UZIVATELU,MZDA,DATUMNASTUPA,POZICE) values ('66','59000',to_date('05.05.23','DD.MM.RR'),'RISK ANALYTIK');
Insert into ZAMESTNANEC (ID_UZIVATELU,MZDA,DATUMNASTUPA,POZICE) values ('67','60000',to_date('18.02.22','DD.MM.RR'),'BI ANALYTIK');
Insert into ZAMESTNANEC (ID_UZIVATELU,MZDA,DATUMNASTUPA,POZICE) values ('68','58000',to_date('14.03.20','DD.MM.RR'),'ANALYTIK ZASOB');
Insert into ZAMESTNANEC (ID_UZIVATELU,MZDA,DATUMNASTUPA,POZICE) values ('69','55000',to_date('23.07.23','DD.MM.RR'),'ANALYTIK POPTAVKY');
Insert into ZAMESTNANEC (ID_UZIVATELU,MZDA,DATUMNASTUPA,POZICE) values ('70','56500',to_date('09.11.21','DD.MM.RR'),'PRICING ANALYTIK');
Insert into ZAMESTNANEC (ID_UZIVATELU,MZDA,DATUMNASTUPA,POZICE) values ('71','57500',to_date('02.02.20','DD.MM.RR'),'ANALYTIK RETAILU');
Insert into ZAMESTNANEC (ID_UZIVATELU,MZDA,DATUMNASTUPA,POZICE) values ('72','38000',to_date('01.04.22','DD.MM.RR'),'SUPERVIZOR POKLADEN');
Insert into ZAMESTNANEC (ID_UZIVATELU,MZDA,DATUMNASTUPA,POZICE) values ('74','37000',to_date('30.01.23','DD.MM.RR'),'SUPERVIZOR ONLINE PRODEJE');
Insert into ZAMESTNANEC (ID_UZIVATELU,MZDA,DATUMNASTUPA,POZICE) values ('75','38500',to_date('12.10.20','DD.MM.RR'),'SUPERVIZOR PECIVA');
Insert into ZAMESTNANEC (ID_UZIVATELU,MZDA,DATUMNASTUPA,POZICE) values ('76','40000',to_date('03.12.22','DD.MM.RR'),'SUPERVIZOR CERSTVEHO');
Insert into ZAMESTNANEC (ID_UZIVATELU,MZDA,DATUMNASTUPA,POZICE) values ('77','39000',to_date('18.03.21','DD.MM.RR'),'SUPERVIZOR NOCNI SMENY');
Insert into ZAMESTNANEC (ID_UZIVATELU,MZDA,DATUMNASTUPA,POZICE) values ('78','36500',to_date('14.06.23','DD.MM.RR'),'SUPERVIZOR BACKOFFICE');
Insert into ZAMESTNANEC (ID_UZIVATELU,MZDA,DATUMNASTUPA,POZICE) values ('79','37500',to_date('25.04.20','DD.MM.RR'),'SUPERVIZOR UTRZEK');
Insert into ZAMESTNANEC (ID_UZIVATELU,MZDA,DATUMNASTUPA,POZICE) values ('80','40500',to_date('09.09.22','DD.MM.RR'),'SUPERVIZOR INVENTUR');
Insert into ZAMESTNANEC (ID_UZIVATELU,MZDA,DATUMNASTUPA,POZICE) values ('81','39800',to_date('01.12.21','DD.MM.RR'),'SUPERVIZOR OVOCE A ZELENINY');
Insert into ZAMESTNANEC (ID_UZIVATELU,MZDA,DATUMNASTUPA,POZICE) values ('82','0',to_date('07.12.25','DD.MM.RR'),'SUPERVIZOR NONFOOD');
Insert into ZAMESTNANEC (ID_UZIVATELU,MZDA,DATUMNASTUPA,POZICE) values ('48','0',to_date('07.12.25','DD.MM.RR'),'HLAVNI UCETNI');
Insert into ZAMESTNANEC (ID_UZIVATELU,MZDA,DATUMNASTUPA,POZICE) values ('9','0',to_date('07.12.25','DD.MM.RR'),'UCETNI ASISTENT');
Insert into ZAMESTNANEC (ID_UZIVATELU,MZDA,DATUMNASTUPA,POZICE) values ('13','0',to_date('07.12.25','DD.MM.RR'),'PAYROLL SPECIALISTA');
Insert into ZAMESTNANEC (ID_UZIVATELU,MZDA,DATUMNASTUPA,POZICE) values ('27','0',to_date('07.12.25','DD.MM.RR'),'HR KOORDINATOR');
Insert into ZAMESTNANEC (ID_UZIVATELU,MZDA,DATUMNASTUPA,POZICE) values ('29','0',to_date('07.12.25','DD.MM.RR'),'SPECIALISTA BOZP');
Insert into ZAMESTNANEC (ID_UZIVATELU,MZDA,DATUMNASTUPA,POZICE) values ('30','0',to_date('07.12.25','DD.MM.RR'),'PROCUREMENT SPECIALISTA');
Insert into ZAMESTNANEC (ID_UZIVATELU,MZDA,DATUMNASTUPA,POZICE) values ('73','0',to_date('07.12.25','DD.MM.RR'),'SUPERVIZOR SKLADU');
Insert into ZAMESTNANEC (ID_UZIVATELU,MZDA,DATUMNASTUPA,POZICE) values ('84','0',to_date('07.12.25','DD.MM.RR'),'SUPERVIZOR LOGISTIKY');
REM INSERTING into ZBOZI
SET DEFINE OFF;
Insert into ZBOZI (ID_ZBOZI,NAZEV,CENA,MNOZSTVI,MINMNOZSTVI,SKLAD_ID_SKLAD,ID_KATEGORIE) values ('55','Mozzarella 125g','22,9','210','20','1','1');
Insert into ZBOZI (ID_ZBOZI,NAZEV,CENA,MNOZSTVI,MINMNOZSTVI,SKLAD_ID_SKLAD,ID_KATEGORIE) values ('56','Mozzarella 125g','22,9','180','20','3','1');
Insert into ZBOZI (ID_ZBOZI,NAZEV,CENA,MNOZSTVI,MINMNOZSTVI,SKLAD_ID_SKLAD,ID_KATEGORIE) values ('57','Jogurt vanilkovy 150g','12,9','350','30','1','1');
Insert into ZBOZI (ID_ZBOZI,NAZEV,CENA,MNOZSTVI,MINMNOZSTVI,SKLAD_ID_SKLAD,ID_KATEGORIE) values ('58','Jogurt vanilkovy 150g','12,9','310','30','3','1');
Insert into ZBOZI (ID_ZBOZI,NAZEV,CENA,MNOZSTVI,MINMNOZSTVI,SKLAD_ID_SKLAD,ID_KATEGORIE) values ('59','Kureci stehno 1kg','89,9','200','20','1','3');
Insert into ZBOZI (ID_ZBOZI,NAZEV,CENA,MNOZSTVI,MINMNOZSTVI,SKLAD_ID_SKLAD,ID_KATEGORIE) values ('60','Kureci stehno 1kg','89,9','160','20','3','3');
Insert into ZBOZI (ID_ZBOZI,NAZEV,CENA,MNOZSTVI,MINMNOZSTVI,SKLAD_ID_SKLAD,ID_KATEGORIE) values ('61','Mlete hovezi 500g','79,9','180','20','1','3');
Insert into ZBOZI (ID_ZBOZI,NAZEV,CENA,MNOZSTVI,MINMNOZSTVI,SKLAD_ID_SKLAD,ID_KATEGORIE) values ('62','Mlete hovezi 500g','79,9','150','20','3','3');
Insert into ZBOZI (ID_ZBOZI,NAZEV,CENA,MNOZSTVI,MINMNOZSTVI,SKLAD_ID_SKLAD,ID_KATEGORIE) values ('63','Veprove koleno 1kg','119,9','140','15','1','3');
Insert into ZBOZI (ID_ZBOZI,NAZEV,CENA,MNOZSTVI,MINMNOZSTVI,SKLAD_ID_SKLAD,ID_KATEGORIE) values ('1','Mleko polotucne 1L','24,9','100','30','1','1');
Insert into ZBOZI (ID_ZBOZI,NAZEV,CENA,MNOZSTVI,MINMNOZSTVI,SKLAD_ID_SKLAD,ID_KATEGORIE) values ('2','Mleko polotucne 1L','24,9','100','30','3','1');
Insert into ZBOZI (ID_ZBOZI,NAZEV,CENA,MNOZSTVI,MINMNOZSTVI,SKLAD_ID_SKLAD,ID_KATEGORIE) values ('3','Mleko plnotucne 1L','26,9','210','30','1','1');
Insert into ZBOZI (ID_ZBOZI,NAZEV,CENA,MNOZSTVI,MINMNOZSTVI,SKLAD_ID_SKLAD,ID_KATEGORIE) values ('4','Mleko plnotucne 1L','26,9','110','30','3','1');
Insert into ZBOZI (ID_ZBOZI,NAZEV,CENA,MNOZSTVI,MINMNOZSTVI,SKLAD_ID_SKLAD,ID_KATEGORIE) values ('5','Maslo 250g','54,9','2','20','1','1');
Insert into ZBOZI (ID_ZBOZI,NAZEV,CENA,MNOZSTVI,MINMNOZSTVI,SKLAD_ID_SKLAD,ID_KATEGORIE) values ('6','Maslo 250g','54,9','180','20','3','1');
Insert into ZBOZI (ID_ZBOZI,NAZEV,CENA,MNOZSTVI,MINMNOZSTVI,SKLAD_ID_SKLAD,ID_KATEGORIE) values ('7','Tvaroh jemny 250g','32,9','70','20','1','1');
Insert into ZBOZI (ID_ZBOZI,NAZEV,CENA,MNOZSTVI,MINMNOZSTVI,SKLAD_ID_SKLAD,ID_KATEGORIE) values ('8','Tvaroh jemny 250g','32,9','170','20','3','1');
Insert into ZBOZI (ID_ZBOZI,NAZEV,CENA,MNOZSTVI,MINMNOZSTVI,SKLAD_ID_SKLAD,ID_KATEGORIE) values ('9','Jogurt bily 150g','11,9','449','40','1','1');
Insert into ZBOZI (ID_ZBOZI,NAZEV,CENA,MNOZSTVI,MINMNOZSTVI,SKLAD_ID_SKLAD,ID_KATEGORIE) values ('10','Jogurt bily 150g','11,9','390','40','3','1');
Insert into ZBOZI (ID_ZBOZI,NAZEV,CENA,MNOZSTVI,MINMNOZSTVI,SKLAD_ID_SKLAD,ID_KATEGORIE) values ('11','Jogurt ovocny jahoda 150g','13,9','430','40','1','1');
Insert into ZBOZI (ID_ZBOZI,NAZEV,CENA,MNOZSTVI,MINMNOZSTVI,SKLAD_ID_SKLAD,ID_KATEGORIE) values ('12','Jogurt ovocny jahoda 150g','13,9','380','40','3','1');
Insert into ZBOZI (ID_ZBOZI,NAZEV,CENA,MNOZSTVI,MINMNOZSTVI,SKLAD_ID_SKLAD,ID_KATEGORIE) values ('13','Syr Eidam 30% 100g','19,9','260','25','1','1');
Insert into ZBOZI (ID_ZBOZI,NAZEV,CENA,MNOZSTVI,MINMNOZSTVI,SKLAD_ID_SKLAD,ID_KATEGORIE) values ('14','Syr Eidam 30% 100g','19,9','230','25','3','1');
Insert into ZBOZI (ID_ZBOZI,NAZEV,CENA,MNOZSTVI,MINMNOZSTVI,SKLAD_ID_SKLAD,ID_KATEGORIE) values ('15','Syr Gouda 45% 100g','23,9','245','25','1','1');
Insert into ZBOZI (ID_ZBOZI,NAZEV,CENA,MNOZSTVI,MINMNOZSTVI,SKLAD_ID_SKLAD,ID_KATEGORIE) values ('16','Syr Gouda 45% 100g','23,9','15','25','3','1');
Insert into ZBOZI (ID_ZBOZI,NAZEV,CENA,MNOZSTVI,MINMNOZSTVI,SKLAD_ID_SKLAD,ID_KATEGORIE) values ('17','Cottage syr 200g','29,9','160','15','1','1');
Insert into ZBOZI (ID_ZBOZI,NAZEV,CENA,MNOZSTVI,MINMNOZSTVI,SKLAD_ID_SKLAD,ID_KATEGORIE) values ('18','Cottage syr 200g','29,9','135','15','3','1');
Insert into ZBOZI (ID_ZBOZI,NAZEV,CENA,MNOZSTVI,MINMNOZSTVI,SKLAD_ID_SKLAD,ID_KATEGORIE) values ('19','Kefir 500ml','21,9','200','15','1','1');
Insert into ZBOZI (ID_ZBOZI,NAZEV,CENA,MNOZSTVI,MINMNOZSTVI,SKLAD_ID_SKLAD,ID_KATEGORIE) values ('20','Kefir 500ml','21,9','190','15','3','1');
Insert into ZBOZI (ID_ZBOZI,NAZEV,CENA,MNOZSTVI,MINMNOZSTVI,SKLAD_ID_SKLAD,ID_KATEGORIE) values ('21','Kureci prsa 1kg','129,9','149','20','1','3');
Insert into ZBOZI (ID_ZBOZI,NAZEV,CENA,MNOZSTVI,MINMNOZSTVI,SKLAD_ID_SKLAD,ID_KATEGORIE) values ('22','Kureci prsa 1kg','129,9','110','20','3','3');
Insert into ZBOZI (ID_ZBOZI,NAZEV,CENA,MNOZSTVI,MINMNOZSTVI,SKLAD_ID_SKLAD,ID_KATEGORIE) values ('23','Veprove kare 1kg','149,9','140','20','1','3');
Insert into ZBOZI (ID_ZBOZI,NAZEV,CENA,MNOZSTVI,MINMNOZSTVI,SKLAD_ID_SKLAD,ID_KATEGORIE) values ('24','Veprove kare 1kg','149,9','120','20','3','3');
Insert into ZBOZI (ID_ZBOZI,NAZEV,CENA,MNOZSTVI,MINMNOZSTVI,SKLAD_ID_SKLAD,ID_KATEGORIE) values ('25','Hovezi predni 1kg','179,9','129','20','1','3');
Insert into ZBOZI (ID_ZBOZI,NAZEV,CENA,MNOZSTVI,MINMNOZSTVI,SKLAD_ID_SKLAD,ID_KATEGORIE) values ('26','Hovezi predni 1kg','179,9','90','20','3','3');
Insert into ZBOZI (ID_ZBOZI,NAZEV,CENA,MNOZSTVI,MINMNOZSTVI,SKLAD_ID_SKLAD,ID_KATEGORIE) values ('27','Sekana pecena 500g','59,9','200','20','1','3');
Insert into ZBOZI (ID_ZBOZI,NAZEV,CENA,MNOZSTVI,MINMNOZSTVI,SKLAD_ID_SKLAD,ID_KATEGORIE) values ('28','Sekana pecena 500g','59,9','160','20','3','3');
Insert into ZBOZI (ID_ZBOZI,NAZEV,CENA,MNOZSTVI,MINMNOZSTVI,SKLAD_ID_SKLAD,ID_KATEGORIE) values ('29','Sunka standard 100g','19,9','300','20','1','3');
Insert into ZBOZI (ID_ZBOZI,NAZEV,CENA,MNOZSTVI,MINMNOZSTVI,SKLAD_ID_SKLAD,ID_KATEGORIE) values ('30','Sunka standard 100g','19,9','240','20','3','3');
Insert into ZBOZI (ID_ZBOZI,NAZEV,CENA,MNOZSTVI,MINMNOZSTVI,SKLAD_ID_SKLAD,ID_KATEGORIE) values ('31','Klobasy domaci 300g','49,9','179','15','1','3');
Insert into ZBOZI (ID_ZBOZI,NAZEV,CENA,MNOZSTVI,MINMNOZSTVI,SKLAD_ID_SKLAD,ID_KATEGORIE) values ('32','Klobasy domaci 300g','49,9','140','15','3','3');
Insert into ZBOZI (ID_ZBOZI,NAZEV,CENA,MNOZSTVI,MINMNOZSTVI,SKLAD_ID_SKLAD,ID_KATEGORIE) values ('33','Salam herkules 100g','24,9','230','15','1','3');
Insert into ZBOZI (ID_ZBOZI,NAZEV,CENA,MNOZSTVI,MINMNOZSTVI,SKLAD_ID_SKLAD,ID_KATEGORIE) values ('34','Salam herkules 100g','24,9','190','15','3','3');
Insert into ZBOZI (ID_ZBOZI,NAZEV,CENA,MNOZSTVI,MINMNOZSTVI,SKLAD_ID_SKLAD,ID_KATEGORIE) values ('35','Parizsky salat 150g','17,9','170','15','1','3');
Insert into ZBOZI (ID_ZBOZI,NAZEV,CENA,MNOZSTVI,MINMNOZSTVI,SKLAD_ID_SKLAD,ID_KATEGORIE) values ('36','Parizsky salat 150g','17,9','135','15','3','3');
Insert into ZBOZI (ID_ZBOZI,NAZEV,CENA,MNOZSTVI,MINMNOZSTVI,SKLAD_ID_SKLAD,ID_KATEGORIE) values ('37','Mrazena pizza Mozzarella','59,9','180','20','1','8');
Insert into ZBOZI (ID_ZBOZI,NAZEV,CENA,MNOZSTVI,MINMNOZSTVI,SKLAD_ID_SKLAD,ID_KATEGORIE) values ('38','Mrazena pizza Mozzarella','59,9','140','20','3','8');
Insert into ZBOZI (ID_ZBOZI,NAZEV,CENA,MNOZSTVI,MINMNOZSTVI,SKLAD_ID_SKLAD,ID_KATEGORIE) values ('39','Mrazena brokolice 350g','29,9','160','20','1','8');
Insert into ZBOZI (ID_ZBOZI,NAZEV,CENA,MNOZSTVI,MINMNOZSTVI,SKLAD_ID_SKLAD,ID_KATEGORIE) values ('40','Mrazena brokolice 350g','29,9','130','20','3','8');
Insert into ZBOZI (ID_ZBOZI,NAZEV,CENA,MNOZSTVI,MINMNOZSTVI,SKLAD_ID_SKLAD,ID_KATEGORIE) values ('41','Mrazena kukurice 400g','26,9','170','20','1','8');
Insert into ZBOZI (ID_ZBOZI,NAZEV,CENA,MNOZSTVI,MINMNOZSTVI,SKLAD_ID_SKLAD,ID_KATEGORIE) values ('42','Mrazena kukurice 400g','26,9','130','20','3','8');
Insert into ZBOZI (ID_ZBOZI,NAZEV,CENA,MNOZSTVI,MINMNOZSTVI,SKLAD_ID_SKLAD,ID_KATEGORIE) values ('43','Zmrzlina vanilkova 1L','89,9','140','20','1','8');
Insert into ZBOZI (ID_ZBOZI,NAZEV,CENA,MNOZSTVI,MINMNOZSTVI,SKLAD_ID_SKLAD,ID_KATEGORIE) values ('44','Zmrzlina vanilkova 1L','89,9','120','20','3','8');
Insert into ZBOZI (ID_ZBOZI,NAZEV,CENA,MNOZSTVI,MINMNOZSTVI,SKLAD_ID_SKLAD,ID_KATEGORIE) values ('45','Mrazene rybi prsty 300g','54,9','150','15','1','8');
Insert into ZBOZI (ID_ZBOZI,NAZEV,CENA,MNOZSTVI,MINMNOZSTVI,SKLAD_ID_SKLAD,ID_KATEGORIE) values ('46','Mrazene rybi prsty 300g','54,9','130','15','3','8');
Insert into ZBOZI (ID_ZBOZI,NAZEV,CENA,MNOZSTVI,MINMNOZSTVI,SKLAD_ID_SKLAD,ID_KATEGORIE) values ('47','Mrazena zelenina mix 350g','24,9','150','15','1','8');
Insert into ZBOZI (ID_ZBOZI,NAZEV,CENA,MNOZSTVI,MINMNOZSTVI,SKLAD_ID_SKLAD,ID_KATEGORIE) values ('48','Mrazena zelenina mix 350g','24,9','120','15','3','8');
Insert into ZBOZI (ID_ZBOZI,NAZEV,CENA,MNOZSTVI,MINMNOZSTVI,SKLAD_ID_SKLAD,ID_KATEGORIE) values ('49','Skyr bily 140g','18,9','220','20','1','1');
Insert into ZBOZI (ID_ZBOZI,NAZEV,CENA,MNOZSTVI,MINMNOZSTVI,SKLAD_ID_SKLAD,ID_KATEGORIE) values ('50','Skyr bily 140g','18,9','180','20','3','1');
Insert into ZBOZI (ID_ZBOZI,NAZEV,CENA,MNOZSTVI,MINMNOZSTVI,SKLAD_ID_SKLAD,ID_KATEGORIE) values ('51','Syr hermelin 120g','34,9','160','15','1','1');
Insert into ZBOZI (ID_ZBOZI,NAZEV,CENA,MNOZSTVI,MINMNOZSTVI,SKLAD_ID_SKLAD,ID_KATEGORIE) values ('52','Syr hermelin 120g','34,9','130','15','3','1');
Insert into ZBOZI (ID_ZBOZI,NAZEV,CENA,MNOZSTVI,MINMNOZSTVI,SKLAD_ID_SKLAD,ID_KATEGORIE) values ('53','Syr niva 100g','29,9','140','12','1','1');
Insert into ZBOZI (ID_ZBOZI,NAZEV,CENA,MNOZSTVI,MINMNOZSTVI,SKLAD_ID_SKLAD,ID_KATEGORIE) values ('54','Syr niva 100g','29,9','110','12','3','1');
Insert into ZBOZI (ID_ZBOZI,NAZEV,CENA,MNOZSTVI,MINMNOZSTVI,SKLAD_ID_SKLAD,ID_KATEGORIE) values ('64','Veprove koleno 1kg','119,9','110','15','3','3');
Insert into ZBOZI (ID_ZBOZI,NAZEV,CENA,MNOZSTVI,MINMNOZSTVI,SKLAD_ID_SKLAD,ID_KATEGORIE) values ('65','Kureci srdicka 500g','54,9','160','15','1','3');
Insert into ZBOZI (ID_ZBOZI,NAZEV,CENA,MNOZSTVI,MINMNOZSTVI,SKLAD_ID_SKLAD,ID_KATEGORIE) values ('66','Kureci srdicka 500g','54,9','130','15','3','3');
Insert into ZBOZI (ID_ZBOZI,NAZEV,CENA,MNOZSTVI,MINMNOZSTVI,SKLAD_ID_SKLAD,ID_KATEGORIE) values ('67','Sunka premium 100g','24,9','260','20','1','3');
Insert into ZBOZI (ID_ZBOZI,NAZEV,CENA,MNOZSTVI,MINMNOZSTVI,SKLAD_ID_SKLAD,ID_KATEGORIE) values ('68','Sunka premium 100g','24,9','210','20','3','3');
Insert into ZBOZI (ID_ZBOZI,NAZEV,CENA,MNOZSTVI,MINMNOZSTVI,SKLAD_ID_SKLAD,ID_KATEGORIE) values ('69','Mrazene hranolky 1kg','49,9','190','20','1','8');
Insert into ZBOZI (ID_ZBOZI,NAZEV,CENA,MNOZSTVI,MINMNOZSTVI,SKLAD_ID_SKLAD,ID_KATEGORIE) values ('70','Mrazene hranolky 1kg','49,9','160','20','3','8');
Insert into ZBOZI (ID_ZBOZI,NAZEV,CENA,MNOZSTVI,MINMNOZSTVI,SKLAD_ID_SKLAD,ID_KATEGORIE) values ('71','Mrazene maliny 300g','69,9','170','20','1','8');
Insert into ZBOZI (ID_ZBOZI,NAZEV,CENA,MNOZSTVI,MINMNOZSTVI,SKLAD_ID_SKLAD,ID_KATEGORIE) values ('72','Mrazene maliny 300g','69,9','140','20','3','8');
Insert into ZBOZI (ID_ZBOZI,NAZEV,CENA,MNOZSTVI,MINMNOZSTVI,SKLAD_ID_SKLAD,ID_KATEGORIE) values ('73','Mrazene krevety 400g','149,9','130','15','1','8');
Insert into ZBOZI (ID_ZBOZI,NAZEV,CENA,MNOZSTVI,MINMNOZSTVI,SKLAD_ID_SKLAD,ID_KATEGORIE) values ('74','Mrazene krevety 400g','149,9','110','15','3','8');
Insert into ZBOZI (ID_ZBOZI,NAZEV,CENA,MNOZSTVI,MINMNOZSTVI,SKLAD_ID_SKLAD,ID_KATEGORIE) values ('75','Zmrzlina cokoladova 1L','89,9','150','15','1','8');
Insert into ZBOZI (ID_ZBOZI,NAZEV,CENA,MNOZSTVI,MINMNOZSTVI,SKLAD_ID_SKLAD,ID_KATEGORIE) values ('76','Zmrzlina cokoladova 1L','89,9','130','15','3','8');
Insert into ZBOZI (ID_ZBOZI,NAZEV,CENA,MNOZSTVI,MINMNOZSTVI,SKLAD_ID_SKLAD,ID_KATEGORIE) values ('77','Mrazena treska 500g','89,9','140','15','1','8');
Insert into ZBOZI (ID_ZBOZI,NAZEV,CENA,MNOZSTVI,MINMNOZSTVI,SKLAD_ID_SKLAD,ID_KATEGORIE) values ('78','Mrazena treska 500g','89,9','120','15','3','8');
Insert into ZBOZI (ID_ZBOZI,NAZEV,CENA,MNOZSTVI,MINMNOZSTVI,SKLAD_ID_SKLAD,ID_KATEGORIE) values ('79','Chleb toustovy 500g','32,9','180','20','2','2');
Insert into ZBOZI (ID_ZBOZI,NAZEV,CENA,MNOZSTVI,MINMNOZSTVI,SKLAD_ID_SKLAD,ID_KATEGORIE) values ('80','Bageta francouzska 250g','12,9','147','20','2','2');
Insert into ZBOZI (ID_ZBOZI,NAZEV,CENA,MNOZSTVI,MINMNOZSTVI,SKLAD_ID_SKLAD,ID_KATEGORIE) values ('81','Croissant maslovy 60g','9,9','200','30','2','2');
Insert into ZBOZI (ID_ZBOZI,NAZEV,CENA,MNOZSTVI,MINMNOZSTVI,SKLAD_ID_SKLAD,ID_KATEGORIE) values ('82','Celozrnna houska 50g','4,9','220','30','2','2');
Insert into ZBOZI (ID_ZBOZI,NAZEV,CENA,MNOZSTVI,MINMNOZSTVI,SKLAD_ID_SKLAD,ID_KATEGORIE) values ('83','Slany rohlik 40g','3,9','300','40','2','2');
Insert into ZBOZI (ID_ZBOZI,NAZEV,CENA,MNOZSTVI,MINMNOZSTVI,SKLAD_ID_SKLAD,ID_KATEGORIE) values ('84','Chleb toustovy 500g','32,9','160','20','4','2');
Insert into ZBOZI (ID_ZBOZI,NAZEV,CENA,MNOZSTVI,MINMNOZSTVI,SKLAD_ID_SKLAD,ID_KATEGORIE) values ('85','Bageta francouzska 250g','12,9','130','20','4','2');
Insert into ZBOZI (ID_ZBOZI,NAZEV,CENA,MNOZSTVI,MINMNOZSTVI,SKLAD_ID_SKLAD,ID_KATEGORIE) values ('86','Croissant maslovy 60g','9,9','180','30','4','2');
Insert into ZBOZI (ID_ZBOZI,NAZEV,CENA,MNOZSTVI,MINMNOZSTVI,SKLAD_ID_SKLAD,ID_KATEGORIE) values ('87','Celozrnna houska 50g','4,9','200','30','4','2');
Insert into ZBOZI (ID_ZBOZI,NAZEV,CENA,MNOZSTVI,MINMNOZSTVI,SKLAD_ID_SKLAD,ID_KATEGORIE) values ('88','Slany rohlik 40g','3,9','270','40','4','2');
Insert into ZBOZI (ID_ZBOZI,NAZEV,CENA,MNOZSTVI,MINMNOZSTVI,SKLAD_ID_SKLAD,ID_KATEGORIE) values ('89','Jablka cervena 1kg','39,9','200','20','2','4');
Insert into ZBOZI (ID_ZBOZI,NAZEV,CENA,MNOZSTVI,MINMNOZSTVI,SKLAD_ID_SKLAD,ID_KATEGORIE) values ('90','Jablka zelena 1kg','42,9','180','20','2','4');
Insert into ZBOZI (ID_ZBOZI,NAZEV,CENA,MNOZSTVI,MINMNOZSTVI,SKLAD_ID_SKLAD,ID_KATEGORIE) values ('91','Hrusek konferencnich 1kg','49,9','160','20','2','4');
Insert into ZBOZI (ID_ZBOZI,NAZEV,CENA,MNOZSTVI,MINMNOZSTVI,SKLAD_ID_SKLAD,ID_KATEGORIE) values ('92','Pomerance velke 1kg','39,9','140','20','2','4');
Insert into ZBOZI (ID_ZBOZI,NAZEV,CENA,MNOZSTVI,MINMNOZSTVI,SKLAD_ID_SKLAD,ID_KATEGORIE) values ('93','Mandarinky sladke 1kg','44,9','122','20','2','4');
Insert into ZBOZI (ID_ZBOZI,NAZEV,CENA,MNOZSTVI,MINMNOZSTVI,SKLAD_ID_SKLAD,ID_KATEGORIE) values ('94','Jablka cervena 1kg','39,9','170','20','4','4');
Insert into ZBOZI (ID_ZBOZI,NAZEV,CENA,MNOZSTVI,MINMNOZSTVI,SKLAD_ID_SKLAD,ID_KATEGORIE) values ('95','Jablka zelena 1kg','42,9','160','20','4','4');
Insert into ZBOZI (ID_ZBOZI,NAZEV,CENA,MNOZSTVI,MINMNOZSTVI,SKLAD_ID_SKLAD,ID_KATEGORIE) values ('96','Hrusek konferencnich 1kg','49,9','140','20','4','4');
Insert into ZBOZI (ID_ZBOZI,NAZEV,CENA,MNOZSTVI,MINMNOZSTVI,SKLAD_ID_SKLAD,ID_KATEGORIE) values ('97','Pomerance velke 1kg','39,9','120','20','4','4');
Insert into ZBOZI (ID_ZBOZI,NAZEV,CENA,MNOZSTVI,MINMNOZSTVI,SKLAD_ID_SKLAD,ID_KATEGORIE) values ('98','Mandarinky sladke 1kg','44,9','115','20','4','4');
Insert into ZBOZI (ID_ZBOZI,NAZEV,CENA,MNOZSTVI,MINMNOZSTVI,SKLAD_ID_SKLAD,ID_KATEGORIE) values ('99','Rajcata cervena 1kg','54,9','180','20','2','5');
Insert into ZBOZI (ID_ZBOZI,NAZEV,CENA,MNOZSTVI,MINMNOZSTVI,SKLAD_ID_SKLAD,ID_KATEGORIE) values ('100','Okurky salatkove 1kg','39,9','160','20','2','5');
Insert into ZBOZI (ID_ZBOZI,NAZEV,CENA,MNOZSTVI,MINMNOZSTVI,SKLAD_ID_SKLAD,ID_KATEGORIE) values ('101','Paprika cervena 1kg','69,9','140','20','2','5');
Insert into ZBOZI (ID_ZBOZI,NAZEV,CENA,MNOZSTVI,MINMNOZSTVI,SKLAD_ID_SKLAD,ID_KATEGORIE) values ('102','Mrkev 1kg','29,9','200','20','2','5');
Insert into ZBOZI (ID_ZBOZI,NAZEV,CENA,MNOZSTVI,MINMNOZSTVI,SKLAD_ID_SKLAD,ID_KATEGORIE) values ('103','Brambory konzumní 5kg','69,9','120','20','2','5');
Insert into ZBOZI (ID_ZBOZI,NAZEV,CENA,MNOZSTVI,MINMNOZSTVI,SKLAD_ID_SKLAD,ID_KATEGORIE) values ('104','Rajcata cervena 1kg','54,9','160','20','4','5');
Insert into ZBOZI (ID_ZBOZI,NAZEV,CENA,MNOZSTVI,MINMNOZSTVI,SKLAD_ID_SKLAD,ID_KATEGORIE) values ('105','Okurky salatkove 1kg','39,9','150','20','4','5');
Insert into ZBOZI (ID_ZBOZI,NAZEV,CENA,MNOZSTVI,MINMNOZSTVI,SKLAD_ID_SKLAD,ID_KATEGORIE) values ('106','Paprika cervena 1kg','69,9','120','20','4','5');
Insert into ZBOZI (ID_ZBOZI,NAZEV,CENA,MNOZSTVI,MINMNOZSTVI,SKLAD_ID_SKLAD,ID_KATEGORIE) values ('107','Mrkev 1kg','29,9','180','20','4','5');
Insert into ZBOZI (ID_ZBOZI,NAZEV,CENA,MNOZSTVI,MINMNOZSTVI,SKLAD_ID_SKLAD,ID_KATEGORIE) values ('108','Brambory konzumní 5kg','69,9','100','20','4','5');
Insert into ZBOZI (ID_ZBOZI,NAZEV,CENA,MNOZSTVI,MINMNOZSTVI,SKLAD_ID_SKLAD,ID_KATEGORIE) values ('109','Voda neperliva 1.5L','9,9','300','30','2','6');
Insert into ZBOZI (ID_ZBOZI,NAZEV,CENA,MNOZSTVI,MINMNOZSTVI,SKLAD_ID_SKLAD,ID_KATEGORIE) values ('110','Voda perliva 1.5L','10,9','280','30','2','6');
Insert into ZBOZI (ID_ZBOZI,NAZEV,CENA,MNOZSTVI,MINMNOZSTVI,SKLAD_ID_SKLAD,ID_KATEGORIE) values ('111','Cola 2L','32,9','180','20','2','6');
Insert into ZBOZI (ID_ZBOZI,NAZEV,CENA,MNOZSTVI,MINMNOZSTVI,SKLAD_ID_SKLAD,ID_KATEGORIE) values ('112','Fanta pomeranc 2L','31,9','149','20','2','6');
Insert into ZBOZI (ID_ZBOZI,NAZEV,CENA,MNOZSTVI,MINMNOZSTVI,SKLAD_ID_SKLAD,ID_KATEGORIE) values ('113','Sprite 2L','31,9','150','20','2','6');
Insert into ZBOZI (ID_ZBOZI,NAZEV,CENA,MNOZSTVI,MINMNOZSTVI,SKLAD_ID_SKLAD,ID_KATEGORIE) values ('114','Jablecny dzus 1L','19,9','200','25','2','6');
Insert into ZBOZI (ID_ZBOZI,NAZEV,CENA,MNOZSTVI,MINMNOZSTVI,SKLAD_ID_SKLAD,ID_KATEGORIE) values ('115','Pomerancovy dzus 1L','22,9','180','25','2','6');
Insert into ZBOZI (ID_ZBOZI,NAZEV,CENA,MNOZSTVI,MINMNOZSTVI,SKLAD_ID_SKLAD,ID_KATEGORIE) values ('116','Energeticky napoj 500ml','29,9','160','20','2','6');
Insert into ZBOZI (ID_ZBOZI,NAZEV,CENA,MNOZSTVI,MINMNOZSTVI,SKLAD_ID_SKLAD,ID_KATEGORIE) values ('117','Iced tea broskev 1.5L','24,9','170','20','2','6');
Insert into ZBOZI (ID_ZBOZI,NAZEV,CENA,MNOZSTVI,MINMNOZSTVI,SKLAD_ID_SKLAD,ID_KATEGORIE) values ('118','Iced tea citron 1.5L','24,9','160','20','2','6');
Insert into ZBOZI (ID_ZBOZI,NAZEV,CENA,MNOZSTVI,MINMNOZSTVI,SKLAD_ID_SKLAD,ID_KATEGORIE) values ('119','Voda neperliva 1.5L','9,9','270','30','4','6');
Insert into ZBOZI (ID_ZBOZI,NAZEV,CENA,MNOZSTVI,MINMNOZSTVI,SKLAD_ID_SKLAD,ID_KATEGORIE) values ('120','Voda perliva 1.5L','10,9','260','30','4','6');
Insert into ZBOZI (ID_ZBOZI,NAZEV,CENA,MNOZSTVI,MINMNOZSTVI,SKLAD_ID_SKLAD,ID_KATEGORIE) values ('121','Cola 2L','32,9','160','20','4','6');
Insert into ZBOZI (ID_ZBOZI,NAZEV,CENA,MNOZSTVI,MINMNOZSTVI,SKLAD_ID_SKLAD,ID_KATEGORIE) values ('122','Fanta pomeranc 2L','31,9','130','20','4','6');
Insert into ZBOZI (ID_ZBOZI,NAZEV,CENA,MNOZSTVI,MINMNOZSTVI,SKLAD_ID_SKLAD,ID_KATEGORIE) values ('123','Sprite 2L','31,9','130','20','4','6');
Insert into ZBOZI (ID_ZBOZI,NAZEV,CENA,MNOZSTVI,MINMNOZSTVI,SKLAD_ID_SKLAD,ID_KATEGORIE) values ('124','Jablecny dzus 1L','19,9','170','25','4','6');
Insert into ZBOZI (ID_ZBOZI,NAZEV,CENA,MNOZSTVI,MINMNOZSTVI,SKLAD_ID_SKLAD,ID_KATEGORIE) values ('125','Pomerancovy dzus 1L','22,9','160','25','4','6');
Insert into ZBOZI (ID_ZBOZI,NAZEV,CENA,MNOZSTVI,MINMNOZSTVI,SKLAD_ID_SKLAD,ID_KATEGORIE) values ('126','Energeticky napoj 500ml','29,9','140','20','4','6');
Insert into ZBOZI (ID_ZBOZI,NAZEV,CENA,MNOZSTVI,MINMNOZSTVI,SKLAD_ID_SKLAD,ID_KATEGORIE) values ('127','Iced tea broskev 1.5L','24,9','150','20','4','6');
Insert into ZBOZI (ID_ZBOZI,NAZEV,CENA,MNOZSTVI,MINMNOZSTVI,SKLAD_ID_SKLAD,ID_KATEGORIE) values ('128','Iced tea citron 1.5L','24,9','140','20','4','6');
Insert into ZBOZI (ID_ZBOZI,NAZEV,CENA,MNOZSTVI,MINMNOZSTVI,SKLAD_ID_SKLAD,ID_KATEGORIE) values ('129','Cokolada mlečna 100g','24,9','219','20','2','7');
Insert into ZBOZI (ID_ZBOZI,NAZEV,CENA,MNOZSTVI,MINMNOZSTVI,SKLAD_ID_SKLAD,ID_KATEGORIE) values ('130','Cokolada horka 100g','26,9','199','20','2','7');
Insert into ZBOZI (ID_ZBOZI,NAZEV,CENA,MNOZSTVI,MINMNOZSTVI,SKLAD_ID_SKLAD,ID_KATEGORIE) values ('131','Bonbony ovocne 90g','14,9','250','25','2','7');
Insert into ZBOZI (ID_ZBOZI,NAZEV,CENA,MNOZSTVI,MINMNOZSTVI,SKLAD_ID_SKLAD,ID_KATEGORIE) values ('132','Bonbony karamelove 90g','12,9','230','25','2','7');
Insert into ZBOZI (ID_ZBOZI,NAZEV,CENA,MNOZSTVI,MINMNOZSTVI,SKLAD_ID_SKLAD,ID_KATEGORIE) values ('133','Cokoladove susenky 150g','29,9','180','20','2','7');
Insert into ZBOZI (ID_ZBOZI,NAZEV,CENA,MNOZSTVI,MINMNOZSTVI,SKLAD_ID_SKLAD,ID_KATEGORIE) values ('134','Mandle v cokolade 100g','39,9','139','15','2','7');
Insert into ZBOZI (ID_ZBOZI,NAZEV,CENA,MNOZSTVI,MINMNOZSTVI,SKLAD_ID_SKLAD,ID_KATEGORIE) values ('135','Marcipan 100g','34,9','129','15','2','7');
Insert into ZBOZI (ID_ZBOZI,NAZEV,CENA,MNOZSTVI,MINMNOZSTVI,SKLAD_ID_SKLAD,ID_KATEGORIE) values ('136','Lentilky 80g','29,9','210','20','2','7');
Insert into ZBOZI (ID_ZBOZI,NAZEV,CENA,MNOZSTVI,MINMNOZSTVI,SKLAD_ID_SKLAD,ID_KATEGORIE) values ('137','Zmrzlinova tycinka 60g','19,9','170','15','2','7');
Insert into ZBOZI (ID_ZBOZI,NAZEV,CENA,MNOZSTVI,MINMNOZSTVI,SKLAD_ID_SKLAD,ID_KATEGORIE) values ('138','Wafle vanilkove 150g','21,9','190','15','2','7');
Insert into ZBOZI (ID_ZBOZI,NAZEV,CENA,MNOZSTVI,MINMNOZSTVI,SKLAD_ID_SKLAD,ID_KATEGORIE) values ('139','Cokolada mlečna 100g','24,9','200','20','4','7');
Insert into ZBOZI (ID_ZBOZI,NAZEV,CENA,MNOZSTVI,MINMNOZSTVI,SKLAD_ID_SKLAD,ID_KATEGORIE) values ('140','Cokolada horka 100g','26,9','180','20','4','7');
Insert into ZBOZI (ID_ZBOZI,NAZEV,CENA,MNOZSTVI,MINMNOZSTVI,SKLAD_ID_SKLAD,ID_KATEGORIE) values ('141','Bonbony ovocne 90g','14,9','230','25','4','7');
Insert into ZBOZI (ID_ZBOZI,NAZEV,CENA,MNOZSTVI,MINMNOZSTVI,SKLAD_ID_SKLAD,ID_KATEGORIE) values ('142','Bonbony karamelove 90g','12,9','210','25','4','7');
Insert into ZBOZI (ID_ZBOZI,NAZEV,CENA,MNOZSTVI,MINMNOZSTVI,SKLAD_ID_SKLAD,ID_KATEGORIE) values ('143','Cokoladove susenky 150g','29,9','160','20','4','7');
Insert into ZBOZI (ID_ZBOZI,NAZEV,CENA,MNOZSTVI,MINMNOZSTVI,SKLAD_ID_SKLAD,ID_KATEGORIE) values ('144','Mandle v cokolade 100g','39,9','120','15','4','7');
Insert into ZBOZI (ID_ZBOZI,NAZEV,CENA,MNOZSTVI,MINMNOZSTVI,SKLAD_ID_SKLAD,ID_KATEGORIE) values ('145','Marcipan 100g','34,9','120','15','4','7');
Insert into ZBOZI (ID_ZBOZI,NAZEV,CENA,MNOZSTVI,MINMNOZSTVI,SKLAD_ID_SKLAD,ID_KATEGORIE) values ('146','Lentilky 80g','29,9','190','20','4','7');
Insert into ZBOZI (ID_ZBOZI,NAZEV,CENA,MNOZSTVI,MINMNOZSTVI,SKLAD_ID_SKLAD,ID_KATEGORIE) values ('147','Zmrzlinova tycinka 60g','19,9','150','15','4','7');
Insert into ZBOZI (ID_ZBOZI,NAZEV,CENA,MNOZSTVI,MINMNOZSTVI,SKLAD_ID_SKLAD,ID_KATEGORIE) values ('148','Wafle vanilkove 150g','21,9','170','15','4','7');
Insert into ZBOZI (ID_ZBOZI,NAZEV,CENA,MNOZSTVI,MINMNOZSTVI,SKLAD_ID_SKLAD,ID_KATEGORIE) values ('149','Sprchovy gel 250ml','39,9','140','20','2','9');
Insert into ZBOZI (ID_ZBOZI,NAZEV,CENA,MNOZSTVI,MINMNOZSTVI,SKLAD_ID_SKLAD,ID_KATEGORIE) values ('150','Sampon 400ml','59,9','130','20','2','9');
Insert into ZBOZI (ID_ZBOZI,NAZEV,CENA,MNOZSTVI,MINMNOZSTVI,SKLAD_ID_SKLAD,ID_KATEGORIE) values ('151','Toaletni papir 8ks','74,9','180','20','2','9');
Insert into ZBOZI (ID_ZBOZI,NAZEV,CENA,MNOZSTVI,MINMNOZSTVI,SKLAD_ID_SKLAD,ID_KATEGORIE) values ('152','Kapesnicky 10x10','29,9','160','20','2','9');
Insert into ZBOZI (ID_ZBOZI,NAZEV,CENA,MNOZSTVI,MINMNOZSTVI,SKLAD_ID_SKLAD,ID_KATEGORIE) values ('153','Tekute mydlo 500ml','34,9','120','20','2','9');
Insert into ZBOZI (ID_ZBOZI,NAZEV,CENA,MNOZSTVI,MINMNOZSTVI,SKLAD_ID_SKLAD,ID_KATEGORIE) values ('154','Kartacek na zuby','29,9','140','20','2','9');
Insert into ZBOZI (ID_ZBOZI,NAZEV,CENA,MNOZSTVI,MINMNOZSTVI,SKLAD_ID_SKLAD,ID_KATEGORIE) values ('155','Zubni pasta 100ml','44,9','110','20','2','9');
Insert into ZBOZI (ID_ZBOZI,NAZEV,CENA,MNOZSTVI,MINMNOZSTVI,SKLAD_ID_SKLAD,ID_KATEGORIE) values ('156','Praci prasek 1.5kg','99,9','90','10','2','9');
Insert into ZBOZI (ID_ZBOZI,NAZEV,CENA,MNOZSTVI,MINMNOZSTVI,SKLAD_ID_SKLAD,ID_KATEGORIE) values ('157','Avivaz 1L','79,9','29','10','2','9');
Insert into ZBOZI (ID_ZBOZI,NAZEV,CENA,MNOZSTVI,MINMNOZSTVI,SKLAD_ID_SKLAD,ID_KATEGORIE) values ('158','Uklidovy sprej 500ml','49,9','100','10','2','9');
Insert into ZBOZI (ID_ZBOZI,NAZEV,CENA,MNOZSTVI,MINMNOZSTVI,SKLAD_ID_SKLAD,ID_KATEGORIE) values ('159','Sprchovy gel 250ml','39,9','120','20','4','9');
Insert into ZBOZI (ID_ZBOZI,NAZEV,CENA,MNOZSTVI,MINMNOZSTVI,SKLAD_ID_SKLAD,ID_KATEGORIE) values ('160','Sampon 400ml','59,9','115','20','4','9');
Insert into ZBOZI (ID_ZBOZI,NAZEV,CENA,MNOZSTVI,MINMNOZSTVI,SKLAD_ID_SKLAD,ID_KATEGORIE) values ('161','Toaletni papir 8ks','74,9','160','20','4','9');
Insert into ZBOZI (ID_ZBOZI,NAZEV,CENA,MNOZSTVI,MINMNOZSTVI,SKLAD_ID_SKLAD,ID_KATEGORIE) values ('162','Kapesnicky 10x10','29,9','140','20','4','9');
Insert into ZBOZI (ID_ZBOZI,NAZEV,CENA,MNOZSTVI,MINMNOZSTVI,SKLAD_ID_SKLAD,ID_KATEGORIE) values ('163','Tekute mydlo 500ml','34,9','110','20','4','9');
Insert into ZBOZI (ID_ZBOZI,NAZEV,CENA,MNOZSTVI,MINMNOZSTVI,SKLAD_ID_SKLAD,ID_KATEGORIE) values ('164','Kartacek na zuby','29,9','130','20','4','9');
Insert into ZBOZI (ID_ZBOZI,NAZEV,CENA,MNOZSTVI,MINMNOZSTVI,SKLAD_ID_SKLAD,ID_KATEGORIE) values ('165','Zubni pasta 100ml','44,9','95','20','4','9');
Insert into ZBOZI (ID_ZBOZI,NAZEV,CENA,MNOZSTVI,MINMNOZSTVI,SKLAD_ID_SKLAD,ID_KATEGORIE) values ('166','Praci prasek 1.5kg','99,9','85','10','4','9');
Insert into ZBOZI (ID_ZBOZI,NAZEV,CENA,MNOZSTVI,MINMNOZSTVI,SKLAD_ID_SKLAD,ID_KATEGORIE) values ('167','Avivaz 1L','79,9','67','10','4','9');
Insert into ZBOZI (ID_ZBOZI,NAZEV,CENA,MNOZSTVI,MINMNOZSTVI,SKLAD_ID_SKLAD,ID_KATEGORIE) values ('168','Uklidovy sprej 500ml','49,9','90','10','4','9');
Insert into ZBOZI (ID_ZBOZI,NAZEV,CENA,MNOZSTVI,MINMNOZSTVI,SKLAD_ID_SKLAD,ID_KATEGORIE) values ('169','Pilsner Urquell 0.5L','22,9','200','20','2','10');
Insert into ZBOZI (ID_ZBOZI,NAZEV,CENA,MNOZSTVI,MINMNOZSTVI,SKLAD_ID_SKLAD,ID_KATEGORIE) values ('170','Gambrinus 0.5L','17,9','220','20','2','10');
Insert into ZBOZI (ID_ZBOZI,NAZEV,CENA,MNOZSTVI,MINMNOZSTVI,SKLAD_ID_SKLAD,ID_KATEGORIE) values ('171','Kozel 11 0.5L','19,9','210','20','2','10');
Insert into ZBOZI (ID_ZBOZI,NAZEV,CENA,MNOZSTVI,MINMNOZSTVI,SKLAD_ID_SKLAD,ID_KATEGORIE) values ('172','Cerne pivo 0.5L','21,9','150','15','2','10');
Insert into ZBOZI (ID_ZBOZI,NAZEV,CENA,MNOZSTVI,MINMNOZSTVI,SKLAD_ID_SKLAD,ID_KATEGORIE) values ('173','Vino cervene 0.75L','69,9','120','10','2','10');
Insert into ZBOZI (ID_ZBOZI,NAZEV,CENA,MNOZSTVI,MINMNOZSTVI,SKLAD_ID_SKLAD,ID_KATEGORIE) values ('174','Vino bile 0.75L','64,9','110','10','2','10');
Insert into ZBOZI (ID_ZBOZI,NAZEV,CENA,MNOZSTVI,MINMNOZSTVI,SKLAD_ID_SKLAD,ID_KATEGORIE) values ('175','Sekt Bohemia 0.75L','99,9','90','10','2','10');
Insert into ZBOZI (ID_ZBOZI,NAZEV,CENA,MNOZSTVI,MINMNOZSTVI,SKLAD_ID_SKLAD,ID_KATEGORIE) values ('176','Rum Tuzemsky 0.5L','129,9','80','10','2','10');
Insert into ZBOZI (ID_ZBOZI,NAZEV,CENA,MNOZSTVI,MINMNOZSTVI,SKLAD_ID_SKLAD,ID_KATEGORIE) values ('177','Vodka 0.5L','139,9','85','10','2','10');
Insert into ZBOZI (ID_ZBOZI,NAZEV,CENA,MNOZSTVI,MINMNOZSTVI,SKLAD_ID_SKLAD,ID_KATEGORIE) values ('178','Whisky 0.7L','249,9','60','10','2','10');
Insert into ZBOZI (ID_ZBOZI,NAZEV,CENA,MNOZSTVI,MINMNOZSTVI,SKLAD_ID_SKLAD,ID_KATEGORIE) values ('179','Pilsner Urquell 0.5L','22,9','180','20','4','10');
Insert into ZBOZI (ID_ZBOZI,NAZEV,CENA,MNOZSTVI,MINMNOZSTVI,SKLAD_ID_SKLAD,ID_KATEGORIE) values ('180','Gambrinus 0.5L','17,9','200','20','4','10');
Insert into ZBOZI (ID_ZBOZI,NAZEV,CENA,MNOZSTVI,MINMNOZSTVI,SKLAD_ID_SKLAD,ID_KATEGORIE) values ('181','Kozel 11 0.5L','19,9','190','20','4','10');
Insert into ZBOZI (ID_ZBOZI,NAZEV,CENA,MNOZSTVI,MINMNOZSTVI,SKLAD_ID_SKLAD,ID_KATEGORIE) values ('182','Cerne pivo 0.5L','21,9','130','15','4','10');
Insert into ZBOZI (ID_ZBOZI,NAZEV,CENA,MNOZSTVI,MINMNOZSTVI,SKLAD_ID_SKLAD,ID_KATEGORIE) values ('183','Vino cervene 0.75L','69,9','105','10','4','10');
Insert into ZBOZI (ID_ZBOZI,NAZEV,CENA,MNOZSTVI,MINMNOZSTVI,SKLAD_ID_SKLAD,ID_KATEGORIE) values ('184','Vino bile 0.75L','64,9','100','10','4','10');
Insert into ZBOZI (ID_ZBOZI,NAZEV,CENA,MNOZSTVI,MINMNOZSTVI,SKLAD_ID_SKLAD,ID_KATEGORIE) values ('185','Sekt Bohemia 0.75L','99,9','80','10','4','10');
Insert into ZBOZI (ID_ZBOZI,NAZEV,CENA,MNOZSTVI,MINMNOZSTVI,SKLAD_ID_SKLAD,ID_KATEGORIE) values ('186','Rum Tuzemsky 0.5L','129,9','70','10','4','10');
Insert into ZBOZI (ID_ZBOZI,NAZEV,CENA,MNOZSTVI,MINMNOZSTVI,SKLAD_ID_SKLAD,ID_KATEGORIE) values ('187','Vodka 0.5L','139,9','75','10','4','10');
Insert into ZBOZI (ID_ZBOZI,NAZEV,CENA,MNOZSTVI,MINMNOZSTVI,SKLAD_ID_SKLAD,ID_KATEGORIE) values ('188','Whisky 0.7L','249,9','55','10','4','10');
REM INSERTING into ZBOZI_DODAVATEL
SET DEFINE OFF;
Insert into ZBOZI_DODAVATEL (ID_UZIVATELU,ID_ZBOZI) values ('3','79');
Insert into ZBOZI_DODAVATEL (ID_UZIVATELU,ID_ZBOZI) values ('3','80');
Insert into ZBOZI_DODAVATEL (ID_UZIVATELU,ID_ZBOZI) values ('3','81');
Insert into ZBOZI_DODAVATEL (ID_UZIVATELU,ID_ZBOZI) values ('3','82');
Insert into ZBOZI_DODAVATEL (ID_UZIVATELU,ID_ZBOZI) values ('3','83');
Insert into ZBOZI_DODAVATEL (ID_UZIVATELU,ID_ZBOZI) values ('3','84');
Insert into ZBOZI_DODAVATEL (ID_UZIVATELU,ID_ZBOZI) values ('3','85');
Insert into ZBOZI_DODAVATEL (ID_UZIVATELU,ID_ZBOZI) values ('3','86');
Insert into ZBOZI_DODAVATEL (ID_UZIVATELU,ID_ZBOZI) values ('3','87');
Insert into ZBOZI_DODAVATEL (ID_UZIVATELU,ID_ZBOZI) values ('3','88');
Insert into ZBOZI_DODAVATEL (ID_UZIVATELU,ID_ZBOZI) values ('4','21');
Insert into ZBOZI_DODAVATEL (ID_UZIVATELU,ID_ZBOZI) values ('4','22');
Insert into ZBOZI_DODAVATEL (ID_UZIVATELU,ID_ZBOZI) values ('4','23');
Insert into ZBOZI_DODAVATEL (ID_UZIVATELU,ID_ZBOZI) values ('4','24');
Insert into ZBOZI_DODAVATEL (ID_UZIVATELU,ID_ZBOZI) values ('4','25');
Insert into ZBOZI_DODAVATEL (ID_UZIVATELU,ID_ZBOZI) values ('4','26');
Insert into ZBOZI_DODAVATEL (ID_UZIVATELU,ID_ZBOZI) values ('4','27');
Insert into ZBOZI_DODAVATEL (ID_UZIVATELU,ID_ZBOZI) values ('4','28');
Insert into ZBOZI_DODAVATEL (ID_UZIVATELU,ID_ZBOZI) values ('4','29');
Insert into ZBOZI_DODAVATEL (ID_UZIVATELU,ID_ZBOZI) values ('4','30');
Insert into ZBOZI_DODAVATEL (ID_UZIVATELU,ID_ZBOZI) values ('4','31');
Insert into ZBOZI_DODAVATEL (ID_UZIVATELU,ID_ZBOZI) values ('4','32');
Insert into ZBOZI_DODAVATEL (ID_UZIVATELU,ID_ZBOZI) values ('4','33');
Insert into ZBOZI_DODAVATEL (ID_UZIVATELU,ID_ZBOZI) values ('4','34');
Insert into ZBOZI_DODAVATEL (ID_UZIVATELU,ID_ZBOZI) values ('4','35');
Insert into ZBOZI_DODAVATEL (ID_UZIVATELU,ID_ZBOZI) values ('4','36');
Insert into ZBOZI_DODAVATEL (ID_UZIVATELU,ID_ZBOZI) values ('4','59');
Insert into ZBOZI_DODAVATEL (ID_UZIVATELU,ID_ZBOZI) values ('4','60');
Insert into ZBOZI_DODAVATEL (ID_UZIVATELU,ID_ZBOZI) values ('4','61');
Insert into ZBOZI_DODAVATEL (ID_UZIVATELU,ID_ZBOZI) values ('4','62');
Insert into ZBOZI_DODAVATEL (ID_UZIVATELU,ID_ZBOZI) values ('4','63');
Insert into ZBOZI_DODAVATEL (ID_UZIVATELU,ID_ZBOZI) values ('4','64');
Insert into ZBOZI_DODAVATEL (ID_UZIVATELU,ID_ZBOZI) values ('4','65');
Insert into ZBOZI_DODAVATEL (ID_UZIVATELU,ID_ZBOZI) values ('4','66');
Insert into ZBOZI_DODAVATEL (ID_UZIVATELU,ID_ZBOZI) values ('4','67');
Insert into ZBOZI_DODAVATEL (ID_UZIVATELU,ID_ZBOZI) values ('4','68');
Insert into ZBOZI_DODAVATEL (ID_UZIVATELU,ID_ZBOZI) values ('5','89');
Insert into ZBOZI_DODAVATEL (ID_UZIVATELU,ID_ZBOZI) values ('5','90');
Insert into ZBOZI_DODAVATEL (ID_UZIVATELU,ID_ZBOZI) values ('5','91');
Insert into ZBOZI_DODAVATEL (ID_UZIVATELU,ID_ZBOZI) values ('5','92');
Insert into ZBOZI_DODAVATEL (ID_UZIVATELU,ID_ZBOZI) values ('5','93');
Insert into ZBOZI_DODAVATEL (ID_UZIVATELU,ID_ZBOZI) values ('5','94');
Insert into ZBOZI_DODAVATEL (ID_UZIVATELU,ID_ZBOZI) values ('5','95');
Insert into ZBOZI_DODAVATEL (ID_UZIVATELU,ID_ZBOZI) values ('5','96');
Insert into ZBOZI_DODAVATEL (ID_UZIVATELU,ID_ZBOZI) values ('5','97');
Insert into ZBOZI_DODAVATEL (ID_UZIVATELU,ID_ZBOZI) values ('5','98');
Insert into ZBOZI_DODAVATEL (ID_UZIVATELU,ID_ZBOZI) values ('6','129');
Insert into ZBOZI_DODAVATEL (ID_UZIVATELU,ID_ZBOZI) values ('6','130');
Insert into ZBOZI_DODAVATEL (ID_UZIVATELU,ID_ZBOZI) values ('6','131');
Insert into ZBOZI_DODAVATEL (ID_UZIVATELU,ID_ZBOZI) values ('6','132');
Insert into ZBOZI_DODAVATEL (ID_UZIVATELU,ID_ZBOZI) values ('6','133');
Insert into ZBOZI_DODAVATEL (ID_UZIVATELU,ID_ZBOZI) values ('6','134');
Insert into ZBOZI_DODAVATEL (ID_UZIVATELU,ID_ZBOZI) values ('6','135');
Insert into ZBOZI_DODAVATEL (ID_UZIVATELU,ID_ZBOZI) values ('6','136');
Insert into ZBOZI_DODAVATEL (ID_UZIVATELU,ID_ZBOZI) values ('6','137');
Insert into ZBOZI_DODAVATEL (ID_UZIVATELU,ID_ZBOZI) values ('6','138');
Insert into ZBOZI_DODAVATEL (ID_UZIVATELU,ID_ZBOZI) values ('6','139');
Insert into ZBOZI_DODAVATEL (ID_UZIVATELU,ID_ZBOZI) values ('6','140');
Insert into ZBOZI_DODAVATEL (ID_UZIVATELU,ID_ZBOZI) values ('6','141');
Insert into ZBOZI_DODAVATEL (ID_UZIVATELU,ID_ZBOZI) values ('6','142');
Insert into ZBOZI_DODAVATEL (ID_UZIVATELU,ID_ZBOZI) values ('6','143');
Insert into ZBOZI_DODAVATEL (ID_UZIVATELU,ID_ZBOZI) values ('6','144');
Insert into ZBOZI_DODAVATEL (ID_UZIVATELU,ID_ZBOZI) values ('6','145');
Insert into ZBOZI_DODAVATEL (ID_UZIVATELU,ID_ZBOZI) values ('6','146');
Insert into ZBOZI_DODAVATEL (ID_UZIVATELU,ID_ZBOZI) values ('6','147');
Insert into ZBOZI_DODAVATEL (ID_UZIVATELU,ID_ZBOZI) values ('6','148');
Insert into ZBOZI_DODAVATEL (ID_UZIVATELU,ID_ZBOZI) values ('7','109');
Insert into ZBOZI_DODAVATEL (ID_UZIVATELU,ID_ZBOZI) values ('7','110');
Insert into ZBOZI_DODAVATEL (ID_UZIVATELU,ID_ZBOZI) values ('7','111');
Insert into ZBOZI_DODAVATEL (ID_UZIVATELU,ID_ZBOZI) values ('7','112');
Insert into ZBOZI_DODAVATEL (ID_UZIVATELU,ID_ZBOZI) values ('7','113');
Insert into ZBOZI_DODAVATEL (ID_UZIVATELU,ID_ZBOZI) values ('7','114');
Insert into ZBOZI_DODAVATEL (ID_UZIVATELU,ID_ZBOZI) values ('7','115');
Insert into ZBOZI_DODAVATEL (ID_UZIVATELU,ID_ZBOZI) values ('7','116');
Insert into ZBOZI_DODAVATEL (ID_UZIVATELU,ID_ZBOZI) values ('7','117');
Insert into ZBOZI_DODAVATEL (ID_UZIVATELU,ID_ZBOZI) values ('7','118');
Insert into ZBOZI_DODAVATEL (ID_UZIVATELU,ID_ZBOZI) values ('7','119');
Insert into ZBOZI_DODAVATEL (ID_UZIVATELU,ID_ZBOZI) values ('7','120');
Insert into ZBOZI_DODAVATEL (ID_UZIVATELU,ID_ZBOZI) values ('7','121');
Insert into ZBOZI_DODAVATEL (ID_UZIVATELU,ID_ZBOZI) values ('7','122');
Insert into ZBOZI_DODAVATEL (ID_UZIVATELU,ID_ZBOZI) values ('7','123');
Insert into ZBOZI_DODAVATEL (ID_UZIVATELU,ID_ZBOZI) values ('7','124');
Insert into ZBOZI_DODAVATEL (ID_UZIVATELU,ID_ZBOZI) values ('7','125');
Insert into ZBOZI_DODAVATEL (ID_UZIVATELU,ID_ZBOZI) values ('7','126');
Insert into ZBOZI_DODAVATEL (ID_UZIVATELU,ID_ZBOZI) values ('7','127');
Insert into ZBOZI_DODAVATEL (ID_UZIVATELU,ID_ZBOZI) values ('7','128');
Insert into ZBOZI_DODAVATEL (ID_UZIVATELU,ID_ZBOZI) values ('8','99');
Insert into ZBOZI_DODAVATEL (ID_UZIVATELU,ID_ZBOZI) values ('8','100');
Insert into ZBOZI_DODAVATEL (ID_UZIVATELU,ID_ZBOZI) values ('8','101');
Insert into ZBOZI_DODAVATEL (ID_UZIVATELU,ID_ZBOZI) values ('8','102');
Insert into ZBOZI_DODAVATEL (ID_UZIVATELU,ID_ZBOZI) values ('8','103');
Insert into ZBOZI_DODAVATEL (ID_UZIVATELU,ID_ZBOZI) values ('8','104');
Insert into ZBOZI_DODAVATEL (ID_UZIVATELU,ID_ZBOZI) values ('8','105');
Insert into ZBOZI_DODAVATEL (ID_UZIVATELU,ID_ZBOZI) values ('8','106');
Insert into ZBOZI_DODAVATEL (ID_UZIVATELU,ID_ZBOZI) values ('8','107');
Insert into ZBOZI_DODAVATEL (ID_UZIVATELU,ID_ZBOZI) values ('8','108');
Insert into ZBOZI_DODAVATEL (ID_UZIVATELU,ID_ZBOZI) values ('10','1');
Insert into ZBOZI_DODAVATEL (ID_UZIVATELU,ID_ZBOZI) values ('10','2');
Insert into ZBOZI_DODAVATEL (ID_UZIVATELU,ID_ZBOZI) values ('10','3');
Insert into ZBOZI_DODAVATEL (ID_UZIVATELU,ID_ZBOZI) values ('10','10');
Insert into ZBOZI_DODAVATEL (ID_UZIVATELU,ID_ZBOZI) values ('10','15');
Insert into ZBOZI_DODAVATEL (ID_UZIVATELU,ID_ZBOZI) values ('10','21');
Insert into ZBOZI_DODAVATEL (ID_UZIVATELU,ID_ZBOZI) values ('10','24');
Insert into ZBOZI_DODAVATEL (ID_UZIVATELU,ID_ZBOZI) values ('10','27');
Insert into ZBOZI_DODAVATEL (ID_UZIVATELU,ID_ZBOZI) values ('10','30');
Insert into ZBOZI_DODAVATEL (ID_UZIVATELU,ID_ZBOZI) values ('10','33');
Insert into ZBOZI_DODAVATEL (ID_UZIVATELU,ID_ZBOZI) values ('10','60');
Insert into ZBOZI_DODAVATEL (ID_UZIVATELU,ID_ZBOZI) values ('10','63');
Insert into ZBOZI_DODAVATEL (ID_UZIVATELU,ID_ZBOZI) values ('10','66');
Insert into ZBOZI_DODAVATEL (ID_UZIVATELU,ID_ZBOZI) values ('11','37');
Insert into ZBOZI_DODAVATEL (ID_UZIVATELU,ID_ZBOZI) values ('11','38');
Insert into ZBOZI_DODAVATEL (ID_UZIVATELU,ID_ZBOZI) values ('11','39');
Insert into ZBOZI_DODAVATEL (ID_UZIVATELU,ID_ZBOZI) values ('11','40');
Insert into ZBOZI_DODAVATEL (ID_UZIVATELU,ID_ZBOZI) values ('11','41');
Insert into ZBOZI_DODAVATEL (ID_UZIVATELU,ID_ZBOZI) values ('11','42');
Insert into ZBOZI_DODAVATEL (ID_UZIVATELU,ID_ZBOZI) values ('11','43');
Insert into ZBOZI_DODAVATEL (ID_UZIVATELU,ID_ZBOZI) values ('11','44');
Insert into ZBOZI_DODAVATEL (ID_UZIVATELU,ID_ZBOZI) values ('11','45');
Insert into ZBOZI_DODAVATEL (ID_UZIVATELU,ID_ZBOZI) values ('11','46');
Insert into ZBOZI_DODAVATEL (ID_UZIVATELU,ID_ZBOZI) values ('11','47');
Insert into ZBOZI_DODAVATEL (ID_UZIVATELU,ID_ZBOZI) values ('11','48');
Insert into ZBOZI_DODAVATEL (ID_UZIVATELU,ID_ZBOZI) values ('11','49');
Insert into ZBOZI_DODAVATEL (ID_UZIVATELU,ID_ZBOZI) values ('11','50');
Insert into ZBOZI_DODAVATEL (ID_UZIVATELU,ID_ZBOZI) values ('11','51');
Insert into ZBOZI_DODAVATEL (ID_UZIVATELU,ID_ZBOZI) values ('11','52');
Insert into ZBOZI_DODAVATEL (ID_UZIVATELU,ID_ZBOZI) values ('11','53');
Insert into ZBOZI_DODAVATEL (ID_UZIVATELU,ID_ZBOZI) values ('11','54');
Insert into ZBOZI_DODAVATEL (ID_UZIVATELU,ID_ZBOZI) values ('11','55');
Insert into ZBOZI_DODAVATEL (ID_UZIVATELU,ID_ZBOZI) values ('11','56');
Insert into ZBOZI_DODAVATEL (ID_UZIVATELU,ID_ZBOZI) values ('11','57');
Insert into ZBOZI_DODAVATEL (ID_UZIVATELU,ID_ZBOZI) values ('11','58');
Insert into ZBOZI_DODAVATEL (ID_UZIVATELU,ID_ZBOZI) values ('12','21');
Insert into ZBOZI_DODAVATEL (ID_UZIVATELU,ID_ZBOZI) values ('12','22');
Insert into ZBOZI_DODAVATEL (ID_UZIVATELU,ID_ZBOZI) values ('12','25');
Insert into ZBOZI_DODAVATEL (ID_UZIVATELU,ID_ZBOZI) values ('12','28');
Insert into ZBOZI_DODAVATEL (ID_UZIVATELU,ID_ZBOZI) values ('12','31');
Insert into ZBOZI_DODAVATEL (ID_UZIVATELU,ID_ZBOZI) values ('12','35');
Insert into ZBOZI_DODAVATEL (ID_UZIVATELU,ID_ZBOZI) values ('12','59');
Insert into ZBOZI_DODAVATEL (ID_UZIVATELU,ID_ZBOZI) values ('12','60');
Insert into ZBOZI_DODAVATEL (ID_UZIVATELU,ID_ZBOZI) values ('12','63');
Insert into ZBOZI_DODAVATEL (ID_UZIVATELU,ID_ZBOZI) values ('12','65');
Insert into ZBOZI_DODAVATEL (ID_UZIVATELU,ID_ZBOZI) values ('12','67');
Insert into ZBOZI_DODAVATEL (ID_UZIVATELU,ID_ZBOZI) values ('13','99');
Insert into ZBOZI_DODAVATEL (ID_UZIVATELU,ID_ZBOZI) values ('13','101');
Insert into ZBOZI_DODAVATEL (ID_UZIVATELU,ID_ZBOZI) values ('13','102');
Insert into ZBOZI_DODAVATEL (ID_UZIVATELU,ID_ZBOZI) values ('13','105');
Insert into ZBOZI_DODAVATEL (ID_UZIVATELU,ID_ZBOZI) values ('13','108');
Insert into ZBOZI_DODAVATEL (ID_UZIVATELU,ID_ZBOZI) values ('14','79');
Insert into ZBOZI_DODAVATEL (ID_UZIVATELU,ID_ZBOZI) values ('14','80');
Insert into ZBOZI_DODAVATEL (ID_UZIVATELU,ID_ZBOZI) values ('14','82');
Insert into ZBOZI_DODAVATEL (ID_UZIVATELU,ID_ZBOZI) values ('14','85');
Insert into ZBOZI_DODAVATEL (ID_UZIVATELU,ID_ZBOZI) values ('14','87');
Insert into ZBOZI_DODAVATEL (ID_UZIVATELU,ID_ZBOZI) values ('15','110');
Insert into ZBOZI_DODAVATEL (ID_UZIVATELU,ID_ZBOZI) values ('15','112');
Insert into ZBOZI_DODAVATEL (ID_UZIVATELU,ID_ZBOZI) values ('15','118');
Insert into ZBOZI_DODAVATEL (ID_UZIVATELU,ID_ZBOZI) values ('15','120');
Insert into ZBOZI_DODAVATEL (ID_UZIVATELU,ID_ZBOZI) values ('15','169');
Insert into ZBOZI_DODAVATEL (ID_UZIVATELU,ID_ZBOZI) values ('15','170');
Insert into ZBOZI_DODAVATEL (ID_UZIVATELU,ID_ZBOZI) values ('15','175');
Insert into ZBOZI_DODAVATEL (ID_UZIVATELU,ID_ZBOZI) values ('15','178');
Insert into ZBOZI_DODAVATEL (ID_UZIVATELU,ID_ZBOZI) values ('15','183');
Insert into ZBOZI_DODAVATEL (ID_UZIVATELU,ID_ZBOZI) values ('15','187');
Insert into ZBOZI_DODAVATEL (ID_UZIVATELU,ID_ZBOZI) values ('16','1');
Insert into ZBOZI_DODAVATEL (ID_UZIVATELU,ID_ZBOZI) values ('16','3');
Insert into ZBOZI_DODAVATEL (ID_UZIVATELU,ID_ZBOZI) values ('16','5');
Insert into ZBOZI_DODAVATEL (ID_UZIVATELU,ID_ZBOZI) values ('16','8');
Insert into ZBOZI_DODAVATEL (ID_UZIVATELU,ID_ZBOZI) values ('16','11');
Insert into ZBOZI_DODAVATEL (ID_UZIVATELU,ID_ZBOZI) values ('16','14');
Insert into ZBOZI_DODAVATEL (ID_UZIVATELU,ID_ZBOZI) values ('16','17');
Insert into ZBOZI_DODAVATEL (ID_UZIVATELU,ID_ZBOZI) values ('16','19');
Insert into ZBOZI_DODAVATEL (ID_UZIVATELU,ID_ZBOZI) values ('17','89');
Insert into ZBOZI_DODAVATEL (ID_UZIVATELU,ID_ZBOZI) values ('17','92');
Insert into ZBOZI_DODAVATEL (ID_UZIVATELU,ID_ZBOZI) values ('17','93');
Insert into ZBOZI_DODAVATEL (ID_UZIVATELU,ID_ZBOZI) values ('17','96');
Insert into ZBOZI_DODAVATEL (ID_UZIVATELU,ID_ZBOZI) values ('17','98');
Insert into ZBOZI_DODAVATEL (ID_UZIVATELU,ID_ZBOZI) values ('18','90');
Insert into ZBOZI_DODAVATEL (ID_UZIVATELU,ID_ZBOZI) values ('18','91');
Insert into ZBOZI_DODAVATEL (ID_UZIVATELU,ID_ZBOZI) values ('18','94');
Insert into ZBOZI_DODAVATEL (ID_UZIVATELU,ID_ZBOZI) values ('18','97');
Insert into ZBOZI_DODAVATEL (ID_UZIVATELU,ID_ZBOZI) values ('19','129');
Insert into ZBOZI_DODAVATEL (ID_UZIVATELU,ID_ZBOZI) values ('19','131');
Insert into ZBOZI_DODAVATEL (ID_UZIVATELU,ID_ZBOZI) values ('19','133');
Insert into ZBOZI_DODAVATEL (ID_UZIVATELU,ID_ZBOZI) values ('19','135');
Insert into ZBOZI_DODAVATEL (ID_UZIVATELU,ID_ZBOZI) values ('19','137');
Insert into ZBOZI_DODAVATEL (ID_UZIVATELU,ID_ZBOZI) values ('19','140');
Insert into ZBOZI_DODAVATEL (ID_UZIVATELU,ID_ZBOZI) values ('19','142');
Insert into ZBOZI_DODAVATEL (ID_UZIVATELU,ID_ZBOZI) values ('19','146');
REM INSERTING into ZPRAVA
SET DEFINE OFF;
Insert into ZPRAVA (ID_ZPRAVA,DATUMZASILANI,PRIJIMAC_ID,ODESILATEL_ID) values ('112',to_date('26.11.25','DD.MM.RR'),'82','43');
Insert into ZPRAVA (ID_ZPRAVA,DATUMZASILANI,PRIJIMAC_ID,ODESILATEL_ID) values ('115',to_date('26.11.25','DD.MM.RR'),'82','43');
Insert into ZPRAVA (ID_ZPRAVA,DATUMZASILANI,PRIJIMAC_ID,ODESILATEL_ID) values ('129',to_date('26.11.25','DD.MM.RR'),'82','43');
Insert into ZPRAVA (ID_ZPRAVA,DATUMZASILANI,PRIJIMAC_ID,ODESILATEL_ID) values ('130',to_date('26.11.25','DD.MM.RR'),'31','1');
Insert into ZPRAVA (ID_ZPRAVA,DATUMZASILANI,PRIJIMAC_ID,ODESILATEL_ID) values ('132',to_date('26.11.25','DD.MM.RR'),'1','31');
Insert into ZPRAVA (ID_ZPRAVA,DATUMZASILANI,PRIJIMAC_ID,ODESILATEL_ID) values ('133',to_date('26.11.25','DD.MM.RR'),'1','31');
Insert into ZPRAVA (ID_ZPRAVA,DATUMZASILANI,PRIJIMAC_ID,ODESILATEL_ID) values ('135',to_date('26.11.25','DD.MM.RR'),'1','31');
Insert into ZPRAVA (ID_ZPRAVA,DATUMZASILANI,PRIJIMAC_ID,ODESILATEL_ID) values ('136',to_date('26.11.25','DD.MM.RR'),'1','31');
Insert into ZPRAVA (ID_ZPRAVA,DATUMZASILANI,PRIJIMAC_ID,ODESILATEL_ID) values ('137',to_date('26.11.25','DD.MM.RR'),'1','31');
Insert into ZPRAVA (ID_ZPRAVA,DATUMZASILANI,PRIJIMAC_ID,ODESILATEL_ID) values ('138',to_date('26.11.25','DD.MM.RR'),'1','31');
Insert into ZPRAVA (ID_ZPRAVA,DATUMZASILANI,PRIJIMAC_ID,ODESILATEL_ID) values ('139',to_date('26.11.25','DD.MM.RR'),'1','31');
Insert into ZPRAVA (ID_ZPRAVA,DATUMZASILANI,PRIJIMAC_ID,ODESILATEL_ID) values ('140',to_date('26.11.25','DD.MM.RR'),'1','31');
Insert into ZPRAVA (ID_ZPRAVA,DATUMZASILANI,PRIJIMAC_ID,ODESILATEL_ID) values ('141',to_date('26.11.25','DD.MM.RR'),'1','31');
Insert into ZPRAVA (ID_ZPRAVA,DATUMZASILANI,PRIJIMAC_ID,ODESILATEL_ID) values ('142',to_date('26.11.25','DD.MM.RR'),'1','31');
Insert into ZPRAVA (ID_ZPRAVA,DATUMZASILANI,PRIJIMAC_ID,ODESILATEL_ID) values ('143',to_date('26.11.25','DD.MM.RR'),'1','31');
Insert into ZPRAVA (ID_ZPRAVA,DATUMZASILANI,PRIJIMAC_ID,ODESILATEL_ID) values ('144',to_date('26.11.25','DD.MM.RR'),'31','1');
Insert into ZPRAVA (ID_ZPRAVA,DATUMZASILANI,PRIJIMAC_ID,ODESILATEL_ID) values ('145',to_date('26.11.25','DD.MM.RR'),'1','31');
Insert into ZPRAVA (ID_ZPRAVA,DATUMZASILANI,PRIJIMAC_ID,ODESILATEL_ID) values ('146',to_date('26.11.25','DD.MM.RR'),'31','1');
Insert into ZPRAVA (ID_ZPRAVA,DATUMZASILANI,PRIJIMAC_ID,ODESILATEL_ID) values ('147',to_date('26.11.25','DD.MM.RR'),'1','31');
Insert into ZPRAVA (ID_ZPRAVA,DATUMZASILANI,PRIJIMAC_ID,ODESILATEL_ID) values ('148',to_date('26.11.25','DD.MM.RR'),'1','31');
Insert into ZPRAVA (ID_ZPRAVA,DATUMZASILANI,PRIJIMAC_ID,ODESILATEL_ID) values ('149',to_date('26.11.25','DD.MM.RR'),'1','31');
Insert into ZPRAVA (ID_ZPRAVA,DATUMZASILANI,PRIJIMAC_ID,ODESILATEL_ID) values ('150',to_date('26.11.25','DD.MM.RR'),'31','1');
Insert into ZPRAVA (ID_ZPRAVA,DATUMZASILANI,PRIJIMAC_ID,ODESILATEL_ID) values ('151',to_date('26.11.25','DD.MM.RR'),'31','1');
Insert into ZPRAVA (ID_ZPRAVA,DATUMZASILANI,PRIJIMAC_ID,ODESILATEL_ID) values ('152',to_date('26.11.25','DD.MM.RR'),'31','1');
Insert into ZPRAVA (ID_ZPRAVA,DATUMZASILANI,PRIJIMAC_ID,ODESILATEL_ID) values ('153',to_date('26.11.25','DD.MM.RR'),'31','1');
Insert into ZPRAVA (ID_ZPRAVA,DATUMZASILANI,PRIJIMAC_ID,ODESILATEL_ID) values ('154',to_date('26.11.25','DD.MM.RR'),'31','1');
Insert into ZPRAVA (ID_ZPRAVA,DATUMZASILANI,PRIJIMAC_ID,ODESILATEL_ID) values ('155',to_date('26.11.25','DD.MM.RR'),'31','1');
Insert into ZPRAVA (ID_ZPRAVA,DATUMZASILANI,PRIJIMAC_ID,ODESILATEL_ID) values ('156',to_date('26.11.25','DD.MM.RR'),'31','1');
Insert into ZPRAVA (ID_ZPRAVA,DATUMZASILANI,PRIJIMAC_ID,ODESILATEL_ID) values ('157',to_date('26.11.25','DD.MM.RR'),'31','1');
Insert into ZPRAVA (ID_ZPRAVA,DATUMZASILANI,PRIJIMAC_ID,ODESILATEL_ID) values ('158',to_date('26.11.25','DD.MM.RR'),'31','1');
Insert into ZPRAVA (ID_ZPRAVA,DATUMZASILANI,PRIJIMAC_ID,ODESILATEL_ID) values ('159',to_date('26.11.25','DD.MM.RR'),'1','31');
Insert into ZPRAVA (ID_ZPRAVA,DATUMZASILANI,PRIJIMAC_ID,ODESILATEL_ID) values ('160',to_date('26.11.25','DD.MM.RR'),'1','31');
Insert into ZPRAVA (ID_ZPRAVA,DATUMZASILANI,PRIJIMAC_ID,ODESILATEL_ID) values ('161',to_date('26.11.25','DD.MM.RR'),'1','31');
Insert into ZPRAVA (ID_ZPRAVA,DATUMZASILANI,PRIJIMAC_ID,ODESILATEL_ID) values ('162',to_date('26.11.25','DD.MM.RR'),'1','31');
Insert into ZPRAVA (ID_ZPRAVA,DATUMZASILANI,PRIJIMAC_ID,ODESILATEL_ID) values ('163',to_date('26.11.25','DD.MM.RR'),'1','31');
Insert into ZPRAVA (ID_ZPRAVA,DATUMZASILANI,PRIJIMAC_ID,ODESILATEL_ID) values ('164',to_date('26.11.25','DD.MM.RR'),'1','31');
Insert into ZPRAVA (ID_ZPRAVA,DATUMZASILANI,PRIJIMAC_ID,ODESILATEL_ID) values ('165',to_date('26.11.25','DD.MM.RR'),'1','31');
Insert into ZPRAVA (ID_ZPRAVA,DATUMZASILANI,PRIJIMAC_ID,ODESILATEL_ID) values ('168',to_date('26.11.25','DD.MM.RR'),'7','1');
Insert into ZPRAVA (ID_ZPRAVA,DATUMZASILANI,PRIJIMAC_ID,ODESILATEL_ID) values ('169',to_date('26.11.25','DD.MM.RR'),'31','1');
Insert into ZPRAVA (ID_ZPRAVA,DATUMZASILANI,PRIJIMAC_ID,ODESILATEL_ID) values ('170',to_date('26.11.25','DD.MM.RR'),'82','1');
Insert into ZPRAVA (ID_ZPRAVA,DATUMZASILANI,PRIJIMAC_ID,ODESILATEL_ID) values ('171',to_date('27.11.25','DD.MM.RR'),'31','1');
Insert into ZPRAVA (ID_ZPRAVA,DATUMZASILANI,PRIJIMAC_ID,ODESILATEL_ID) values ('172',to_date('27.11.25','DD.MM.RR'),'82','1');
Insert into ZPRAVA (ID_ZPRAVA,DATUMZASILANI,PRIJIMAC_ID,ODESILATEL_ID) values ('173',to_date('27.11.25','DD.MM.RR'),'31','1');
Insert into ZPRAVA (ID_ZPRAVA,DATUMZASILANI,PRIJIMAC_ID,ODESILATEL_ID) values ('174',to_date('27.11.25','DD.MM.RR'),'82','1');
Insert into ZPRAVA (ID_ZPRAVA,DATUMZASILANI,PRIJIMAC_ID,ODESILATEL_ID) values ('181',to_date('27.11.25','DD.MM.RR'),'82','83');
Insert into ZPRAVA (ID_ZPRAVA,DATUMZASILANI,PRIJIMAC_ID,ODESILATEL_ID) values ('257',to_date('29.11.25','DD.MM.RR'),'86','82');
Insert into ZPRAVA (ID_ZPRAVA,DATUMZASILANI,PRIJIMAC_ID,ODESILATEL_ID) values ('259',to_date('29.11.25','DD.MM.RR'),'86','82');
Insert into ZPRAVA (ID_ZPRAVA,DATUMZASILANI,PRIJIMAC_ID,ODESILATEL_ID) values ('260',to_date('29.11.25','DD.MM.RR'),'86','82');
Insert into ZPRAVA (ID_ZPRAVA,DATUMZASILANI,PRIJIMAC_ID,ODESILATEL_ID) values ('263',to_date('01.12.25','DD.MM.RR'),'82','87');
Insert into ZPRAVA (ID_ZPRAVA,DATUMZASILANI,PRIJIMAC_ID,ODESILATEL_ID) values ('264',to_date('01.12.25','DD.MM.RR'),'82','87');
Insert into ZPRAVA (ID_ZPRAVA,DATUMZASILANI,PRIJIMAC_ID,ODESILATEL_ID) values ('265',to_date('01.12.25','DD.MM.RR'),'82','87');
Insert into ZPRAVA (ID_ZPRAVA,DATUMZASILANI,PRIJIMAC_ID,ODESILATEL_ID) values ('266',to_date('01.12.25','DD.MM.RR'),'86','89');
Insert into ZPRAVA (ID_ZPRAVA,DATUMZASILANI,PRIJIMAC_ID,ODESILATEL_ID) values ('270',to_date('05.12.25','DD.MM.RR'),'82','86');
Insert into ZPRAVA (ID_ZPRAVA,DATUMZASILANI,PRIJIMAC_ID,ODESILATEL_ID) values ('299',to_date('07.12.25','DD.MM.RR'),'41','86');
Insert into ZPRAVA (ID_ZPRAVA,DATUMZASILANI,PRIJIMAC_ID,ODESILATEL_ID) values ('276',to_date('06.12.25','DD.MM.RR'),'1','91');
Insert into ZPRAVA (ID_ZPRAVA,DATUMZASILANI,PRIJIMAC_ID,ODESILATEL_ID) values ('277',to_date('07.12.25','DD.MM.RR'),'41','41');
Insert into ZPRAVA (ID_ZPRAVA,DATUMZASILANI,PRIJIMAC_ID,ODESILATEL_ID) values ('281',to_date('07.12.25','DD.MM.RR'),'92','41');
Insert into ZPRAVA (ID_ZPRAVA,DATUMZASILANI,PRIJIMAC_ID,ODESILATEL_ID) values ('282',to_date('07.12.25','DD.MM.RR'),'41','86');
Insert into ZPRAVA (ID_ZPRAVA,DATUMZASILANI,PRIJIMAC_ID,ODESILATEL_ID) values ('283',to_date('07.12.25','DD.MM.RR'),'41','86');
Insert into ZPRAVA (ID_ZPRAVA,DATUMZASILANI,PRIJIMAC_ID,ODESILATEL_ID) values ('285',to_date('07.12.25','DD.MM.RR'),'41','86');
Insert into ZPRAVA (ID_ZPRAVA,DATUMZASILANI,PRIJIMAC_ID,ODESILATEL_ID) values ('286',to_date('07.12.25','DD.MM.RR'),'41','86');
Insert into ZPRAVA (ID_ZPRAVA,DATUMZASILANI,PRIJIMAC_ID,ODESILATEL_ID) values ('321',to_date('09.12.25','DD.MM.RR'),'86','41');
Insert into ZPRAVA (ID_ZPRAVA,DATUMZASILANI,PRIJIMAC_ID,ODESILATEL_ID) values ('293',to_date('07.12.25','DD.MM.RR'),'41','86');
Insert into ZPRAVA (ID_ZPRAVA,DATUMZASILANI,PRIJIMAC_ID,ODESILATEL_ID) values ('294',to_date('07.12.25','DD.MM.RR'),'41','2');
Insert into ZPRAVA (ID_ZPRAVA,DATUMZASILANI,PRIJIMAC_ID,ODESILATEL_ID) values ('295',to_date('07.12.25','DD.MM.RR'),'41','2');
Insert into ZPRAVA (ID_ZPRAVA,DATUMZASILANI,PRIJIMAC_ID,ODESILATEL_ID) values ('1',to_date('26.11.25','DD.MM.RR'),'51','82');
Insert into ZPRAVA (ID_ZPRAVA,DATUMZASILANI,PRIJIMAC_ID,ODESILATEL_ID) values ('2',to_date('26.11.25','DD.MM.RR'),'51','82');
Insert into ZPRAVA (ID_ZPRAVA,DATUMZASILANI,PRIJIMAC_ID,ODESILATEL_ID) values ('3',to_date('26.11.25','DD.MM.RR'),'51','82');
Insert into ZPRAVA (ID_ZPRAVA,DATUMZASILANI,PRIJIMAC_ID,ODESILATEL_ID) values ('4',to_date('26.11.25','DD.MM.RR'),'51','82');
Insert into ZPRAVA (ID_ZPRAVA,DATUMZASILANI,PRIJIMAC_ID,ODESILATEL_ID) values ('5',to_date('26.11.25','DD.MM.RR'),'51','82');
Insert into ZPRAVA (ID_ZPRAVA,DATUMZASILANI,PRIJIMAC_ID,ODESILATEL_ID) values ('7',to_date('26.11.25','DD.MM.RR'),'51','82');
Insert into ZPRAVA (ID_ZPRAVA,DATUMZASILANI,PRIJIMAC_ID,ODESILATEL_ID) values ('8',to_date('26.11.25','DD.MM.RR'),'51','82');
Insert into ZPRAVA (ID_ZPRAVA,DATUMZASILANI,PRIJIMAC_ID,ODESILATEL_ID) values ('9',to_date('26.11.25','DD.MM.RR'),'51','82');
Insert into ZPRAVA (ID_ZPRAVA,DATUMZASILANI,PRIJIMAC_ID,ODESILATEL_ID) values ('10',to_date('26.11.25','DD.MM.RR'),'51','82');
Insert into ZPRAVA (ID_ZPRAVA,DATUMZASILANI,PRIJIMAC_ID,ODESILATEL_ID) values ('11',to_date('26.11.25','DD.MM.RR'),'51','82');
Insert into ZPRAVA (ID_ZPRAVA,DATUMZASILANI,PRIJIMAC_ID,ODESILATEL_ID) values ('13',to_date('26.11.25','DD.MM.RR'),'51','82');
Insert into ZPRAVA (ID_ZPRAVA,DATUMZASILANI,PRIJIMAC_ID,ODESILATEL_ID) values ('14',to_date('26.11.25','DD.MM.RR'),'82','51');
Insert into ZPRAVA (ID_ZPRAVA,DATUMZASILANI,PRIJIMAC_ID,ODESILATEL_ID) values ('15',to_date('26.11.25','DD.MM.RR'),'51','82');
Insert into ZPRAVA (ID_ZPRAVA,DATUMZASILANI,PRIJIMAC_ID,ODESILATEL_ID) values ('17',to_date('26.11.25','DD.MM.RR'),'82','51');
Insert into ZPRAVA (ID_ZPRAVA,DATUMZASILANI,PRIJIMAC_ID,ODESILATEL_ID) values ('18',to_date('26.11.25','DD.MM.RR'),'6','82');
Insert into ZPRAVA (ID_ZPRAVA,DATUMZASILANI,PRIJIMAC_ID,ODESILATEL_ID) values ('19',to_date('26.11.25','DD.MM.RR'),'6','82');
Insert into ZPRAVA (ID_ZPRAVA,DATUMZASILANI,PRIJIMAC_ID,ODESILATEL_ID) values ('20',to_date('26.11.25','DD.MM.RR'),'6','82');
Insert into ZPRAVA (ID_ZPRAVA,DATUMZASILANI,PRIJIMAC_ID,ODESILATEL_ID) values ('21',to_date('26.11.25','DD.MM.RR'),'6','82');
Insert into ZPRAVA (ID_ZPRAVA,DATUMZASILANI,PRIJIMAC_ID,ODESILATEL_ID) values ('22',to_date('26.11.25','DD.MM.RR'),'6','82');
Insert into ZPRAVA (ID_ZPRAVA,DATUMZASILANI,PRIJIMAC_ID,ODESILATEL_ID) values ('23',to_date('26.11.25','DD.MM.RR'),'6','82');
Insert into ZPRAVA (ID_ZPRAVA,DATUMZASILANI,PRIJIMAC_ID,ODESILATEL_ID) values ('31',to_date('26.11.25','DD.MM.RR'),'82','43');
Insert into ZPRAVA (ID_ZPRAVA,DATUMZASILANI,PRIJIMAC_ID,ODESILATEL_ID) values ('32',to_date('26.11.25','DD.MM.RR'),'82','43');
Insert into ZPRAVA (ID_ZPRAVA,DATUMZASILANI,PRIJIMAC_ID,ODESILATEL_ID) values ('33',to_date('26.11.25','DD.MM.RR'),'82','43');
Insert into ZPRAVA (ID_ZPRAVA,DATUMZASILANI,PRIJIMAC_ID,ODESILATEL_ID) values ('34',to_date('26.11.25','DD.MM.RR'),'43','82');
Insert into ZPRAVA (ID_ZPRAVA,DATUMZASILANI,PRIJIMAC_ID,ODESILATEL_ID) values ('35',to_date('26.11.25','DD.MM.RR'),'43','82');
Insert into ZPRAVA (ID_ZPRAVA,DATUMZASILANI,PRIJIMAC_ID,ODESILATEL_ID) values ('36',to_date('26.11.25','DD.MM.RR'),'43','82');
Insert into ZPRAVA (ID_ZPRAVA,DATUMZASILANI,PRIJIMAC_ID,ODESILATEL_ID) values ('37',to_date('26.11.25','DD.MM.RR'),'43','82');
Insert into ZPRAVA (ID_ZPRAVA,DATUMZASILANI,PRIJIMAC_ID,ODESILATEL_ID) values ('38',to_date('26.11.25','DD.MM.RR'),'43','82');
Insert into ZPRAVA (ID_ZPRAVA,DATUMZASILANI,PRIJIMAC_ID,ODESILATEL_ID) values ('39',to_date('26.11.25','DD.MM.RR'),'82','43');
Insert into ZPRAVA (ID_ZPRAVA,DATUMZASILANI,PRIJIMAC_ID,ODESILATEL_ID) values ('40',to_date('26.11.25','DD.MM.RR'),'82','43');
Insert into ZPRAVA (ID_ZPRAVA,DATUMZASILANI,PRIJIMAC_ID,ODESILATEL_ID) values ('41',to_date('26.11.25','DD.MM.RR'),'43','82');
Insert into ZPRAVA (ID_ZPRAVA,DATUMZASILANI,PRIJIMAC_ID,ODESILATEL_ID) values ('42',to_date('26.11.25','DD.MM.RR'),'82','43');
Insert into ZPRAVA (ID_ZPRAVA,DATUMZASILANI,PRIJIMAC_ID,ODESILATEL_ID) values ('43',to_date('26.11.25','DD.MM.RR'),'82','43');
Insert into ZPRAVA (ID_ZPRAVA,DATUMZASILANI,PRIJIMAC_ID,ODESILATEL_ID) values ('44',to_date('26.11.25','DD.MM.RR'),'82','43');
Insert into ZPRAVA (ID_ZPRAVA,DATUMZASILANI,PRIJIMAC_ID,ODESILATEL_ID) values ('45',to_date('26.11.25','DD.MM.RR'),'82','43');
Insert into ZPRAVA (ID_ZPRAVA,DATUMZASILANI,PRIJIMAC_ID,ODESILATEL_ID) values ('46',to_date('26.11.25','DD.MM.RR'),'82','43');
Insert into ZPRAVA (ID_ZPRAVA,DATUMZASILANI,PRIJIMAC_ID,ODESILATEL_ID) values ('166',to_date('26.11.25','DD.MM.RR'),'1','82');
Insert into ZPRAVA (ID_ZPRAVA,DATUMZASILANI,PRIJIMAC_ID,ODESILATEL_ID) values ('167',to_date('26.11.25','DD.MM.RR'),'82','1');
Insert into ZPRAVA (ID_ZPRAVA,DATUMZASILANI,PRIJIMAC_ID,ODESILATEL_ID) values ('177',to_date('27.11.25','DD.MM.RR'),'82','83');
Insert into ZPRAVA (ID_ZPRAVA,DATUMZASILANI,PRIJIMAC_ID,ODESILATEL_ID) values ('178',to_date('27.11.25','DD.MM.RR'),'82','83');
Insert into ZPRAVA (ID_ZPRAVA,DATUMZASILANI,PRIJIMAC_ID,ODESILATEL_ID) values ('180',to_date('27.11.25','DD.MM.RR'),'82','83');
Insert into ZPRAVA (ID_ZPRAVA,DATUMZASILANI,PRIJIMAC_ID,ODESILATEL_ID) values ('187',to_date('27.11.25','DD.MM.RR'),'82','84');
Insert into ZPRAVA (ID_ZPRAVA,DATUMZASILANI,PRIJIMAC_ID,ODESILATEL_ID) values ('242',to_date('29.11.25','DD.MM.RR'),'82','86');
Insert into ZPRAVA (ID_ZPRAVA,DATUMZASILANI,PRIJIMAC_ID,ODESILATEL_ID) values ('243',to_date('29.11.25','DD.MM.RR'),'82','86');
Insert into ZPRAVA (ID_ZPRAVA,DATUMZASILANI,PRIJIMAC_ID,ODESILATEL_ID) values ('244',to_date('29.11.25','DD.MM.RR'),'82','86');
Insert into ZPRAVA (ID_ZPRAVA,DATUMZASILANI,PRIJIMAC_ID,ODESILATEL_ID) values ('245',to_date('29.11.25','DD.MM.RR'),'82','86');
Insert into ZPRAVA (ID_ZPRAVA,DATUMZASILANI,PRIJIMAC_ID,ODESILATEL_ID) values ('246',to_date('29.11.25','DD.MM.RR'),'82','86');
Insert into ZPRAVA (ID_ZPRAVA,DATUMZASILANI,PRIJIMAC_ID,ODESILATEL_ID) values ('247',to_date('29.11.25','DD.MM.RR'),'82','86');
Insert into ZPRAVA (ID_ZPRAVA,DATUMZASILANI,PRIJIMAC_ID,ODESILATEL_ID) values ('248',to_date('29.11.25','DD.MM.RR'),'82','86');
Insert into ZPRAVA (ID_ZPRAVA,DATUMZASILANI,PRIJIMAC_ID,ODESILATEL_ID) values ('249',to_date('29.11.25','DD.MM.RR'),'82','86');
Insert into ZPRAVA (ID_ZPRAVA,DATUMZASILANI,PRIJIMAC_ID,ODESILATEL_ID) values ('250',to_date('29.11.25','DD.MM.RR'),'82','86');
Insert into ZPRAVA (ID_ZPRAVA,DATUMZASILANI,PRIJIMAC_ID,ODESILATEL_ID) values ('251',to_date('29.11.25','DD.MM.RR'),'82','86');
Insert into ZPRAVA (ID_ZPRAVA,DATUMZASILANI,PRIJIMAC_ID,ODESILATEL_ID) values ('252',to_date('29.11.25','DD.MM.RR'),'82','86');
Insert into ZPRAVA (ID_ZPRAVA,DATUMZASILANI,PRIJIMAC_ID,ODESILATEL_ID) values ('253',to_date('29.11.25','DD.MM.RR'),'82','86');
Insert into ZPRAVA (ID_ZPRAVA,DATUMZASILANI,PRIJIMAC_ID,ODESILATEL_ID) values ('254',to_date('29.11.25','DD.MM.RR'),'82','86');
Insert into ZPRAVA (ID_ZPRAVA,DATUMZASILANI,PRIJIMAC_ID,ODESILATEL_ID) values ('256',to_date('29.11.25','DD.MM.RR'),'82','86');
Insert into ZPRAVA (ID_ZPRAVA,DATUMZASILANI,PRIJIMAC_ID,ODESILATEL_ID) values ('261',to_date('29.11.25','DD.MM.RR'),'82','86');
Insert into ZPRAVA (ID_ZPRAVA,DATUMZASILANI,PRIJIMAC_ID,ODESILATEL_ID) values ('262',to_date('29.11.25','DD.MM.RR'),'86','86');
Insert into ZPRAVA (ID_ZPRAVA,DATUMZASILANI,PRIJIMAC_ID,ODESILATEL_ID) values ('288',to_date('07.12.25','DD.MM.RR'),'41','86');
Insert into ZPRAVA (ID_ZPRAVA,DATUMZASILANI,PRIJIMAC_ID,ODESILATEL_ID) values ('289',to_date('07.12.25','DD.MM.RR'),'41','86');
Insert into ZPRAVA (ID_ZPRAVA,DATUMZASILANI,PRIJIMAC_ID,ODESILATEL_ID) values ('292',to_date('07.12.25','DD.MM.RR'),'41','86');
Insert into ZPRAVA (ID_ZPRAVA,DATUMZASILANI,PRIJIMAC_ID,ODESILATEL_ID) values ('300',to_date('07.12.25','DD.MM.RR'),'41','2');
Insert into ZPRAVA (ID_ZPRAVA,DATUMZASILANI,PRIJIMAC_ID,ODESILATEL_ID) values ('301',to_date('07.12.25','DD.MM.RR'),'2','41');
Insert into ZPRAVA (ID_ZPRAVA,DATUMZASILANI,PRIJIMAC_ID,ODESILATEL_ID) values ('298',to_date('07.12.25','DD.MM.RR'),'86','41');
Insert into ZPRAVA (ID_ZPRAVA,DATUMZASILANI,PRIJIMAC_ID,ODESILATEL_ID) values ('302',to_date('07.12.25','DD.MM.RR'),'41','2');
Insert into ZPRAVA (ID_ZPRAVA,DATUMZASILANI,PRIJIMAC_ID,ODESILATEL_ID) values ('303',to_date('07.12.25','DD.MM.RR'),'2','41');
Insert into ZPRAVA (ID_ZPRAVA,DATUMZASILANI,PRIJIMAC_ID,ODESILATEL_ID) values ('304',to_date('07.12.25','DD.MM.RR'),'86','41');
Insert into ZPRAVA (ID_ZPRAVA,DATUMZASILANI,PRIJIMAC_ID,ODESILATEL_ID) values ('305',to_date('07.12.25','DD.MM.RR'),'2','41');
Insert into ZPRAVA (ID_ZPRAVA,DATUMZASILANI,PRIJIMAC_ID,ODESILATEL_ID) values ('306',to_date('07.12.25','DD.MM.RR'),'86','41');
Insert into ZPRAVA (ID_ZPRAVA,DATUMZASILANI,PRIJIMAC_ID,ODESILATEL_ID) values ('320',to_date('09.12.25','DD.MM.RR'),'41','86');
Insert into ZPRAVA (ID_ZPRAVA,DATUMZASILANI,PRIJIMAC_ID,ODESILATEL_ID) values ('26',to_date('26.11.25','DD.MM.RR'),'43','82');
Insert into ZPRAVA (ID_ZPRAVA,DATUMZASILANI,PRIJIMAC_ID,ODESILATEL_ID) values ('27',to_date('26.11.25','DD.MM.RR'),'43','82');
Insert into ZPRAVA (ID_ZPRAVA,DATUMZASILANI,PRIJIMAC_ID,ODESILATEL_ID) values ('28',to_date('26.11.25','DD.MM.RR'),'82','43');
Insert into ZPRAVA (ID_ZPRAVA,DATUMZASILANI,PRIJIMAC_ID,ODESILATEL_ID) values ('29',to_date('26.11.25','DD.MM.RR'),'43','82');
Insert into ZPRAVA (ID_ZPRAVA,DATUMZASILANI,PRIJIMAC_ID,ODESILATEL_ID) values ('30',to_date('26.11.25','DD.MM.RR'),'82','43');
Insert into ZPRAVA (ID_ZPRAVA,DATUMZASILANI,PRIJIMAC_ID,ODESILATEL_ID) values ('258',to_date('29.11.25','DD.MM.RR'),'86','86');
Insert into ZPRAVA (ID_ZPRAVA,DATUMZASILANI,PRIJIMAC_ID,ODESILATEL_ID) values ('268',to_date('04.12.25','DD.MM.RR'),'86','82');
Insert into ZPRAVA (ID_ZPRAVA,DATUMZASILANI,PRIJIMAC_ID,ODESILATEL_ID) values ('269',to_date('05.12.25','DD.MM.RR'),'82','86');
Insert into ZPRAVA (ID_ZPRAVA,DATUMZASILANI,PRIJIMAC_ID,ODESILATEL_ID) values ('274',to_date('06.12.25','DD.MM.RR'),'1','41');
Insert into ZPRAVA (ID_ZPRAVA,DATUMZASILANI,PRIJIMAC_ID,ODESILATEL_ID) values ('278',to_date('07.12.25','DD.MM.RR'),'1','92');
Insert into ZPRAVA (ID_ZPRAVA,DATUMZASILANI,PRIJIMAC_ID,ODESILATEL_ID) values ('279',to_date('07.12.25','DD.MM.RR'),'41','92');
Insert into ZPRAVA (ID_ZPRAVA,DATUMZASILANI,PRIJIMAC_ID,ODESILATEL_ID) values ('280',to_date('07.12.25','DD.MM.RR'),'86','92');
Insert into ZPRAVA (ID_ZPRAVA,DATUMZASILANI,PRIJIMAC_ID,ODESILATEL_ID) values ('307',to_date('07.12.25','DD.MM.RR'),'86','41');
Insert into ZPRAVA (ID_ZPRAVA,DATUMZASILANI,PRIJIMAC_ID,ODESILATEL_ID) values ('308',to_date('07.12.25','DD.MM.RR'),'86','41');
Insert into ZPRAVA (ID_ZPRAVA,DATUMZASILANI,PRIJIMAC_ID,ODESILATEL_ID) values ('309',to_date('07.12.25','DD.MM.RR'),'86','41');
Insert into ZPRAVA (ID_ZPRAVA,DATUMZASILANI,PRIJIMAC_ID,ODESILATEL_ID) values ('310',to_date('07.12.25','DD.MM.RR'),'63','41');
Insert into ZPRAVA (ID_ZPRAVA,DATUMZASILANI,PRIJIMAC_ID,ODESILATEL_ID) values ('311',to_date('07.12.25','DD.MM.RR'),'86','41');
Insert into ZPRAVA (ID_ZPRAVA,DATUMZASILANI,PRIJIMAC_ID,ODESILATEL_ID) values ('312',to_date('07.12.25','DD.MM.RR'),'86','41');
Insert into ZPRAVA (ID_ZPRAVA,DATUMZASILANI,PRIJIMAC_ID,ODESILATEL_ID) values ('313',to_date('07.12.25','DD.MM.RR'),'86','41');
Insert into ZPRAVA (ID_ZPRAVA,DATUMZASILANI,PRIJIMAC_ID,ODESILATEL_ID) values ('322',to_date('10.12.25','DD.MM.RR'),'86','41');
Insert into ZPRAVA (ID_ZPRAVA,DATUMZASILANI,PRIJIMAC_ID,ODESILATEL_ID) values ('318',to_date('09.12.25','DD.MM.RR'),'41','86');
Insert into ZPRAVA (ID_ZPRAVA,DATUMZASILANI,PRIJIMAC_ID,ODESILATEL_ID) values ('319',to_date('09.12.25','DD.MM.RR'),'41','86');
Insert into ZPRAVA (ID_ZPRAVA,DATUMZASILANI,PRIJIMAC_ID,ODESILATEL_ID) values ('323',to_date('10.12.25','DD.MM.RR'),'86','41');
Insert into ZPRAVA (ID_ZPRAVA,DATUMZASILANI,PRIJIMAC_ID,ODESILATEL_ID) values ('6',to_date('26.11.25','DD.MM.RR'),'51','82');
Insert into ZPRAVA (ID_ZPRAVA,DATUMZASILANI,PRIJIMAC_ID,ODESILATEL_ID) values ('12',to_date('26.11.25','DD.MM.RR'),'51','82');
Insert into ZPRAVA (ID_ZPRAVA,DATUMZASILANI,PRIJIMAC_ID,ODESILATEL_ID) values ('24',to_date('26.11.25','DD.MM.RR'),'82','51');
Insert into ZPRAVA (ID_ZPRAVA,DATUMZASILANI,PRIJIMAC_ID,ODESILATEL_ID) values ('25',to_date('26.11.25','DD.MM.RR'),'51','82');
Insert into ZPRAVA (ID_ZPRAVA,DATUMZASILANI,PRIJIMAC_ID,ODESILATEL_ID) values ('131',to_date('26.11.25','DD.MM.RR'),'1','1');
Insert into ZPRAVA (ID_ZPRAVA,DATUMZASILANI,PRIJIMAC_ID,ODESILATEL_ID) values ('186',to_date('27.11.25','DD.MM.RR'),'82','84');
Insert into ZPRAVA (ID_ZPRAVA,DATUMZASILANI,PRIJIMAC_ID,ODESILATEL_ID) values ('190',to_date('27.11.25','DD.MM.RR'),'82','84');
Insert into ZPRAVA (ID_ZPRAVA,DATUMZASILANI,PRIJIMAC_ID,ODESILATEL_ID) values ('191',to_date('27.11.25','DD.MM.RR'),'82','84');
Insert into ZPRAVA (ID_ZPRAVA,DATUMZASILANI,PRIJIMAC_ID,ODESILATEL_ID) values ('192',to_date('27.11.25','DD.MM.RR'),'84','82');
Insert into ZPRAVA (ID_ZPRAVA,DATUMZASILANI,PRIJIMAC_ID,ODESILATEL_ID) values ('193',to_date('27.11.25','DD.MM.RR'),'84','82');
Insert into ZPRAVA (ID_ZPRAVA,DATUMZASILANI,PRIJIMAC_ID,ODESILATEL_ID) values ('194',to_date('27.11.25','DD.MM.RR'),'82','84');
Insert into ZPRAVA (ID_ZPRAVA,DATUMZASILANI,PRIJIMAC_ID,ODESILATEL_ID) values ('195',to_date('27.11.25','DD.MM.RR'),'82','84');
Insert into ZPRAVA (ID_ZPRAVA,DATUMZASILANI,PRIJIMAC_ID,ODESILATEL_ID) values ('196',to_date('27.11.25','DD.MM.RR'),'82','84');
Insert into ZPRAVA (ID_ZPRAVA,DATUMZASILANI,PRIJIMAC_ID,ODESILATEL_ID) values ('197',to_date('27.11.25','DD.MM.RR'),'82','84');
Insert into ZPRAVA (ID_ZPRAVA,DATUMZASILANI,PRIJIMAC_ID,ODESILATEL_ID) values ('198',to_date('27.11.25','DD.MM.RR'),'82','84');
Insert into ZPRAVA (ID_ZPRAVA,DATUMZASILANI,PRIJIMAC_ID,ODESILATEL_ID) values ('199',to_date('27.11.25','DD.MM.RR'),'82','84');
Insert into ZPRAVA (ID_ZPRAVA,DATUMZASILANI,PRIJIMAC_ID,ODESILATEL_ID) values ('200',to_date('27.11.25','DD.MM.RR'),'82','84');
Insert into ZPRAVA (ID_ZPRAVA,DATUMZASILANI,PRIJIMAC_ID,ODESILATEL_ID) values ('214',to_date('27.11.25','DD.MM.RR'),'82','84');
Insert into ZPRAVA (ID_ZPRAVA,DATUMZASILANI,PRIJIMAC_ID,ODESILATEL_ID) values ('215',to_date('27.11.25','DD.MM.RR'),'82','84');
Insert into ZPRAVA (ID_ZPRAVA,DATUMZASILANI,PRIJIMAC_ID,ODESILATEL_ID) values ('216',to_date('27.11.25','DD.MM.RR'),'82','84');
Insert into ZPRAVA (ID_ZPRAVA,DATUMZASILANI,PRIJIMAC_ID,ODESILATEL_ID) values ('217',to_date('27.11.25','DD.MM.RR'),'84','82');
Insert into ZPRAVA (ID_ZPRAVA,DATUMZASILANI,PRIJIMAC_ID,ODESILATEL_ID) values ('218',to_date('27.11.25','DD.MM.RR'),'82','84');
Insert into ZPRAVA (ID_ZPRAVA,DATUMZASILANI,PRIJIMAC_ID,ODESILATEL_ID) values ('219',to_date('27.11.25','DD.MM.RR'),'82','84');
Insert into ZPRAVA (ID_ZPRAVA,DATUMZASILANI,PRIJIMAC_ID,ODESILATEL_ID) values ('220',to_date('27.11.25','DD.MM.RR'),'82','84');
Insert into ZPRAVA (ID_ZPRAVA,DATUMZASILANI,PRIJIMAC_ID,ODESILATEL_ID) values ('221',to_date('27.11.25','DD.MM.RR'),'82','84');
Insert into ZPRAVA (ID_ZPRAVA,DATUMZASILANI,PRIJIMAC_ID,ODESILATEL_ID) values ('222',to_date('27.11.25','DD.MM.RR'),'82','84');
Insert into ZPRAVA (ID_ZPRAVA,DATUMZASILANI,PRIJIMAC_ID,ODESILATEL_ID) values ('223',to_date('27.11.25','DD.MM.RR'),'82','84');
Insert into ZPRAVA (ID_ZPRAVA,DATUMZASILANI,PRIJIMAC_ID,ODESILATEL_ID) values ('224',to_date('27.11.25','DD.MM.RR'),'82','84');
Insert into ZPRAVA (ID_ZPRAVA,DATUMZASILANI,PRIJIMAC_ID,ODESILATEL_ID) values ('225',to_date('27.11.25','DD.MM.RR'),'82','84');
Insert into ZPRAVA (ID_ZPRAVA,DATUMZASILANI,PRIJIMAC_ID,ODESILATEL_ID) values ('226',to_date('27.11.25','DD.MM.RR'),'82','84');
Insert into ZPRAVA (ID_ZPRAVA,DATUMZASILANI,PRIJIMAC_ID,ODESILATEL_ID) values ('227',to_date('27.11.25','DD.MM.RR'),'82','84');
Insert into ZPRAVA (ID_ZPRAVA,DATUMZASILANI,PRIJIMAC_ID,ODESILATEL_ID) values ('228',to_date('27.11.25','DD.MM.RR'),'82','84');
Insert into ZPRAVA (ID_ZPRAVA,DATUMZASILANI,PRIJIMAC_ID,ODESILATEL_ID) values ('229',to_date('27.11.25','DD.MM.RR'),'82','84');
Insert into ZPRAVA (ID_ZPRAVA,DATUMZASILANI,PRIJIMAC_ID,ODESILATEL_ID) values ('230',to_date('27.11.25','DD.MM.RR'),'82','1');
Insert into ZPRAVA (ID_ZPRAVA,DATUMZASILANI,PRIJIMAC_ID,ODESILATEL_ID) values ('231',to_date('27.11.25','DD.MM.RR'),'82','1');
Insert into ZPRAVA (ID_ZPRAVA,DATUMZASILANI,PRIJIMAC_ID,ODESILATEL_ID) values ('232',to_date('27.11.25','DD.MM.RR'),'82','1');
Insert into ZPRAVA (ID_ZPRAVA,DATUMZASILANI,PRIJIMAC_ID,ODESILATEL_ID) values ('233',to_date('27.11.25','DD.MM.RR'),'82','1');
Insert into ZPRAVA (ID_ZPRAVA,DATUMZASILANI,PRIJIMAC_ID,ODESILATEL_ID) values ('234',to_date('27.11.25','DD.MM.RR'),'82','1');
Insert into ZPRAVA (ID_ZPRAVA,DATUMZASILANI,PRIJIMAC_ID,ODESILATEL_ID) values ('235',to_date('27.11.25','DD.MM.RR'),'82','1');
Insert into ZPRAVA (ID_ZPRAVA,DATUMZASILANI,PRIJIMAC_ID,ODESILATEL_ID) values ('236',to_date('27.11.25','DD.MM.RR'),'82','1');
Insert into ZPRAVA (ID_ZPRAVA,DATUMZASILANI,PRIJIMAC_ID,ODESILATEL_ID) values ('237',to_date('27.11.25','DD.MM.RR'),'82','1');
Insert into ZPRAVA (ID_ZPRAVA,DATUMZASILANI,PRIJIMAC_ID,ODESILATEL_ID) values ('238',to_date('27.11.25','DD.MM.RR'),'82','1');
Insert into ZPRAVA (ID_ZPRAVA,DATUMZASILANI,PRIJIMAC_ID,ODESILATEL_ID) values ('239',to_date('27.11.25','DD.MM.RR'),'82','1');
Insert into ZPRAVA (ID_ZPRAVA,DATUMZASILANI,PRIJIMAC_ID,ODESILATEL_ID) values ('240',to_date('27.11.25','DD.MM.RR'),'82','1');
Insert into ZPRAVA (ID_ZPRAVA,DATUMZASILANI,PRIJIMAC_ID,ODESILATEL_ID) values ('267',to_date('01.12.25','DD.MM.RR'),'86','89');
Insert into ZPRAVA (ID_ZPRAVA,DATUMZASILANI,PRIJIMAC_ID,ODESILATEL_ID) values ('275',to_date('06.12.25','DD.MM.RR'),'41','86');
Insert into ZPRAVA (ID_ZPRAVA,DATUMZASILANI,PRIJIMAC_ID,ODESILATEL_ID) values ('16',to_date('26.11.25','DD.MM.RR'),'82','82');
Insert into ZPRAVA (ID_ZPRAVA,DATUMZASILANI,PRIJIMAC_ID,ODESILATEL_ID) values ('47',to_date('26.11.25','DD.MM.RR'),'82','43');
Insert into ZPRAVA (ID_ZPRAVA,DATUMZASILANI,PRIJIMAC_ID,ODESILATEL_ID) values ('48',to_date('26.11.25','DD.MM.RR'),'82','43');
Insert into ZPRAVA (ID_ZPRAVA,DATUMZASILANI,PRIJIMAC_ID,ODESILATEL_ID) values ('49',to_date('26.11.25','DD.MM.RR'),'82','43');
Insert into ZPRAVA (ID_ZPRAVA,DATUMZASILANI,PRIJIMAC_ID,ODESILATEL_ID) values ('50',to_date('26.11.25','DD.MM.RR'),'82','43');
Insert into ZPRAVA (ID_ZPRAVA,DATUMZASILANI,PRIJIMAC_ID,ODESILATEL_ID) values ('51',to_date('26.11.25','DD.MM.RR'),'82','43');
Insert into ZPRAVA (ID_ZPRAVA,DATUMZASILANI,PRIJIMAC_ID,ODESILATEL_ID) values ('52',to_date('26.11.25','DD.MM.RR'),'82','43');
Insert into ZPRAVA (ID_ZPRAVA,DATUMZASILANI,PRIJIMAC_ID,ODESILATEL_ID) values ('53',to_date('26.11.25','DD.MM.RR'),'82','43');
Insert into ZPRAVA (ID_ZPRAVA,DATUMZASILANI,PRIJIMAC_ID,ODESILATEL_ID) values ('54',to_date('26.11.25','DD.MM.RR'),'82','43');
Insert into ZPRAVA (ID_ZPRAVA,DATUMZASILANI,PRIJIMAC_ID,ODESILATEL_ID) values ('55',to_date('26.11.25','DD.MM.RR'),'82','43');
Insert into ZPRAVA (ID_ZPRAVA,DATUMZASILANI,PRIJIMAC_ID,ODESILATEL_ID) values ('56',to_date('26.11.25','DD.MM.RR'),'82','43');
Insert into ZPRAVA (ID_ZPRAVA,DATUMZASILANI,PRIJIMAC_ID,ODESILATEL_ID) values ('57',to_date('26.11.25','DD.MM.RR'),'82','43');
Insert into ZPRAVA (ID_ZPRAVA,DATUMZASILANI,PRIJIMAC_ID,ODESILATEL_ID) values ('58',to_date('26.11.25','DD.MM.RR'),'82','43');
Insert into ZPRAVA (ID_ZPRAVA,DATUMZASILANI,PRIJIMAC_ID,ODESILATEL_ID) values ('59',to_date('26.11.25','DD.MM.RR'),'82','43');
Insert into ZPRAVA (ID_ZPRAVA,DATUMZASILANI,PRIJIMAC_ID,ODESILATEL_ID) values ('60',to_date('26.11.25','DD.MM.RR'),'82','43');
Insert into ZPRAVA (ID_ZPRAVA,DATUMZASILANI,PRIJIMAC_ID,ODESILATEL_ID) values ('61',to_date('26.11.25','DD.MM.RR'),'82','43');
Insert into ZPRAVA (ID_ZPRAVA,DATUMZASILANI,PRIJIMAC_ID,ODESILATEL_ID) values ('62',to_date('26.11.25','DD.MM.RR'),'82','43');
Insert into ZPRAVA (ID_ZPRAVA,DATUMZASILANI,PRIJIMAC_ID,ODESILATEL_ID) values ('63',to_date('26.11.25','DD.MM.RR'),'82','43');
Insert into ZPRAVA (ID_ZPRAVA,DATUMZASILANI,PRIJIMAC_ID,ODESILATEL_ID) values ('64',to_date('26.11.25','DD.MM.RR'),'82','43');
Insert into ZPRAVA (ID_ZPRAVA,DATUMZASILANI,PRIJIMAC_ID,ODESILATEL_ID) values ('65',to_date('26.11.25','DD.MM.RR'),'82','43');
Insert into ZPRAVA (ID_ZPRAVA,DATUMZASILANI,PRIJIMAC_ID,ODESILATEL_ID) values ('66',to_date('26.11.25','DD.MM.RR'),'82','43');
Insert into ZPRAVA (ID_ZPRAVA,DATUMZASILANI,PRIJIMAC_ID,ODESILATEL_ID) values ('67',to_date('26.11.25','DD.MM.RR'),'82','43');
Insert into ZPRAVA (ID_ZPRAVA,DATUMZASILANI,PRIJIMAC_ID,ODESILATEL_ID) values ('68',to_date('26.11.25','DD.MM.RR'),'82','43');
Insert into ZPRAVA (ID_ZPRAVA,DATUMZASILANI,PRIJIMAC_ID,ODESILATEL_ID) values ('69',to_date('26.11.25','DD.MM.RR'),'82','43');
Insert into ZPRAVA (ID_ZPRAVA,DATUMZASILANI,PRIJIMAC_ID,ODESILATEL_ID) values ('70',to_date('26.11.25','DD.MM.RR'),'82','43');
Insert into ZPRAVA (ID_ZPRAVA,DATUMZASILANI,PRIJIMAC_ID,ODESILATEL_ID) values ('71',to_date('26.11.25','DD.MM.RR'),'82','43');
Insert into ZPRAVA (ID_ZPRAVA,DATUMZASILANI,PRIJIMAC_ID,ODESILATEL_ID) values ('72',to_date('26.11.25','DD.MM.RR'),'82','43');
Insert into ZPRAVA (ID_ZPRAVA,DATUMZASILANI,PRIJIMAC_ID,ODESILATEL_ID) values ('73',to_date('26.11.25','DD.MM.RR'),'82','43');
Insert into ZPRAVA (ID_ZPRAVA,DATUMZASILANI,PRIJIMAC_ID,ODESILATEL_ID) values ('74',to_date('26.11.25','DD.MM.RR'),'82','43');
Insert into ZPRAVA (ID_ZPRAVA,DATUMZASILANI,PRIJIMAC_ID,ODESILATEL_ID) values ('75',to_date('26.11.25','DD.MM.RR'),'82','43');
Insert into ZPRAVA (ID_ZPRAVA,DATUMZASILANI,PRIJIMAC_ID,ODESILATEL_ID) values ('76',to_date('26.11.25','DD.MM.RR'),'82','43');
Insert into ZPRAVA (ID_ZPRAVA,DATUMZASILANI,PRIJIMAC_ID,ODESILATEL_ID) values ('77',to_date('26.11.25','DD.MM.RR'),'82','43');
Insert into ZPRAVA (ID_ZPRAVA,DATUMZASILANI,PRIJIMAC_ID,ODESILATEL_ID) values ('78',to_date('26.11.25','DD.MM.RR'),'82','43');
Insert into ZPRAVA (ID_ZPRAVA,DATUMZASILANI,PRIJIMAC_ID,ODESILATEL_ID) values ('79',to_date('26.11.25','DD.MM.RR'),'82','43');
Insert into ZPRAVA (ID_ZPRAVA,DATUMZASILANI,PRIJIMAC_ID,ODESILATEL_ID) values ('80',to_date('26.11.25','DD.MM.RR'),'82','43');
Insert into ZPRAVA (ID_ZPRAVA,DATUMZASILANI,PRIJIMAC_ID,ODESILATEL_ID) values ('81',to_date('26.11.25','DD.MM.RR'),'82','43');
Insert into ZPRAVA (ID_ZPRAVA,DATUMZASILANI,PRIJIMAC_ID,ODESILATEL_ID) values ('82',to_date('26.11.25','DD.MM.RR'),'82','43');
Insert into ZPRAVA (ID_ZPRAVA,DATUMZASILANI,PRIJIMAC_ID,ODESILATEL_ID) values ('83',to_date('26.11.25','DD.MM.RR'),'82','43');
Insert into ZPRAVA (ID_ZPRAVA,DATUMZASILANI,PRIJIMAC_ID,ODESILATEL_ID) values ('84',to_date('26.11.25','DD.MM.RR'),'82','43');
Insert into ZPRAVA (ID_ZPRAVA,DATUMZASILANI,PRIJIMAC_ID,ODESILATEL_ID) values ('85',to_date('26.11.25','DD.MM.RR'),'82','43');
Insert into ZPRAVA (ID_ZPRAVA,DATUMZASILANI,PRIJIMAC_ID,ODESILATEL_ID) values ('86',to_date('26.11.25','DD.MM.RR'),'82','43');
Insert into ZPRAVA (ID_ZPRAVA,DATUMZASILANI,PRIJIMAC_ID,ODESILATEL_ID) values ('87',to_date('26.11.25','DD.MM.RR'),'82','43');
Insert into ZPRAVA (ID_ZPRAVA,DATUMZASILANI,PRIJIMAC_ID,ODESILATEL_ID) values ('88',to_date('26.11.25','DD.MM.RR'),'82','43');
Insert into ZPRAVA (ID_ZPRAVA,DATUMZASILANI,PRIJIMAC_ID,ODESILATEL_ID) values ('89',to_date('26.11.25','DD.MM.RR'),'82','43');
Insert into ZPRAVA (ID_ZPRAVA,DATUMZASILANI,PRIJIMAC_ID,ODESILATEL_ID) values ('90',to_date('26.11.25','DD.MM.RR'),'43','82');
Insert into ZPRAVA (ID_ZPRAVA,DATUMZASILANI,PRIJIMAC_ID,ODESILATEL_ID) values ('91',to_date('26.11.25','DD.MM.RR'),'82','43');
Insert into ZPRAVA (ID_ZPRAVA,DATUMZASILANI,PRIJIMAC_ID,ODESILATEL_ID) values ('92',to_date('26.11.25','DD.MM.RR'),'82','43');
Insert into ZPRAVA (ID_ZPRAVA,DATUMZASILANI,PRIJIMAC_ID,ODESILATEL_ID) values ('93',to_date('26.11.25','DD.MM.RR'),'82','43');
Insert into ZPRAVA (ID_ZPRAVA,DATUMZASILANI,PRIJIMAC_ID,ODESILATEL_ID) values ('94',to_date('26.11.25','DD.MM.RR'),'82','43');
Insert into ZPRAVA (ID_ZPRAVA,DATUMZASILANI,PRIJIMAC_ID,ODESILATEL_ID) values ('95',to_date('26.11.25','DD.MM.RR'),'82','43');
Insert into ZPRAVA (ID_ZPRAVA,DATUMZASILANI,PRIJIMAC_ID,ODESILATEL_ID) values ('96',to_date('26.11.25','DD.MM.RR'),'82','43');
Insert into ZPRAVA (ID_ZPRAVA,DATUMZASILANI,PRIJIMAC_ID,ODESILATEL_ID) values ('97',to_date('26.11.25','DD.MM.RR'),'82','43');
Insert into ZPRAVA (ID_ZPRAVA,DATUMZASILANI,PRIJIMAC_ID,ODESILATEL_ID) values ('98',to_date('26.11.25','DD.MM.RR'),'82','43');
Insert into ZPRAVA (ID_ZPRAVA,DATUMZASILANI,PRIJIMAC_ID,ODESILATEL_ID) values ('99',to_date('26.11.25','DD.MM.RR'),'82','43');
Insert into ZPRAVA (ID_ZPRAVA,DATUMZASILANI,PRIJIMAC_ID,ODESILATEL_ID) values ('100',to_date('26.11.25','DD.MM.RR'),'82','43');
Insert into ZPRAVA (ID_ZPRAVA,DATUMZASILANI,PRIJIMAC_ID,ODESILATEL_ID) values ('101',to_date('26.11.25','DD.MM.RR'),'82','43');
Insert into ZPRAVA (ID_ZPRAVA,DATUMZASILANI,PRIJIMAC_ID,ODESILATEL_ID) values ('102',to_date('26.11.25','DD.MM.RR'),'82','43');
Insert into ZPRAVA (ID_ZPRAVA,DATUMZASILANI,PRIJIMAC_ID,ODESILATEL_ID) values ('103',to_date('26.11.25','DD.MM.RR'),'82','43');
Insert into ZPRAVA (ID_ZPRAVA,DATUMZASILANI,PRIJIMAC_ID,ODESILATEL_ID) values ('104',to_date('26.11.25','DD.MM.RR'),'82','43');
Insert into ZPRAVA (ID_ZPRAVA,DATUMZASILANI,PRIJIMAC_ID,ODESILATEL_ID) values ('105',to_date('26.11.25','DD.MM.RR'),'82','43');
Insert into ZPRAVA (ID_ZPRAVA,DATUMZASILANI,PRIJIMAC_ID,ODESILATEL_ID) values ('106',to_date('26.11.25','DD.MM.RR'),'82','43');
Insert into ZPRAVA (ID_ZPRAVA,DATUMZASILANI,PRIJIMAC_ID,ODESILATEL_ID) values ('107',to_date('26.11.25','DD.MM.RR'),'82','43');
Insert into ZPRAVA (ID_ZPRAVA,DATUMZASILANI,PRIJIMAC_ID,ODESILATEL_ID) values ('108',to_date('26.11.25','DD.MM.RR'),'82','43');
Insert into ZPRAVA (ID_ZPRAVA,DATUMZASILANI,PRIJIMAC_ID,ODESILATEL_ID) values ('109',to_date('26.11.25','DD.MM.RR'),'82','43');
Insert into ZPRAVA (ID_ZPRAVA,DATUMZASILANI,PRIJIMAC_ID,ODESILATEL_ID) values ('110',to_date('26.11.25','DD.MM.RR'),'82','43');
Insert into ZPRAVA (ID_ZPRAVA,DATUMZASILANI,PRIJIMAC_ID,ODESILATEL_ID) values ('111',to_date('26.11.25','DD.MM.RR'),'82','43');
Insert into ZPRAVA (ID_ZPRAVA,DATUMZASILANI,PRIJIMAC_ID,ODESILATEL_ID) values ('113',to_date('26.11.25','DD.MM.RR'),'82','43');
Insert into ZPRAVA (ID_ZPRAVA,DATUMZASILANI,PRIJIMAC_ID,ODESILATEL_ID) values ('114',to_date('26.11.25','DD.MM.RR'),'82','43');
Insert into ZPRAVA (ID_ZPRAVA,DATUMZASILANI,PRIJIMAC_ID,ODESILATEL_ID) values ('116',to_date('26.11.25','DD.MM.RR'),'82','43');
Insert into ZPRAVA (ID_ZPRAVA,DATUMZASILANI,PRIJIMAC_ID,ODESILATEL_ID) values ('117',to_date('26.11.25','DD.MM.RR'),'43','82');
Insert into ZPRAVA (ID_ZPRAVA,DATUMZASILANI,PRIJIMAC_ID,ODESILATEL_ID) values ('118',to_date('26.11.25','DD.MM.RR'),'43','82');
Insert into ZPRAVA (ID_ZPRAVA,DATUMZASILANI,PRIJIMAC_ID,ODESILATEL_ID) values ('119',to_date('26.11.25','DD.MM.RR'),'82','43');
Insert into ZPRAVA (ID_ZPRAVA,DATUMZASILANI,PRIJIMAC_ID,ODESILATEL_ID) values ('120',to_date('26.11.25','DD.MM.RR'),'82','43');
Insert into ZPRAVA (ID_ZPRAVA,DATUMZASILANI,PRIJIMAC_ID,ODESILATEL_ID) values ('121',to_date('26.11.25','DD.MM.RR'),'82','43');
Insert into ZPRAVA (ID_ZPRAVA,DATUMZASILANI,PRIJIMAC_ID,ODESILATEL_ID) values ('122',to_date('26.11.25','DD.MM.RR'),'82','43');
Insert into ZPRAVA (ID_ZPRAVA,DATUMZASILANI,PRIJIMAC_ID,ODESILATEL_ID) values ('123',to_date('26.11.25','DD.MM.RR'),'82','43');
Insert into ZPRAVA (ID_ZPRAVA,DATUMZASILANI,PRIJIMAC_ID,ODESILATEL_ID) values ('124',to_date('26.11.25','DD.MM.RR'),'82','43');
Insert into ZPRAVA (ID_ZPRAVA,DATUMZASILANI,PRIJIMAC_ID,ODESILATEL_ID) values ('125',to_date('26.11.25','DD.MM.RR'),'43','82');
Insert into ZPRAVA (ID_ZPRAVA,DATUMZASILANI,PRIJIMAC_ID,ODESILATEL_ID) values ('126',to_date('26.11.25','DD.MM.RR'),'43','82');
Insert into ZPRAVA (ID_ZPRAVA,DATUMZASILANI,PRIJIMAC_ID,ODESILATEL_ID) values ('127',to_date('26.11.25','DD.MM.RR'),'82','43');
Insert into ZPRAVA (ID_ZPRAVA,DATUMZASILANI,PRIJIMAC_ID,ODESILATEL_ID) values ('128',to_date('26.11.25','DD.MM.RR'),'82','43');
Insert into ZPRAVA (ID_ZPRAVA,DATUMZASILANI,PRIJIMAC_ID,ODESILATEL_ID) values ('134',to_date('26.11.25','DD.MM.RR'),'1','31');
Insert into ZPRAVA (ID_ZPRAVA,DATUMZASILANI,PRIJIMAC_ID,ODESILATEL_ID) values ('175',to_date('27.11.25','DD.MM.RR'),'29','82');
Insert into ZPRAVA (ID_ZPRAVA,DATUMZASILANI,PRIJIMAC_ID,ODESILATEL_ID) values ('176',to_date('27.11.25','DD.MM.RR'),'50','82');
Insert into ZPRAVA (ID_ZPRAVA,DATUMZASILANI,PRIJIMAC_ID,ODESILATEL_ID) values ('179',to_date('27.11.25','DD.MM.RR'),'82','83');
Insert into ZPRAVA (ID_ZPRAVA,DATUMZASILANI,PRIJIMAC_ID,ODESILATEL_ID) values ('182',to_date('27.11.25','DD.MM.RR'),'82','83');
Insert into ZPRAVA (ID_ZPRAVA,DATUMZASILANI,PRIJIMAC_ID,ODESILATEL_ID) values ('183',to_date('27.11.25','DD.MM.RR'),'82','83');
Insert into ZPRAVA (ID_ZPRAVA,DATUMZASILANI,PRIJIMAC_ID,ODESILATEL_ID) values ('184',to_date('27.11.25','DD.MM.RR'),'1','82');
Insert into ZPRAVA (ID_ZPRAVA,DATUMZASILANI,PRIJIMAC_ID,ODESILATEL_ID) values ('185',to_date('27.11.25','DD.MM.RR'),'1','82');
Insert into ZPRAVA (ID_ZPRAVA,DATUMZASILANI,PRIJIMAC_ID,ODESILATEL_ID) values ('188',to_date('27.11.25','DD.MM.RR'),'82','84');
Insert into ZPRAVA (ID_ZPRAVA,DATUMZASILANI,PRIJIMAC_ID,ODESILATEL_ID) values ('189',to_date('27.11.25','DD.MM.RR'),'82','84');
Insert into ZPRAVA (ID_ZPRAVA,DATUMZASILANI,PRIJIMAC_ID,ODESILATEL_ID) values ('201',to_date('27.11.25','DD.MM.RR'),'82','84');
Insert into ZPRAVA (ID_ZPRAVA,DATUMZASILANI,PRIJIMAC_ID,ODESILATEL_ID) values ('202',to_date('27.11.25','DD.MM.RR'),'82','84');
Insert into ZPRAVA (ID_ZPRAVA,DATUMZASILANI,PRIJIMAC_ID,ODESILATEL_ID) values ('203',to_date('27.11.25','DD.MM.RR'),'82','84');
Insert into ZPRAVA (ID_ZPRAVA,DATUMZASILANI,PRIJIMAC_ID,ODESILATEL_ID) values ('204',to_date('27.11.25','DD.MM.RR'),'82','84');
Insert into ZPRAVA (ID_ZPRAVA,DATUMZASILANI,PRIJIMAC_ID,ODESILATEL_ID) values ('205',to_date('27.11.25','DD.MM.RR'),'82','84');
Insert into ZPRAVA (ID_ZPRAVA,DATUMZASILANI,PRIJIMAC_ID,ODESILATEL_ID) values ('206',to_date('27.11.25','DD.MM.RR'),'82','84');
Insert into ZPRAVA (ID_ZPRAVA,DATUMZASILANI,PRIJIMAC_ID,ODESILATEL_ID) values ('207',to_date('27.11.25','DD.MM.RR'),'82','84');
Insert into ZPRAVA (ID_ZPRAVA,DATUMZASILANI,PRIJIMAC_ID,ODESILATEL_ID) values ('208',to_date('27.11.25','DD.MM.RR'),'84','82');
Insert into ZPRAVA (ID_ZPRAVA,DATUMZASILANI,PRIJIMAC_ID,ODESILATEL_ID) values ('209',to_date('27.11.25','DD.MM.RR'),'84','82');
Insert into ZPRAVA (ID_ZPRAVA,DATUMZASILANI,PRIJIMAC_ID,ODESILATEL_ID) values ('210',to_date('27.11.25','DD.MM.RR'),'84','82');
Insert into ZPRAVA (ID_ZPRAVA,DATUMZASILANI,PRIJIMAC_ID,ODESILATEL_ID) values ('211',to_date('27.11.25','DD.MM.RR'),'82','84');
Insert into ZPRAVA (ID_ZPRAVA,DATUMZASILANI,PRIJIMAC_ID,ODESILATEL_ID) values ('212',to_date('27.11.25','DD.MM.RR'),'82','84');
Insert into ZPRAVA (ID_ZPRAVA,DATUMZASILANI,PRIJIMAC_ID,ODESILATEL_ID) values ('213',to_date('27.11.25','DD.MM.RR'),'82','84');
Insert into ZPRAVA (ID_ZPRAVA,DATUMZASILANI,PRIJIMAC_ID,ODESILATEL_ID) values ('241',to_date('27.11.25','DD.MM.RR'),'82','85');
Insert into ZPRAVA (ID_ZPRAVA,DATUMZASILANI,PRIJIMAC_ID,ODESILATEL_ID) values ('255',to_date('29.11.25','DD.MM.RR'),'86','82');
REM INSERTING into V_OBJEDNAVKY_DETAIL
SET DEFINE OFF;
Insert into V_OBJEDNAVKY_DETAIL (ID_OBJEDNAVKA,DATUM,STATUS,ZAKAZNIK,CELKOVA_CENA) values ('24',to_date('03.10.25','DD.MM.RR'),'Dokoncena','Tomas Vecera','135,5');
Insert into V_OBJEDNAVKY_DETAIL (ID_OBJEDNAVKA,DATUM,STATUS,ZAKAZNIK,CELKOVA_CENA) values ('51',to_date('23.11.25','DD.MM.RR'),'Dokoncena','Kamil Sykora','129,4');
Insert into V_OBJEDNAVKY_DETAIL (ID_OBJEDNAVKA,DATUM,STATUS,ZAKAZNIK,CELKOVA_CENA) values ('128',to_date('10.12.25','DD.MM.RR'),'Dokoncena','Lukas Bohac','420,4');
Insert into V_OBJEDNAVKY_DETAIL (ID_OBJEDNAVKA,DATUM,STATUS,ZAKAZNIK,CELKOVA_CENA) values ('3',to_date('02.09.25','DD.MM.RR'),'Dokoncena','Vojtech Zabka','157,5');
Insert into V_OBJEDNAVKY_DETAIL (ID_OBJEDNAVKA,DATUM,STATUS,ZAKAZNIK,CELKOVA_CENA) values ('43',to_date('03.11.25','DD.MM.RR'),'Zrusena','Igor Sladky','299,5');
Insert into V_OBJEDNAVKY_DETAIL (ID_OBJEDNAVKA,DATUM,STATUS,ZAKAZNIK,CELKOVA_CENA) values ('27',to_date('08.10.25','DD.MM.RR'),'Dokoncena','Daniel Slama','238,5');
Insert into V_OBJEDNAVKY_DETAIL (ID_OBJEDNAVKA,DATUM,STATUS,ZAKAZNIK,CELKOVA_CENA) values ('143',to_date('10.12.25','DD.MM.RR'),'Dokoncena','Alan Bartunek','559,3');
Insert into V_OBJEDNAVKY_DETAIL (ID_OBJEDNAVKA,DATUM,STATUS,ZAKAZNIK,CELKOVA_CENA) values ('11',to_date('12.09.25','DD.MM.RR'),'Dokoncena','Dominik Krupa','334,3');
Insert into V_OBJEDNAVKY_DETAIL (ID_OBJEDNAVKA,DATUM,STATUS,ZAKAZNIK,CELKOVA_CENA) values ('40',to_date('29.10.25','DD.MM.RR'),'Dokoncena','Vojtech Zabka','121,5');
Insert into V_OBJEDNAVKY_DETAIL (ID_OBJEDNAVKA,DATUM,STATUS,ZAKAZNIK,CELKOVA_CENA) values ('125',to_date('10.12.25','DD.MM.RR'),'Dokoncena','Alan Bartunek','308,9');
Insert into V_OBJEDNAVKY_DETAIL (ID_OBJEDNAVKA,DATUM,STATUS,ZAKAZNIK,CELKOVA_CENA) values ('22',to_date('30.09.25','DD.MM.RR'),'Dokoncena','Radek Janda','153,2');
Insert into V_OBJEDNAVKY_DETAIL (ID_OBJEDNAVKA,DATUM,STATUS,ZAKAZNIK,CELKOVA_CENA) values ('25',to_date('05.10.25','DD.MM.RR'),'Dokoncena','Patrik Navratil','85,5');
Insert into V_OBJEDNAVKY_DETAIL (ID_OBJEDNAVKA,DATUM,STATUS,ZAKAZNIK,CELKOVA_CENA) values ('12',to_date('14.09.25','DD.MM.RR'),'Zrusena','Erik Cerny','52,6');
Insert into V_OBJEDNAVKY_DETAIL (ID_OBJEDNAVKA,DATUM,STATUS,ZAKAZNIK,CELKOVA_CENA) values ('8',to_date('07.09.25','DD.MM.RR'),'Dokoncena','Alan Bartunek','149,5');
Insert into V_OBJEDNAVKY_DETAIL (ID_OBJEDNAVKA,DATUM,STATUS,ZAKAZNIK,CELKOVA_CENA) values ('1',to_date('01.09.25','DD.MM.RR'),'Dokoncena','Daniel Slama','131,4');
Insert into V_OBJEDNAVKY_DETAIL (ID_OBJEDNAVKA,DATUM,STATUS,ZAKAZNIK,CELKOVA_CENA) values ('54',to_date('25.11.25','DD.MM.RR'),'Potvrzena','Vojtech Zabka','259,5');
Insert into V_OBJEDNAVKY_DETAIL (ID_OBJEDNAVKA,DATUM,STATUS,ZAKAZNIK,CELKOVA_CENA) values ('33',to_date('18.10.25','DD.MM.RR'),'Dokoncena','Erik Cerny','339,5');
Insert into V_OBJEDNAVKY_DETAIL (ID_OBJEDNAVKA,DATUM,STATUS,ZAKAZNIK,CELKOVA_CENA) values ('41',to_date('02.11.25','DD.MM.RR'),'Dokoncena','Ondrej Kalina','2174,2');
Insert into V_OBJEDNAVKY_DETAIL (ID_OBJEDNAVKA,DATUM,STATUS,ZAKAZNIK,CELKOVA_CENA) values ('55',to_date('25.11.25','DD.MM.RR'),'Zrusena','Marek Horak','779');
Insert into V_OBJEDNAVKY_DETAIL (ID_OBJEDNAVKA,DATUM,STATUS,ZAKAZNIK,CELKOVA_CENA) values ('34',to_date('20.10.25','DD.MM.RR'),'Dokoncena','Lukas Pavelka','245,6');
Insert into V_OBJEDNAVKY_DETAIL (ID_OBJEDNAVKA,DATUM,STATUS,ZAKAZNIK,CELKOVA_CENA) values ('48',to_date('22.11.25','DD.MM.RR'),'Odeslana','Stanislav Prokop','164,3');
Insert into V_OBJEDNAVKY_DETAIL (ID_OBJEDNAVKA,DATUM,STATUS,ZAKAZNIK,CELKOVA_CENA) values ('46',to_date('21.11.25','DD.MM.RR'),'Pripravuje se','Jaroslav Blazek','444,2');
Insert into V_OBJEDNAVKY_DETAIL (ID_OBJEDNAVKA,DATUM,STATUS,ZAKAZNIK,CELKOVA_CENA) values ('52',to_date('24.11.25','DD.MM.RR'),'Dokoncena','Alan Bartunek','254,4');
Insert into V_OBJEDNAVKY_DETAIL (ID_OBJEDNAVKA,DATUM,STATUS,ZAKAZNIK,CELKOVA_CENA) values ('36',to_date('23.10.25','DD.MM.RR'),'Dokoncena','Radek Janda','139,4');
Insert into V_OBJEDNAVKY_DETAIL (ID_OBJEDNAVKA,DATUM,STATUS,ZAKAZNIK,CELKOVA_CENA) values ('153',to_date('10.12.25','DD.MM.RR'),'Dokoncena','Alan Bartunek','639,2');
Insert into V_OBJEDNAVKY_DETAIL (ID_OBJEDNAVKA,DATUM,STATUS,ZAKAZNIK,CELKOVA_CENA) values ('126',to_date('10.12.25','DD.MM.RR'),'Dokoncena','Alan Bartunek','457,8');
Insert into V_OBJEDNAVKY_DETAIL (ID_OBJEDNAVKA,DATUM,STATUS,ZAKAZNIK,CELKOVA_CENA) values ('9',to_date('08.09.25','DD.MM.RR'),'Zrusena','Ondrej Kalina','83,5');
Insert into V_OBJEDNAVKY_DETAIL (ID_OBJEDNAVKA,DATUM,STATUS,ZAKAZNIK,CELKOVA_CENA) values ('37',to_date('24.10.25','DD.MM.RR'),'Dokoncena','Matej Stary','90,6');
Insert into V_OBJEDNAVKY_DETAIL (ID_OBJEDNAVKA,DATUM,STATUS,ZAKAZNIK,CELKOVA_CENA) values ('155',to_date('10.12.25','DD.MM.RR'),'Dokoncena','Alan Bartunek','199,6');
Insert into V_OBJEDNAVKY_DETAIL (ID_OBJEDNAVKA,DATUM,STATUS,ZAKAZNIK,CELKOVA_CENA) values ('133',to_date('10.12.25','DD.MM.RR'),'Dokoncena','Alan Bartunek','1278,4');
Insert into V_OBJEDNAVKY_DETAIL (ID_OBJEDNAVKA,DATUM,STATUS,ZAKAZNIK,CELKOVA_CENA) values ('16',to_date('21.09.25','DD.MM.RR'),'Dokoncena','David Toth','295,3');
Insert into V_OBJEDNAVKY_DETAIL (ID_OBJEDNAVKA,DATUM,STATUS,ZAKAZNIK,CELKOVA_CENA) values ('45',to_date('10.11.25','DD.MM.RR'),'Dokoncena','Dominik Krupa','347,4');
Insert into V_OBJEDNAVKY_DETAIL (ID_OBJEDNAVKA,DATUM,STATUS,ZAKAZNIK,CELKOVA_CENA) values ('58',to_date('27.11.25','DD.MM.RR'),'Potvrzena','Daniel Slama','45,5');
Insert into V_OBJEDNAVKY_DETAIL (ID_OBJEDNAVKA,DATUM,STATUS,ZAKAZNIK,CELKOVA_CENA) values ('49',to_date('22.11.25','DD.MM.RR'),'Zrusena','Ondrej Kalina','85,6');
Insert into V_OBJEDNAVKY_DETAIL (ID_OBJEDNAVKA,DATUM,STATUS,ZAKAZNIK,CELKOVA_CENA) values ('6',to_date('05.09.25','DD.MM.RR'),'Dokoncena','Radek Janda','71,6');
Insert into V_OBJEDNAVKY_DETAIL (ID_OBJEDNAVKA,DATUM,STATUS,ZAKAZNIK,CELKOVA_CENA) values ('136',to_date('10.12.25','DD.MM.RR'),'Dokoncena','Alan Bartunek','479,4');
Insert into V_OBJEDNAVKY_DETAIL (ID_OBJEDNAVKA,DATUM,STATUS,ZAKAZNIK,CELKOVA_CENA) values ('30',to_date('12.10.25','DD.MM.RR'),'Dokoncena','Robert Dolansky','933');
Insert into V_OBJEDNAVKY_DETAIL (ID_OBJEDNAVKA,DATUM,STATUS,ZAKAZNIK,CELKOVA_CENA) values ('57',to_date('26.11.25','DD.MM.RR'),'Odeslana','Radek Janda','209,5');
Insert into V_OBJEDNAVKY_DETAIL (ID_OBJEDNAVKA,DATUM,STATUS,ZAKAZNIK,CELKOVA_CENA) values ('19',to_date('25.09.25','DD.MM.RR'),'Dokoncena','Milan Chladek','294,3');
Insert into V_OBJEDNAVKY_DETAIL (ID_OBJEDNAVKA,DATUM,STATUS,ZAKAZNIK,CELKOVA_CENA) values ('21',to_date('29.09.25','DD.MM.RR'),'Dokoncena','Alan Bartunek','614,5');
Insert into V_OBJEDNAVKY_DETAIL (ID_OBJEDNAVKA,DATUM,STATUS,ZAKAZNIK,CELKOVA_CENA) values ('38',to_date('26.10.25','DD.MM.RR'),'Zrusena','Marek Horak','659,2');
Insert into V_OBJEDNAVKY_DETAIL (ID_OBJEDNAVKA,DATUM,STATUS,ZAKAZNIK,CELKOVA_CENA) values ('129',to_date('10.12.25','DD.MM.RR'),'Dokoncena','Alan Bartunek','2421');
Insert into V_OBJEDNAVKY_DETAIL (ID_OBJEDNAVKA,DATUM,STATUS,ZAKAZNIK,CELKOVA_CENA) values ('14',to_date('18.09.25','DD.MM.RR'),'Dokoncena','David Toth','379,5');
REM INSERTING into V_SUPERMARKET_TRZBY
SET DEFINE OFF;
Insert into V_SUPERMARKET_TRZBY (ID_SUPERMARKET,SUPERMARKET_NAZEV,ADRESA,MESTO,TRZBA) values ('4','Supermarket Praha Jeremenkova','Jeremenkova 282/9','Praha 4',null);
Insert into V_SUPERMARKET_TRZBY (ID_SUPERMARKET,SUPERMARKET_NAZEV,ADRESA,MESTO,TRZBA) values ('3','Supermarket Praha Zahrada','U Rajske zahrady 14/10','Praha 3',null);
Insert into V_SUPERMARKET_TRZBY (ID_SUPERMARKET,SUPERMARKET_NAZEV,ADRESA,MESTO,TRZBA) values ('1','Supermarket Praha Centrum','U Trojice 27/5','Praha 1','58125,2');
Insert into V_SUPERMARKET_TRZBY (ID_SUPERMARKET,SUPERMARKET_NAZEV,ADRESA,MESTO,TRZBA) values ('5','Supermarket Praha Tusarova','Tusarova 21/4','Praha 7',null);
Insert into V_SUPERMARKET_TRZBY (ID_SUPERMARKET,SUPERMARKET_NAZEV,ADRESA,MESTO,TRZBA) values ('2','Supermarket Praha Folimanka','Na Folimance 13/2','Praha 2','43746,2');
REM INSERTING into V_ZAKAZNIK_SUPERMARKET_ANALYZA
SET DEFINE OFF;
Insert into V_ZAKAZNIK_SUPERMARKET_ANALYZA (ID_UZIVATEL,JMENO,PRIJMENI,KARTAVERNOSTI,ID_SUPERMARKET,SUPERMARKET_NAZEV,MESTO,POCET_OBJEDNAVEK,PRVNI_OBJEDNAVKA,POSLEDNI_OBJEDNAVKA,CELKOVA_UTRATA,PRUMERNA_OBJEDNAVKA,PORADI_V_SUPERMARKETU,SEGMENT) values ('33','Radek','Janda','LTC10012','1','Supermarket Praha Centrum','Praha 1','3',to_date('30.09.25','DD.MM.RR'),to_date('26.11.25','DD.MM.RR'),null,null,'1','ZAKLADNI');
Insert into V_ZAKAZNIK_SUPERMARKET_ANALYZA (ID_UZIVATEL,JMENO,PRIJMENI,KARTAVERNOSTI,ID_SUPERMARKET,SUPERMARKET_NAZEV,MESTO,POCET_OBJEDNAVEK,PRVNI_OBJEDNAVKA,POSLEDNI_OBJEDNAVKA,CELKOVA_UTRATA,PRUMERNA_OBJEDNAVKA,PORADI_V_SUPERMARKETU,SEGMENT) values ('46','Milan','Chladek','LTC10025','1','Supermarket Praha Centrum','Praha 1','1',to_date('25.09.25','DD.MM.RR'),to_date('25.09.25','DD.MM.RR'),null,null,'1','ZAKLADNI');
Insert into V_ZAKAZNIK_SUPERMARKET_ANALYZA (ID_UZIVATEL,JMENO,PRIJMENI,KARTAVERNOSTI,ID_SUPERMARKET,SUPERMARKET_NAZEV,MESTO,POCET_OBJEDNAVEK,PRVNI_OBJEDNAVKA,POSLEDNI_OBJEDNAVKA,CELKOVA_UTRATA,PRUMERNA_OBJEDNAVKA,PORADI_V_SUPERMARKETU,SEGMENT) values ('45','Vojtech','Zabka','LTC10024','1','Supermarket Praha Centrum','Praha 1','1',to_date('25.11.25','DD.MM.RR'),to_date('25.11.25','DD.MM.RR'),null,null,'1','ZAKLADNI');
Insert into V_ZAKAZNIK_SUPERMARKET_ANALYZA (ID_UZIVATEL,JMENO,PRIJMENI,KARTAVERNOSTI,ID_SUPERMARKET,SUPERMARKET_NAZEV,MESTO,POCET_OBJEDNAVEK,PRVNI_OBJEDNAVKA,POSLEDNI_OBJEDNAVKA,CELKOVA_UTRATA,PRUMERNA_OBJEDNAVKA,PORADI_V_SUPERMARKETU,SEGMENT) values ('31','David','Toth','LTC10010','1','Supermarket Praha Centrum','Praha 1','2',to_date('18.09.25','DD.MM.RR'),to_date('21.09.25','DD.MM.RR'),null,null,'1','ZAKLADNI');
Insert into V_ZAKAZNIK_SUPERMARKET_ANALYZA (ID_UZIVATEL,JMENO,PRIJMENI,KARTAVERNOSTI,ID_SUPERMARKET,SUPERMARKET_NAZEV,MESTO,POCET_OBJEDNAVEK,PRVNI_OBJEDNAVKA,POSLEDNI_OBJEDNAVKA,CELKOVA_UTRATA,PRUMERNA_OBJEDNAVKA,PORADI_V_SUPERMARKETU,SEGMENT) values ('39','Dominik','Krupa','LTC10018','1','Supermarket Praha Centrum','Praha 1','1',to_date('10.11.25','DD.MM.RR'),to_date('10.11.25','DD.MM.RR'),null,null,'1','ZAKLADNI');
Insert into V_ZAKAZNIK_SUPERMARKET_ANALYZA (ID_UZIVATEL,JMENO,PRIJMENI,KARTAVERNOSTI,ID_SUPERMARKET,SUPERMARKET_NAZEV,MESTO,POCET_OBJEDNAVEK,PRVNI_OBJEDNAVKA,POSLEDNI_OBJEDNAVKA,CELKOVA_UTRATA,PRUMERNA_OBJEDNAVKA,PORADI_V_SUPERMARKETU,SEGMENT) values ('25','Tomas','Vecera','LTC10004','1','Supermarket Praha Centrum','Praha 1','1',to_date('03.10.25','DD.MM.RR'),to_date('03.10.25','DD.MM.RR'),null,null,'1','ZAKLADNI');
Insert into V_ZAKAZNIK_SUPERMARKET_ANALYZA (ID_UZIVATEL,JMENO,PRIJMENI,KARTAVERNOSTI,ID_SUPERMARKET,SUPERMARKET_NAZEV,MESTO,POCET_OBJEDNAVEK,PRVNI_OBJEDNAVKA,POSLEDNI_OBJEDNAVKA,CELKOVA_UTRATA,PRUMERNA_OBJEDNAVKA,PORADI_V_SUPERMARKETU,SEGMENT) values ('34','Jaroslav','Blazek','LTC10013','1','Supermarket Praha Centrum','Praha 1','1',to_date('21.11.25','DD.MM.RR'),to_date('21.11.25','DD.MM.RR'),null,null,'1','ZAKLADNI');
Insert into V_ZAKAZNIK_SUPERMARKET_ANALYZA (ID_UZIVATEL,JMENO,PRIJMENI,KARTAVERNOSTI,ID_SUPERMARKET,SUPERMARKET_NAZEV,MESTO,POCET_OBJEDNAVEK,PRVNI_OBJEDNAVKA,POSLEDNI_OBJEDNAVKA,CELKOVA_UTRATA,PRUMERNA_OBJEDNAVKA,PORADI_V_SUPERMARKETU,SEGMENT) values ('24','Ondrej','Kalina','LTC10003','1','Supermarket Praha Centrum','Praha 1','3',to_date('08.09.25','DD.MM.RR'),to_date('22.11.25','DD.MM.RR'),null,null,'1','ZAKLADNI');
Insert into V_ZAKAZNIK_SUPERMARKET_ANALYZA (ID_UZIVATEL,JMENO,PRIJMENI,KARTAVERNOSTI,ID_SUPERMARKET,SUPERMARKET_NAZEV,MESTO,POCET_OBJEDNAVEK,PRVNI_OBJEDNAVKA,POSLEDNI_OBJEDNAVKA,CELKOVA_UTRATA,PRUMERNA_OBJEDNAVKA,PORADI_V_SUPERMARKETU,SEGMENT) values ('42','Matej','Stary','LTC10021','1','Supermarket Praha Centrum','Praha 1','1',to_date('24.10.25','DD.MM.RR'),to_date('24.10.25','DD.MM.RR'),null,null,'1','ZAKLADNI');
Insert into V_ZAKAZNIK_SUPERMARKET_ANALYZA (ID_UZIVATEL,JMENO,PRIJMENI,KARTAVERNOSTI,ID_SUPERMARKET,SUPERMARKET_NAZEV,MESTO,POCET_OBJEDNAVEK,PRVNI_OBJEDNAVKA,POSLEDNI_OBJEDNAVKA,CELKOVA_UTRATA,PRUMERNA_OBJEDNAVKA,PORADI_V_SUPERMARKETU,SEGMENT) values ('51','Alan','Bartunek','LTC10030','1','Supermarket Praha Centrum','Praha 1','12',to_date('24.11.25','DD.MM.RR'),to_date('10.12.25','DD.MM.RR'),'7054,8','641,345454545454545454545454545454545455','10','ZLATY');
Insert into V_ZAKAZNIK_SUPERMARKET_ANALYZA (ID_UZIVATEL,JMENO,PRIJMENI,KARTAVERNOSTI,ID_SUPERMARKET,SUPERMARKET_NAZEV,MESTO,POCET_OBJEDNAVEK,PRVNI_OBJEDNAVKA,POSLEDNI_OBJEDNAVKA,CELKOVA_UTRATA,PRUMERNA_OBJEDNAVKA,PORADI_V_SUPERMARKETU,SEGMENT) values ('55','Lukas','Bohac','LTC10031','1','Supermarket Praha Centrum','Praha 1','1',to_date('10.12.25','DD.MM.RR'),to_date('10.12.25','DD.MM.RR'),'420,4','420,4','11','ZAKLADNI');
Insert into V_ZAKAZNIK_SUPERMARKET_ANALYZA (ID_UZIVATEL,JMENO,PRIJMENI,KARTAVERNOSTI,ID_SUPERMARKET,SUPERMARKET_NAZEV,MESTO,POCET_OBJEDNAVEK,PRVNI_OBJEDNAVKA,POSLEDNI_OBJEDNAVKA,CELKOVA_UTRATA,PRUMERNA_OBJEDNAVKA,PORADI_V_SUPERMARKETU,SEGMENT) values ('49','Erik','Cerny','LTC10028','1','Supermarket Praha Centrum','Praha 1','4',to_date('14.09.25','DD.MM.RR'),to_date('09.12.25','DD.MM.RR'),'252,6','126,3','12','ZAKLADNI');
Insert into V_ZAKAZNIK_SUPERMARKET_ANALYZA (ID_UZIVATEL,JMENO,PRIJMENI,KARTAVERNOSTI,ID_SUPERMARKET,SUPERMARKET_NAZEV,MESTO,POCET_OBJEDNAVEK,PRVNI_OBJEDNAVKA,POSLEDNI_OBJEDNAVKA,CELKOVA_UTRATA,PRUMERNA_OBJEDNAVKA,PORADI_V_SUPERMARKETU,SEGMENT) values ('28','Daniel','Slama','LTC10007','1','Supermarket Praha Centrum','Praha 1','2',to_date('01.09.25','DD.MM.RR'),to_date('08.10.25','DD.MM.RR'),'50','50','13','ZAKLADNI');
Insert into V_ZAKAZNIK_SUPERMARKET_ANALYZA (ID_UZIVATEL,JMENO,PRIJMENI,KARTAVERNOSTI,ID_SUPERMARKET,SUPERMARKET_NAZEV,MESTO,POCET_OBJEDNAVEK,PRVNI_OBJEDNAVKA,POSLEDNI_OBJEDNAVKA,CELKOVA_UTRATA,PRUMERNA_OBJEDNAVKA,PORADI_V_SUPERMARKETU,SEGMENT) values ('33','Radek','Janda','LTC10012','2','Supermarket Praha Folimanka','Praha 2','1',to_date('05.09.25','DD.MM.RR'),to_date('05.09.25','DD.MM.RR'),null,null,'1','ZAKLADNI');
Insert into V_ZAKAZNIK_SUPERMARKET_ANALYZA (ID_UZIVATEL,JMENO,PRIJMENI,KARTAVERNOSTI,ID_SUPERMARKET,SUPERMARKET_NAZEV,MESTO,POCET_OBJEDNAVEK,PRVNI_OBJEDNAVKA,POSLEDNI_OBJEDNAVKA,CELKOVA_UTRATA,PRUMERNA_OBJEDNAVKA,PORADI_V_SUPERMARKETU,SEGMENT) values ('26','Lukas','Pavelka','LTC10005','2','Supermarket Praha Folimanka','Praha 2','1',to_date('20.10.25','DD.MM.RR'),to_date('20.10.25','DD.MM.RR'),null,null,'1','ZAKLADNI');
Insert into V_ZAKAZNIK_SUPERMARKET_ANALYZA (ID_UZIVATEL,JMENO,PRIJMENI,KARTAVERNOSTI,ID_SUPERMARKET,SUPERMARKET_NAZEV,MESTO,POCET_OBJEDNAVEK,PRVNI_OBJEDNAVKA,POSLEDNI_OBJEDNAVKA,CELKOVA_UTRATA,PRUMERNA_OBJEDNAVKA,PORADI_V_SUPERMARKETU,SEGMENT) values ('39','Dominik','Krupa','LTC10018','2','Supermarket Praha Folimanka','Praha 2','1',to_date('12.09.25','DD.MM.RR'),to_date('12.09.25','DD.MM.RR'),null,null,'1','ZAKLADNI');
Insert into V_ZAKAZNIK_SUPERMARKET_ANALYZA (ID_UZIVATEL,JMENO,PRIJMENI,KARTAVERNOSTI,ID_SUPERMARKET,SUPERMARKET_NAZEV,MESTO,POCET_OBJEDNAVEK,PRVNI_OBJEDNAVKA,POSLEDNI_OBJEDNAVKA,CELKOVA_UTRATA,PRUMERNA_OBJEDNAVKA,PORADI_V_SUPERMARKETU,SEGMENT) values ('50','Igor','Sladky','LTC10029','2','Supermarket Praha Folimanka','Praha 2','1',to_date('03.11.25','DD.MM.RR'),to_date('03.11.25','DD.MM.RR'),null,null,'1','ZAKLADNI');
Insert into V_ZAKAZNIK_SUPERMARKET_ANALYZA (ID_UZIVATEL,JMENO,PRIJMENI,KARTAVERNOSTI,ID_SUPERMARKET,SUPERMARKET_NAZEV,MESTO,POCET_OBJEDNAVEK,PRVNI_OBJEDNAVKA,POSLEDNI_OBJEDNAVKA,CELKOVA_UTRATA,PRUMERNA_OBJEDNAVKA,PORADI_V_SUPERMARKETU,SEGMENT) values ('51','Alan','Bartunek','LTC10030','2','Supermarket Praha Folimanka','Praha 2','2',to_date('07.09.25','DD.MM.RR'),to_date('29.09.25','DD.MM.RR'),null,null,'1','ZAKLADNI');
Insert into V_ZAKAZNIK_SUPERMARKET_ANALYZA (ID_UZIVATEL,JMENO,PRIJMENI,KARTAVERNOSTI,ID_SUPERMARKET,SUPERMARKET_NAZEV,MESTO,POCET_OBJEDNAVEK,PRVNI_OBJEDNAVKA,POSLEDNI_OBJEDNAVKA,CELKOVA_UTRATA,PRUMERNA_OBJEDNAVKA,PORADI_V_SUPERMARKETU,SEGMENT) values ('47','Stanislav','Prokop','LTC10026','2','Supermarket Praha Folimanka','Praha 2','1',to_date('22.11.25','DD.MM.RR'),to_date('22.11.25','DD.MM.RR'),null,null,'1','ZAKLADNI');
Insert into V_ZAKAZNIK_SUPERMARKET_ANALYZA (ID_UZIVATEL,JMENO,PRIJMENI,KARTAVERNOSTI,ID_SUPERMARKET,SUPERMARKET_NAZEV,MESTO,POCET_OBJEDNAVEK,PRVNI_OBJEDNAVKA,POSLEDNI_OBJEDNAVKA,CELKOVA_UTRATA,PRUMERNA_OBJEDNAVKA,PORADI_V_SUPERMARKETU,SEGMENT) values ('37','Patrik','Navratil','LTC10016','2','Supermarket Praha Folimanka','Praha 2','1',to_date('05.10.25','DD.MM.RR'),to_date('05.10.25','DD.MM.RR'),null,null,'1','ZAKLADNI');
Insert into V_ZAKAZNIK_SUPERMARKET_ANALYZA (ID_UZIVATEL,JMENO,PRIJMENI,KARTAVERNOSTI,ID_SUPERMARKET,SUPERMARKET_NAZEV,MESTO,POCET_OBJEDNAVEK,PRVNI_OBJEDNAVKA,POSLEDNI_OBJEDNAVKA,CELKOVA_UTRATA,PRUMERNA_OBJEDNAVKA,PORADI_V_SUPERMARKETU,SEGMENT) values ('28','Daniel','Slama','LTC10007','2','Supermarket Praha Folimanka','Praha 2','1',to_date('27.11.25','DD.MM.RR'),to_date('27.11.25','DD.MM.RR'),null,null,'1','ZAKLADNI');
Insert into V_ZAKAZNIK_SUPERMARKET_ANALYZA (ID_UZIVATEL,JMENO,PRIJMENI,KARTAVERNOSTI,ID_SUPERMARKET,SUPERMARKET_NAZEV,MESTO,POCET_OBJEDNAVEK,PRVNI_OBJEDNAVKA,POSLEDNI_OBJEDNAVKA,CELKOVA_UTRATA,PRUMERNA_OBJEDNAVKA,PORADI_V_SUPERMARKETU,SEGMENT) values ('38','Kamil','Sykora','LTC10017','2','Supermarket Praha Folimanka','Praha 2','1',to_date('23.11.25','DD.MM.RR'),to_date('23.11.25','DD.MM.RR'),null,null,'1','ZAKLADNI');
Insert into V_ZAKAZNIK_SUPERMARKET_ANALYZA (ID_UZIVATEL,JMENO,PRIJMENI,KARTAVERNOSTI,ID_SUPERMARKET,SUPERMARKET_NAZEV,MESTO,POCET_OBJEDNAVEK,PRVNI_OBJEDNAVKA,POSLEDNI_OBJEDNAVKA,CELKOVA_UTRATA,PRUMERNA_OBJEDNAVKA,PORADI_V_SUPERMARKETU,SEGMENT) values ('44','Robert','Dolansky','LTC10023','2','Supermarket Praha Folimanka','Praha 2','1',to_date('12.10.25','DD.MM.RR'),to_date('12.10.25','DD.MM.RR'),null,null,'1','ZAKLADNI');
Insert into V_ZAKAZNIK_SUPERMARKET_ANALYZA (ID_UZIVATEL,JMENO,PRIJMENI,KARTAVERNOSTI,ID_SUPERMARKET,SUPERMARKET_NAZEV,MESTO,POCET_OBJEDNAVEK,PRVNI_OBJEDNAVKA,POSLEDNI_OBJEDNAVKA,CELKOVA_UTRATA,PRUMERNA_OBJEDNAVKA,PORADI_V_SUPERMARKETU,SEGMENT) values ('23','Marek','Horak','LTC10002','2','Supermarket Praha Folimanka','Praha 2','2',to_date('26.10.25','DD.MM.RR'),to_date('25.11.25','DD.MM.RR'),null,null,'1','ZAKLADNI');
Insert into V_ZAKAZNIK_SUPERMARKET_ANALYZA (ID_UZIVATEL,JMENO,PRIJMENI,KARTAVERNOSTI,ID_SUPERMARKET,SUPERMARKET_NAZEV,MESTO,POCET_OBJEDNAVEK,PRVNI_OBJEDNAVKA,POSLEDNI_OBJEDNAVKA,CELKOVA_UTRATA,PRUMERNA_OBJEDNAVKA,PORADI_V_SUPERMARKETU,SEGMENT) values ('45','Vojtech','Zabka','LTC10024','2','Supermarket Praha Folimanka','Praha 2','2',to_date('02.09.25','DD.MM.RR'),to_date('29.10.25','DD.MM.RR'),'50','50','12','ZAKLADNI');
REM INSERTING into V_ZBOZI_STAT
SET DEFINE OFF;
Insert into V_ZBOZI_STAT (ID_ZBOZI,NAZEV_ZBOZI,CENA,KATEGORIE,POCET_DODAVATELU,AVG_CENA_CATEGORY) values ('53','Syr niva 100g','29,9','Mlecne vyrobky','1','25,36666666666666666666666666666666666667');
Insert into V_ZBOZI_STAT (ID_ZBOZI,NAZEV_ZBOZI,CENA,KATEGORIE,POCET_DODAVATELU,AVG_CENA_CATEGORY) values ('13','Syr Eidam 30% 100g','19,9','Mlecne vyrobky','0','25,36666666666666666666666666666666666667');
Insert into V_ZBOZI_STAT (ID_ZBOZI,NAZEV_ZBOZI,CENA,KATEGORIE,POCET_DODAVATELU,AVG_CENA_CATEGORY) values ('7','Tvaroh jemny 250g','32,9','Mlecne vyrobky','0','25,36666666666666666666666666666666666667');
Insert into V_ZBOZI_STAT (ID_ZBOZI,NAZEV_ZBOZI,CENA,KATEGORIE,POCET_DODAVATELU,AVG_CENA_CATEGORY) values ('4','Mleko plnotucne 1L','26,9','Mlecne vyrobky','0','25,36666666666666666666666666666666666667');
Insert into V_ZBOZI_STAT (ID_ZBOZI,NAZEV_ZBOZI,CENA,KATEGORIE,POCET_DODAVATELU,AVG_CENA_CATEGORY) values ('5','Maslo 250g','54,9','Mlecne vyrobky','1','25,36666666666666666666666666666666666667');
Insert into V_ZBOZI_STAT (ID_ZBOZI,NAZEV_ZBOZI,CENA,KATEGORIE,POCET_DODAVATELU,AVG_CENA_CATEGORY) values ('18','Cottage syr 200g','29,9','Mlecne vyrobky','0','25,36666666666666666666666666666666666667');
Insert into V_ZBOZI_STAT (ID_ZBOZI,NAZEV_ZBOZI,CENA,KATEGORIE,POCET_DODAVATELU,AVG_CENA_CATEGORY) values ('19','Kefir 500ml','21,9','Mlecne vyrobky','1','25,36666666666666666666666666666666666667');
Insert into V_ZBOZI_STAT (ID_ZBOZI,NAZEV_ZBOZI,CENA,KATEGORIE,POCET_DODAVATELU,AVG_CENA_CATEGORY) values ('11','Jogurt ovocny jahoda 150g','13,9','Mlecne vyrobky','1','25,36666666666666666666666666666666666667');
Insert into V_ZBOZI_STAT (ID_ZBOZI,NAZEV_ZBOZI,CENA,KATEGORIE,POCET_DODAVATELU,AVG_CENA_CATEGORY) values ('56','Mozzarella 125g','22,9','Mlecne vyrobky','1','25,36666666666666666666666666666666666667');
Insert into V_ZBOZI_STAT (ID_ZBOZI,NAZEV_ZBOZI,CENA,KATEGORIE,POCET_DODAVATELU,AVG_CENA_CATEGORY) values ('52','Syr hermelin 120g','34,9','Mlecne vyrobky','1','25,36666666666666666666666666666666666667');
Insert into V_ZBOZI_STAT (ID_ZBOZI,NAZEV_ZBOZI,CENA,KATEGORIE,POCET_DODAVATELU,AVG_CENA_CATEGORY) values ('2','Mleko polotucne 1L','24,9','Mlecne vyrobky','1','25,36666666666666666666666666666666666667');
Insert into V_ZBOZI_STAT (ID_ZBOZI,NAZEV_ZBOZI,CENA,KATEGORIE,POCET_DODAVATELU,AVG_CENA_CATEGORY) values ('1','Mleko polotucne 1L','24,9','Mlecne vyrobky','2','25,36666666666666666666666666666666666667');
Insert into V_ZBOZI_STAT (ID_ZBOZI,NAZEV_ZBOZI,CENA,KATEGORIE,POCET_DODAVATELU,AVG_CENA_CATEGORY) values ('14','Syr Eidam 30% 100g','19,9','Mlecne vyrobky','1','25,36666666666666666666666666666666666667');
Insert into V_ZBOZI_STAT (ID_ZBOZI,NAZEV_ZBOZI,CENA,KATEGORIE,POCET_DODAVATELU,AVG_CENA_CATEGORY) values ('57','Jogurt vanilkovy 150g','12,9','Mlecne vyrobky','1','25,36666666666666666666666666666666666667');
Insert into V_ZBOZI_STAT (ID_ZBOZI,NAZEV_ZBOZI,CENA,KATEGORIE,POCET_DODAVATELU,AVG_CENA_CATEGORY) values ('6','Maslo 250g','54,9','Mlecne vyrobky','0','25,36666666666666666666666666666666666667');
Insert into V_ZBOZI_STAT (ID_ZBOZI,NAZEV_ZBOZI,CENA,KATEGORIE,POCET_DODAVATELU,AVG_CENA_CATEGORY) values ('12','Jogurt ovocny jahoda 150g','13,9','Mlecne vyrobky','0','25,36666666666666666666666666666666666667');
Insert into V_ZBOZI_STAT (ID_ZBOZI,NAZEV_ZBOZI,CENA,KATEGORIE,POCET_DODAVATELU,AVG_CENA_CATEGORY) values ('20','Kefir 500ml','21,9','Mlecne vyrobky','0','25,36666666666666666666666666666666666667');
Insert into V_ZBOZI_STAT (ID_ZBOZI,NAZEV_ZBOZI,CENA,KATEGORIE,POCET_DODAVATELU,AVG_CENA_CATEGORY) values ('50','Skyr bily 140g','18,9','Mlecne vyrobky','1','25,36666666666666666666666666666666666667');
Insert into V_ZBOZI_STAT (ID_ZBOZI,NAZEV_ZBOZI,CENA,KATEGORIE,POCET_DODAVATELU,AVG_CENA_CATEGORY) values ('49','Skyr bily 140g','18,9','Mlecne vyrobky','1','25,36666666666666666666666666666666666667');
Insert into V_ZBOZI_STAT (ID_ZBOZI,NAZEV_ZBOZI,CENA,KATEGORIE,POCET_DODAVATELU,AVG_CENA_CATEGORY) values ('8','Tvaroh jemny 250g','32,9','Mlecne vyrobky','1','25,36666666666666666666666666666666666667');
Insert into V_ZBOZI_STAT (ID_ZBOZI,NAZEV_ZBOZI,CENA,KATEGORIE,POCET_DODAVATELU,AVG_CENA_CATEGORY) values ('10','Jogurt bily 150g','11,9','Mlecne vyrobky','1','25,36666666666666666666666666666666666667');
Insert into V_ZBOZI_STAT (ID_ZBOZI,NAZEV_ZBOZI,CENA,KATEGORIE,POCET_DODAVATELU,AVG_CENA_CATEGORY) values ('15','Syr Gouda 45% 100g','23,9','Mlecne vyrobky','1','25,36666666666666666666666666666666666667');
Insert into V_ZBOZI_STAT (ID_ZBOZI,NAZEV_ZBOZI,CENA,KATEGORIE,POCET_DODAVATELU,AVG_CENA_CATEGORY) values ('51','Syr hermelin 120g','34,9','Mlecne vyrobky','1','25,36666666666666666666666666666666666667');
Insert into V_ZBOZI_STAT (ID_ZBOZI,NAZEV_ZBOZI,CENA,KATEGORIE,POCET_DODAVATELU,AVG_CENA_CATEGORY) values ('9','Jogurt bily 150g','11,9','Mlecne vyrobky','0','25,36666666666666666666666666666666666667');
Insert into V_ZBOZI_STAT (ID_ZBOZI,NAZEV_ZBOZI,CENA,KATEGORIE,POCET_DODAVATELU,AVG_CENA_CATEGORY) values ('55','Mozzarella 125g','22,9','Mlecne vyrobky','1','25,36666666666666666666666666666666666667');
Insert into V_ZBOZI_STAT (ID_ZBOZI,NAZEV_ZBOZI,CENA,KATEGORIE,POCET_DODAVATELU,AVG_CENA_CATEGORY) values ('58','Jogurt vanilkovy 150g','12,9','Mlecne vyrobky','1','25,36666666666666666666666666666666666667');
Insert into V_ZBOZI_STAT (ID_ZBOZI,NAZEV_ZBOZI,CENA,KATEGORIE,POCET_DODAVATELU,AVG_CENA_CATEGORY) values ('17','Cottage syr 200g','29,9','Mlecne vyrobky','1','25,36666666666666666666666666666666666667');
Insert into V_ZBOZI_STAT (ID_ZBOZI,NAZEV_ZBOZI,CENA,KATEGORIE,POCET_DODAVATELU,AVG_CENA_CATEGORY) values ('16','Syr Gouda 45% 100g','23,9','Mlecne vyrobky','0','25,36666666666666666666666666666666666667');
Insert into V_ZBOZI_STAT (ID_ZBOZI,NAZEV_ZBOZI,CENA,KATEGORIE,POCET_DODAVATELU,AVG_CENA_CATEGORY) values ('3','Mleko plnotucne 1L','26,9','Mlecne vyrobky','2','25,36666666666666666666666666666666666667');
Insert into V_ZBOZI_STAT (ID_ZBOZI,NAZEV_ZBOZI,CENA,KATEGORIE,POCET_DODAVATELU,AVG_CENA_CATEGORY) values ('54','Syr niva 100g','29,9','Mlecne vyrobky','1','25,36666666666666666666666666666666666667');
Insert into V_ZBOZI_STAT (ID_ZBOZI,NAZEV_ZBOZI,CENA,KATEGORIE,POCET_DODAVATELU,AVG_CENA_CATEGORY) values ('80','Bageta francouzska 250g','12,9','Pecivo','2','12,9');
Insert into V_ZBOZI_STAT (ID_ZBOZI,NAZEV_ZBOZI,CENA,KATEGORIE,POCET_DODAVATELU,AVG_CENA_CATEGORY) values ('79','Chleb toustovy 500g','32,9','Pecivo','2','12,9');
Insert into V_ZBOZI_STAT (ID_ZBOZI,NAZEV_ZBOZI,CENA,KATEGORIE,POCET_DODAVATELU,AVG_CENA_CATEGORY) values ('88','Slany rohlik 40g','3,9','Pecivo','1','12,9');
Insert into V_ZBOZI_STAT (ID_ZBOZI,NAZEV_ZBOZI,CENA,KATEGORIE,POCET_DODAVATELU,AVG_CENA_CATEGORY) values ('87','Celozrnna houska 50g','4,9','Pecivo','2','12,9');
Insert into V_ZBOZI_STAT (ID_ZBOZI,NAZEV_ZBOZI,CENA,KATEGORIE,POCET_DODAVATELU,AVG_CENA_CATEGORY) values ('81','Croissant maslovy 60g','9,9','Pecivo','1','12,9');
Insert into V_ZBOZI_STAT (ID_ZBOZI,NAZEV_ZBOZI,CENA,KATEGORIE,POCET_DODAVATELU,AVG_CENA_CATEGORY) values ('83','Slany rohlik 40g','3,9','Pecivo','1','12,9');
Insert into V_ZBOZI_STAT (ID_ZBOZI,NAZEV_ZBOZI,CENA,KATEGORIE,POCET_DODAVATELU,AVG_CENA_CATEGORY) values ('82','Celozrnna houska 50g','4,9','Pecivo','2','12,9');
Insert into V_ZBOZI_STAT (ID_ZBOZI,NAZEV_ZBOZI,CENA,KATEGORIE,POCET_DODAVATELU,AVG_CENA_CATEGORY) values ('86','Croissant maslovy 60g','9,9','Pecivo','1','12,9');
Insert into V_ZBOZI_STAT (ID_ZBOZI,NAZEV_ZBOZI,CENA,KATEGORIE,POCET_DODAVATELU,AVG_CENA_CATEGORY) values ('85','Bageta francouzska 250g','12,9','Pecivo','2','12,9');
Insert into V_ZBOZI_STAT (ID_ZBOZI,NAZEV_ZBOZI,CENA,KATEGORIE,POCET_DODAVATELU,AVG_CENA_CATEGORY) values ('84','Chleb toustovy 500g','32,9','Pecivo','1','12,9');
Insert into V_ZBOZI_STAT (ID_ZBOZI,NAZEV_ZBOZI,CENA,KATEGORIE,POCET_DODAVATELU,AVG_CENA_CATEGORY) values ('22','Kureci prsa 1kg','129,9','Maso a uzeniny','2','77,05384615384615384615384615384615384615');
Insert into V_ZBOZI_STAT (ID_ZBOZI,NAZEV_ZBOZI,CENA,KATEGORIE,POCET_DODAVATELU,AVG_CENA_CATEGORY) values ('26','Hovezi predni 1kg','179,9','Maso a uzeniny','1','77,05384615384615384615384615384615384615');
Insert into V_ZBOZI_STAT (ID_ZBOZI,NAZEV_ZBOZI,CENA,KATEGORIE,POCET_DODAVATELU,AVG_CENA_CATEGORY) values ('36','Parizsky salat 150g','17,9','Maso a uzeniny','1','77,05384615384615384615384615384615384615');
Insert into V_ZBOZI_STAT (ID_ZBOZI,NAZEV_ZBOZI,CENA,KATEGORIE,POCET_DODAVATELU,AVG_CENA_CATEGORY) values ('64','Veprove koleno 1kg','119,9','Maso a uzeniny','1','77,05384615384615384615384615384615384615');
Insert into V_ZBOZI_STAT (ID_ZBOZI,NAZEV_ZBOZI,CENA,KATEGORIE,POCET_DODAVATELU,AVG_CENA_CATEGORY) values ('32','Klobasy domaci 300g','49,9','Maso a uzeniny','1','77,05384615384615384615384615384615384615');
Insert into V_ZBOZI_STAT (ID_ZBOZI,NAZEV_ZBOZI,CENA,KATEGORIE,POCET_DODAVATELU,AVG_CENA_CATEGORY) values ('63','Veprove koleno 1kg','119,9','Maso a uzeniny','3','77,05384615384615384615384615384615384615');
Insert into V_ZBOZI_STAT (ID_ZBOZI,NAZEV_ZBOZI,CENA,KATEGORIE,POCET_DODAVATELU,AVG_CENA_CATEGORY) values ('67','Sunka premium 100g','24,9','Maso a uzeniny','2','77,05384615384615384615384615384615384615');
Insert into V_ZBOZI_STAT (ID_ZBOZI,NAZEV_ZBOZI,CENA,KATEGORIE,POCET_DODAVATELU,AVG_CENA_CATEGORY) values ('27','Sekana pecena 500g','59,9','Maso a uzeniny','2','77,05384615384615384615384615384615384615');
Insert into V_ZBOZI_STAT (ID_ZBOZI,NAZEV_ZBOZI,CENA,KATEGORIE,POCET_DODAVATELU,AVG_CENA_CATEGORY) values ('60','Kureci stehno 1kg','89,9','Maso a uzeniny','3','77,05384615384615384615384615384615384615');
Insert into V_ZBOZI_STAT (ID_ZBOZI,NAZEV_ZBOZI,CENA,KATEGORIE,POCET_DODAVATELU,AVG_CENA_CATEGORY) values ('65','Kureci srdicka 500g','54,9','Maso a uzeniny','2','77,05384615384615384615384615384615384615');
Insert into V_ZBOZI_STAT (ID_ZBOZI,NAZEV_ZBOZI,CENA,KATEGORIE,POCET_DODAVATELU,AVG_CENA_CATEGORY) values ('33','Salam herkules 100g','24,9','Maso a uzeniny','2','77,05384615384615384615384615384615384615');
Insert into V_ZBOZI_STAT (ID_ZBOZI,NAZEV_ZBOZI,CENA,KATEGORIE,POCET_DODAVATELU,AVG_CENA_CATEGORY) values ('24','Veprove kare 1kg','149,9','Maso a uzeniny','2','77,05384615384615384615384615384615384615');
Insert into V_ZBOZI_STAT (ID_ZBOZI,NAZEV_ZBOZI,CENA,KATEGORIE,POCET_DODAVATELU,AVG_CENA_CATEGORY) values ('28','Sekana pecena 500g','59,9','Maso a uzeniny','2','77,05384615384615384615384615384615384615');
Insert into V_ZBOZI_STAT (ID_ZBOZI,NAZEV_ZBOZI,CENA,KATEGORIE,POCET_DODAVATELU,AVG_CENA_CATEGORY) values ('62','Mlete hovezi 500g','79,9','Maso a uzeniny','1','77,05384615384615384615384615384615384615');
Insert into V_ZBOZI_STAT (ID_ZBOZI,NAZEV_ZBOZI,CENA,KATEGORIE,POCET_DODAVATELU,AVG_CENA_CATEGORY) values ('21','Kureci prsa 1kg','129,9','Maso a uzeniny','3','77,05384615384615384615384615384615384615');
Insert into V_ZBOZI_STAT (ID_ZBOZI,NAZEV_ZBOZI,CENA,KATEGORIE,POCET_DODAVATELU,AVG_CENA_CATEGORY) values ('25','Hovezi predni 1kg','179,9','Maso a uzeniny','2','77,05384615384615384615384615384615384615');
Insert into V_ZBOZI_STAT (ID_ZBOZI,NAZEV_ZBOZI,CENA,KATEGORIE,POCET_DODAVATELU,AVG_CENA_CATEGORY) values ('29','Sunka standard 100g','19,9','Maso a uzeniny','1','77,05384615384615384615384615384615384615');
Insert into V_ZBOZI_STAT (ID_ZBOZI,NAZEV_ZBOZI,CENA,KATEGORIE,POCET_DODAVATELU,AVG_CENA_CATEGORY) values ('31','Klobasy domaci 300g','49,9','Maso a uzeniny','2','77,05384615384615384615384615384615384615');
Insert into V_ZBOZI_STAT (ID_ZBOZI,NAZEV_ZBOZI,CENA,KATEGORIE,POCET_DODAVATELU,AVG_CENA_CATEGORY) values ('59','Kureci stehno 1kg','89,9','Maso a uzeniny','2','77,05384615384615384615384615384615384615');
Insert into V_ZBOZI_STAT (ID_ZBOZI,NAZEV_ZBOZI,CENA,KATEGORIE,POCET_DODAVATELU,AVG_CENA_CATEGORY) values ('66','Kureci srdicka 500g','54,9','Maso a uzeniny','2','77,05384615384615384615384615384615384615');
Insert into V_ZBOZI_STAT (ID_ZBOZI,NAZEV_ZBOZI,CENA,KATEGORIE,POCET_DODAVATELU,AVG_CENA_CATEGORY) values ('68','Sunka premium 100g','24,9','Maso a uzeniny','1','77,05384615384615384615384615384615384615');
Insert into V_ZBOZI_STAT (ID_ZBOZI,NAZEV_ZBOZI,CENA,KATEGORIE,POCET_DODAVATELU,AVG_CENA_CATEGORY) values ('30','Sunka standard 100g','19,9','Maso a uzeniny','2','77,05384615384615384615384615384615384615');
Insert into V_ZBOZI_STAT (ID_ZBOZI,NAZEV_ZBOZI,CENA,KATEGORIE,POCET_DODAVATELU,AVG_CENA_CATEGORY) values ('34','Salam herkules 100g','24,9','Maso a uzeniny','1','77,05384615384615384615384615384615384615');
Insert into V_ZBOZI_STAT (ID_ZBOZI,NAZEV_ZBOZI,CENA,KATEGORIE,POCET_DODAVATELU,AVG_CENA_CATEGORY) values ('35','Parizsky salat 150g','17,9','Maso a uzeniny','2','77,05384615384615384615384615384615384615');
Insert into V_ZBOZI_STAT (ID_ZBOZI,NAZEV_ZBOZI,CENA,KATEGORIE,POCET_DODAVATELU,AVG_CENA_CATEGORY) values ('23','Veprove kare 1kg','149,9','Maso a uzeniny','1','77,05384615384615384615384615384615384615');
Insert into V_ZBOZI_STAT (ID_ZBOZI,NAZEV_ZBOZI,CENA,KATEGORIE,POCET_DODAVATELU,AVG_CENA_CATEGORY) values ('61','Mlete hovezi 500g','79,9','Maso a uzeniny','1','77,05384615384615384615384615384615384615');
Insert into V_ZBOZI_STAT (ID_ZBOZI,NAZEV_ZBOZI,CENA,KATEGORIE,POCET_DODAVATELU,AVG_CENA_CATEGORY) values ('89','Jablka cervena 1kg','39,9','Ovoce','2','43,5');
Insert into V_ZBOZI_STAT (ID_ZBOZI,NAZEV_ZBOZI,CENA,KATEGORIE,POCET_DODAVATELU,AVG_CENA_CATEGORY) values ('91','Hrusek konferencnich 1kg','49,9','Ovoce','2','43,5');
Insert into V_ZBOZI_STAT (ID_ZBOZI,NAZEV_ZBOZI,CENA,KATEGORIE,POCET_DODAVATELU,AVG_CENA_CATEGORY) values ('95','Jablka zelena 1kg','42,9','Ovoce','1','43,5');
Insert into V_ZBOZI_STAT (ID_ZBOZI,NAZEV_ZBOZI,CENA,KATEGORIE,POCET_DODAVATELU,AVG_CENA_CATEGORY) values ('98','Mandarinky sladke 1kg','44,9','Ovoce','2','43,5');
Insert into V_ZBOZI_STAT (ID_ZBOZI,NAZEV_ZBOZI,CENA,KATEGORIE,POCET_DODAVATELU,AVG_CENA_CATEGORY) values ('90','Jablka zelena 1kg','42,9','Ovoce','2','43,5');
Insert into V_ZBOZI_STAT (ID_ZBOZI,NAZEV_ZBOZI,CENA,KATEGORIE,POCET_DODAVATELU,AVG_CENA_CATEGORY) values ('94','Jablka cervena 1kg','39,9','Ovoce','2','43,5');
Insert into V_ZBOZI_STAT (ID_ZBOZI,NAZEV_ZBOZI,CENA,KATEGORIE,POCET_DODAVATELU,AVG_CENA_CATEGORY) values ('96','Hrusek konferencnich 1kg','49,9','Ovoce','2','43,5');
Insert into V_ZBOZI_STAT (ID_ZBOZI,NAZEV_ZBOZI,CENA,KATEGORIE,POCET_DODAVATELU,AVG_CENA_CATEGORY) values ('97','Pomerance velke 1kg','39,9','Ovoce','2','43,5');
Insert into V_ZBOZI_STAT (ID_ZBOZI,NAZEV_ZBOZI,CENA,KATEGORIE,POCET_DODAVATELU,AVG_CENA_CATEGORY) values ('93','Mandarinky sladke 1kg','44,9','Ovoce','2','43,5');
Insert into V_ZBOZI_STAT (ID_ZBOZI,NAZEV_ZBOZI,CENA,KATEGORIE,POCET_DODAVATELU,AVG_CENA_CATEGORY) values ('92','Pomerance velke 1kg','39,9','Ovoce','2','43,5');
Insert into V_ZBOZI_STAT (ID_ZBOZI,NAZEV_ZBOZI,CENA,KATEGORIE,POCET_DODAVATELU,AVG_CENA_CATEGORY) values ('108','Brambory konzumní 5kg','69,9','Zelenina','2','52,9');
Insert into V_ZBOZI_STAT (ID_ZBOZI,NAZEV_ZBOZI,CENA,KATEGORIE,POCET_DODAVATELU,AVG_CENA_CATEGORY) values ('105','Okurky salatkove 1kg','39,9','Zelenina','2','52,9');
Insert into V_ZBOZI_STAT (ID_ZBOZI,NAZEV_ZBOZI,CENA,KATEGORIE,POCET_DODAVATELU,AVG_CENA_CATEGORY) values ('107','Mrkev 1kg','29,9','Zelenina','1','52,9');
Insert into V_ZBOZI_STAT (ID_ZBOZI,NAZEV_ZBOZI,CENA,KATEGORIE,POCET_DODAVATELU,AVG_CENA_CATEGORY) values ('100','Okurky salatkove 1kg','39,9','Zelenina','1','52,9');
Insert into V_ZBOZI_STAT (ID_ZBOZI,NAZEV_ZBOZI,CENA,KATEGORIE,POCET_DODAVATELU,AVG_CENA_CATEGORY) values ('106','Paprika cervena 1kg','69,9','Zelenina','1','52,9');
Insert into V_ZBOZI_STAT (ID_ZBOZI,NAZEV_ZBOZI,CENA,KATEGORIE,POCET_DODAVATELU,AVG_CENA_CATEGORY) values ('101','Paprika cervena 1kg','69,9','Zelenina','2','52,9');
Insert into V_ZBOZI_STAT (ID_ZBOZI,NAZEV_ZBOZI,CENA,KATEGORIE,POCET_DODAVATELU,AVG_CENA_CATEGORY) values ('99','Rajcata cervena 1kg','54,9','Zelenina','2','52,9');
Insert into V_ZBOZI_STAT (ID_ZBOZI,NAZEV_ZBOZI,CENA,KATEGORIE,POCET_DODAVATELU,AVG_CENA_CATEGORY) values ('102','Mrkev 1kg','29,9','Zelenina','2','52,9');
Insert into V_ZBOZI_STAT (ID_ZBOZI,NAZEV_ZBOZI,CENA,KATEGORIE,POCET_DODAVATELU,AVG_CENA_CATEGORY) values ('103','Brambory konzumní 5kg','69,9','Zelenina','1','52,9');
Insert into V_ZBOZI_STAT (ID_ZBOZI,NAZEV_ZBOZI,CENA,KATEGORIE,POCET_DODAVATELU,AVG_CENA_CATEGORY) values ('104','Rajcata cervena 1kg','54,9','Zelenina','1','52,9');
Insert into V_ZBOZI_STAT (ID_ZBOZI,NAZEV_ZBOZI,CENA,KATEGORIE,POCET_DODAVATELU,AVG_CENA_CATEGORY) values ('113','Sprite 2L','31,9','Napoj','1','24');
Insert into V_ZBOZI_STAT (ID_ZBOZI,NAZEV_ZBOZI,CENA,KATEGORIE,POCET_DODAVATELU,AVG_CENA_CATEGORY) values ('116','Energeticky napoj 500ml','29,9','Napoj','1','24');
Insert into V_ZBOZI_STAT (ID_ZBOZI,NAZEV_ZBOZI,CENA,KATEGORIE,POCET_DODAVATELU,AVG_CENA_CATEGORY) values ('125','Pomerancovy dzus 1L','22,9','Napoj','1','24');
Insert into V_ZBOZI_STAT (ID_ZBOZI,NAZEV_ZBOZI,CENA,KATEGORIE,POCET_DODAVATELU,AVG_CENA_CATEGORY) values ('109','Voda neperliva 1.5L','9,9','Napoj','1','24');
Insert into V_ZBOZI_STAT (ID_ZBOZI,NAZEV_ZBOZI,CENA,KATEGORIE,POCET_DODAVATELU,AVG_CENA_CATEGORY) values ('110','Voda perliva 1.5L','10,9','Napoj','2','24');
Insert into V_ZBOZI_STAT (ID_ZBOZI,NAZEV_ZBOZI,CENA,KATEGORIE,POCET_DODAVATELU,AVG_CENA_CATEGORY) values ('121','Cola 2L','32,9','Napoj','1','24');
Insert into V_ZBOZI_STAT (ID_ZBOZI,NAZEV_ZBOZI,CENA,KATEGORIE,POCET_DODAVATELU,AVG_CENA_CATEGORY) values ('122','Fanta pomeranc 2L','31,9','Napoj','1','24');
Insert into V_ZBOZI_STAT (ID_ZBOZI,NAZEV_ZBOZI,CENA,KATEGORIE,POCET_DODAVATELU,AVG_CENA_CATEGORY) values ('124','Jablecny dzus 1L','19,9','Napoj','1','24');
Insert into V_ZBOZI_STAT (ID_ZBOZI,NAZEV_ZBOZI,CENA,KATEGORIE,POCET_DODAVATELU,AVG_CENA_CATEGORY) values ('118','Iced tea citron 1.5L','24,9','Napoj','2','24');
Insert into V_ZBOZI_STAT (ID_ZBOZI,NAZEV_ZBOZI,CENA,KATEGORIE,POCET_DODAVATELU,AVG_CENA_CATEGORY) values ('112','Fanta pomeranc 2L','31,9','Napoj','2','24');
Insert into V_ZBOZI_STAT (ID_ZBOZI,NAZEV_ZBOZI,CENA,KATEGORIE,POCET_DODAVATELU,AVG_CENA_CATEGORY) values ('114','Jablecny dzus 1L','19,9','Napoj','1','24');
Insert into V_ZBOZI_STAT (ID_ZBOZI,NAZEV_ZBOZI,CENA,KATEGORIE,POCET_DODAVATELU,AVG_CENA_CATEGORY) values ('117','Iced tea broskev 1.5L','24,9','Napoj','1','24');
Insert into V_ZBOZI_STAT (ID_ZBOZI,NAZEV_ZBOZI,CENA,KATEGORIE,POCET_DODAVATELU,AVG_CENA_CATEGORY) values ('111','Cola 2L','32,9','Napoj','1','24');
Insert into V_ZBOZI_STAT (ID_ZBOZI,NAZEV_ZBOZI,CENA,KATEGORIE,POCET_DODAVATELU,AVG_CENA_CATEGORY) values ('115','Pomerancovy dzus 1L','22,9','Napoj','1','24');
Insert into V_ZBOZI_STAT (ID_ZBOZI,NAZEV_ZBOZI,CENA,KATEGORIE,POCET_DODAVATELU,AVG_CENA_CATEGORY) values ('119','Voda neperliva 1.5L','9,9','Napoj','1','24');
Insert into V_ZBOZI_STAT (ID_ZBOZI,NAZEV_ZBOZI,CENA,KATEGORIE,POCET_DODAVATELU,AVG_CENA_CATEGORY) values ('120','Voda perliva 1.5L','10,9','Napoj','2','24');
Insert into V_ZBOZI_STAT (ID_ZBOZI,NAZEV_ZBOZI,CENA,KATEGORIE,POCET_DODAVATELU,AVG_CENA_CATEGORY) values ('123','Sprite 2L','31,9','Napoj','1','24');
Insert into V_ZBOZI_STAT (ID_ZBOZI,NAZEV_ZBOZI,CENA,KATEGORIE,POCET_DODAVATELU,AVG_CENA_CATEGORY) values ('126','Energeticky napoj 500ml','29,9','Napoj','1','24');
Insert into V_ZBOZI_STAT (ID_ZBOZI,NAZEV_ZBOZI,CENA,KATEGORIE,POCET_DODAVATELU,AVG_CENA_CATEGORY) values ('127','Iced tea broskev 1.5L','24,9','Napoj','1','24');
Insert into V_ZBOZI_STAT (ID_ZBOZI,NAZEV_ZBOZI,CENA,KATEGORIE,POCET_DODAVATELU,AVG_CENA_CATEGORY) values ('128','Iced tea citron 1.5L','24,9','Napoj','1','24');
Insert into V_ZBOZI_STAT (ID_ZBOZI,NAZEV_ZBOZI,CENA,KATEGORIE,POCET_DODAVATELU,AVG_CENA_CATEGORY) values ('131','Bonbony ovocne 90g','14,9','Sladkosti','2','25,6');
Insert into V_ZBOZI_STAT (ID_ZBOZI,NAZEV_ZBOZI,CENA,KATEGORIE,POCET_DODAVATELU,AVG_CENA_CATEGORY) values ('140','Cokolada horka 100g','26,9','Sladkosti','2','25,6');
Insert into V_ZBOZI_STAT (ID_ZBOZI,NAZEV_ZBOZI,CENA,KATEGORIE,POCET_DODAVATELU,AVG_CENA_CATEGORY) values ('145','Marcipan 100g','34,9','Sladkosti','1','25,6');
Insert into V_ZBOZI_STAT (ID_ZBOZI,NAZEV_ZBOZI,CENA,KATEGORIE,POCET_DODAVATELU,AVG_CENA_CATEGORY) values ('146','Lentilky 80g','29,9','Sladkosti','2','25,6');
Insert into V_ZBOZI_STAT (ID_ZBOZI,NAZEV_ZBOZI,CENA,KATEGORIE,POCET_DODAVATELU,AVG_CENA_CATEGORY) values ('148','Wafle vanilkove 150g','21,9','Sladkosti','1','25,6');
Insert into V_ZBOZI_STAT (ID_ZBOZI,NAZEV_ZBOZI,CENA,KATEGORIE,POCET_DODAVATELU,AVG_CENA_CATEGORY) values ('132','Bonbony karamelove 90g','12,9','Sladkosti','1','25,6');
Insert into V_ZBOZI_STAT (ID_ZBOZI,NAZEV_ZBOZI,CENA,KATEGORIE,POCET_DODAVATELU,AVG_CENA_CATEGORY) values ('139','Cokolada mlečna 100g','24,9','Sladkosti','1','25,6');
Insert into V_ZBOZI_STAT (ID_ZBOZI,NAZEV_ZBOZI,CENA,KATEGORIE,POCET_DODAVATELU,AVG_CENA_CATEGORY) values ('144','Mandle v cokolade 100g','39,9','Sladkosti','1','25,6');
Insert into V_ZBOZI_STAT (ID_ZBOZI,NAZEV_ZBOZI,CENA,KATEGORIE,POCET_DODAVATELU,AVG_CENA_CATEGORY) values ('147','Zmrzlinova tycinka 60g','19,9','Sladkosti','1','25,6');
Insert into V_ZBOZI_STAT (ID_ZBOZI,NAZEV_ZBOZI,CENA,KATEGORIE,POCET_DODAVATELU,AVG_CENA_CATEGORY) values ('129','Cokolada mlečna 100g','24,9','Sladkosti','2','25,6');
Insert into V_ZBOZI_STAT (ID_ZBOZI,NAZEV_ZBOZI,CENA,KATEGORIE,POCET_DODAVATELU,AVG_CENA_CATEGORY) values ('130','Cokolada horka 100g','26,9','Sladkosti','1','25,6');
Insert into V_ZBOZI_STAT (ID_ZBOZI,NAZEV_ZBOZI,CENA,KATEGORIE,POCET_DODAVATELU,AVG_CENA_CATEGORY) values ('134','Mandle v cokolade 100g','39,9','Sladkosti','1','25,6');
Insert into V_ZBOZI_STAT (ID_ZBOZI,NAZEV_ZBOZI,CENA,KATEGORIE,POCET_DODAVATELU,AVG_CENA_CATEGORY) values ('136','Lentilky 80g','29,9','Sladkosti','1','25,6');
Insert into V_ZBOZI_STAT (ID_ZBOZI,NAZEV_ZBOZI,CENA,KATEGORIE,POCET_DODAVATELU,AVG_CENA_CATEGORY) values ('137','Zmrzlinova tycinka 60g','19,9','Sladkosti','2','25,6');
Insert into V_ZBOZI_STAT (ID_ZBOZI,NAZEV_ZBOZI,CENA,KATEGORIE,POCET_DODAVATELU,AVG_CENA_CATEGORY) values ('138','Wafle vanilkove 150g','21,9','Sladkosti','1','25,6');
Insert into V_ZBOZI_STAT (ID_ZBOZI,NAZEV_ZBOZI,CENA,KATEGORIE,POCET_DODAVATELU,AVG_CENA_CATEGORY) values ('133','Cokoladove susenky 150g','29,9','Sladkosti','2','25,6');
Insert into V_ZBOZI_STAT (ID_ZBOZI,NAZEV_ZBOZI,CENA,KATEGORIE,POCET_DODAVATELU,AVG_CENA_CATEGORY) values ('143','Cokoladove susenky 150g','29,9','Sladkosti','1','25,6');
Insert into V_ZBOZI_STAT (ID_ZBOZI,NAZEV_ZBOZI,CENA,KATEGORIE,POCET_DODAVATELU,AVG_CENA_CATEGORY) values ('135','Marcipan 100g','34,9','Sladkosti','2','25,6');
Insert into V_ZBOZI_STAT (ID_ZBOZI,NAZEV_ZBOZI,CENA,KATEGORIE,POCET_DODAVATELU,AVG_CENA_CATEGORY) values ('141','Bonbony ovocne 90g','14,9','Sladkosti','1','25,6');
Insert into V_ZBOZI_STAT (ID_ZBOZI,NAZEV_ZBOZI,CENA,KATEGORIE,POCET_DODAVATELU,AVG_CENA_CATEGORY) values ('142','Bonbony karamelove 90g','12,9','Sladkosti','2','25,6');
Insert into V_ZBOZI_STAT (ID_ZBOZI,NAZEV_ZBOZI,CENA,KATEGORIE,POCET_DODAVATELU,AVG_CENA_CATEGORY) values ('41','Mrazena kukurice 400g','26,9','Mrazene','1','66,9');
Insert into V_ZBOZI_STAT (ID_ZBOZI,NAZEV_ZBOZI,CENA,KATEGORIE,POCET_DODAVATELU,AVG_CENA_CATEGORY) values ('70','Mrazene hranolky 1kg','49,9','Mrazene','0','66,9');
Insert into V_ZBOZI_STAT (ID_ZBOZI,NAZEV_ZBOZI,CENA,KATEGORIE,POCET_DODAVATELU,AVG_CENA_CATEGORY) values ('39','Mrazena brokolice 350g','29,9','Mrazene','1','66,9');
Insert into V_ZBOZI_STAT (ID_ZBOZI,NAZEV_ZBOZI,CENA,KATEGORIE,POCET_DODAVATELU,AVG_CENA_CATEGORY) values ('72','Mrazene maliny 300g','69,9','Mrazene','0','66,9');
Insert into V_ZBOZI_STAT (ID_ZBOZI,NAZEV_ZBOZI,CENA,KATEGORIE,POCET_DODAVATELU,AVG_CENA_CATEGORY) values ('46','Mrazene rybi prsty 300g','54,9','Mrazene','1','66,9');
Insert into V_ZBOZI_STAT (ID_ZBOZI,NAZEV_ZBOZI,CENA,KATEGORIE,POCET_DODAVATELU,AVG_CENA_CATEGORY) values ('75','Zmrzlina cokoladova 1L','89,9','Mrazene','0','66,9');
Insert into V_ZBOZI_STAT (ID_ZBOZI,NAZEV_ZBOZI,CENA,KATEGORIE,POCET_DODAVATELU,AVG_CENA_CATEGORY) values ('42','Mrazena kukurice 400g','26,9','Mrazene','1','66,9');
Insert into V_ZBOZI_STAT (ID_ZBOZI,NAZEV_ZBOZI,CENA,KATEGORIE,POCET_DODAVATELU,AVG_CENA_CATEGORY) values ('45','Mrazene rybi prsty 300g','54,9','Mrazene','1','66,9');
Insert into V_ZBOZI_STAT (ID_ZBOZI,NAZEV_ZBOZI,CENA,KATEGORIE,POCET_DODAVATELU,AVG_CENA_CATEGORY) values ('38','Mrazena pizza Mozzarella','59,9','Mrazene','1','66,9');
Insert into V_ZBOZI_STAT (ID_ZBOZI,NAZEV_ZBOZI,CENA,KATEGORIE,POCET_DODAVATELU,AVG_CENA_CATEGORY) values ('43','Zmrzlina vanilkova 1L','89,9','Mrazene','1','66,9');
Insert into V_ZBOZI_STAT (ID_ZBOZI,NAZEV_ZBOZI,CENA,KATEGORIE,POCET_DODAVATELU,AVG_CENA_CATEGORY) values ('44','Zmrzlina vanilkova 1L','89,9','Mrazene','1','66,9');
Insert into V_ZBOZI_STAT (ID_ZBOZI,NAZEV_ZBOZI,CENA,KATEGORIE,POCET_DODAVATELU,AVG_CENA_CATEGORY) values ('71','Mrazene maliny 300g','69,9','Mrazene','0','66,9');
Insert into V_ZBOZI_STAT (ID_ZBOZI,NAZEV_ZBOZI,CENA,KATEGORIE,POCET_DODAVATELU,AVG_CENA_CATEGORY) values ('73','Mrazene krevety 400g','149,9','Mrazene','0','66,9');
Insert into V_ZBOZI_STAT (ID_ZBOZI,NAZEV_ZBOZI,CENA,KATEGORIE,POCET_DODAVATELU,AVG_CENA_CATEGORY) values ('76','Zmrzlina cokoladova 1L','89,9','Mrazene','0','66,9');
Insert into V_ZBOZI_STAT (ID_ZBOZI,NAZEV_ZBOZI,CENA,KATEGORIE,POCET_DODAVATELU,AVG_CENA_CATEGORY) values ('47','Mrazena zelenina mix 350g','24,9','Mrazene','1','66,9');
Insert into V_ZBOZI_STAT (ID_ZBOZI,NAZEV_ZBOZI,CENA,KATEGORIE,POCET_DODAVATELU,AVG_CENA_CATEGORY) values ('78','Mrazena treska 500g','89,9','Mrazene','0','66,9');
Insert into V_ZBOZI_STAT (ID_ZBOZI,NAZEV_ZBOZI,CENA,KATEGORIE,POCET_DODAVATELU,AVG_CENA_CATEGORY) values ('77','Mrazena treska 500g','89,9','Mrazene','0','66,9');
Insert into V_ZBOZI_STAT (ID_ZBOZI,NAZEV_ZBOZI,CENA,KATEGORIE,POCET_DODAVATELU,AVG_CENA_CATEGORY) values ('40','Mrazena brokolice 350g','29,9','Mrazene','1','66,9');
Insert into V_ZBOZI_STAT (ID_ZBOZI,NAZEV_ZBOZI,CENA,KATEGORIE,POCET_DODAVATELU,AVG_CENA_CATEGORY) values ('69','Mrazene hranolky 1kg','49,9','Mrazene','0','66,9');
Insert into V_ZBOZI_STAT (ID_ZBOZI,NAZEV_ZBOZI,CENA,KATEGORIE,POCET_DODAVATELU,AVG_CENA_CATEGORY) values ('37','Mrazena pizza Mozzarella','59,9','Mrazene','1','66,9');
Insert into V_ZBOZI_STAT (ID_ZBOZI,NAZEV_ZBOZI,CENA,KATEGORIE,POCET_DODAVATELU,AVG_CENA_CATEGORY) values ('48','Mrazena zelenina mix 350g','24,9','Mrazene','1','66,9');
Insert into V_ZBOZI_STAT (ID_ZBOZI,NAZEV_ZBOZI,CENA,KATEGORIE,POCET_DODAVATELU,AVG_CENA_CATEGORY) values ('74','Mrazene krevety 400g','149,9','Mrazene','0','66,9');
Insert into V_ZBOZI_STAT (ID_ZBOZI,NAZEV_ZBOZI,CENA,KATEGORIE,POCET_DODAVATELU,AVG_CENA_CATEGORY) values ('162','Kapesnicky 10x10','29,9','Drogerie','0','54,4');
Insert into V_ZBOZI_STAT (ID_ZBOZI,NAZEV_ZBOZI,CENA,KATEGORIE,POCET_DODAVATELU,AVG_CENA_CATEGORY) values ('164','Kartacek na zuby','29,9','Drogerie','0','54,4');
Insert into V_ZBOZI_STAT (ID_ZBOZI,NAZEV_ZBOZI,CENA,KATEGORIE,POCET_DODAVATELU,AVG_CENA_CATEGORY) values ('165','Zubni pasta 100ml','44,9','Drogerie','0','54,4');
Insert into V_ZBOZI_STAT (ID_ZBOZI,NAZEV_ZBOZI,CENA,KATEGORIE,POCET_DODAVATELU,AVG_CENA_CATEGORY) values ('166','Praci prasek 1.5kg','99,9','Drogerie','0','54,4');
Insert into V_ZBOZI_STAT (ID_ZBOZI,NAZEV_ZBOZI,CENA,KATEGORIE,POCET_DODAVATELU,AVG_CENA_CATEGORY) values ('157','Avivaz 1L','79,9','Drogerie','0','54,4');
Insert into V_ZBOZI_STAT (ID_ZBOZI,NAZEV_ZBOZI,CENA,KATEGORIE,POCET_DODAVATELU,AVG_CENA_CATEGORY) values ('159','Sprchovy gel 250ml','39,9','Drogerie','0','54,4');
Insert into V_ZBOZI_STAT (ID_ZBOZI,NAZEV_ZBOZI,CENA,KATEGORIE,POCET_DODAVATELU,AVG_CENA_CATEGORY) values ('152','Kapesnicky 10x10','29,9','Drogerie','0','54,4');
Insert into V_ZBOZI_STAT (ID_ZBOZI,NAZEV_ZBOZI,CENA,KATEGORIE,POCET_DODAVATELU,AVG_CENA_CATEGORY) values ('153','Tekute mydlo 500ml','34,9','Drogerie','0','54,4');
Insert into V_ZBOZI_STAT (ID_ZBOZI,NAZEV_ZBOZI,CENA,KATEGORIE,POCET_DODAVATELU,AVG_CENA_CATEGORY) values ('155','Zubni pasta 100ml','44,9','Drogerie','0','54,4');
Insert into V_ZBOZI_STAT (ID_ZBOZI,NAZEV_ZBOZI,CENA,KATEGORIE,POCET_DODAVATELU,AVG_CENA_CATEGORY) values ('150','Sampon 400ml','59,9','Drogerie','0','54,4');
Insert into V_ZBOZI_STAT (ID_ZBOZI,NAZEV_ZBOZI,CENA,KATEGORIE,POCET_DODAVATELU,AVG_CENA_CATEGORY) values ('161','Toaletni papir 8ks','74,9','Drogerie','0','54,4');
Insert into V_ZBOZI_STAT (ID_ZBOZI,NAZEV_ZBOZI,CENA,KATEGORIE,POCET_DODAVATELU,AVG_CENA_CATEGORY) values ('149','Sprchovy gel 250ml','39,9','Drogerie','0','54,4');
Insert into V_ZBOZI_STAT (ID_ZBOZI,NAZEV_ZBOZI,CENA,KATEGORIE,POCET_DODAVATELU,AVG_CENA_CATEGORY) values ('154','Kartacek na zuby','29,9','Drogerie','0','54,4');
Insert into V_ZBOZI_STAT (ID_ZBOZI,NAZEV_ZBOZI,CENA,KATEGORIE,POCET_DODAVATELU,AVG_CENA_CATEGORY) values ('160','Sampon 400ml','59,9','Drogerie','0','54,4');
Insert into V_ZBOZI_STAT (ID_ZBOZI,NAZEV_ZBOZI,CENA,KATEGORIE,POCET_DODAVATELU,AVG_CENA_CATEGORY) values ('168','Uklidovy sprej 500ml','49,9','Drogerie','0','54,4');
Insert into V_ZBOZI_STAT (ID_ZBOZI,NAZEV_ZBOZI,CENA,KATEGORIE,POCET_DODAVATELU,AVG_CENA_CATEGORY) values ('156','Praci prasek 1.5kg','99,9','Drogerie','0','54,4');
Insert into V_ZBOZI_STAT (ID_ZBOZI,NAZEV_ZBOZI,CENA,KATEGORIE,POCET_DODAVATELU,AVG_CENA_CATEGORY) values ('151','Toaletni papir 8ks','74,9','Drogerie','0','54,4');
Insert into V_ZBOZI_STAT (ID_ZBOZI,NAZEV_ZBOZI,CENA,KATEGORIE,POCET_DODAVATELU,AVG_CENA_CATEGORY) values ('158','Uklidovy sprej 500ml','49,9','Drogerie','0','54,4');
Insert into V_ZBOZI_STAT (ID_ZBOZI,NAZEV_ZBOZI,CENA,KATEGORIE,POCET_DODAVATELU,AVG_CENA_CATEGORY) values ('163','Tekute mydlo 500ml','34,9','Drogerie','0','54,4');
Insert into V_ZBOZI_STAT (ID_ZBOZI,NAZEV_ZBOZI,CENA,KATEGORIE,POCET_DODAVATELU,AVG_CENA_CATEGORY) values ('167','Avivaz 1L','79,9','Drogerie','0','54,4');
Insert into V_ZBOZI_STAT (ID_ZBOZI,NAZEV_ZBOZI,CENA,KATEGORIE,POCET_DODAVATELU,AVG_CENA_CATEGORY) values ('180','Gambrinus 0.5L','17,9','Alkohol','0','83,7');
Insert into V_ZBOZI_STAT (ID_ZBOZI,NAZEV_ZBOZI,CENA,KATEGORIE,POCET_DODAVATELU,AVG_CENA_CATEGORY) values ('184','Vino bile 0.75L','64,9','Alkohol','0','83,7');
Insert into V_ZBOZI_STAT (ID_ZBOZI,NAZEV_ZBOZI,CENA,KATEGORIE,POCET_DODAVATELU,AVG_CENA_CATEGORY) values ('186','Rum Tuzemsky 0.5L','129,9','Alkohol','0','83,7');
Insert into V_ZBOZI_STAT (ID_ZBOZI,NAZEV_ZBOZI,CENA,KATEGORIE,POCET_DODAVATELU,AVG_CENA_CATEGORY) values ('187','Vodka 0.5L','139,9','Alkohol','1','83,7');
Insert into V_ZBOZI_STAT (ID_ZBOZI,NAZEV_ZBOZI,CENA,KATEGORIE,POCET_DODAVATELU,AVG_CENA_CATEGORY) values ('173','Vino cervene 0.75L','69,9','Alkohol','0','83,7');
Insert into V_ZBOZI_STAT (ID_ZBOZI,NAZEV_ZBOZI,CENA,KATEGORIE,POCET_DODAVATELU,AVG_CENA_CATEGORY) values ('185','Sekt Bohemia 0.75L','99,9','Alkohol','0','83,7');
Insert into V_ZBOZI_STAT (ID_ZBOZI,NAZEV_ZBOZI,CENA,KATEGORIE,POCET_DODAVATELU,AVG_CENA_CATEGORY) values ('170','Gambrinus 0.5L','17,9','Alkohol','1','83,7');
Insert into V_ZBOZI_STAT (ID_ZBOZI,NAZEV_ZBOZI,CENA,KATEGORIE,POCET_DODAVATELU,AVG_CENA_CATEGORY) values ('178','Whisky 0.7L','249,9','Alkohol','1','83,7');
Insert into V_ZBOZI_STAT (ID_ZBOZI,NAZEV_ZBOZI,CENA,KATEGORIE,POCET_DODAVATELU,AVG_CENA_CATEGORY) values ('183','Vino cervene 0.75L','69,9','Alkohol','1','83,7');
Insert into V_ZBOZI_STAT (ID_ZBOZI,NAZEV_ZBOZI,CENA,KATEGORIE,POCET_DODAVATELU,AVG_CENA_CATEGORY) values ('172','Cerne pivo 0.5L','21,9','Alkohol','0','83,7');
Insert into V_ZBOZI_STAT (ID_ZBOZI,NAZEV_ZBOZI,CENA,KATEGORIE,POCET_DODAVATELU,AVG_CENA_CATEGORY) values ('188','Whisky 0.7L','249,9','Alkohol','0','83,7');
Insert into V_ZBOZI_STAT (ID_ZBOZI,NAZEV_ZBOZI,CENA,KATEGORIE,POCET_DODAVATELU,AVG_CENA_CATEGORY) values ('175','Sekt Bohemia 0.75L','99,9','Alkohol','1','83,7');
Insert into V_ZBOZI_STAT (ID_ZBOZI,NAZEV_ZBOZI,CENA,KATEGORIE,POCET_DODAVATELU,AVG_CENA_CATEGORY) values ('179','Pilsner Urquell 0.5L','22,9','Alkohol','0','83,7');
Insert into V_ZBOZI_STAT (ID_ZBOZI,NAZEV_ZBOZI,CENA,KATEGORIE,POCET_DODAVATELU,AVG_CENA_CATEGORY) values ('174','Vino bile 0.75L','64,9','Alkohol','0','83,7');
Insert into V_ZBOZI_STAT (ID_ZBOZI,NAZEV_ZBOZI,CENA,KATEGORIE,POCET_DODAVATELU,AVG_CENA_CATEGORY) values ('177','Vodka 0.5L','139,9','Alkohol','0','83,7');
Insert into V_ZBOZI_STAT (ID_ZBOZI,NAZEV_ZBOZI,CENA,KATEGORIE,POCET_DODAVATELU,AVG_CENA_CATEGORY) values ('171','Kozel 11 0.5L','19,9','Alkohol','0','83,7');
Insert into V_ZBOZI_STAT (ID_ZBOZI,NAZEV_ZBOZI,CENA,KATEGORIE,POCET_DODAVATELU,AVG_CENA_CATEGORY) values ('181','Kozel 11 0.5L','19,9','Alkohol','0','83,7');
Insert into V_ZBOZI_STAT (ID_ZBOZI,NAZEV_ZBOZI,CENA,KATEGORIE,POCET_DODAVATELU,AVG_CENA_CATEGORY) values ('182','Cerne pivo 0.5L','21,9','Alkohol','0','83,7');
Insert into V_ZBOZI_STAT (ID_ZBOZI,NAZEV_ZBOZI,CENA,KATEGORIE,POCET_DODAVATELU,AVG_CENA_CATEGORY) values ('169','Pilsner Urquell 0.5L','22,9','Alkohol','1','83,7');
Insert into V_ZBOZI_STAT (ID_ZBOZI,NAZEV_ZBOZI,CENA,KATEGORIE,POCET_DODAVATELU,AVG_CENA_CATEGORY) values ('176','Rum Tuzemsky 0.5L','129,9','Alkohol','0','83,7');
--------------------------------------------------------
--  DDL for Index ADRESA_PK
--------------------------------------------------------

  CREATE UNIQUE INDEX "ADRESA_PK" ON "ADRESA" ("ID_ADRESA") 
  ;
--------------------------------------------------------
--  DDL for Index APP_ROLE_NAZEV_UN
--------------------------------------------------------

  CREATE UNIQUE INDEX "APP_ROLE_NAZEV_UN" ON "APP_ROLE" ("NAZEV") 
  ;
--------------------------------------------------------
--  DDL for Index APP_ROLE_PK
--------------------------------------------------------

  CREATE UNIQUE INDEX "APP_ROLE_PK" ON "APP_ROLE" ("ID_ROLE") 
  ;
--------------------------------------------------------
--  DDL for Index APP_ROLE_PRAVO_PK
--------------------------------------------------------

  CREATE UNIQUE INDEX "APP_ROLE_PRAVO_PK" ON "APP_ROLE_PRAVO" ("ID_PRAVO", "ID_ROLE") 
  ;
--------------------------------------------------------
--  DDL for Index ARCHIV_PARENT_IDX
--------------------------------------------------------

  CREATE INDEX "ARCHIV_PARENT_IDX" ON "ARCHIV" ("PARENT_ID") 
  ;
--------------------------------------------------------
--  DDL for Index ARCHIV_PK
--------------------------------------------------------

  CREATE UNIQUE INDEX "ARCHIV_PK" ON "ARCHIV" ("ID_ARCHIV") 
  ;
--------------------------------------------------------
--  DDL for Index DODAVATEL_FIRMA_UN
--------------------------------------------------------

  CREATE UNIQUE INDEX "DODAVATEL_FIRMA_UN" ON "DODAVATEL" ("FIRMA") 
  ;
--------------------------------------------------------
--  DDL for Index DODAVATEL_PK
--------------------------------------------------------

  CREATE UNIQUE INDEX "DODAVATEL_PK" ON "DODAVATEL" ("ID_UZIVATELU") 
  ;
--------------------------------------------------------
--  DDL for Index HOTOVOST_PK
--------------------------------------------------------

  CREATE UNIQUE INDEX "HOTOVOST_PK" ON "HOTOVOST" ("ID_PLATBA") 
  ;
--------------------------------------------------------
--  DDL for Index KARTA_PK
--------------------------------------------------------

  CREATE UNIQUE INDEX "KARTA_PK" ON "KARTA" ("ID_PLATBA") 
  ;
--------------------------------------------------------
--  DDL for Index KATEGORIE_ZBOZI_NAZEV_UN
--------------------------------------------------------

  CREATE UNIQUE INDEX "KATEGORIE_ZBOZI_NAZEV_UN" ON "KATEGORIE_ZBOZI" ("NAZEV") 
  ;
--------------------------------------------------------
--  DDL for Index KATEGORIE_ZBOZI_PK
--------------------------------------------------------

  CREATE UNIQUE INDEX "KATEGORIE_ZBOZI_PK" ON "KATEGORIE_ZBOZI" ("ID_KATEGORIE") 
  ;
--------------------------------------------------------
--  DDL for Index LOG_PK
--------------------------------------------------------

  CREATE UNIQUE INDEX "LOG_PK" ON "LOG" ("ID_LOG") 
  ;
--------------------------------------------------------
--  DDL for Index MESTO_PK
--------------------------------------------------------

  CREATE UNIQUE INDEX "MESTO_PK" ON "MESTO" ("PSC") 
  ;
--------------------------------------------------------
--  DDL for Index NOTIFIKACE_PK
--------------------------------------------------------

  CREATE UNIQUE INDEX "NOTIFIKACE_PK" ON "NOTIFIKACE" ("ID_NOTIFIKACE", "ID_ZPRAVA") 
  ;
--------------------------------------------------------
--  DDL for Index OBJEDNAVKA_PK
--------------------------------------------------------

  CREATE UNIQUE INDEX "OBJEDNAVKA_PK" ON "OBJEDNAVKA" ("ID_OBJEDNAVKA") 
  ;
--------------------------------------------------------
--  DDL for Index OBJEDNAVKA_ZBOZI_PK
--------------------------------------------------------

  CREATE UNIQUE INDEX "OBJEDNAVKA_ZBOZI_PK" ON "OBJEDNAVKA_ZBOZI" ("ID_OBJEDNAVKA", "ID_ZBOZI") 
  ;
--------------------------------------------------------
--  DDL for Index OHLASENY__IDX
--------------------------------------------------------

  CREATE UNIQUE INDEX "OHLASENY__IDX" ON "NOTIFIKACE" ("ID_ZPRAVA") 
  ;
--------------------------------------------------------
--  DDL for Index PLATBA__IDX
--------------------------------------------------------

  CREATE UNIQUE INDEX "PLATBA__IDX" ON "PLATBA" ("ID_OBJEDNAVKA") 
  ;
--------------------------------------------------------
--  DDL for Index PLATBA_PK
--------------------------------------------------------

  CREATE UNIQUE INDEX "PLATBA_PK" ON "PLATBA" ("ID_PLATBA") 
  ;
--------------------------------------------------------
--  DDL for Index PLATBA_PU_IDX
--------------------------------------------------------

  CREATE INDEX "PLATBA_PU_IDX" ON "PLATBA" ("ID_POHYB_UCTU") 
  ;
--------------------------------------------------------
--  DDL for Index POHYB_UCTU_PK
--------------------------------------------------------

  CREATE UNIQUE INDEX "POHYB_UCTU_PK" ON "POHYB_UCTU" ("ID_POHYB") 
  ;
--------------------------------------------------------
--  DDL for Index PRAVO_KOD_UN
--------------------------------------------------------

  CREATE UNIQUE INDEX "PRAVO_KOD_UN" ON "PRAVO" ("KOD") 
  ;
--------------------------------------------------------
--  DDL for Index PRAVO_PK
--------------------------------------------------------

  CREATE UNIQUE INDEX "PRAVO_PK" ON "PRAVO" ("ID_PRAVO") 
  ;
--------------------------------------------------------
--  DDL for Index PU_OBJ_IDX
--------------------------------------------------------

  CREATE INDEX "PU_OBJ_IDX" ON "POHYB_UCTU" ("ID_OBJEDNAVKA") 
  ;
--------------------------------------------------------
--  DDL for Index PU_UCET_IDX
--------------------------------------------------------

  CREATE INDEX "PU_UCET_IDX" ON "POHYB_UCTU" ("ID_UCET") 
  ;
--------------------------------------------------------
--  DDL for Index SKLAD_NAZEV_UN
--------------------------------------------------------

  CREATE UNIQUE INDEX "SKLAD_NAZEV_UN" ON "SKLAD" ("NAZEV") 
  ;
--------------------------------------------------------
--  DDL for Index SKLAD_PK
--------------------------------------------------------

  CREATE UNIQUE INDEX "SKLAD_PK" ON "SKLAD" ("ID_SKLAD") 
  ;
--------------------------------------------------------
--  DDL for Index SOUBOR_PK
--------------------------------------------------------

  CREATE UNIQUE INDEX "SOUBOR_PK" ON "SOUBOR" ("ID_SOUBOR") 
  ;
--------------------------------------------------------
--  DDL for Index STATUS_PK
--------------------------------------------------------

  CREATE UNIQUE INDEX "STATUS_PK" ON "STATUS" ("ID_STATUS") 
  ;
--------------------------------------------------------
--  DDL for Index SUPERMARKET__IDX
--------------------------------------------------------

  CREATE UNIQUE INDEX "SUPERMARKET__IDX" ON "SUPERMARKET" ("ID_ADRESA") 
  ;
--------------------------------------------------------
--  DDL for Index SUPERMARKET_NAZEV_UN
--------------------------------------------------------

  CREATE UNIQUE INDEX "SUPERMARKET_NAZEV_UN" ON "SUPERMARKET" ("NAZEV") 
  ;
--------------------------------------------------------
--  DDL for Index SUPERMARKET_PK
--------------------------------------------------------

  CREATE UNIQUE INDEX "SUPERMARKET_PK" ON "SUPERMARKET" ("ID_SUPERMARKET") 
  ;
--------------------------------------------------------
--  DDL for Index UCET_PK
--------------------------------------------------------

  CREATE UNIQUE INDEX "UCET_PK" ON "UCET" ("ID_UCET") 
  ;
--------------------------------------------------------
--  DDL for Index UCET_UZIVATEL_UQ
--------------------------------------------------------

  CREATE UNIQUE INDEX "UCET_UZIVATEL_UQ" ON "UCET" ("ID_UZIVATEL") 
  ;
--------------------------------------------------------
--  DDL for Index UIDX_OBJEDNAVKA_CISLO
--------------------------------------------------------

  CREATE UNIQUE INDEX "UIDX_OBJEDNAVKA_CISLO" ON "OBJEDNAVKA" ("CISLO") 
  ;
--------------------------------------------------------
--  DDL for Index UQ_ZBOZI_SKLAD
--------------------------------------------------------

  CREATE UNIQUE INDEX "UQ_ZBOZI_SKLAD" ON "ZBOZI" ("NAZEV", "SKLAD_ID_SKLAD") 
  ;
--------------------------------------------------------
--  DDL for Index UZIVATEL_EMAIL_UN
--------------------------------------------------------

  CREATE UNIQUE INDEX "UZIVATEL_EMAIL_UN" ON "UZIVATEL" ("EMAIL") 
  ;
--------------------------------------------------------
--  DDL for Index UZIVATEL_PK
--------------------------------------------------------

  CREATE UNIQUE INDEX "UZIVATEL_PK" ON "UZIVATEL" ("ID_UZIVATEL") 
  ;
--------------------------------------------------------
--  DDL for Index UZIVATEL_TELEFONNICISLO_UN
--------------------------------------------------------

  CREATE UNIQUE INDEX "UZIVATEL_TELEFONNICISLO_UN" ON "UZIVATEL" ("TELEFONNICISLO") 
  ;
--------------------------------------------------------
--  DDL for Index ZAKAZNIK_KARTAVERNOSTI_UN
--------------------------------------------------------

  CREATE UNIQUE INDEX "ZAKAZNIK_KARTAVERNOSTI_UN" ON "ZAKAZNIK" ("KARTAVERNOSTI") 
  ;
--------------------------------------------------------
--  DDL for Index ZAKAZNIK_PK
--------------------------------------------------------

  CREATE UNIQUE INDEX "ZAKAZNIK_PK" ON "ZAKAZNIK" ("ID_UZIVATELU") 
  ;
--------------------------------------------------------
--  DDL for Index ZAMESTNANEC_PK
--------------------------------------------------------

  CREATE UNIQUE INDEX "ZAMESTNANEC_PK" ON "ZAMESTNANEC" ("ID_UZIVATELU") 
  ;
--------------------------------------------------------
--  DDL for Index ZBOZI_DODAVATEL_PK
--------------------------------------------------------

  CREATE UNIQUE INDEX "ZBOZI_DODAVATEL_PK" ON "ZBOZI_DODAVATEL" ("ID_UZIVATELU", "ID_ZBOZI") 
  ;
--------------------------------------------------------
--  DDL for Index ZBOZI_PK
--------------------------------------------------------

  CREATE UNIQUE INDEX "ZBOZI_PK" ON "ZBOZI" ("ID_ZBOZI") 
  ;
--------------------------------------------------------
--  DDL for Index ZPRAVA_PK
--------------------------------------------------------

  CREATE UNIQUE INDEX "ZPRAVA_PK" ON "ZPRAVA" ("ID_ZPRAVA") 
  ;
--------------------------------------------------------
--  DDL for Index ADRESA_PK
--------------------------------------------------------

  CREATE UNIQUE INDEX "ADRESA_PK" ON "ADRESA" ("ID_ADRESA") 
  ;
--------------------------------------------------------
--  DDL for Index APP_ROLE_NAZEV_UN
--------------------------------------------------------

  CREATE UNIQUE INDEX "APP_ROLE_NAZEV_UN" ON "APP_ROLE" ("NAZEV") 
  ;
--------------------------------------------------------
--  DDL for Index APP_ROLE_PK
--------------------------------------------------------

  CREATE UNIQUE INDEX "APP_ROLE_PK" ON "APP_ROLE" ("ID_ROLE") 
  ;
--------------------------------------------------------
--  DDL for Index APP_ROLE_PRAVO_PK
--------------------------------------------------------

  CREATE UNIQUE INDEX "APP_ROLE_PRAVO_PK" ON "APP_ROLE_PRAVO" ("ID_PRAVO", "ID_ROLE") 
  ;
--------------------------------------------------------
--  DDL for Index ARCHIV_PK
--------------------------------------------------------

  CREATE UNIQUE INDEX "ARCHIV_PK" ON "ARCHIV" ("ID_ARCHIV") 
  ;
--------------------------------------------------------
--  DDL for Index ARCHIV_PARENT_IDX
--------------------------------------------------------

  CREATE INDEX "ARCHIV_PARENT_IDX" ON "ARCHIV" ("PARENT_ID") 
  ;
--------------------------------------------------------
--  DDL for Index DODAVATEL_PK
--------------------------------------------------------

  CREATE UNIQUE INDEX "DODAVATEL_PK" ON "DODAVATEL" ("ID_UZIVATELU") 
  ;
--------------------------------------------------------
--  DDL for Index DODAVATEL_FIRMA_UN
--------------------------------------------------------

  CREATE UNIQUE INDEX "DODAVATEL_FIRMA_UN" ON "DODAVATEL" ("FIRMA") 
  ;
--------------------------------------------------------
--  DDL for Index HOTOVOST_PK
--------------------------------------------------------

  CREATE UNIQUE INDEX "HOTOVOST_PK" ON "HOTOVOST" ("ID_PLATBA") 
  ;
--------------------------------------------------------
--  DDL for Index KARTA_PK
--------------------------------------------------------

  CREATE UNIQUE INDEX "KARTA_PK" ON "KARTA" ("ID_PLATBA") 
  ;
--------------------------------------------------------
--  DDL for Index KATEGORIE_ZBOZI_PK
--------------------------------------------------------

  CREATE UNIQUE INDEX "KATEGORIE_ZBOZI_PK" ON "KATEGORIE_ZBOZI" ("ID_KATEGORIE") 
  ;
--------------------------------------------------------
--  DDL for Index KATEGORIE_ZBOZI_NAZEV_UN
--------------------------------------------------------

  CREATE UNIQUE INDEX "KATEGORIE_ZBOZI_NAZEV_UN" ON "KATEGORIE_ZBOZI" ("NAZEV") 
  ;
--------------------------------------------------------
--  DDL for Index LOG_PK
--------------------------------------------------------

  CREATE UNIQUE INDEX "LOG_PK" ON "LOG" ("ID_LOG") 
  ;
--------------------------------------------------------
--  DDL for Index MESTO_PK
--------------------------------------------------------

  CREATE UNIQUE INDEX "MESTO_PK" ON "MESTO" ("PSC") 
  ;
--------------------------------------------------------
--  DDL for Index OHLASENY__IDX
--------------------------------------------------------

  CREATE UNIQUE INDEX "OHLASENY__IDX" ON "NOTIFIKACE" ("ID_ZPRAVA") 
  ;
--------------------------------------------------------
--  DDL for Index NOTIFIKACE_PK
--------------------------------------------------------

  CREATE UNIQUE INDEX "NOTIFIKACE_PK" ON "NOTIFIKACE" ("ID_NOTIFIKACE", "ID_ZPRAVA") 
  ;
--------------------------------------------------------
--  DDL for Index UIDX_OBJEDNAVKA_CISLO
--------------------------------------------------------

  CREATE UNIQUE INDEX "UIDX_OBJEDNAVKA_CISLO" ON "OBJEDNAVKA" ("CISLO") 
  ;
--------------------------------------------------------
--  DDL for Index OBJEDNAVKA_PK
--------------------------------------------------------

  CREATE UNIQUE INDEX "OBJEDNAVKA_PK" ON "OBJEDNAVKA" ("ID_OBJEDNAVKA") 
  ;
--------------------------------------------------------
--  DDL for Index OBJEDNAVKA_ZBOZI_PK
--------------------------------------------------------

  CREATE UNIQUE INDEX "OBJEDNAVKA_ZBOZI_PK" ON "OBJEDNAVKA_ZBOZI" ("ID_OBJEDNAVKA", "ID_ZBOZI") 
  ;
--------------------------------------------------------
--  DDL for Index PLATBA_PU_IDX
--------------------------------------------------------

  CREATE INDEX "PLATBA_PU_IDX" ON "PLATBA" ("ID_POHYB_UCTU") 
  ;
--------------------------------------------------------
--  DDL for Index PLATBA__IDX
--------------------------------------------------------

  CREATE UNIQUE INDEX "PLATBA__IDX" ON "PLATBA" ("ID_OBJEDNAVKA") 
  ;
--------------------------------------------------------
--  DDL for Index PLATBA_PK
--------------------------------------------------------

  CREATE UNIQUE INDEX "PLATBA_PK" ON "PLATBA" ("ID_PLATBA") 
  ;
--------------------------------------------------------
--  DDL for Index POHYB_UCTU_PK
--------------------------------------------------------

  CREATE UNIQUE INDEX "POHYB_UCTU_PK" ON "POHYB_UCTU" ("ID_POHYB") 
  ;
--------------------------------------------------------
--  DDL for Index PU_UCET_IDX
--------------------------------------------------------

  CREATE INDEX "PU_UCET_IDX" ON "POHYB_UCTU" ("ID_UCET") 
  ;
--------------------------------------------------------
--  DDL for Index PU_OBJ_IDX
--------------------------------------------------------

  CREATE INDEX "PU_OBJ_IDX" ON "POHYB_UCTU" ("ID_OBJEDNAVKA") 
  ;
--------------------------------------------------------
--  DDL for Index PRAVO_PK
--------------------------------------------------------

  CREATE UNIQUE INDEX "PRAVO_PK" ON "PRAVO" ("ID_PRAVO") 
  ;
--------------------------------------------------------
--  DDL for Index PRAVO_KOD_UN
--------------------------------------------------------

  CREATE UNIQUE INDEX "PRAVO_KOD_UN" ON "PRAVO" ("KOD") 
  ;
--------------------------------------------------------
--  DDL for Index SKLAD_PK
--------------------------------------------------------

  CREATE UNIQUE INDEX "SKLAD_PK" ON "SKLAD" ("ID_SKLAD") 
  ;
--------------------------------------------------------
--  DDL for Index SKLAD_NAZEV_UN
--------------------------------------------------------

  CREATE UNIQUE INDEX "SKLAD_NAZEV_UN" ON "SKLAD" ("NAZEV") 
  ;
--------------------------------------------------------
--  DDL for Index SOUBOR_PK
--------------------------------------------------------

  CREATE UNIQUE INDEX "SOUBOR_PK" ON "SOUBOR" ("ID_SOUBOR") 
  ;
--------------------------------------------------------
--  DDL for Index STATUS_PK
--------------------------------------------------------

  CREATE UNIQUE INDEX "STATUS_PK" ON "STATUS" ("ID_STATUS") 
  ;
--------------------------------------------------------
--  DDL for Index SUPERMARKET__IDX
--------------------------------------------------------

  CREATE UNIQUE INDEX "SUPERMARKET__IDX" ON "SUPERMARKET" ("ID_ADRESA") 
  ;
--------------------------------------------------------
--  DDL for Index SUPERMARKET_PK
--------------------------------------------------------

  CREATE UNIQUE INDEX "SUPERMARKET_PK" ON "SUPERMARKET" ("ID_SUPERMARKET") 
  ;
--------------------------------------------------------
--  DDL for Index SUPERMARKET_NAZEV_UN
--------------------------------------------------------

  CREATE UNIQUE INDEX "SUPERMARKET_NAZEV_UN" ON "SUPERMARKET" ("NAZEV") 
  ;
--------------------------------------------------------
--  DDL for Index UCET_PK
--------------------------------------------------------

  CREATE UNIQUE INDEX "UCET_PK" ON "UCET" ("ID_UCET") 
  ;
--------------------------------------------------------
--  DDL for Index UCET_UZIVATEL_UQ
--------------------------------------------------------

  CREATE UNIQUE INDEX "UCET_UZIVATEL_UQ" ON "UCET" ("ID_UZIVATEL") 
  ;
--------------------------------------------------------
--  DDL for Index UZIVATEL_PK
--------------------------------------------------------

  CREATE UNIQUE INDEX "UZIVATEL_PK" ON "UZIVATEL" ("ID_UZIVATEL") 
  ;
--------------------------------------------------------
--  DDL for Index UZIVATEL_TELEFONNICISLO_UN
--------------------------------------------------------

  CREATE UNIQUE INDEX "UZIVATEL_TELEFONNICISLO_UN" ON "UZIVATEL" ("TELEFONNICISLO") 
  ;
--------------------------------------------------------
--  DDL for Index UZIVATEL_EMAIL_UN
--------------------------------------------------------

  CREATE UNIQUE INDEX "UZIVATEL_EMAIL_UN" ON "UZIVATEL" ("EMAIL") 
  ;
--------------------------------------------------------
--  DDL for Index ZAKAZNIK_PK
--------------------------------------------------------

  CREATE UNIQUE INDEX "ZAKAZNIK_PK" ON "ZAKAZNIK" ("ID_UZIVATELU") 
  ;
--------------------------------------------------------
--  DDL for Index ZAKAZNIK_KARTAVERNOSTI_UN
--------------------------------------------------------

  CREATE UNIQUE INDEX "ZAKAZNIK_KARTAVERNOSTI_UN" ON "ZAKAZNIK" ("KARTAVERNOSTI") 
  ;
--------------------------------------------------------
--  DDL for Index ZAMESTNANEC_PK
--------------------------------------------------------

  CREATE UNIQUE INDEX "ZAMESTNANEC_PK" ON "ZAMESTNANEC" ("ID_UZIVATELU") 
  ;
--------------------------------------------------------
--  DDL for Index ZBOZI_PK
--------------------------------------------------------

  CREATE UNIQUE INDEX "ZBOZI_PK" ON "ZBOZI" ("ID_ZBOZI") 
  ;
--------------------------------------------------------
--  DDL for Index UQ_ZBOZI_SKLAD
--------------------------------------------------------

  CREATE UNIQUE INDEX "UQ_ZBOZI_SKLAD" ON "ZBOZI" ("NAZEV", "SKLAD_ID_SKLAD") 
  ;
--------------------------------------------------------
--  DDL for Index ZBOZI_DODAVATEL_PK
--------------------------------------------------------

  CREATE UNIQUE INDEX "ZBOZI_DODAVATEL_PK" ON "ZBOZI_DODAVATEL" ("ID_UZIVATELU", "ID_ZBOZI") 
  ;
--------------------------------------------------------
--  DDL for Index ZPRAVA_PK
--------------------------------------------------------

  CREATE UNIQUE INDEX "ZPRAVA_PK" ON "ZPRAVA" ("ID_ZPRAVA") 
  ;
--------------------------------------------------------
--  DDL for Trigger ARC_FKARC_3_DODAVATEL
--------------------------------------------------------

  CREATE OR REPLACE EDITIONABLE TRIGGER "ARC_FKARC_3_DODAVATEL" 
BEFORE INSERT OR UPDATE OF ID_uzivatelu 
ON DODAVATEL 
FOR EACH ROW 
DECLARE 
    d INTEGER; 
BEGIN 
    SELECT A.ID_Role INTO d 
    FROM UZIVATEL A 
    WHERE A.ID_Uzivatel = :new.ID_uzivatelu; 
    IF (d IS NULL OR d <> 2) THEN 
        raise_application_error(-20223,'FK DODAVATEL_UZIVATEL_FK in Table DODAVATEL violates Arc constraint on Table UZIVATEL - discriminator column ID_Role doesn''t have value 2'); 
    END IF; 
    EXCEPTION 
    WHEN NO_DATA_FOUND THEN 
        NULL; 
    WHEN OTHERS THEN 
        RAISE; 
END; 

/
ALTER TRIGGER "ARC_FKARC_3_DODAVATEL" ENABLE;
--------------------------------------------------------
--  DDL for Trigger ARC_FKARC_3_ZAKAZNIK
--------------------------------------------------------

  CREATE OR REPLACE EDITIONABLE TRIGGER "ARC_FKARC_3_ZAKAZNIK" 
BEFORE INSERT OR UPDATE OF ID_uzivatelu 
ON ZAKAZNIK 
FOR EACH ROW 
DECLARE 
    d INTEGER; 
BEGIN 
    SELECT A.ID_Role INTO d 
    FROM UZIVATEL A 
    WHERE A.ID_Uzivatel = :new.ID_uzivatelu; 
    IF (d IS NULL OR d <> 3) THEN 
        raise_application_error(-20223,'FK ZAKAZNIK_UZIVATEL_FK in Table ZAKAZNIK violates Arc constraint on Table UZIVATEL - discriminator column ID_Role doesn''t have value 3'); 
    END IF; 
    EXCEPTION 
    WHEN NO_DATA_FOUND THEN 
        NULL; 
    WHEN OTHERS THEN 
        RAISE; 
END; 

/
ALTER TRIGGER "ARC_FKARC_3_ZAKAZNIK" ENABLE;
--------------------------------------------------------
--  DDL for Trigger ARC_FKARC_3_ZAMESTNANEC
--------------------------------------------------------

  CREATE OR REPLACE EDITIONABLE TRIGGER "ARC_FKARC_3_ZAMESTNANEC" 
BEFORE INSERT OR UPDATE OF ID_uzivatelu 
ON ZAMESTNANEC 
FOR EACH ROW 
DECLARE 
    d INTEGER; 
BEGIN 
    SELECT ID_Role 
    INTO d 
    FROM UZIVATEL 
    WHERE ID_Uzivatel = :new.ID_uzivatelu;

    -- Разрешённые роли сотрудника (подтипы ZAMESTNANEC)
    IF d NOT IN (4, 5, 6) THEN 
        raise_application_error(
            -20223,
            'FK ZAMESTNANEC_UZIVATEL_FK: Role musi byt MANAZER (4), ANALYTIK (5), nebo SUPERVIZOR (6)'
        );
    END IF;

EXCEPTION
    WHEN NO_DATA_FOUND THEN NULL;
    WHEN OTHERS THEN RAISE;
END;

/
ALTER TRIGGER "ARC_FKARC_3_ZAMESTNANEC" ENABLE;
--------------------------------------------------------
--  DDL for Trigger ARC_PLATBA_HOTOVOST_CHECK
--------------------------------------------------------

  CREATE OR REPLACE EDITIONABLE TRIGGER "ARC_PLATBA_HOTOVOST_CHECK" 
AFTER INSERT OR UPDATE ON PLATBA
DECLARE
    CURSOR c IS
        SELECT ID_platba, platbaTyp
        FROM PLATBA
        WHERE platbaTyp = 'H';
    v_count NUMBER;
BEGIN
    -- Pro každou platbu typu HOTOVOST zkontrolujeme, zda existuje odpovídající záznam
    FOR r IN c LOOP
        SELECT COUNT(*)
        INTO v_count
        FROM HOTOVOST
        WHERE ID_platba = r.ID_platba;

        IF v_count = 0 THEN
            RAISE_APPLICATION_ERROR(
                -20224,
                'Chybí záznam v HOTOVOST pro PLATBA=' || r.ID_platba ||
                ' (ARC pravidlo platbaTyp = H)'
            );
        END IF;
    END LOOP;
END;

/
ALTER TRIGGER "ARC_PLATBA_HOTOVOST_CHECK" ENABLE;
--------------------------------------------------------
--  DDL for Trigger ARC_PLATBA_KARTA_CHECK
--------------------------------------------------------

  CREATE OR REPLACE EDITIONABLE TRIGGER "ARC_PLATBA_KARTA_CHECK" 
AFTER INSERT OR UPDATE ON PLATBA
DECLARE
    CURSOR c IS
        SELECT ID_platba, platbaTyp
        FROM PLATBA
        WHERE platbaTyp = 'K';
    v_count NUMBER;
BEGIN
    -- ARC pravidlo: pokud platbaTyp = 'K', musí existovat přesně jeden řádek v KARTA
    FOR r IN c LOOP
        SELECT COUNT(*)
        INTO v_count
        FROM KARTA
        WHERE ID_platba = r.ID_platba;

        IF v_count = 0 THEN
            RAISE_APPLICATION_ERROR(
                -20223,
                'Chybí záznam v KARTA pro PLATBA=' || r.ID_platba
            );
        END IF;
    END LOOP;
END;

/
ALTER TRIGGER "ARC_PLATBA_KARTA_CHECK" ENABLE;
--------------------------------------------------------
--  DDL for Trigger BI_POHYB_UCTU
--------------------------------------------------------

  CREATE OR REPLACE EDITIONABLE TRIGGER "BI_POHYB_UCTU" 
BEFORE INSERT ON "POHYB_UCTU"
FOR EACH ROW
 WHEN (NEW."ID_POHYB" IS NULL) BEGIN
  SELECT "SEQ_POHYB_UCTU_ID".NEXTVAL INTO :NEW."ID_POHYB" FROM dual;
END;

/
ALTER TRIGGER "BI_POHYB_UCTU" ENABLE;
--------------------------------------------------------
--  DDL for Trigger BI_UCET
--------------------------------------------------------

  CREATE OR REPLACE EDITIONABLE TRIGGER "BI_UCET" 
BEFORE INSERT ON "UCET"
FOR EACH ROW
 WHEN (NEW."ID_UCET" IS NULL) BEGIN
  SELECT "SEQ_UCET_ID".NEXTVAL INTO :NEW."ID_UCET" FROM dual;
END;

/
ALTER TRIGGER "BI_UCET" ENABLE;
--------------------------------------------------------
--  DDL for Trigger OBJEDNAVKA_ROLE_CHECK
--------------------------------------------------------

  CREATE OR REPLACE EDITIONABLE TRIGGER "OBJEDNAVKA_ROLE_CHECK" 
BEFORE INSERT OR UPDATE ON OBJEDNAVKA
FOR EACH ROW
DECLARE
    v_count NUMBER;
BEGIN
    --------------------------------------------------------------------
    -- KONTROLA: TYP_OBJEDNAVKA = 'ZAKAZNIK'
    -- Uživatel musí existovat v tabulce ZAKAZNIK
    --------------------------------------------------------------------
    IF :NEW.TYP_OBJEDNAVKA = 'ZAKAZNIK' THEN
        SELECT COUNT(*) INTO v_count
        FROM ZAKAZNIK
        WHERE ID_UZIVATELU = :NEW.ID_UZIVATEL;

        IF v_count = 0 THEN
            RAISE_APPLICATION_ERROR(
                -20001,
                'Chyba: Pro TYP_OBJEDNAVKA = ZAKAZNIK musi ID_UZIVATEL existovat v tabulce ZAKAZNIK.'
            );
        END IF;
    END IF;

    --------------------------------------------------------------------
    -- KONTROLA: TYP_OBJEDNAVKA = 'DODAVATEL'
    -- Uživatel musí existovat v tabulce DODAVATEL
    --------------------------------------------------------------------
    IF :NEW.TYP_OBJEDNAVKA = 'DODAVATEL' THEN
        SELECT COUNT(*) INTO v_count
        FROM DODAVATEL
        WHERE ID_UZIVATELU = :NEW.ID_UZIVATEL;

        IF v_count = 0 THEN
            -- povolíme také systémového uživatele s rolí ADMIN (auto-objednávky)
            SELECT COUNT(*) INTO v_count
            FROM UZIVATEL u
            JOIN APP_ROLE r ON r.ID_Role = u.ID_Role
            WHERE u.ID_Uzivatel = :NEW.ID_UZIVATEL
              AND UPPER(r.nazev) = 'ADMIN';
        END IF;

        IF v_count = 0 THEN
            RAISE_APPLICATION_ERROR(
                -20002,
                'Chyba: Pro TYP_OBJEDNAVKA = DODAVATEL musi ID_UZIVATEL existovat v tabulce DODAVATEL nebo mit roli ADMIN.'
            );
        END IF;
    END IF;

END;

/
ALTER TRIGGER "OBJEDNAVKA_ROLE_CHECK" ENABLE;
--------------------------------------------------------
--  DDL for Trigger TRG_ADRESA_ID
--------------------------------------------------------

  CREATE OR REPLACE EDITIONABLE TRIGGER "TRG_ADRESA_ID" 
BEFORE INSERT ON ADRESA 
FOR EACH ROW 
 WHEN (NEW.ID_Adresa IS NULL) BEGIN 
    :NEW.ID_Adresa := SEQ_ADRESA_ID.NEXTVAL; 
END;

/
ALTER TRIGGER "TRG_ADRESA_ID" ENABLE;
--------------------------------------------------------
--  DDL for Trigger TRG_ADRESA_LOG
--------------------------------------------------------

  CREATE OR REPLACE EDITIONABLE TRIGGER "TRG_ADRESA_LOG" 
AFTER INSERT OR UPDATE OR DELETE ON ADRESA
FOR EACH ROW
DECLARE
    v_operace       CHAR(1);
    v_nova          VARCHAR2(4000);
    v_stara         VARCHAR2(4000);
    v_id_rekord     VARCHAR2(4000);
    v_archiv_id     NUMBER;
BEGIN
    --------------------------------------------------------------------
    -- 1) Typ prováděné operace
    --------------------------------------------------------------------
    IF INSERTING THEN
        v_operace := 'I';
    ELSIF UPDATING THEN
        v_operace := 'U';
    ELSE
        v_operace := 'D';
    END IF;

    --------------------------------------------------------------------
    -- 2) Archivní složka Global Log
    --------------------------------------------------------------------
    SELECT ID_Archiv
    INTO v_archiv_id
    FROM ARCHIV
    WHERE NAZEV = 'Global Log';

    --------------------------------------------------------------------
    -- 3) Nová data (bez ID)
    --------------------------------------------------------------------
    IF INSERTING OR UPDATING THEN
        v_nova :=
              'ulice='              || :NEW.ULICE
           || '; cisloPopisne='     || :NEW.CISLOPOPISNE
           || '; cisloOrientacni='  || :NEW.CISLOORIENTACNI
           || '; psc='              || :NEW.MESTO_PSC;
    END IF;

    --------------------------------------------------------------------
    -- 4) Stará data (bez ID)
    --------------------------------------------------------------------
    IF UPDATING OR DELETING THEN
        v_stara :=
              'ulice='              || :OLD.ULICE
           || '; cisloPopisne='     || :OLD.CISLOPOPISNE
           || '; cisloOrientacni='  || :OLD.CISLOORIENTACNI
           || '; psc='              || :OLD.MESTO_PSC;
    END IF;

    --------------------------------------------------------------------
    -- 5) idRekord – jednoznačný text adresy (ulice + číslo)
    --------------------------------------------------------------------
    IF INSERTING OR UPDATING THEN
        v_id_rekord :=
              :NEW.ULICE || ' '
           || :NEW.CISLOPOPISNE || '/' || :NEW.CISLOORIENTACNI;
    ELSE
        v_id_rekord :=
              :OLD.ULICE || ' '
           || :OLD.CISLOPOPISNE || '/' || :OLD.CISLOORIENTACNI;
    END IF;

    --------------------------------------------------------------------
    -- 6) Zápis do LOG
    --------------------------------------------------------------------
    INSERT INTO LOG (
        ID_Log, tabulkaNazev, operace, datumZmeny,
        idRekord, novaData, staraData, popis, ID_Archiv
    ) VALUES (
        SEQ_LOG_ID.NEXTVAL,
        'ADRESA',
        v_operace,
        SYSDATE,
        v_id_rekord,
        v_nova,
        v_stara,
        'Log změny adresy',
        v_archiv_id
    );
END;

/
ALTER TRIGGER "TRG_ADRESA_LOG" ENABLE;
--------------------------------------------------------
--  DDL for Trigger TRG_APP_PRAVO_LOG
--------------------------------------------------------

  CREATE OR REPLACE EDITIONABLE TRIGGER "TRG_APP_PRAVO_LOG" 
AFTER INSERT OR UPDATE OR DELETE ON PRAVO
FOR EACH ROW
DECLARE
    v_operace     CHAR(1);
    v_nova        VARCHAR2(4000);
    v_stara       VARCHAR2(4000);
    v_id_rekord   VARCHAR2(200);
    v_archiv_id   NUMBER;
BEGIN
    --------------------------------------------------------------------
    -- 1) Určení typu operace
    --------------------------------------------------------------------
    IF INSERTING THEN
        v_operace := 'I';
    ELSIF UPDATING THEN
        v_operace := 'U';
    ELSE
        v_operace := 'D';
    END IF;

    --------------------------------------------------------------------
    -- 2) Archivní složka GlobalLog
    --------------------------------------------------------------------
    SELECT ID_Archiv
    INTO v_archiv_id
    FROM ARCHIV
    WHERE Nazev = 'Global Log';

    --------------------------------------------------------------------
    -- 3) Nová data (jen čitelné hodnoty, žádná ID)
    --------------------------------------------------------------------
    IF INSERTING OR UPDATING THEN
        v_nova :=
              'kod='   || :NEW.KOD
           || '; nazev=' || :NEW.NAZEV
           || '; popis=' || SUBSTR(:NEW.POPIS, 1, 500);
    END IF;

    --------------------------------------------------------------------
    -- 4) Stará data (jen čitelné hodnoty)
    --------------------------------------------------------------------
    IF UPDATING OR DELETING THEN
        v_stara :=
              'kod='   || :OLD.KOD
           || '; nazev=' || :OLD.NAZEV
           || '; popis=' || SUBSTR(:OLD.POPIS, 1, 500);
    END IF;

    --------------------------------------------------------------------
    -- 5) idRekord = KOD práva (bez ID)
    --------------------------------------------------------------------
    IF INSERTING OR UPDATING THEN
        v_id_rekord := :NEW.KOD;
    ELSE
        v_id_rekord := :OLD.KOD;
    END IF;

    --------------------------------------------------------------------
    -- 6) Zápis logu
    --------------------------------------------------------------------
    INSERT INTO LOG (
        ID_Log, tabulkaNazev, operace, datumZmeny,
        idRekord, novaData, staraData, popis, ID_Archiv
    ) VALUES (
        SEQ_LOG_ID.NEXTVAL,
        'PRAVO',
        v_operace,
        SYSDATE,
        v_id_rekord,
        v_nova,
        v_stara,
        'Log změny práva',
        v_archiv_id
    );
END;

/
ALTER TRIGGER "TRG_APP_PRAVO_LOG" ENABLE;
--------------------------------------------------------
--  DDL for Trigger TRG_APP_ROLE_LOG
--------------------------------------------------------

  CREATE OR REPLACE EDITIONABLE TRIGGER "TRG_APP_ROLE_LOG" 
AFTER INSERT OR UPDATE OR DELETE ON APP_ROLE
FOR EACH ROW
DECLARE
    v_operace     CHAR(1);
    v_nova        VARCHAR2(4000);
    v_stara       VARCHAR2(4000);
    v_id_rekord   VARCHAR2(200);
    v_archiv_id   NUMBER;
BEGIN
    --------------------------------------------------------------------
    -- 1) Typ operace
    --------------------------------------------------------------------
    IF INSERTING THEN
        v_operace := 'I';
    ELSIF UPDATING THEN
        v_operace := 'U';
    ELSE
        v_operace := 'D';
    END IF;

    --------------------------------------------------------------------
    -- 2) Archivní složka GlobalLog
    --------------------------------------------------------------------
    SELECT ID_Archiv
    INTO v_archiv_id
    FROM ARCHIV
    WHERE Nazev = 'Global Log';

    --------------------------------------------------------------------
    -- 3) Nová data (pouze čitelné hodnoty)
    --------------------------------------------------------------------
    IF INSERTING OR UPDATING THEN
        v_nova := 'nazev=' || :NEW.NAZEV;
    END IF;

    --------------------------------------------------------------------
    -- 4) Stará data
    --------------------------------------------------------------------
    IF UPDATING OR DELETING THEN
        v_stara := 'nazev=' || :OLD.NAZEV;
    END IF;

    --------------------------------------------------------------------
    -- 5) idRekord = název role
    --------------------------------------------------------------------
    IF INSERTING OR UPDATING THEN
        v_id_rekord := :NEW.NAZEV;
    ELSE
        v_id_rekord := :OLD.NAZEV;
    END IF;

    --------------------------------------------------------------------
    -- 6) Zápis do LOG
    --------------------------------------------------------------------
    INSERT INTO LOG (
        ID_Log, tabulkaNazev, operace, datumZmeny,
        idRekord, novaData, staraData, popis, ID_Archiv
    ) VALUES (
        SEQ_LOG_ID.NEXTVAL,
        'APP_ROLE',
        v_operace,
        SYSDATE,
        v_id_rekord,
        v_nova,
        v_stara,
        'Log změny role',
        v_archiv_id
    );
END;

/
ALTER TRIGGER "TRG_APP_ROLE_LOG" ENABLE;
--------------------------------------------------------
--  DDL for Trigger TRG_APP_ROLE_PRAVO_LOG
--------------------------------------------------------

  CREATE OR REPLACE EDITIONABLE TRIGGER "TRG_APP_ROLE_PRAVO_LOG" 
AFTER INSERT OR UPDATE OR DELETE ON APP_ROLE_PRAVO
FOR EACH ROW
DECLARE
    v_operace     CHAR(1);
    v_nova        VARCHAR2(4000);
    v_stara       VARCHAR2(4000);
    v_id_rekord   VARCHAR2(4000);

    v_archiv_id   NUMBER;
    v_role_nazev  VARCHAR2(200);
    v_pravo_kod   VARCHAR2(200);
BEGIN
    --------------------------------------------------------------------
    -- 1) Typ operace
    --------------------------------------------------------------------
    IF INSERTING THEN
        v_operace := 'I';
    ELSIF UPDATING THEN
        v_operace := 'U';
    ELSE
        v_operace := 'D';
    END IF;

    --------------------------------------------------------------------
    -- 2) Archivní složka GlobalLog
    --------------------------------------------------------------------
    SELECT ID_Archiv
    INTO v_archiv_id
    FROM ARCHIV
    WHERE Nazev = 'Global Log';

    --------------------------------------------------------------------
    -- 3) Načtení názvu role (bez ID)
    --------------------------------------------------------------------
    SELECT NAZEV
    INTO v_role_nazev
    FROM APP_ROLE
    WHERE ID_ROLE = NVL(:NEW.ID_ROLE, :OLD.ID_ROLE);

    --------------------------------------------------------------------
    -- 4) Načtení kódu práva (bez ID)
    --------------------------------------------------------------------
    SELECT KOD
    INTO v_pravo_kod
    FROM PRAVO
    WHERE ID_PRAVO = NVL(:NEW.ID_PRAVO, :OLD.ID_PRAVO);

    --------------------------------------------------------------------
    -- 5) Nová data (role + právo)
    --------------------------------------------------------------------
    IF INSERTING OR UPDATING THEN
        v_nova :=
              'role='  || v_role_nazev
           || '; pravo=' || v_pravo_kod;
    END IF;

    --------------------------------------------------------------------
    -- 6) Stará data (role + právo)
    --------------------------------------------------------------------
    IF UPDATING OR DELETING THEN
        v_stara :=
              'role='  || v_role_nazev
           || '; pravo=' || v_pravo_kod;
    END IF;

    --------------------------------------------------------------------
    -- 7) idRekord = kombinace role + pravo (bez ID)
    --------------------------------------------------------------------
    v_id_rekord :=
          'role='  || v_role_nazev
       || '; pravo=' || v_pravo_kod;

    --------------------------------------------------------------------
    -- 8) Zápis logu
    --------------------------------------------------------------------
    INSERT INTO LOG (
        ID_Log, tabulkaNazev, operace, datumZmeny,
        idRekord, novaData, staraData, popis, ID_Archiv
    ) VALUES (
        SEQ_LOG_ID.NEXTVAL,
        'APP_ROLE_PRAVO',
        v_operace,
        SYSDATE,
        v_id_rekord,
        v_nova,
        v_stara,
        'Log změny přiřazení práva k roli',
        v_archiv_id
    );
END;

/
ALTER TRIGGER "TRG_APP_ROLE_PRAVO_LOG" ENABLE;
--------------------------------------------------------
--  DDL for Trigger TRG_ARCHIV_ID
--------------------------------------------------------

  CREATE OR REPLACE EDITIONABLE TRIGGER "TRG_ARCHIV_ID" 
BEFORE INSERT ON ARCHIV 
FOR EACH ROW 
 WHEN (NEW.ID_Archiv IS NULL) BEGIN 
    :NEW.ID_Archiv := SEQ_ARCHIV_ID.NEXTVAL; 
END;

/
ALTER TRIGGER "TRG_ARCHIV_ID" ENABLE;
--------------------------------------------------------
--  DDL for Trigger TRG_DODAVATEL_LOG
--------------------------------------------------------

  CREATE OR REPLACE EDITIONABLE TRIGGER "TRG_DODAVATEL_LOG" 
AFTER INSERT OR UPDATE OR DELETE ON DODAVATEL
FOR EACH ROW
DECLARE
    v_root_id        NUMBER;
    v_archiv_uz      NUMBER;

    v_operace        CHAR(1);
    v_nova           VARCHAR2(4000);
    v_stara          VARCHAR2(4000);

    v_id_rekord      VARCHAR2(4000);   -- půjde do LOG.idRekord (firma)
    v_uzivatel_jmeno VARCHAR2(200);
    v_id_uzivatel    NUMBER;
BEGIN
    --------------------------------------------------------------------
    -- 1) Operace
    --------------------------------------------------------------------
    IF INSERTING THEN
        v_operace := 'I';
    ELSIF UPDATING THEN
        v_operace := 'U';
    ELSE
        v_operace := 'D';
    END IF;

    --------------------------------------------------------------------
    -- 2) Zjistíme ID_Uzivatel ze DODAVATEL
    --------------------------------------------------------------------
    IF INSERTING OR UPDATING THEN
        v_id_uzivatel := :NEW.ID_Uzivatelu;
    ELSE
        v_id_uzivatel := :OLD.ID_Uzivatelu;
    END IF;

    --------------------------------------------------------------------
    -- 3) Načteme jméno uživatele z UZIVATEL
    --------------------------------------------------------------------
    SELECT jmeno || ' ' || prijmeni
    INTO v_uzivatel_jmeno
    FROM UZIVATEL
    WHERE ID_Uzivatel = v_id_uzivatel;

    --------------------------------------------------------------------
    -- 4) ROOT archiv
    --------------------------------------------------------------------
    SELECT ID_Archiv
    INTO v_root_id
    FROM ARCHIV
    WHERE Parent_id IS NULL;

    --------------------------------------------------------------------
    -- 5) podsložka 'Uzivatele'
    --------------------------------------------------------------------
    SELECT ID_Archiv
    INTO v_archiv_uz
    FROM ARCHIV
    WHERE Parent_id = v_root_id
      AND Nazev = 'Uzivatele';

    --------------------------------------------------------------------
    -- 6) Nová data (čitelné, bez ID)
    --------------------------------------------------------------------
    IF INSERTING OR UPDATING THEN
        v_nova :=
              'dodavatel=' || :NEW.firma
           || '; uzivatel=' || v_uzivatel_jmeno;
    END IF;

    --------------------------------------------------------------------
    -- 7) Stará data (čitelné, bez ID)
    --------------------------------------------------------------------
    IF UPDATING OR DELETING THEN
        v_stara :=
              'dodavatel=' || :OLD.firma
           || '; uzivatel=' || v_uzivatel_jmeno;
    END IF;

    --------------------------------------------------------------------
    -- 8) idRekord = název firmy (žádné ID)
    --------------------------------------------------------------------
    IF INSERTING OR UPDATING THEN
        v_id_rekord := :NEW.firma;
    ELSE
        v_id_rekord := :OLD.firma;
    END IF;

    --------------------------------------------------------------------
    -- 9) zápis logu
    --------------------------------------------------------------------
    INSERT INTO LOG (
        ID_Log, tabulkaNazev, operace, datumZmeny,
        idRekord, novaData, staraData, popis, ID_Archiv
    ) VALUES (
        SEQ_LOG_ID.NEXTVAL,
        'DODAVATEL',
        v_operace,
        SYSDATE,
        v_id_rekord,              -- firma místo ID
        v_nova,
        v_stara,
        'Log změny dodavatele',
        v_archiv_uz
    );
END;

/
ALTER TRIGGER "TRG_DODAVATEL_LOG" ENABLE;
--------------------------------------------------------
--  DDL for Trigger TRG_KATEGORIE_ID
--------------------------------------------------------

  CREATE OR REPLACE EDITIONABLE TRIGGER "TRG_KATEGORIE_ID" 
BEFORE INSERT ON Kategorie_zbozi 
FOR EACH ROW 
 WHEN (NEW.ID_Kategorie IS NULL) BEGIN 
    :NEW.ID_Kategorie := SEQ_KATEGORIE_ID.NEXTVAL; 
END;

/
ALTER TRIGGER "TRG_KATEGORIE_ID" ENABLE;
--------------------------------------------------------
--  DDL for Trigger TRG_KATEGORIE_ZBOZI_LOG
--------------------------------------------------------

  CREATE OR REPLACE EDITIONABLE TRIGGER "TRG_KATEGORIE_ZBOZI_LOG" 
AFTER INSERT OR UPDATE OR DELETE ON KATEGORIE_ZBOZI
FOR EACH ROW
DECLARE
    v_operace    CHAR(1);
    v_nova       VARCHAR2(4000);
    v_stara      VARCHAR2(4000);
    v_id_rekord  VARCHAR2(200);
    v_archiv_id  NUMBER;
BEGIN
    --------------------------------------------------------------------
    -- 1) Typ operace
    --------------------------------------------------------------------
    IF INSERTING THEN
        v_operace := 'I';
    ELSIF UPDATING THEN
        v_operace := 'U';
    ELSE
        v_operace := 'D';
    END IF;

    --------------------------------------------------------------------
    -- 2) Archivní složka Global Log
    --------------------------------------------------------------------
    SELECT ID_Archiv INTO v_archiv_id
    FROM ARCHIV WHERE NAZEV = 'Global Log';

    --------------------------------------------------------------------
    -- 3) Nová data
    --------------------------------------------------------------------
    IF INSERTING OR UPDATING THEN
        v_nova :=
              'nazev=' || :NEW.NAZEV
           || '; popis=' || :NEW.POPIS;
    END IF;

    --------------------------------------------------------------------
    -- 4) Stará data
    --------------------------------------------------------------------
    IF UPDATING OR DELETING THEN
        v_stara :=
              'nazev=' || :OLD.NAZEV
           || '; popis=' || :OLD.POPIS;
    END IF;

    --------------------------------------------------------------------
    -- 5) idRekord = název kategorie
    --------------------------------------------------------------------
    IF INSERTING OR UPDATING THEN
        v_id_rekord := :NEW.NAZEV;
    ELSE
        v_id_rekord := :OLD.NAZEV;
    END IF;

    --------------------------------------------------------------------
    -- 6) Zápis do LOG
    --------------------------------------------------------------------
    INSERT INTO LOG (
        ID_Log, tabulkaNazev, operace, datumZmeny,
        idRekord, novaData, staraData, popis, ID_Archiv
    ) VALUES (
        SEQ_LOG_ID.NEXTVAL,
        'KATEGORIE_ZBOZI',
        v_operace,
        SYSDATE,
        v_id_rekord,
        v_nova,
        v_stara,
        'Log změn kategorií zboží',
        v_archiv_id
    );
END;

/
ALTER TRIGGER "TRG_KATEGORIE_ZBOZI_LOG" ENABLE;
--------------------------------------------------------
--  DDL for Trigger TRG_LOG_ID
--------------------------------------------------------

  CREATE OR REPLACE EDITIONABLE TRIGGER "TRG_LOG_ID" 
BEFORE INSERT ON LOG 
FOR EACH ROW 
 WHEN (NEW.ID_Log IS NULL) BEGIN 
    :NEW.ID_Log := SEQ_LOG_ID.NEXTVAL; 
END;

/
ALTER TRIGGER "TRG_LOG_ID" ENABLE;
--------------------------------------------------------
--  DDL for Trigger TRG_NOTIFIKACE_ID
--------------------------------------------------------

  CREATE OR REPLACE EDITIONABLE TRIGGER "TRG_NOTIFIKACE_ID" 
BEFORE INSERT ON Notifikace 
FOR EACH ROW 
 WHEN (NEW.ID_Notifikace IS NULL) BEGIN 
    :NEW.ID_Notifikace := SEQ_NOTIFIKACE_ID.NEXTVAL; 
END;

/
ALTER TRIGGER "TRG_NOTIFIKACE_ID" ENABLE;
--------------------------------------------------------
--  DDL for Trigger TRG_NOTIFIKACE_LOG
--------------------------------------------------------

  CREATE OR REPLACE EDITIONABLE TRIGGER "TRG_NOTIFIKACE_LOG" 
AFTER INSERT OR UPDATE OR DELETE ON NOTIFIKACE
FOR EACH ROW
DECLARE
    v_operace    CHAR(1);
    v_nova       VARCHAR2(4000);
    v_stara      VARCHAR2(4000);
    v_id_rekord  VARCHAR2(4000);
    v_archiv_id  NUMBER;
BEGIN
    --------------------------------------------------------------------
    -- 1) Typ operace
    --------------------------------------------------------------------
    IF INSERTING THEN
        v_operace := 'I';
    ELSIF UPDATING THEN
        v_operace := 'U';
    ELSE
        v_operace := 'D';
    END IF;

    --------------------------------------------------------------------
    -- 2) Archivní složka Global Log
    --------------------------------------------------------------------
    SELECT ID_Archiv INTO v_archiv_id
    FROM ARCHIV WHERE NAZEV = 'Global Log';

    --------------------------------------------------------------------
    -- 3) Nová data (bez ID)
    --------------------------------------------------------------------
    IF INSERTING OR UPDATING THEN
        v_nova :=
              'authtoken=' || :NEW.AUTHTOKEN
           || '; endpoint=' || :NEW.ENDPOINT
           || '; p256dh='   || :NEW.P256DH
           || '; adresat='  || :NEW.ADRESAT;
    END IF;

    --------------------------------------------------------------------
    -- 4) Stará data (bez ID)
    --------------------------------------------------------------------
    IF UPDATING OR DELETING THEN
        v_stara :=
              'authtoken=' || :OLD.AUTHTOKEN
           || '; endpoint=' || :OLD.ENDPOINT
           || '; p256dh='   || :OLD.P256DH
           || '; adresat='  || :OLD.ADRESAT;
    END IF;

    --------------------------------------------------------------------
    -- 5) idRekord – použijeme adresáta (jedinečný údaj)
    --------------------------------------------------------------------
    IF INSERTING OR UPDATING THEN
        v_id_rekord := :NEW.ADRESAT;
    ELSE
        v_id_rekord := :OLD.ADRESAT;
    END IF;

    --------------------------------------------------------------------
    -- 6) Zápis do LOG
    --------------------------------------------------------------------
    INSERT INTO LOG (
        ID_Log, tabulkaNazev, operace, datumZmeny,
        idRekord, novaData, staraData, popis, ID_Archiv
    ) VALUES (
        SEQ_LOG_ID.NEXTVAL,
        'NOTIFIKACE',
        v_operace,
        SYSDATE,
        v_id_rekord,
        v_nova,
        v_stara,
        'Log změn notifikací',
        v_archiv_id
    );
END;

/
ALTER TRIGGER "TRG_NOTIFIKACE_LOG" ENABLE;
--------------------------------------------------------
--  DDL for Trigger TRG_OBEC_LOG
--------------------------------------------------------

  CREATE OR REPLACE EDITIONABLE TRIGGER "TRG_OBEC_LOG" 
AFTER INSERT OR UPDATE OR DELETE ON MESTO
FOR EACH ROW
DECLARE
    v_operace    CHAR(1);
    v_nova       VARCHAR2(4000);
    v_stara      VARCHAR2(4000);
    v_id_rekord  VARCHAR2(20);
    v_archiv_id  NUMBER;
BEGIN
    --------------------------------------------------------------------
    -- 1) Typ operace
    --------------------------------------------------------------------
    IF INSERTING THEN
        v_operace := 'I';
    ELSIF UPDATING THEN
        v_operace := 'U';
    ELSE
        v_operace := 'D';
    END IF;

    --------------------------------------------------------------------
    -- 2) Archivní složka Global Log
    --------------------------------------------------------------------
    SELECT ID_Archiv INTO v_archiv_id
    FROM ARCHIV WHERE NAZEV = 'Global Log';

    --------------------------------------------------------------------
    -- 3) Nová data
    --------------------------------------------------------------------
    IF INSERTING OR UPDATING THEN
        v_nova :=
              'psc='   || :NEW.PSC
           || '; nazev=' || :NEW.NAZEV
           || '; kraj='  || :NEW.KRAJ;
    END IF;

    --------------------------------------------------------------------
    -- 4) Stará data
    --------------------------------------------------------------------
    IF UPDATING OR DELETING THEN
        v_stara :=
              'psc='   || :OLD.PSC
           || '; nazev=' || :OLD.NAZEV
           || '; kraj='  || :OLD.KRAJ;
    END IF;

    --------------------------------------------------------------------
    -- 5) idRekord = PSC
    --------------------------------------------------------------------
    IF INSERTING OR UPDATING THEN
        v_id_rekord := :NEW.PSC;
    ELSE
        v_id_rekord := :OLD.PSC;
    END IF;

    --------------------------------------------------------------------
    -- 6) Zápis do LOG
    --------------------------------------------------------------------
    INSERT INTO LOG (
        ID_Log, tabulkaNazev, operace, datumZmeny,
        idRekord, novaData, staraData, popis, ID_Archiv
    ) VALUES (
        SEQ_LOG_ID.NEXTVAL,
        'OBEC',
        v_operace,
        SYSDATE,
        v_id_rekord,
        v_nova,
        v_stara,
        'Log změn obcí (PSČ)',
        v_archiv_id
    );
END;

/
ALTER TRIGGER "TRG_OBEC_LOG" ENABLE;
--------------------------------------------------------
--  DDL for Trigger TRG_OBJEDNAVKA_CISLO
--------------------------------------------------------

  CREATE OR REPLACE EDITIONABLE TRIGGER "TRG_OBJEDNAVKA_CISLO" 
BEFORE INSERT OR UPDATE OF CISLO ON OBJEDNAVKA
FOR EACH ROW
BEGIN
  IF INSERTING THEN
    IF :NEW.cislo IS NULL THEN
      :NEW.cislo := FN_BUILD_CISLO(:NEW.id_objednavka, :NEW.datum);
    END IF;
  ELSIF UPDATING THEN
    IF :OLD.cislo IS NOT NULL AND NVL(:NEW.cislo,'x') <> :OLD.cislo THEN
      RAISE_APPLICATION_ERROR(-20001, 'CISLO nelze menit.');
    END IF;
    IF :NEW.cislo IS NULL THEN
      :NEW.cislo := FN_BUILD_CISLO(:NEW.id_objednavka, :NEW.datum);
    END IF;
  END IF;
END;

/
ALTER TRIGGER "TRG_OBJEDNAVKA_CISLO" ENABLE;
--------------------------------------------------------
--  DDL for Trigger TRG_OBJEDNAVKA_ID
--------------------------------------------------------

  CREATE OR REPLACE EDITIONABLE TRIGGER "TRG_OBJEDNAVKA_ID" 
BEFORE INSERT ON OBJEDNAVKA 
FOR EACH ROW 
 WHEN (NEW.ID_Objednavka IS NULL) BEGIN 
    :NEW.ID_Objednavka := SEQ_OBJEDNAVKA_ID.NEXTVAL; 
END;

/
ALTER TRIGGER "TRG_OBJEDNAVKA_ID" ENABLE;
--------------------------------------------------------
--  DDL for Trigger TRG_OBJEDNAVKA_LOG
--------------------------------------------------------

  CREATE OR REPLACE EDITIONABLE TRIGGER "TRG_OBJEDNAVKA_LOG" 
AFTER INSERT OR UPDATE OR DELETE ON OBJEDNAVKA
FOR EACH ROW
DECLARE
    v_supermarket_id   NUMBER;
    v_root_id          NUMBER;
    v_archiv_super     NUMBER;
    v_archiv_log       NUMBER;
    v_archiv_obj       NUMBER;

    v_operace          CHAR(1);
    v_nova             VARCHAR2(4000);
    v_stara            VARCHAR2(4000);

    v_id_rekord        VARCHAR2(4000);   -- půjde do LOG.idRekord (VARCHAR2)
    v_super_nazev      VARCHAR2(200);
    v_status_nazev     VARCHAR2(200);
    v_uzivatel_jmeno   VARCHAR2(200);
BEGIN
    --------------------------------------------------------------------
    -- 1) Typ operace
    --------------------------------------------------------------------
    IF INSERTING THEN
        v_operace := 'I';
    ELSIF UPDATING THEN
        v_operace := 'U';
    ELSE
        v_operace := 'D';
    END IF;

    --------------------------------------------------------------------
    -- 2) Získání ID supermarketu (z NEW/OLD)
    --------------------------------------------------------------------
    IF INSERTING OR UPDATING THEN
        v_supermarket_id := :NEW.ID_Supermarket;
    ELSE
        v_supermarket_id := :OLD.ID_Supermarket;
    END IF;

    --------------------------------------------------------------------
    -- 3) Název supermarketu
    --------------------------------------------------------------------
    SELECT Nazev
    INTO v_super_nazev
    FROM SUPERMARKET
    WHERE ID_Supermarket = v_supermarket_id;

    --------------------------------------------------------------------
    -- 4) Název statusu a uživatele (ČITELNÉ, ne ID)
    --------------------------------------------------------------------
    IF INSERTING OR UPDATING THEN
        -- status objednávky
        SELECT Nazev
        INTO v_status_nazev
        FROM STATUS   -- TODO: tvoje tabulka pro status
        WHERE ID_Status = :NEW.ID_Status;

        -- uživatel (např. jméno + příjmení nebo login)
        SELECT jmeno || ' ' || prijmeni
        INTO v_uzivatel_jmeno
        FROM UZIVATEL           -- TODO: tvoje tabulka uživatelů
        WHERE ID_Uzivatel = :NEW.ID_Uzivatel;
    ELSE
        SELECT Nazev
        INTO v_status_nazev
        FROM STATUS
        WHERE ID_Status = :OLD.ID_Status;

        SELECT jmeno || ' ' || prijmeni
        INTO v_uzivatel_jmeno
        FROM UZIVATEL
        WHERE ID_Uzivatel = :OLD.ID_Uzivatel;
    END IF;

    --------------------------------------------------------------------
    -- 5) Najdeme ROOT archiv (hlavní kořen)
    --------------------------------------------------------------------
    SELECT ID_Archiv
    INTO v_root_id
    FROM ARCHIV
    WHERE Parent_id IS NULL;

    --------------------------------------------------------------------
    -- 6) Archiv supermarketu podle názvu
    --------------------------------------------------------------------
    SELECT a.ID_Archiv
    INTO v_archiv_super
    FROM ARCHIV a
    JOIN SUPERMARKET s ON s.NAZEV = a.NAZEV
    WHERE s.ID_Supermarket = v_supermarket_id
      AND a.Parent_id = v_root_id;

    --------------------------------------------------------------------
    -- 7) Složka "Log"
    --------------------------------------------------------------------
    SELECT ID_Archiv
    INTO v_archiv_log
    FROM ARCHIV
    WHERE Parent_id = v_archiv_super
      AND Nazev = 'Log';

    --------------------------------------------------------------------
    -- 8) Podsložka "Objednavky"
    --------------------------------------------------------------------
    SELECT ID_Archiv
    INTO v_archiv_obj
    FROM ARCHIV
    WHERE Parent_id = v_archiv_log
      AND Nazev = 'Objednavky';

    --------------------------------------------------------------------
    -- 9) NOVÁ data – jen čitelné hodnoty, žádná ID
    --------------------------------------------------------------------
    IF INSERTING OR UPDATING THEN
        v_nova :=
              'datum='       || TO_CHAR(:NEW.datum, 'YYYY-MM-DD HH24:MI:SS')
            || '; status='   || v_status_nazev
            || '; typ='      || :NEW.typ_objednavka
            || '; uzivatel=' || v_uzivatel_jmeno
            || '; supermarket=' || v_super_nazev;
    END IF;

    --------------------------------------------------------------------
    -- 10) STARÁ data – taky bez ID
    --------------------------------------------------------------------
    IF UPDATING OR DELETING THEN
        v_stara :=
              'datum='       || TO_CHAR(:OLD.datum, 'YYYY-MM-DD HH24:MI:SS')
            || '; status='   || v_status_nazev
            || '; typ='      || :OLD.typ_objednavka
            || '; uzivatel=' || v_uzivatel_jmeno
            || '; supermarket=' || v_super_nazev;
    END IF;

    --------------------------------------------------------------------
    -- 11) idRekord – jméno uživatele (žádné ID)
    --------------------------------------------------------------------
    v_id_rekord := v_uzivatel_jmeno;

    --------------------------------------------------------------------
    -- 12) Zápis do LOG tabulky
    --------------------------------------------------------------------
    INSERT INTO LOG (
        ID_Log,
        tabulkaNazev,
        operace,
        datumZmeny,
        idRekord,
        novaData,
        staraData,
        popis,
        ID_Archiv
    ) VALUES (
        SEQ_LOG_ID.NEXTVAL,
        'OBJEDNAVKA',
        v_operace,
        SYSDATE,
        v_id_rekord,             -- jméno uživatele místo ID
        v_nova,
        v_stara,
        'Log změny objednávky',
        v_archiv_obj
    );
END;

/
ALTER TRIGGER "TRG_OBJEDNAVKA_LOG" ENABLE;
--------------------------------------------------------
--  DDL for Trigger TRG_PLATBA_ARC_CREATE
--------------------------------------------------------

  CREATE OR REPLACE EDITIONABLE TRIGGER "TRG_PLATBA_ARC_CREATE" 
AFTER INSERT ON PLATBA
FOR EACH ROW
BEGIN
    IF :NEW.platbaTyp = 'H' THEN
        INSERT INTO HOTOVOST(ID_platba, prijato, vraceno)
        VALUES(:NEW.ID_platba, 0, 0);
    ELSIF :NEW.platbaTyp = 'K' THEN
        INSERT INTO KARTA(ID_platba, cisloKarty)
        VALUES(:NEW.ID_platba, '0000-0000-0000-0000');
    ELSIF :NEW.platbaTyp = 'U' THEN
        NULL; -- кошелёк: карта/наличка не создаются
    END IF;
END;

/
ALTER TRIGGER "TRG_PLATBA_ARC_CREATE" ENABLE;
--------------------------------------------------------
--  DDL for Trigger TRG_PLATBA_ID
--------------------------------------------------------

  CREATE OR REPLACE EDITIONABLE TRIGGER "TRG_PLATBA_ID" 
BEFORE INSERT ON PLATBA 
FOR EACH ROW 
 WHEN (NEW.ID_platba IS NULL) BEGIN 
    :NEW.ID_platba := SEQ_PLATBA_ID.NEXTVAL; 
END;

/
ALTER TRIGGER "TRG_PLATBA_ID" ENABLE;
--------------------------------------------------------
--  DDL for Trigger TRG_PLATBA_LOG
--------------------------------------------------------

  CREATE OR REPLACE EDITIONABLE TRIGGER "TRG_PLATBA_LOG" 
AFTER INSERT OR UPDATE OR DELETE ON PLATBA
FOR EACH ROW
DECLARE
    v_supermarket_id   NUMBER;
    v_root_id          NUMBER;
    v_archiv_super     NUMBER;
    v_archiv_log       NUMBER;
    v_archiv_platby    NUMBER;

    v_operace          CHAR(1);
    v_nova             VARCHAR2(4000);
    v_stara            VARCHAR2(4000);

    v_id_rekord        VARCHAR2(4000);   
    v_super_nazev      VARCHAR2(200);
    v_obj_datum        DATE;
    v_obj_typ          VARCHAR2(100);
    v_uzivatel_jmeno   VARCHAR2(200);
BEGIN
    --------------------------------------------------------------------
    -- 1) Určení operace
    --------------------------------------------------------------------
    IF INSERTING THEN
        v_operace := 'I';
    ELSIF UPDATING THEN
        v_operace := 'U';
    ELSE
        v_operace := 'D';
    END IF;

    --------------------------------------------------------------------
    -- 2) Zjištění supermarketu + info o objednávce + uživatel
    --    (vezmeme info z OBJEDNAVKA, ale NEpoužijeme její ID do logu)
    --------------------------------------------------------------------
    IF INSERTING OR UPDATING THEN
        SELECT o.ID_Supermarket,
               o.datum,
               o.typ_objednavka,
               u.jmeno || ' ' || u.prijmeni
        INTO  v_supermarket_id,
              v_obj_datum,
              v_obj_typ,
              v_uzivatel_jmeno
        FROM OBJEDNAVKA o
        JOIN UZIVATEL u ON u.ID_Uzivatel = o.ID_Uzivatel
        WHERE o.ID_Objednavka = :NEW.ID_Objednavka;
    ELSE
        SELECT o.ID_Supermarket,
               o.datum,
               o.typ_objednavka,
               u.jmeno || ' ' || u.prijmeni
        INTO  v_supermarket_id,
              v_obj_datum,
              v_obj_typ,
              v_uzivatel_jmeno
        FROM OBJEDNAVKA o
        JOIN UZIVATEL u ON u.ID_Uzivatel = o.ID_Uzivatel
        WHERE o.ID_Objednavka = :OLD.ID_Objednavka;
    END IF;

    --------------------------------------------------------------------
    -- 3) Název supermarketu
    --------------------------------------------------------------------
    SELECT Nazev
    INTO v_super_nazev
    FROM SUPERMARKET
    WHERE ID_Supermarket = v_supermarket_id;

    --------------------------------------------------------------------
    -- 4) Najdeme ROOT archiv
    --------------------------------------------------------------------
    SELECT ID_Archiv
    INTO v_root_id
    FROM ARCHIV
    WHERE Parent_id IS NULL;

    --------------------------------------------------------------------
    -- 5) Složka supermarketu
    --------------------------------------------------------------------
    SELECT a.ID_Archiv
    INTO v_archiv_super
    FROM ARCHIV a
    JOIN SUPERMARKET s ON s.NAZEV = a.NAZEV
    WHERE s.ID_Supermarket = v_supermarket_id
      AND a.Parent_id = v_root_id;

    --------------------------------------------------------------------
    -- 6) Složka "Log"
    --------------------------------------------------------------------
    SELECT ID_Archiv
    INTO v_archiv_log
    FROM ARCHIV
    WHERE Parent_id = v_archiv_super
      AND Nazev = 'Log';

    --------------------------------------------------------------------
    -- 7) Podsložka "Platby"
    --------------------------------------------------------------------
    SELECT ID_Archiv
    INTO v_archiv_platby
    FROM ARCHIV
    WHERE Parent_id = v_archiv_log
      AND Nazev = 'Platby';

    --------------------------------------------------------------------
    -- 8) NOVÁ data – čitelné, bez ID
    --------------------------------------------------------------------
    IF INSERTING OR UPDATING THEN
        v_nova :=
              'castka='       || TO_CHAR(:NEW.castka)
            || '; datum='     || TO_CHAR(:NEW.datum, 'YYYY-MM-DD HH24:MI:SS')
            || '; objednavka='|| v_obj_typ || ' (' || v_uzivatel_jmeno || ')'
            || '; supermarket=' || v_super_nazev
            || '; typ='       || :NEW.platbaTyp;
    END IF;

    --------------------------------------------------------------------
    -- 9) STARÁ data – taky bez ID
    --------------------------------------------------------------------
    IF UPDATING OR DELETING THEN
        v_stara :=
              'castka='       || TO_CHAR(:OLD.castka)
            || '; datum='     || TO_CHAR(:OLD.datum, 'YYYY-MM-DD HH24:MI:SS')
            || '; objednavka='|| v_obj_typ || ' (' || v_uzivatel_jmeno || ')'
            || '; supermarket=' || v_super_nazev
            || '; typ='       || :OLD.platbaTyp;
    END IF;

    --------------------------------------------------------------------
    -- 10) idRekord – čitelný identifikátor platby (žádné ID)
    --------------------------------------------------------------------
    IF INSERTING OR UPDATING THEN
        v_id_rekord :=
            'PLATBA ' ||
            TO_CHAR(:NEW.datum, 'YYYY-MM-DD HH24:MI') ||
            ' / ' || v_super_nazev;
    ELSE
        v_id_rekord :=
            'PLATBA ' ||
            TO_CHAR(:OLD.datum, 'YYYY-MM-DD HH24:MI') ||
            ' / ' || v_super_nazev;
    END IF;

    --------------------------------------------------------------------
    -- 11) Uložení logu
    --------------------------------------------------------------------
    INSERT INTO LOG (
        ID_Log,
        tabulkaNazev,
        operace,
        datumZmeny,
        idRekord,
        novaData,
        staraData,
        popis,
        ID_Archiv
    ) VALUES (
        SEQ_LOG_ID.NEXTVAL,
        'PLATBA',
        v_operace,
        SYSDATE,
        v_id_rekord,
        v_nova,
        v_stara,
        'Log změny platby',
        v_archiv_platby
    );
END;

/
ALTER TRIGGER "TRG_PLATBA_LOG" ENABLE;
--------------------------------------------------------
--  DDL for Trigger TRG_POHYB_LOG
--------------------------------------------------------

  CREATE OR REPLACE EDITIONABLE TRIGGER "TRG_POHYB_LOG" 
AFTER INSERT OR UPDATE OR DELETE ON POHYB_UCTU
FOR EACH ROW
DECLARE
    v_root_id          NUMBER;
    v_archiv_ucty      NUMBER;
    v_archiv_platby    NUMBER;

    v_operace          CHAR(1);
    v_nova             VARCHAR2(4000);
    v_stara            VARCHAR2(4000);

    v_id_rekord        VARCHAR2(4000);
    v_user_jmeno       VARCHAR2(200);
BEGIN
    -- Operace
    IF INSERTING THEN
        v_operace := 'I';
    ELSIF UPDATING THEN
        v_operace := 'U';
    ELSE
        v_operace := 'D';
    END IF;

    -- ROOT + UCTY / Platby složka
    SELECT ID_Archiv INTO v_root_id FROM ARCHIV WHERE Parent_id IS NULL;

    BEGIN
        SELECT ID_Archiv
          INTO v_archiv_ucty
          FROM ARCHIV
         WHERE Parent_id = v_root_id
           AND Nazev = 'UCTY';
    EXCEPTION
        WHEN NO_DATA_FOUND THEN v_archiv_ucty := v_root_id;
    END;

    BEGIN
        SELECT ID_Archiv INTO v_archiv_platby FROM ARCHIV WHERE Parent_id = v_archiv_ucty AND Nazev = 'Platby';
    EXCEPTION
        WHEN NO_DATA_FOUND THEN v_archiv_platby := v_archiv_ucty;
    END;

    -- Uživatelská data
    IF INSERTING OR UPDATING THEN
        SELECT u.jmeno || ' ' || u.prijmeni
          INTO v_user_jmeno
          FROM UCET uc
          JOIN UZIVATEL u ON u.ID_Uzivatel = uc.ID_Uzivatel
         WHERE uc.ID_Ucet = :NEW.ID_Ucet;
    ELSE
        SELECT u.jmeno || ' ' || u.prijmeni
          INTO v_user_jmeno
          FROM UCET uc
          JOIN UZIVATEL u ON u.ID_Uzivatel = uc.ID_Uzivatel
         WHERE uc.ID_Ucet = :OLD.ID_Ucet;
    END IF;

    -- Data
    IF INSERTING OR UPDATING THEN
        v_nova :=
              'smer=' || :NEW.smer
            || '; metoda=' || :NEW.metoda
            || '; castka=' || TO_CHAR(:NEW.castka)
            || '; pozn=' || :NEW.poznamka
            || '; objednavka=' || CASE WHEN :NEW.ID_Objednavka IS NULL THEN 'bez' ELSE 'ano' END;
    END IF;

    IF UPDATING OR DELETING THEN
        v_stara :=
              'smer=' || :OLD.smer
            || '; metoda=' || :OLD.metoda
            || '; castka=' || TO_CHAR(:OLD.castka)
            || '; pozn=' || :OLD.poznamka
            || '; objednavka=' || CASE WHEN :OLD.ID_Objednavka IS NULL THEN 'bez' ELSE 'ano' END;
    END IF;

    v_id_rekord := 'POHYB / ' || v_user_jmeno;

    INSERT INTO LOG (
        ID_Log,
        tabulkaNazev,
        operace,
        datumZmeny,
        idRekord,
        novaData,
        staraData,
        popis,
        ID_Archiv
    ) VALUES (
        SEQ_LOG_ID.NEXTVAL,
        'POHYB_UCTU',
        v_operace,
        SYSDATE,
        v_id_rekord,
        v_nova,
        v_stara,
        'Log změny pohybu na účtu',
        v_archiv_platby
    );
END;

/
ALTER TRIGGER "TRG_POHYB_LOG" ENABLE;
--------------------------------------------------------
--  DDL for Trigger TRG_PRAVO_ID
--------------------------------------------------------

  CREATE OR REPLACE EDITIONABLE TRIGGER "TRG_PRAVO_ID" 
BEFORE INSERT ON PRAVO 
FOR EACH ROW 
 WHEN (NEW.ID_Pravo IS NULL) BEGIN 
    :NEW.ID_Pravo := SEQ_PRAVO_ID.NEXTVAL; 
END;

/
ALTER TRIGGER "TRG_PRAVO_ID" ENABLE;
--------------------------------------------------------
--  DDL for Trigger TRG_ROLE_ID
--------------------------------------------------------

  CREATE OR REPLACE EDITIONABLE TRIGGER "TRG_ROLE_ID" 
BEFORE INSERT ON APP_ROLE 
FOR EACH ROW 
 WHEN (NEW.ID_Role IS NULL) BEGIN 
    :NEW.ID_Role := SEQ_ROLE_ID.NEXTVAL; 
END;

/
ALTER TRIGGER "TRG_ROLE_ID" ENABLE;
--------------------------------------------------------
--  DDL for Trigger TRG_SKALD_ID
--------------------------------------------------------

  CREATE OR REPLACE EDITIONABLE TRIGGER "TRG_SKALD_ID" 
BEFORE INSERT ON SKLAD 
FOR EACH ROW 
 WHEN (NEW.ID_Sklad IS NULL) BEGIN 
    :NEW.ID_Sklad := SEQ_SKALD_ID.NEXTVAL; 
END;

/
ALTER TRIGGER "TRG_SKALD_ID" ENABLE;
--------------------------------------------------------
--  DDL for Trigger TRG_SKLAD_CAPACITY
--------------------------------------------------------

  CREATE OR REPLACE EDITIONABLE TRIGGER "TRG_SKLAD_CAPACITY" 
AFTER INSERT OR UPDATE ON ZBOZI
DECLARE
    CURSOR c IS
        SELECT DISTINCT id_sklad FROM SKLAD_CAPACITY_TMP;

    v_sklad NUMBER;
    v_capacity NUMBER;
    v_total NUMBER;
BEGIN
    -- проверяем каждый склад, который был затронут
    OPEN c;
    LOOP
        FETCH c INTO v_sklad;
        EXIT WHEN c%NOTFOUND;

        -- kapacita skladu
        SELECT kapacita
        INTO v_capacity
        FROM SKLAD
        WHERE ID_Sklad = v_sklad;

        -- celkové množství ve skladu
        SELECT NVL(SUM(mnozstvi),0)
        INTO v_total
        FROM ZBOZI
        WHERE SKLAD_ID_Sklad = v_sklad;

        -- pokud překročeno → chyba
        IF v_total > v_capacity THEN
            DELETE FROM SKLAD_CAPACITY_TMP;
            RAISE_APPLICATION_ERROR(
                -20001,
                'Sklad ' || v_sklad || ' je plny: prekrocena kapacita!'
            );
        END IF;

    END LOOP;
    CLOSE c;

    -- очистить временные данные после проверки
    DELETE FROM SKLAD_CAPACITY_TMP;
END;

/
ALTER TRIGGER "TRG_SKLAD_CAPACITY" ENABLE;
--------------------------------------------------------
--  DDL for Trigger TRG_SKLAD_CAPACITY_BR
--------------------------------------------------------

  CREATE OR REPLACE EDITIONABLE TRIGGER "TRG_SKLAD_CAPACITY_BR" 
BEFORE INSERT OR UPDATE ON ZBOZI
FOR EACH ROW
BEGIN
    -- записать новые данные для проверки после UPDATE/INSERT
    INSERT INTO SKLAD_CAPACITY_TMP (id_zbozi, id_sklad, mnozstvi)
    VALUES (:NEW.ID_Zbozi, :NEW.SKLAD_ID_Sklad, :NEW.mnozstvi);
END;

/
ALTER TRIGGER "TRG_SKLAD_CAPACITY_BR" ENABLE;
--------------------------------------------------------
--  DDL for Trigger TRG_SKLAD_LOG
--------------------------------------------------------

  CREATE OR REPLACE EDITIONABLE TRIGGER "TRG_SKLAD_LOG" 
AFTER INSERT OR UPDATE OR DELETE ON SKLAD
FOR EACH ROW
DECLARE
    v_supermarket_id  NUMBER;
    v_root_id         NUMBER;
    v_archiv_super    NUMBER;
    v_archiv_log      NUMBER;
    v_archiv_ostatni  NUMBER;

    v_operace         CHAR(1);
    v_nova            VARCHAR2(4000);
    v_stara           VARCHAR2(4000);

    v_id_rekord       VARCHAR2(4000);   
    v_super_nazev     VARCHAR2(200);
BEGIN
    --------------------------------------------------------------------
    -- 1) Určení typu operace
    --------------------------------------------------------------------
    IF INSERTING THEN
        v_operace := 'I';
    ELSIF UPDATING THEN
        v_operace := 'U';
    ELSE
        v_operace := 'D';
    END IF;

    --------------------------------------------------------------------
    -- 2) Zjištění ID supermarketu
    --------------------------------------------------------------------
    IF INSERTING OR UPDATING THEN
        v_supermarket_id := :NEW.ID_Supermarket;
    ELSE
        v_supermarket_id := :OLD.ID_Supermarket;
    END IF;

    --------------------------------------------------------------------
    -- 3) Název supermarketu
    --------------------------------------------------------------------
    SELECT Nazev
    INTO v_super_nazev
    FROM SUPERMARKET
    WHERE ID_Supermarket = v_supermarket_id;

    --------------------------------------------------------------------
    -- 4) Najdeme ROOT archiv
    --------------------------------------------------------------------
    SELECT ID_Archiv
    INTO v_root_id
    FROM ARCHIV
    WHERE Parent_id IS NULL;

    --------------------------------------------------------------------
    -- 5) Najdeme složku supermarketu
    --------------------------------------------------------------------
    SELECT a.ID_Archiv
    INTO v_archiv_super
    FROM ARCHIV a
    JOIN SUPERMARKET s ON s.NAZEV = a.NAZEV
    WHERE s.ID_Supermarket = v_supermarket_id
      AND a.Parent_id = v_root_id;

    --------------------------------------------------------------------
    -- 6) Najdeme složku "Log"
    --------------------------------------------------------------------
    SELECT ID_Archiv
    INTO v_archiv_log
    FROM ARCHIV
    WHERE Parent_id = v_archiv_super
      AND Nazev = 'Log';

    --------------------------------------------------------------------
    -- 7) Najdeme podsložku "Ostatni"
    --------------------------------------------------------------------
    SELECT ID_Archiv
    INTO v_archiv_ostatni
    FROM ARCHIV
    WHERE Parent_id = v_archiv_log
      AND Nazev = 'Ostatni';

    --------------------------------------------------------------------
    -- 8) NOVÁ data – bez ID, jen názvy
    --------------------------------------------------------------------
    IF INSERTING OR UPDATING THEN
        v_nova :=
              'nazev='        || :NEW.nazev
            || '; kapacita='  || :NEW.kapacita
            || '; telefon='   || :NEW.telefonniCislo
            || '; supermarket=' || v_super_nazev;
    END IF;

    --------------------------------------------------------------------
    -- 9) STARÁ data – taky bez ID
    --------------------------------------------------------------------
    IF UPDATING OR DELETING THEN
        v_stara :=
              'nazev='        || :OLD.nazev
            || '; kapacita='  || :OLD.kapacita
            || '; telefon='   || :OLD.telefonniCislo
            || '; supermarket=' || v_super_nazev;
    END IF;

    --------------------------------------------------------------------
    -- 10) idRekord = název skladu (žádné ID)
    --------------------------------------------------------------------
    IF INSERTING OR UPDATING THEN
        v_id_rekord := :NEW.nazev;
    ELSE
        v_id_rekord := :OLD.nazev;
    END IF;

    --------------------------------------------------------------------
    -- 11) Zápis logu
    --------------------------------------------------------------------
    INSERT INTO LOG (
        ID_Log,
        tabulkaNazev,
        operace,
        datumZmeny,
        idRekord,
        novaData,
        staraData,
        popis,
        ID_Archiv
    )
    VALUES (
        SEQ_LOG_ID.NEXTVAL,
        'SKLAD',
        v_operace,
        SYSDATE,
        v_id_rekord,              -- název skladu místo ID
        v_nova,
        v_stara,
        'Log změny skladu',
        v_archiv_ostatni
    );
END;

/
ALTER TRIGGER "TRG_SKLAD_LOG" ENABLE;
--------------------------------------------------------
--  DDL for Trigger TRG_SOUBOR_ID
--------------------------------------------------------

  CREATE OR REPLACE EDITIONABLE TRIGGER "TRG_SOUBOR_ID" 
BEFORE INSERT ON SOUBOR 
FOR EACH ROW 
 WHEN (NEW.ID_Soubor IS NULL) BEGIN 
    :NEW.ID_Soubor := SEQ_SOUBOR_ID.NEXTVAL; 
END;

/
ALTER TRIGGER "TRG_SOUBOR_ID" ENABLE;
--------------------------------------------------------
--  DDL for Trigger TRG_STATUS_ID
--------------------------------------------------------

  CREATE OR REPLACE EDITIONABLE TRIGGER "TRG_STATUS_ID" 
BEFORE INSERT ON STATUS 
FOR EACH ROW 
 WHEN (NEW.ID_Status IS NULL) BEGIN 
    :NEW.ID_Status := SEQ_STATUS_ID.NEXTVAL; 
END;

/
ALTER TRIGGER "TRG_STATUS_ID" ENABLE;
--------------------------------------------------------
--  DDL for Trigger TRG_SUPERMARKET_ARCHIV_CREATE
--------------------------------------------------------

  CREATE OR REPLACE EDITIONABLE TRIGGER "TRG_SUPERMARKET_ARCHIV_CREATE" 
AFTER INSERT ON SUPERMARKET
FOR EACH ROW
DECLARE
    v_root_id NUMBER;
    v_sup_id NUMBER;
    v_log_id NUMBER;
BEGIN
    --------------------------------------------------------------------
    --  Najdeme kořenovou složku archivu
    --------------------------------------------------------------------
    SELECT ID_Archiv
    INTO v_root_id
    FROM ARCHIV
    WHERE Parent_id IS NULL;

    --------------------------------------------------------------------
    --  Vytvoříme složku supermarketu podle názvu
    --------------------------------------------------------------------
    INSERT INTO ARCHIV (ID_Archiv, Nazev, Popis, Parent_id)
    VALUES (
        SEQ_ARCHIV_ID.NEXTVAL,
        :NEW.NAZEV,                         -- Název supermarketu
        'Archiv pro supermarket ' || :NEW.NAZEV,
        v_root_id
    )
    RETURNING ID_Archiv INTO v_sup_id;

    --------------------------------------------------------------------
    --  Vytvoříme základní podsložky
    --------------------------------------------------------------------
    INSERT INTO ARCHIV VALUES (SEQ_ARCHIV_ID.NEXTVAL, 'Dokumenty', 'Dokumenty supermarketu', v_sup_id);
    INSERT INTO ARCHIV VALUES (SEQ_ARCHIV_ID.NEXTVAL, 'Reporty', 'Reporty a analýzy', v_sup_id);
    INSERT INTO ARCHIV VALUES (SEQ_ARCHIV_ID.NEXTVAL, 'Inventura', 'Inventurní data', v_sup_id);

    --------------------------------------------------------------------
    --  Vytvoříme složku Log (a zapamatujeme si její ID)
    --------------------------------------------------------------------
    INSERT INTO ARCHIV (ID_Archiv, Nazev, Popis, Parent_id)
    VALUES (
        SEQ_ARCHIV_ID.NEXTVAL,
        'Log',
        'Logy změn pro supermarket ' || :NEW.NAZEV,
        v_sup_id
    )
    RETURNING ID_Archiv INTO v_log_id;

    --------------------------------------------------------------------
    --  Podsložky Logu
    --------------------------------------------------------------------
    INSERT INTO ARCHIV VALUES (SEQ_ARCHIV_ID.NEXTVAL, 'Zbozi', 'Logy změn ZBOZI', v_log_id);
    INSERT INTO ARCHIV VALUES (SEQ_ARCHIV_ID.NEXTVAL, 'Objednavky', 'Logy změn OBJEDNAVKA', v_log_id);
    INSERT INTO ARCHIV VALUES (SEQ_ARCHIV_ID.NEXTVAL, 'Platby', 'Logy změn PLATBA', v_log_id);
    INSERT INTO ARCHIV VALUES (SEQ_ARCHIV_ID.NEXTVAL, 'Ostatni', 'Ostatní logy', v_log_id);

END;

/
ALTER TRIGGER "TRG_SUPERMARKET_ARCHIV_CREATE" ENABLE;
--------------------------------------------------------
--  DDL for Trigger TRG_SUPERMARKET_ID
--------------------------------------------------------

  CREATE OR REPLACE EDITIONABLE TRIGGER "TRG_SUPERMARKET_ID" 
BEFORE INSERT ON SUPERMARKET 
FOR EACH ROW 
 WHEN (NEW.ID_Supermarket IS NULL) BEGIN 
    :NEW.ID_Supermarket := SEQ_SUPERMARKET_ID.NEXTVAL; 
END;

/
ALTER TRIGGER "TRG_SUPERMARKET_ID" ENABLE;
--------------------------------------------------------
--  DDL for Trigger TRG_UCET_LOG
--------------------------------------------------------

  CREATE OR REPLACE EDITIONABLE TRIGGER "TRG_UCET_LOG" 
AFTER INSERT OR UPDATE OR DELETE ON UCET
FOR EACH ROW
DECLARE
    v_root_id          NUMBER;
    v_archiv_ucty      NUMBER;

    v_operace          CHAR(1);
    v_nova             VARCHAR2(4000);
    v_stara            VARCHAR2(4000);

    v_id_rekord        VARCHAR2(4000);
    v_user_jmeno       VARCHAR2(200);
BEGIN
    -- 1) Operace
    IF INSERTING THEN
        v_operace := 'I';
    ELSIF UPDATING THEN
        v_operace := 'U';
    ELSE
        v_operace := 'D';
    END IF;

    -- 2) Uživatel (jen jméno; žádné ID)
    IF INSERTING OR UPDATING THEN
        SELECT jmeno || ' ' || prijmeni
          INTO v_user_jmeno
          FROM UZIVATEL
         WHERE ID_Uzivatel = :NEW.ID_Uzivatel;
    ELSE
        SELECT jmeno || ' ' || prijmeni
          INTO v_user_jmeno
          FROM UZIVATEL
         WHERE ID_Uzivatel = :OLD.ID_Uzivatel;
    END IF;

    -- 3) ROOT archiv
    SELECT ID_Archiv INTO v_root_id FROM ARCHIV WHERE Parent_id IS NULL;

    -- 4) Složka UCTY pod ROOT
    BEGIN
        SELECT ID_Archiv
          INTO v_archiv_ucty
          FROM ARCHIV
         WHERE Parent_id = v_root_id
           AND Nazev = 'UCTY';
    EXCEPTION
        WHEN NO_DATA_FOUND THEN
            v_archiv_ucty := v_root_id;
    END;

    -- 5) Data pro log (bez ID, bez supermarketu)
    IF INSERTING OR UPDATING THEN
        v_nova :=
              'zustatek=' || TO_CHAR(:NEW.Zustatek)
            || '; uzivatel=' || v_user_jmeno;
    END IF;

    IF UPDATING OR DELETING THEN
        v_stara :=
              'zustatek=' || TO_CHAR(:OLD.Zustatek)
            || '; uzivatel=' || v_user_jmeno;
    END IF;

    v_id_rekord := 'UCET ' || v_user_jmeno;

    INSERT INTO LOG (
        ID_Log,
        tabulkaNazev,
        operace,
        datumZmeny,
        idRekord,
        novaData,
        staraData,
        popis,
        ID_Archiv
    ) VALUES (
        SEQ_LOG_ID.NEXTVAL,
        'UCET',
        v_operace,
        SYSDATE,
        v_id_rekord,
        v_nova,
        v_stara,
        'Log změny účtu',
        v_archiv_ucty
    );
END;

/
ALTER TRIGGER "TRG_UCET_LOG" ENABLE;
--------------------------------------------------------
--  DDL for Trigger TRG_UZIVATEL_DEFAULT_ROLE
--------------------------------------------------------

  CREATE OR REPLACE EDITIONABLE TRIGGER "TRG_UZIVATEL_DEFAULT_ROLE" 
BEFORE INSERT ON UZIVATEL
FOR EACH ROW
BEGIN
    --------------------------------------------------------------------
    -- Pokud není role vyplněna, nastavíme roli NEW_USER (ID = 7)
    --------------------------------------------------------------------
    IF :NEW.ID_Role IS NULL THEN
        :NEW.ID_Role := 7;
    END IF;
END;

/
ALTER TRIGGER "TRG_UZIVATEL_DEFAULT_ROLE" ENABLE;
--------------------------------------------------------
--  DDL for Trigger TRG_UZIVATEL_EMAIL_CHECK
--------------------------------------------------------

  CREATE OR REPLACE EDITIONABLE TRIGGER "TRG_UZIVATEL_EMAIL_CHECK" 
BEFORE INSERT OR UPDATE ON UZIVATEL
FOR EACH ROW
BEGIN
    --------------------------------------------------------------------
    -- Jednoduchá kontrola formátu emailu
    --------------------------------------------------------------------
    IF NOT REGEXP_LIKE(:NEW.email, '^[A-Za-z0-9._%+-]+@[A-Za-z0-9.-]+\.[A-Za-z]{2,}$') THEN
        RAISE_APPLICATION_ERROR(
            -20104,
            'Email ma neplatny format.'
        );
    END IF;
END;

/
ALTER TRIGGER "TRG_UZIVATEL_EMAIL_CHECK" ENABLE;
--------------------------------------------------------
--  DDL for Trigger TRG_UZIVATEL_ID
--------------------------------------------------------

  CREATE OR REPLACE EDITIONABLE TRIGGER "TRG_UZIVATEL_ID" 
BEFORE INSERT ON UZIVATEL 
FOR EACH ROW 
 WHEN (NEW.ID_Uzivatel IS NULL) BEGIN 
    :NEW.ID_Uzivatel := SEQ_UZIVATEL_ID.NEXTVAL; 
END;

/
ALTER TRIGGER "TRG_UZIVATEL_ID" ENABLE;
--------------------------------------------------------
--  DDL for Trigger TRG_UZIVATEL_LOG
--------------------------------------------------------

  CREATE OR REPLACE EDITIONABLE TRIGGER "TRG_UZIVATEL_LOG" 
AFTER INSERT OR UPDATE OR DELETE ON UZIVATEL
FOR EACH ROW
DECLARE
    v_root_id      NUMBER;
    v_archiv_user  NUMBER;

    v_operace      CHAR(1);
    v_nova         VARCHAR2(4000);
    v_stara        VARCHAR2(4000);

    v_id_rekord        VARCHAR2(4000); 
    v_role_nazev_new   VARCHAR2(200);
    v_role_nazev_old   VARCHAR2(200);
BEGIN
    --------------------------------------------------------------------
    -- 1) Určení operace
    --------------------------------------------------------------------
    IF INSERTING THEN
        v_operace := 'I';
    ELSIF UPDATING THEN
        v_operace := 'U';
    ELSE
        v_operace := 'D';
    END IF;

    --------------------------------------------------------------------
    -- 2) Najdeme ROOT archiv
    --------------------------------------------------------------------
    SELECT ID_Archiv
    INTO v_root_id
    FROM ARCHIV
    WHERE Parent_id IS NULL;

    --------------------------------------------------------------------
    -- 3) Najdeme podsložku 'Uzivatele'
    --------------------------------------------------------------------
    SELECT ID_Archiv
    INTO v_archiv_user
    FROM ARCHIV
    WHERE Parent_id = v_root_id
      AND Nazev = 'Uzivatele';

    --------------------------------------------------------------------
    -- 4) Názvy rolí (místo ID_Role)
    --------------------------------------------------------------------
    IF INSERTING OR UPDATING THEN
        SELECT Nazev
        INTO v_role_nazev_new
        FROM APP_ROLE   -- TODO: tvoje tabulka s rolemi
        WHERE ID_Role = :NEW.ID_Role;
    END IF;

    IF UPDATING OR DELETING THEN
        SELECT Nazev
        INTO v_role_nazev_old
        FROM APP_ROLE
        WHERE ID_Role = :OLD.ID_Role;
    END IF;

    --------------------------------------------------------------------
    -- 5) Nová data – čitelné, bez ID
    --------------------------------------------------------------------
    IF INSERTING OR UPDATING THEN
        v_nova :=
              'jmeno='       || :NEW.jmeno
            || '; prijmeni=' || :NEW.prijmeni
            || '; email='    || :NEW.email
            || '; telefon='  || :NEW.telefonniCislo
            || '; role='     || v_role_nazev_new;
    END IF;

    --------------------------------------------------------------------
    -- 6) Stará data – taky bez ID
    --------------------------------------------------------------------
    IF UPDATING OR DELETING THEN
        v_stara :=
              'jmeno='       || :OLD.jmeno
            || '; prijmeni=' || :OLD.prijmeni
            || '; email='    || :OLD.email
            || '; telefon='  || :OLD.telefonniCislo
            || '; role='     || v_role_nazev_old;
    END IF;

    --------------------------------------------------------------------
    -- 7) idRekord = jméno uživatele (žádné ID)
    --------------------------------------------------------------------
    IF INSERTING OR UPDATING THEN
        v_id_rekord := :NEW.jmeno || ' ' || :NEW.prijmeni;
    ELSE
        v_id_rekord := :OLD.jmeno || ' ' || :OLD.prijmeni;
    END IF;

    --------------------------------------------------------------------
    -- 8) Zápis logu do tabulky LOG
    --------------------------------------------------------------------
    INSERT INTO LOG (
        ID_Log,
        tabulkaNazev,
        operace,
        datumZmeny,
        idRekord,
        novaData,
        staraData,
        popis,
        ID_Archiv
    ) VALUES (
        SEQ_LOG_ID.NEXTVAL,
        'UZIVATEL',
        v_operace,
        SYSDATE,
        v_id_rekord,              -- jméno uživatele místo ID
        v_nova,
        v_stara,
        'Log změny uživatele',
        v_archiv_user
    );
END;

/
ALTER TRIGGER "TRG_UZIVATEL_LOG" ENABLE;
--------------------------------------------------------
--  DDL for Trigger TRG_ZAKAZNIK_LOG
--------------------------------------------------------

  CREATE OR REPLACE EDITIONABLE TRIGGER "TRG_ZAKAZNIK_LOG" 
AFTER INSERT OR UPDATE OR DELETE ON ZAKAZNIK
FOR EACH ROW
DECLARE
    v_root_id        NUMBER;
    v_archiv_uz      NUMBER;

    v_operace        CHAR(1);
    v_nova           VARCHAR2(4000);
    v_stara          VARCHAR2(4000);

    v_id_rekord      VARCHAR2(4000);
    v_uzivatel_jmeno VARCHAR2(200);
    v_id_uzivatel    NUMBER;
BEGIN
    --------------------------------------------------------------------
    -- 1) Operace
    --------------------------------------------------------------------
    IF INSERTING THEN
        v_operace := 'I';
    ELSIF UPDATING THEN
        v_operace := 'U';
    ELSE
        v_operace := 'D';
    END IF;

    --------------------------------------------------------------------
    -- 2) Zjistíme ID_Uzivatel ze supertypu
    --------------------------------------------------------------------
    IF INSERTING OR UPDATING THEN
        v_id_uzivatel := :NEW.ID_Uzivatelu;
    ELSE
        v_id_uzivatel := :OLD.ID_Uzivatelu;
    END IF;

    --------------------------------------------------------------------
    -- 3) Načteme jméno uživatele (žádné ID v logu)
    --------------------------------------------------------------------
    SELECT jmeno || ' ' || prijmeni
    INTO v_uzivatel_jmeno
    FROM UZIVATEL
    WHERE ID_Uzivatel = v_id_uzivatel;

    --------------------------------------------------------------------
    -- 4) ROOT archiv
    --------------------------------------------------------------------
    SELECT ID_Archiv
    INTO v_root_id
    FROM ARCHIV
    WHERE Parent_id IS NULL;

    --------------------------------------------------------------------
    -- 5) podsložka 'Uzivatele'
    --------------------------------------------------------------------
    SELECT ID_Archiv
    INTO v_archiv_uz
    FROM ARCHIV
    WHERE Parent_id = v_root_id
      AND Nazev = 'Uzivatele';

    --------------------------------------------------------------------
    -- 6) Nová data (čitelné, bez ID)
    --------------------------------------------------------------------
    IF INSERTING OR UPDATING THEN
        v_nova :=
              'uzivatel='      || v_uzivatel_jmeno
            || '; kartaVernosti=' || :NEW.kartaVernosti;
    END IF;

    --------------------------------------------------------------------
    -- 7) Stará data (čitelné, bez ID)
    --------------------------------------------------------------------
    IF UPDATING OR DELETING THEN
        v_stara :=
              'uzivatel='      || v_uzivatel_jmeno
            || '; kartaVernosti=' || :OLD.kartaVernosti;
    END IF;

    --------------------------------------------------------------------
    -- 8) idRekord = jméno uživatele (žádné ID)
    --------------------------------------------------------------------
    v_id_rekord := v_uzivatel_jmeno;

    --------------------------------------------------------------------
    -- 9) Zápis do LOG
    --------------------------------------------------------------------
    INSERT INTO LOG (
        ID_Log,
        tabulkaNazev,
        operace,
        datumZmeny,
        idRekord,
        novaData,
        staraData,
        popis,
        ID_Archiv
    ) VALUES (
        SEQ_LOG_ID.NEXTVAL,
        'ZAKAZNIK',
        v_operace,
        SYSDATE,
        v_id_rekord,              -- jméno uživatele místo ID
        v_nova,
        v_stara,
        'Log změny zákazníka',
        v_archiv_uz
    );
END;

/
ALTER TRIGGER "TRG_ZAKAZNIK_LOG" ENABLE;
--------------------------------------------------------
--  DDL for Trigger TRG_ZAMESTNANEC_LOG
--------------------------------------------------------

  CREATE OR REPLACE EDITIONABLE TRIGGER "TRG_ZAMESTNANEC_LOG" 
AFTER INSERT OR UPDATE OR DELETE ON ZAMESTNANEC
FOR EACH ROW
DECLARE
    v_root_id        NUMBER;
    v_archiv_uz      NUMBER;

    v_operace        CHAR(1);
    v_nova           VARCHAR2(4000);
    v_stara          VARCHAR2(4000);

    v_id_rekord      VARCHAR2(4000);   -- půjde do LOG.idRekord (jméno zaměstnance)
    v_uzivatel_jmeno VARCHAR2(200);
    v_id_uzivatel    NUMBER;
BEGIN
    --------------------------------------------------------------------
    -- 1) Operace
    --------------------------------------------------------------------
    IF INSERTING THEN
        v_operace := 'I';
    ELSIF UPDATING THEN
        v_operace := 'U';
    ELSE
        v_operace := 'D';
    END IF;

    --------------------------------------------------------------------
    -- 2) Zjistíme ID_Uzivatel ze ZAMESTNANEC
    --------------------------------------------------------------------
    IF INSERTING OR UPDATING THEN
        v_id_uzivatel := :NEW.ID_Uzivatelu;
    ELSE
        v_id_uzivatel := :OLD.ID_Uzivatelu;
    END IF;

    --------------------------------------------------------------------
    -- 3) Načteme jméno uživatele (zaměstnance) z UZIVATEL
    --------------------------------------------------------------------
    SELECT jmeno || ' ' || prijmeni
    INTO v_uzivatel_jmeno
    FROM UZIVATEL
    WHERE ID_Uzivatel = v_id_uzivatel;

    --------------------------------------------------------------------
    -- 4) ROOT archiv
    --------------------------------------------------------------------
    SELECT ID_Archiv
    INTO v_root_id
    FROM ARCHIV
    WHERE Parent_id IS NULL;

    --------------------------------------------------------------------
    -- 5) podsložka 'Uzivatele'
    --------------------------------------------------------------------
    SELECT ID_Archiv
    INTO v_archiv_uz
    FROM ARCHIV
    WHERE Parent_id = v_root_id
      AND Nazev = 'Uzivatele';

    --------------------------------------------------------------------
    -- 6) Nová data (čitelné, bez ID)
    --------------------------------------------------------------------
    IF INSERTING OR UPDATING THEN
        v_nova :=
              'zamestnanec=' || v_uzivatel_jmeno
           || '; pozice='    || :NEW.pozice
           || '; mzda='      || :NEW.mzda;
    END IF;

    --------------------------------------------------------------------
    -- 7) Stará data (čitelné, bez ID)
    --------------------------------------------------------------------
    IF UPDATING OR DELETING THEN
        v_stara :=
              'zamestnanec=' || v_uzivatel_jmeno
           || '; pozice='    || :OLD.pozice
           || '; mzda='      || :OLD.mzda;
    END IF;

    --------------------------------------------------------------------
    -- 8) idRekord = jméno zaměstnance (žádné ID)
    --------------------------------------------------------------------
    v_id_rekord := v_uzivatel_jmeno;

    --------------------------------------------------------------------
    -- 9) Zápis do LOG
    --------------------------------------------------------------------
    INSERT INTO LOG (
        ID_Log, tabulkaNazev, operace, datumZmeny,
        idRekord, novaData, staraData, popis, ID_Archiv
    ) VALUES (
        SEQ_LOG_ID.NEXTVAL,
        'ZAMESTNANEC',
        v_operace,
        SYSDATE,
        v_id_rekord,              -- jméno místo ID
        v_nova,
        v_stara,
        'Log změny zaměstnance',
        v_archiv_uz
    );
END;

/
ALTER TRIGGER "TRG_ZAMESTNANEC_LOG" ENABLE;
--------------------------------------------------------
--  DDL for Trigger TRG_ZBOZI_ID
--------------------------------------------------------

  CREATE OR REPLACE EDITIONABLE TRIGGER "TRG_ZBOZI_ID" 
BEFORE INSERT ON ZBOZI 
FOR EACH ROW 
 WHEN (NEW.ID_Zbozi IS NULL) BEGIN 
    :NEW.ID_Zbozi := SEQ_ZBOZI_ID.NEXTVAL; 
END;

/
ALTER TRIGGER "TRG_ZBOZI_ID" ENABLE;
--------------------------------------------------------
--  DDL for Trigger TRG_ZBOZI_LOG
--------------------------------------------------------

  CREATE OR REPLACE EDITIONABLE TRIGGER "TRG_ZBOZI_LOG" 
AFTER INSERT OR UPDATE OR DELETE ON ZBOZI
FOR EACH ROW
DECLARE
    v_supermarket_id   NUMBER;
    v_root_id          NUMBER;
    v_archiv_super     NUMBER;
    v_archiv_log       NUMBER;
    v_archiv_zbozi     NUMBER;

    v_operace          CHAR(1);
    v_nova             VARCHAR2(4000);
    v_stara            VARCHAR2(4000);

    v_sklad_nazev_new  VARCHAR2(200);
    v_sklad_nazev_old  VARCHAR2(200);
    v_super_nazev      VARCHAR2(200);

    v_id_rekord        VARCHAR2(4000);  -- tady bude název zboží
BEGIN
    --------------------------------------------------------------------
    -- 1) Typ operace
    --------------------------------------------------------------------
    IF INSERTING THEN
        v_operace := 'I';
    ELSIF UPDATING THEN
        v_operace := 'U';
    ELSE
        v_operace := 'D';
    END IF;

    --------------------------------------------------------------------
    -- 2) Zjištění ID supermarketu + názvu skladu
    --------------------------------------------------------------------
    IF INSERTING OR UPDATING THEN
        SELECT ID_Supermarket, Nazev
        INTO v_supermarket_id, v_sklad_nazev_new
        FROM SKLAD
        WHERE ID_Sklad = :NEW.SKLAD_ID_Sklad;
    ELSE
        SELECT ID_Supermarket, Nazev
        INTO v_supermarket_id, v_sklad_nazev_old
        FROM SKLAD
        WHERE ID_Sklad = :OLD.SKLAD_ID_Sklad;
    END IF;

    --------------------------------------------------------------------
    -- 3) Název supermarketu
    --------------------------------------------------------------------
    SELECT Nazev
    INTO v_super_nazev
    FROM SUPERMARKET
    WHERE ID_Supermarket = v_supermarket_id;

    --------------------------------------------------------------------
    -- 4) Najdeme ROOT (Hlavní Archiv) dynamicky
    --------------------------------------------------------------------
    SELECT ID_Archiv
    INTO v_root_id
    FROM ARCHIV
    WHERE Parent_id IS NULL;

    --------------------------------------------------------------------
    -- 5) Najdeme složku supermarketu podle názvu
    --------------------------------------------------------------------
    SELECT a.ID_Archiv
    INTO v_archiv_super
    FROM ARCHIV a
    JOIN SUPERMARKET s ON s.NAZEV = a.NAZEV
    WHERE s.ID_Supermarket = v_supermarket_id
      AND a.Parent_id = v_root_id;

    --------------------------------------------------------------------
    -- 6) Najdeme složku Log
    --------------------------------------------------------------------
    SELECT ID_Archiv
    INTO v_archiv_log
    FROM ARCHIV
    WHERE Parent_id = v_archiv_super
      AND Nazev = 'Log';

    --------------------------------------------------------------------
    -- 7) Najdeme podsložku Zbozi
    --------------------------------------------------------------------
    SELECT ID_Archiv
    INTO v_archiv_zbozi
    FROM ARCHIV
    WHERE Parent_id = v_archiv_log
      AND Nazev = 'Zbozi';

    --------------------------------------------------------------------
    -- 8) NOVÁ data (čitelné, bez ID)
    --------------------------------------------------------------------
    IF INSERTING OR UPDATING THEN
        v_nova :=
              'nazev='       || :NEW.nazev
            || '; cena='        || TO_CHAR(:NEW.cena)
            || '; mnozstvi='    || TO_CHAR(:NEW.mnozstvi)
            || '; minMnozstvi=' || TO_CHAR(:NEW.minMnozstvi)
            || '; sklad='       || v_sklad_nazev_new
            || '; supermarket=' || v_super_nazev;
    END IF;

    --------------------------------------------------------------------
    -- 9) STARÁ data (čitelné, bez ID)
    --------------------------------------------------------------------
    IF UPDATING OR DELETING THEN
        v_stara :=
              'nazev='       || :OLD.nazev
            || '; cena='        || TO_CHAR(:OLD.cena)
            || '; mnozstvi='    || TO_CHAR(:OLD.mnozstvi)
            || '; minMnozstvi=' || TO_CHAR(:OLD.minMnozstvi)
            || '; sklad='       || v_sklad_nazev_old
            || '; supermarket=' || v_super_nazev;
    END IF;

    --------------------------------------------------------------------
    -- 10) idRekord = název zboží (žádné ID)
    --------------------------------------------------------------------
    IF INSERTING OR UPDATING THEN
        v_id_rekord := :NEW.nazev;
    ELSE
        v_id_rekord := :OLD.nazev;
    END IF;

    --------------------------------------------------------------------
    -- 11) Zápis logu
    --------------------------------------------------------------------
    INSERT INTO LOG (
        ID_Log,
        tabulkaNazev,
        operace,
        datumZmeny,
        idRekord,
        novaData,
        staraData,
        popis,
        ID_Archiv
    ) VALUES (
        SEQ_LOG_ID.NEXTVAL,
        'ZBOZI',
        v_operace,
        SYSDATE,
        v_id_rekord,   -- název zboží
        v_nova,
        v_stara,
        'Log zmeny ZBOZI',
        v_archiv_zbozi
    );
END;

/
ALTER TRIGGER "TRG_ZBOZI_LOG" ENABLE;
--------------------------------------------------------
--  DDL for Trigger TRG_ZBOZI_RESTOCK
--------------------------------------------------------

  CREATE OR REPLACE EDITIONABLE TRIGGER "TRG_ZBOZI_RESTOCK" 
AFTER UPDATE ON ZBOZI
FOR EACH ROW
 WHEN (NEW.mnozstvi < NEW.minMnozstvi) BEGIN
    proc_create_restock_order(
        :NEW.ID_Zbozi,
        :NEW.SKLAD_ID_SKLAD,
        NULL,
        :NEW.MINMNOZSTVI,
        :NEW.MNOZSTVI,
        :NEW.CENA
    );
END;

/
ALTER TRIGGER "TRG_ZBOZI_RESTOCK" ENABLE;
--------------------------------------------------------
--  DDL for Trigger TRG_ZPRAVA_ID
--------------------------------------------------------

  CREATE OR REPLACE EDITIONABLE TRIGGER "TRG_ZPRAVA_ID" 
BEFORE INSERT ON ZPRAVA 
FOR EACH ROW 
 WHEN (NEW.ID_Zprava IS NULL) BEGIN 
    :NEW.ID_Zprava := SEQ_ZPRAVA_ID.NEXTVAL; 
END;

/
ALTER TRIGGER "TRG_ZPRAVA_ID" ENABLE;
--------------------------------------------------------
--  DDL for Trigger TRG_ZPRAVA_LOG
--------------------------------------------------------

  CREATE OR REPLACE EDITIONABLE TRIGGER "TRG_ZPRAVA_LOG" 
AFTER INSERT OR UPDATE OR DELETE ON ZPRAVA
FOR EACH ROW
DECLARE
    v_operace       CHAR(1);
    v_nova          VARCHAR2(4000);
    v_stara         VARCHAR2(4000);
    v_id_rekord     VARCHAR2(4000);

    v_archiv_id     NUMBER;
    v_odesilatel    VARCHAR2(200);
    v_prijemce      VARCHAR2(200);
BEGIN
    --------------------------------------------------------------------
    -- 1) Typ operace
    --------------------------------------------------------------------
    IF INSERTING THEN
        v_operace := 'I';
    ELSIF UPDATING THEN
        v_operace := 'U';
    ELSE
        v_operace := 'D';
    END IF;

    --------------------------------------------------------------------
    -- 2) Archivní složka ZPRAVY
    --------------------------------------------------------------------
    SELECT ID_Archiv
    INTO v_archiv_id
    FROM ARCHIV
    WHERE NAZEV = 'Zpravy';

    --------------------------------------------------------------------
    -- 3) Jména uživatelů (bez ID)
    --------------------------------------------------------------------
    SELECT jmeno || ' ' || prijmeni
    INTO v_odesilatel
    FROM UZIVATEL
    WHERE ID_Uzivatel = NVL(:NEW.ODESILATEL_ID, :OLD.ODESILATEL_ID);

    SELECT jmeno || ' ' || prijmeni
    INTO v_prijemce
    FROM UZIVATEL
    WHERE ID_Uzivatel = NVL(:NEW.PRIJIMAC_ID, :OLD.PRIJIMAC_ID);

    --------------------------------------------------------------------
    -- 4) idRekord (bez datumu)
    --------------------------------------------------------------------
    IF INSERTING OR UPDATING THEN
        v_id_rekord :=
              'od=' || v_odesilatel
           || '; pro=' || v_prijemce;
    ELSE
        v_id_rekord :=
              'od=' || v_odesilatel
           || '; pro=' || v_prijemce;
    END IF;

    --------------------------------------------------------------------
    -- 5) Nová data – obsah jako BASE64
    --------------------------------------------------------------------
    IF INSERTING OR UPDATING THEN
        v_nova := 'text64=' ||
            UTL_RAW.CAST_TO_VARCHAR2(
                UTL_ENCODE.BASE64_ENCODE(
                    UTL_RAW.CAST_TO_RAW(:NEW.ZPRAVA)
                )
            );
    END IF;

    --------------------------------------------------------------------
    -- 6) Stará data – obsah jako BASE64
    --------------------------------------------------------------------
    IF UPDATING OR DELETING THEN
        v_stara := 'text64=' ||
            UTL_RAW.CAST_TO_VARCHAR2(
                UTL_ENCODE.BASE64_ENCODE(
                    UTL_RAW.CAST_TO_RAW(:OLD.ZPRAVA)
                )
            );
    END IF;

    --------------------------------------------------------------------
    -- 7) INSERT do LOG
    --------------------------------------------------------------------
    INSERT INTO LOG (
        ID_Log, tabulkaNazev, operace, datumZmeny,
        idRekord, novaData, staraData, popis, ID_Archiv
    ) VALUES (
        SEQ_LOG_ID.NEXTVAL,
        'ZPRAVA',
        v_operace,
        SYSDATE,
        v_id_rekord,
        v_nova,
        v_stara,
        'Log změny zprávy (šifrovaný obsah)',
        v_archiv_id
    );
END;

/
ALTER TRIGGER "TRG_ZPRAVA_LOG" ENABLE;
--------------------------------------------------------
--  DDL for Trigger TRG_ADRESA_ID
--------------------------------------------------------

  CREATE OR REPLACE EDITIONABLE TRIGGER "TRG_ADRESA_ID" 
BEFORE INSERT ON ADRESA 
FOR EACH ROW 
 WHEN (NEW.ID_Adresa IS NULL) BEGIN 
    :NEW.ID_Adresa := SEQ_ADRESA_ID.NEXTVAL; 
END;

/
ALTER TRIGGER "TRG_ADRESA_ID" ENABLE;
--------------------------------------------------------
--  DDL for Trigger TRG_ADRESA_LOG
--------------------------------------------------------

  CREATE OR REPLACE EDITIONABLE TRIGGER "TRG_ADRESA_LOG" 
AFTER INSERT OR UPDATE OR DELETE ON ADRESA
FOR EACH ROW
DECLARE
    v_operace       CHAR(1);
    v_nova          VARCHAR2(4000);
    v_stara         VARCHAR2(4000);
    v_id_rekord     VARCHAR2(4000);
    v_archiv_id     NUMBER;
BEGIN
    --------------------------------------------------------------------
    -- 1) Typ prováděné operace
    --------------------------------------------------------------------
    IF INSERTING THEN
        v_operace := 'I';
    ELSIF UPDATING THEN
        v_operace := 'U';
    ELSE
        v_operace := 'D';
    END IF;

    --------------------------------------------------------------------
    -- 2) Archivní složka Global Log
    --------------------------------------------------------------------
    SELECT ID_Archiv
    INTO v_archiv_id
    FROM ARCHIV
    WHERE NAZEV = 'Global Log';

    --------------------------------------------------------------------
    -- 3) Nová data (bez ID)
    --------------------------------------------------------------------
    IF INSERTING OR UPDATING THEN
        v_nova :=
              'ulice='              || :NEW.ULICE
           || '; cisloPopisne='     || :NEW.CISLOPOPISNE
           || '; cisloOrientacni='  || :NEW.CISLOORIENTACNI
           || '; psc='              || :NEW.MESTO_PSC;
    END IF;

    --------------------------------------------------------------------
    -- 4) Stará data (bez ID)
    --------------------------------------------------------------------
    IF UPDATING OR DELETING THEN
        v_stara :=
              'ulice='              || :OLD.ULICE
           || '; cisloPopisne='     || :OLD.CISLOPOPISNE
           || '; cisloOrientacni='  || :OLD.CISLOORIENTACNI
           || '; psc='              || :OLD.MESTO_PSC;
    END IF;

    --------------------------------------------------------------------
    -- 5) idRekord – jednoznačný text adresy (ulice + číslo)
    --------------------------------------------------------------------
    IF INSERTING OR UPDATING THEN
        v_id_rekord :=
              :NEW.ULICE || ' '
           || :NEW.CISLOPOPISNE || '/' || :NEW.CISLOORIENTACNI;
    ELSE
        v_id_rekord :=
              :OLD.ULICE || ' '
           || :OLD.CISLOPOPISNE || '/' || :OLD.CISLOORIENTACNI;
    END IF;

    --------------------------------------------------------------------
    -- 6) Zápis do LOG
    --------------------------------------------------------------------
    INSERT INTO LOG (
        ID_Log, tabulkaNazev, operace, datumZmeny,
        idRekord, novaData, staraData, popis, ID_Archiv
    ) VALUES (
        SEQ_LOG_ID.NEXTVAL,
        'ADRESA',
        v_operace,
        SYSDATE,
        v_id_rekord,
        v_nova,
        v_stara,
        'Log změny adresy',
        v_archiv_id
    );
END;

/
ALTER TRIGGER "TRG_ADRESA_LOG" ENABLE;
--------------------------------------------------------
--  DDL for Trigger TRG_ROLE_ID
--------------------------------------------------------

  CREATE OR REPLACE EDITIONABLE TRIGGER "TRG_ROLE_ID" 
BEFORE INSERT ON APP_ROLE 
FOR EACH ROW 
 WHEN (NEW.ID_Role IS NULL) BEGIN 
    :NEW.ID_Role := SEQ_ROLE_ID.NEXTVAL; 
END;

/
ALTER TRIGGER "TRG_ROLE_ID" ENABLE;
--------------------------------------------------------
--  DDL for Trigger TRG_APP_ROLE_LOG
--------------------------------------------------------

  CREATE OR REPLACE EDITIONABLE TRIGGER "TRG_APP_ROLE_LOG" 
AFTER INSERT OR UPDATE OR DELETE ON APP_ROLE
FOR EACH ROW
DECLARE
    v_operace     CHAR(1);
    v_nova        VARCHAR2(4000);
    v_stara       VARCHAR2(4000);
    v_id_rekord   VARCHAR2(200);
    v_archiv_id   NUMBER;
BEGIN
    --------------------------------------------------------------------
    -- 1) Typ operace
    --------------------------------------------------------------------
    IF INSERTING THEN
        v_operace := 'I';
    ELSIF UPDATING THEN
        v_operace := 'U';
    ELSE
        v_operace := 'D';
    END IF;

    --------------------------------------------------------------------
    -- 2) Archivní složka GlobalLog
    --------------------------------------------------------------------
    SELECT ID_Archiv
    INTO v_archiv_id
    FROM ARCHIV
    WHERE Nazev = 'Global Log';

    --------------------------------------------------------------------
    -- 3) Nová data (pouze čitelné hodnoty)
    --------------------------------------------------------------------
    IF INSERTING OR UPDATING THEN
        v_nova := 'nazev=' || :NEW.NAZEV;
    END IF;

    --------------------------------------------------------------------
    -- 4) Stará data
    --------------------------------------------------------------------
    IF UPDATING OR DELETING THEN
        v_stara := 'nazev=' || :OLD.NAZEV;
    END IF;

    --------------------------------------------------------------------
    -- 5) idRekord = název role
    --------------------------------------------------------------------
    IF INSERTING OR UPDATING THEN
        v_id_rekord := :NEW.NAZEV;
    ELSE
        v_id_rekord := :OLD.NAZEV;
    END IF;

    --------------------------------------------------------------------
    -- 6) Zápis do LOG
    --------------------------------------------------------------------
    INSERT INTO LOG (
        ID_Log, tabulkaNazev, operace, datumZmeny,
        idRekord, novaData, staraData, popis, ID_Archiv
    ) VALUES (
        SEQ_LOG_ID.NEXTVAL,
        'APP_ROLE',
        v_operace,
        SYSDATE,
        v_id_rekord,
        v_nova,
        v_stara,
        'Log změny role',
        v_archiv_id
    );
END;

/
ALTER TRIGGER "TRG_APP_ROLE_LOG" ENABLE;
--------------------------------------------------------
--  DDL for Trigger TRG_APP_ROLE_PRAVO_LOG
--------------------------------------------------------

  CREATE OR REPLACE EDITIONABLE TRIGGER "TRG_APP_ROLE_PRAVO_LOG" 
AFTER INSERT OR UPDATE OR DELETE ON APP_ROLE_PRAVO
FOR EACH ROW
DECLARE
    v_operace     CHAR(1);
    v_nova        VARCHAR2(4000);
    v_stara       VARCHAR2(4000);
    v_id_rekord   VARCHAR2(4000);

    v_archiv_id   NUMBER;
    v_role_nazev  VARCHAR2(200);
    v_pravo_kod   VARCHAR2(200);
BEGIN
    --------------------------------------------------------------------
    -- 1) Typ operace
    --------------------------------------------------------------------
    IF INSERTING THEN
        v_operace := 'I';
    ELSIF UPDATING THEN
        v_operace := 'U';
    ELSE
        v_operace := 'D';
    END IF;

    --------------------------------------------------------------------
    -- 2) Archivní složka GlobalLog
    --------------------------------------------------------------------
    SELECT ID_Archiv
    INTO v_archiv_id
    FROM ARCHIV
    WHERE Nazev = 'Global Log';

    --------------------------------------------------------------------
    -- 3) Načtení názvu role (bez ID)
    --------------------------------------------------------------------
    SELECT NAZEV
    INTO v_role_nazev
    FROM APP_ROLE
    WHERE ID_ROLE = NVL(:NEW.ID_ROLE, :OLD.ID_ROLE);

    --------------------------------------------------------------------
    -- 4) Načtení kódu práva (bez ID)
    --------------------------------------------------------------------
    SELECT KOD
    INTO v_pravo_kod
    FROM PRAVO
    WHERE ID_PRAVO = NVL(:NEW.ID_PRAVO, :OLD.ID_PRAVO);

    --------------------------------------------------------------------
    -- 5) Nová data (role + právo)
    --------------------------------------------------------------------
    IF INSERTING OR UPDATING THEN
        v_nova :=
              'role='  || v_role_nazev
           || '; pravo=' || v_pravo_kod;
    END IF;

    --------------------------------------------------------------------
    -- 6) Stará data (role + právo)
    --------------------------------------------------------------------
    IF UPDATING OR DELETING THEN
        v_stara :=
              'role='  || v_role_nazev
           || '; pravo=' || v_pravo_kod;
    END IF;

    --------------------------------------------------------------------
    -- 7) idRekord = kombinace role + pravo (bez ID)
    --------------------------------------------------------------------
    v_id_rekord :=
          'role='  || v_role_nazev
       || '; pravo=' || v_pravo_kod;

    --------------------------------------------------------------------
    -- 8) Zápis logu
    --------------------------------------------------------------------
    INSERT INTO LOG (
        ID_Log, tabulkaNazev, operace, datumZmeny,
        idRekord, novaData, staraData, popis, ID_Archiv
    ) VALUES (
        SEQ_LOG_ID.NEXTVAL,
        'APP_ROLE_PRAVO',
        v_operace,
        SYSDATE,
        v_id_rekord,
        v_nova,
        v_stara,
        'Log změny přiřazení práva k roli',
        v_archiv_id
    );
END;

/
ALTER TRIGGER "TRG_APP_ROLE_PRAVO_LOG" ENABLE;
--------------------------------------------------------
--  DDL for Trigger TRG_ARCHIV_ID
--------------------------------------------------------

  CREATE OR REPLACE EDITIONABLE TRIGGER "TRG_ARCHIV_ID" 
BEFORE INSERT ON ARCHIV 
FOR EACH ROW 
 WHEN (NEW.ID_Archiv IS NULL) BEGIN 
    :NEW.ID_Archiv := SEQ_ARCHIV_ID.NEXTVAL; 
END;

/
ALTER TRIGGER "TRG_ARCHIV_ID" ENABLE;
--------------------------------------------------------
--  DDL for Trigger ARC_FKARC_3_DODAVATEL
--------------------------------------------------------

  CREATE OR REPLACE EDITIONABLE TRIGGER "ARC_FKARC_3_DODAVATEL" 
BEFORE INSERT OR UPDATE OF ID_uzivatelu 
ON DODAVATEL 
FOR EACH ROW 
DECLARE 
    d INTEGER; 
BEGIN 
    SELECT A.ID_Role INTO d 
    FROM UZIVATEL A 
    WHERE A.ID_Uzivatel = :new.ID_uzivatelu; 
    IF (d IS NULL OR d <> 2) THEN 
        raise_application_error(-20223,'FK DODAVATEL_UZIVATEL_FK in Table DODAVATEL violates Arc constraint on Table UZIVATEL - discriminator column ID_Role doesn''t have value 2'); 
    END IF; 
    EXCEPTION 
    WHEN NO_DATA_FOUND THEN 
        NULL; 
    WHEN OTHERS THEN 
        RAISE; 
END; 

/
ALTER TRIGGER "ARC_FKARC_3_DODAVATEL" ENABLE;
--------------------------------------------------------
--  DDL for Trigger TRG_DODAVATEL_LOG
--------------------------------------------------------

  CREATE OR REPLACE EDITIONABLE TRIGGER "TRG_DODAVATEL_LOG" 
AFTER INSERT OR UPDATE OR DELETE ON DODAVATEL
FOR EACH ROW
DECLARE
    v_root_id        NUMBER;
    v_archiv_uz      NUMBER;

    v_operace        CHAR(1);
    v_nova           VARCHAR2(4000);
    v_stara          VARCHAR2(4000);

    v_id_rekord      VARCHAR2(4000);   -- půjde do LOG.idRekord (firma)
    v_uzivatel_jmeno VARCHAR2(200);
    v_id_uzivatel    NUMBER;
BEGIN
    --------------------------------------------------------------------
    -- 1) Operace
    --------------------------------------------------------------------
    IF INSERTING THEN
        v_operace := 'I';
    ELSIF UPDATING THEN
        v_operace := 'U';
    ELSE
        v_operace := 'D';
    END IF;

    --------------------------------------------------------------------
    -- 2) Zjistíme ID_Uzivatel ze DODAVATEL
    --------------------------------------------------------------------
    IF INSERTING OR UPDATING THEN
        v_id_uzivatel := :NEW.ID_Uzivatelu;
    ELSE
        v_id_uzivatel := :OLD.ID_Uzivatelu;
    END IF;

    --------------------------------------------------------------------
    -- 3) Načteme jméno uživatele z UZIVATEL
    --------------------------------------------------------------------
    SELECT jmeno || ' ' || prijmeni
    INTO v_uzivatel_jmeno
    FROM UZIVATEL
    WHERE ID_Uzivatel = v_id_uzivatel;

    --------------------------------------------------------------------
    -- 4) ROOT archiv
    --------------------------------------------------------------------
    SELECT ID_Archiv
    INTO v_root_id
    FROM ARCHIV
    WHERE Parent_id IS NULL;

    --------------------------------------------------------------------
    -- 5) podsložka 'Uzivatele'
    --------------------------------------------------------------------
    SELECT ID_Archiv
    INTO v_archiv_uz
    FROM ARCHIV
    WHERE Parent_id = v_root_id
      AND Nazev = 'Uzivatele';

    --------------------------------------------------------------------
    -- 6) Nová data (čitelné, bez ID)
    --------------------------------------------------------------------
    IF INSERTING OR UPDATING THEN
        v_nova :=
              'dodavatel=' || :NEW.firma
           || '; uzivatel=' || v_uzivatel_jmeno;
    END IF;

    --------------------------------------------------------------------
    -- 7) Stará data (čitelné, bez ID)
    --------------------------------------------------------------------
    IF UPDATING OR DELETING THEN
        v_stara :=
              'dodavatel=' || :OLD.firma
           || '; uzivatel=' || v_uzivatel_jmeno;
    END IF;

    --------------------------------------------------------------------
    -- 8) idRekord = název firmy (žádné ID)
    --------------------------------------------------------------------
    IF INSERTING OR UPDATING THEN
        v_id_rekord := :NEW.firma;
    ELSE
        v_id_rekord := :OLD.firma;
    END IF;

    --------------------------------------------------------------------
    -- 9) zápis logu
    --------------------------------------------------------------------
    INSERT INTO LOG (
        ID_Log, tabulkaNazev, operace, datumZmeny,
        idRekord, novaData, staraData, popis, ID_Archiv
    ) VALUES (
        SEQ_LOG_ID.NEXTVAL,
        'DODAVATEL',
        v_operace,
        SYSDATE,
        v_id_rekord,              -- firma místo ID
        v_nova,
        v_stara,
        'Log změny dodavatele',
        v_archiv_uz
    );
END;

/
ALTER TRIGGER "TRG_DODAVATEL_LOG" ENABLE;
--------------------------------------------------------
--  DDL for Trigger TRG_KATEGORIE_ID
--------------------------------------------------------

  CREATE OR REPLACE EDITIONABLE TRIGGER "TRG_KATEGORIE_ID" 
BEFORE INSERT ON Kategorie_zbozi 
FOR EACH ROW 
 WHEN (NEW.ID_Kategorie IS NULL) BEGIN 
    :NEW.ID_Kategorie := SEQ_KATEGORIE_ID.NEXTVAL; 
END;

/
ALTER TRIGGER "TRG_KATEGORIE_ID" ENABLE;
--------------------------------------------------------
--  DDL for Trigger TRG_KATEGORIE_ZBOZI_LOG
--------------------------------------------------------

  CREATE OR REPLACE EDITIONABLE TRIGGER "TRG_KATEGORIE_ZBOZI_LOG" 
AFTER INSERT OR UPDATE OR DELETE ON KATEGORIE_ZBOZI
FOR EACH ROW
DECLARE
    v_operace    CHAR(1);
    v_nova       VARCHAR2(4000);
    v_stara      VARCHAR2(4000);
    v_id_rekord  VARCHAR2(200);
    v_archiv_id  NUMBER;
BEGIN
    --------------------------------------------------------------------
    -- 1) Typ operace
    --------------------------------------------------------------------
    IF INSERTING THEN
        v_operace := 'I';
    ELSIF UPDATING THEN
        v_operace := 'U';
    ELSE
        v_operace := 'D';
    END IF;

    --------------------------------------------------------------------
    -- 2) Archivní složka Global Log
    --------------------------------------------------------------------
    SELECT ID_Archiv INTO v_archiv_id
    FROM ARCHIV WHERE NAZEV = 'Global Log';

    --------------------------------------------------------------------
    -- 3) Nová data
    --------------------------------------------------------------------
    IF INSERTING OR UPDATING THEN
        v_nova :=
              'nazev=' || :NEW.NAZEV
           || '; popis=' || :NEW.POPIS;
    END IF;

    --------------------------------------------------------------------
    -- 4) Stará data
    --------------------------------------------------------------------
    IF UPDATING OR DELETING THEN
        v_stara :=
              'nazev=' || :OLD.NAZEV
           || '; popis=' || :OLD.POPIS;
    END IF;

    --------------------------------------------------------------------
    -- 5) idRekord = název kategorie
    --------------------------------------------------------------------
    IF INSERTING OR UPDATING THEN
        v_id_rekord := :NEW.NAZEV;
    ELSE
        v_id_rekord := :OLD.NAZEV;
    END IF;

    --------------------------------------------------------------------
    -- 6) Zápis do LOG
    --------------------------------------------------------------------
    INSERT INTO LOG (
        ID_Log, tabulkaNazev, operace, datumZmeny,
        idRekord, novaData, staraData, popis, ID_Archiv
    ) VALUES (
        SEQ_LOG_ID.NEXTVAL,
        'KATEGORIE_ZBOZI',
        v_operace,
        SYSDATE,
        v_id_rekord,
        v_nova,
        v_stara,
        'Log změn kategorií zboží',
        v_archiv_id
    );
END;

/
ALTER TRIGGER "TRG_KATEGORIE_ZBOZI_LOG" ENABLE;
--------------------------------------------------------
--  DDL for Trigger TRG_LOG_ID
--------------------------------------------------------

  CREATE OR REPLACE EDITIONABLE TRIGGER "TRG_LOG_ID" 
BEFORE INSERT ON LOG 
FOR EACH ROW 
 WHEN (NEW.ID_Log IS NULL) BEGIN 
    :NEW.ID_Log := SEQ_LOG_ID.NEXTVAL; 
END;

/
ALTER TRIGGER "TRG_LOG_ID" ENABLE;
--------------------------------------------------------
--  DDL for Trigger TRG_OBEC_LOG
--------------------------------------------------------

  CREATE OR REPLACE EDITIONABLE TRIGGER "TRG_OBEC_LOG" 
AFTER INSERT OR UPDATE OR DELETE ON MESTO
FOR EACH ROW
DECLARE
    v_operace    CHAR(1);
    v_nova       VARCHAR2(4000);
    v_stara      VARCHAR2(4000);
    v_id_rekord  VARCHAR2(20);
    v_archiv_id  NUMBER;
BEGIN
    --------------------------------------------------------------------
    -- 1) Typ operace
    --------------------------------------------------------------------
    IF INSERTING THEN
        v_operace := 'I';
    ELSIF UPDATING THEN
        v_operace := 'U';
    ELSE
        v_operace := 'D';
    END IF;

    --------------------------------------------------------------------
    -- 2) Archivní složka Global Log
    --------------------------------------------------------------------
    SELECT ID_Archiv INTO v_archiv_id
    FROM ARCHIV WHERE NAZEV = 'Global Log';

    --------------------------------------------------------------------
    -- 3) Nová data
    --------------------------------------------------------------------
    IF INSERTING OR UPDATING THEN
        v_nova :=
              'psc='   || :NEW.PSC
           || '; nazev=' || :NEW.NAZEV
           || '; kraj='  || :NEW.KRAJ;
    END IF;

    --------------------------------------------------------------------
    -- 4) Stará data
    --------------------------------------------------------------------
    IF UPDATING OR DELETING THEN
        v_stara :=
              'psc='   || :OLD.PSC
           || '; nazev=' || :OLD.NAZEV
           || '; kraj='  || :OLD.KRAJ;
    END IF;

    --------------------------------------------------------------------
    -- 5) idRekord = PSC
    --------------------------------------------------------------------
    IF INSERTING OR UPDATING THEN
        v_id_rekord := :NEW.PSC;
    ELSE
        v_id_rekord := :OLD.PSC;
    END IF;

    --------------------------------------------------------------------
    -- 6) Zápis do LOG
    --------------------------------------------------------------------
    INSERT INTO LOG (
        ID_Log, tabulkaNazev, operace, datumZmeny,
        idRekord, novaData, staraData, popis, ID_Archiv
    ) VALUES (
        SEQ_LOG_ID.NEXTVAL,
        'OBEC',
        v_operace,
        SYSDATE,
        v_id_rekord,
        v_nova,
        v_stara,
        'Log změn obcí (PSČ)',
        v_archiv_id
    );
END;

/
ALTER TRIGGER "TRG_OBEC_LOG" ENABLE;
--------------------------------------------------------
--  DDL for Trigger TRG_NOTIFIKACE_ID
--------------------------------------------------------

  CREATE OR REPLACE EDITIONABLE TRIGGER "TRG_NOTIFIKACE_ID" 
BEFORE INSERT ON Notifikace 
FOR EACH ROW 
 WHEN (NEW.ID_Notifikace IS NULL) BEGIN 
    :NEW.ID_Notifikace := SEQ_NOTIFIKACE_ID.NEXTVAL; 
END;

/
ALTER TRIGGER "TRG_NOTIFIKACE_ID" ENABLE;
--------------------------------------------------------
--  DDL for Trigger TRG_NOTIFIKACE_LOG
--------------------------------------------------------

  CREATE OR REPLACE EDITIONABLE TRIGGER "TRG_NOTIFIKACE_LOG" 
AFTER INSERT OR UPDATE OR DELETE ON NOTIFIKACE
FOR EACH ROW
DECLARE
    v_operace    CHAR(1);
    v_nova       VARCHAR2(4000);
    v_stara      VARCHAR2(4000);
    v_id_rekord  VARCHAR2(4000);
    v_archiv_id  NUMBER;
BEGIN
    --------------------------------------------------------------------
    -- 1) Typ operace
    --------------------------------------------------------------------
    IF INSERTING THEN
        v_operace := 'I';
    ELSIF UPDATING THEN
        v_operace := 'U';
    ELSE
        v_operace := 'D';
    END IF;

    --------------------------------------------------------------------
    -- 2) Archivní složka Global Log
    --------------------------------------------------------------------
    SELECT ID_Archiv INTO v_archiv_id
    FROM ARCHIV WHERE NAZEV = 'Global Log';

    --------------------------------------------------------------------
    -- 3) Nová data (bez ID)
    --------------------------------------------------------------------
    IF INSERTING OR UPDATING THEN
        v_nova :=
              'authtoken=' || :NEW.AUTHTOKEN
           || '; endpoint=' || :NEW.ENDPOINT
           || '; p256dh='   || :NEW.P256DH
           || '; adresat='  || :NEW.ADRESAT;
    END IF;

    --------------------------------------------------------------------
    -- 4) Stará data (bez ID)
    --------------------------------------------------------------------
    IF UPDATING OR DELETING THEN
        v_stara :=
              'authtoken=' || :OLD.AUTHTOKEN
           || '; endpoint=' || :OLD.ENDPOINT
           || '; p256dh='   || :OLD.P256DH
           || '; adresat='  || :OLD.ADRESAT;
    END IF;

    --------------------------------------------------------------------
    -- 5) idRekord – použijeme adresáta (jedinečný údaj)
    --------------------------------------------------------------------
    IF INSERTING OR UPDATING THEN
        v_id_rekord := :NEW.ADRESAT;
    ELSE
        v_id_rekord := :OLD.ADRESAT;
    END IF;

    --------------------------------------------------------------------
    -- 6) Zápis do LOG
    --------------------------------------------------------------------
    INSERT INTO LOG (
        ID_Log, tabulkaNazev, operace, datumZmeny,
        idRekord, novaData, staraData, popis, ID_Archiv
    ) VALUES (
        SEQ_LOG_ID.NEXTVAL,
        'NOTIFIKACE',
        v_operace,
        SYSDATE,
        v_id_rekord,
        v_nova,
        v_stara,
        'Log změn notifikací',
        v_archiv_id
    );
END;

/
ALTER TRIGGER "TRG_NOTIFIKACE_LOG" ENABLE;
--------------------------------------------------------
--  DDL for Trigger TRG_OBJEDNAVKA_ID
--------------------------------------------------------

  CREATE OR REPLACE EDITIONABLE TRIGGER "TRG_OBJEDNAVKA_ID" 
BEFORE INSERT ON OBJEDNAVKA 
FOR EACH ROW 
 WHEN (NEW.ID_Objednavka IS NULL) BEGIN 
    :NEW.ID_Objednavka := SEQ_OBJEDNAVKA_ID.NEXTVAL; 
END;

/
ALTER TRIGGER "TRG_OBJEDNAVKA_ID" ENABLE;
--------------------------------------------------------
--  DDL for Trigger OBJEDNAVKA_ROLE_CHECK
--------------------------------------------------------

  CREATE OR REPLACE EDITIONABLE TRIGGER "OBJEDNAVKA_ROLE_CHECK" 
BEFORE INSERT OR UPDATE ON OBJEDNAVKA
FOR EACH ROW
DECLARE
    v_count NUMBER;
BEGIN
    --------------------------------------------------------------------
    -- KONTROLA: TYP_OBJEDNAVKA = 'ZAKAZNIK'
    -- Uživatel musí existovat v tabulce ZAKAZNIK
    --------------------------------------------------------------------
    IF :NEW.TYP_OBJEDNAVKA = 'ZAKAZNIK' THEN
        SELECT COUNT(*) INTO v_count
        FROM ZAKAZNIK
        WHERE ID_UZIVATELU = :NEW.ID_UZIVATEL;

        IF v_count = 0 THEN
            RAISE_APPLICATION_ERROR(
                -20001,
                'Chyba: Pro TYP_OBJEDNAVKA = ZAKAZNIK musi ID_UZIVATEL existovat v tabulce ZAKAZNIK.'
            );
        END IF;
    END IF;

    --------------------------------------------------------------------
    -- KONTROLA: TYP_OBJEDNAVKA = 'DODAVATEL'
    -- Uživatel musí existovat v tabulce DODAVATEL
    --------------------------------------------------------------------
    IF :NEW.TYP_OBJEDNAVKA = 'DODAVATEL' THEN
        SELECT COUNT(*) INTO v_count
        FROM DODAVATEL
        WHERE ID_UZIVATELU = :NEW.ID_UZIVATEL;

        IF v_count = 0 THEN
            -- povolíme také systémového uživatele s rolí ADMIN (auto-objednávky)
            SELECT COUNT(*) INTO v_count
            FROM UZIVATEL u
            JOIN APP_ROLE r ON r.ID_Role = u.ID_Role
            WHERE u.ID_Uzivatel = :NEW.ID_UZIVATEL
              AND UPPER(r.nazev) = 'ADMIN';
        END IF;

        IF v_count = 0 THEN
            RAISE_APPLICATION_ERROR(
                -20002,
                'Chyba: Pro TYP_OBJEDNAVKA = DODAVATEL musi ID_UZIVATEL existovat v tabulce DODAVATEL nebo mit roli ADMIN.'
            );
        END IF;
    END IF;

END;

/
ALTER TRIGGER "OBJEDNAVKA_ROLE_CHECK" ENABLE;
--------------------------------------------------------
--  DDL for Trigger TRG_OBJEDNAVKA_LOG
--------------------------------------------------------

  CREATE OR REPLACE EDITIONABLE TRIGGER "TRG_OBJEDNAVKA_LOG" 
AFTER INSERT OR UPDATE OR DELETE ON OBJEDNAVKA
FOR EACH ROW
DECLARE
    v_supermarket_id   NUMBER;
    v_root_id          NUMBER;
    v_archiv_super     NUMBER;
    v_archiv_log       NUMBER;
    v_archiv_obj       NUMBER;

    v_operace          CHAR(1);
    v_nova             VARCHAR2(4000);
    v_stara            VARCHAR2(4000);

    v_id_rekord        VARCHAR2(4000);   -- půjde do LOG.idRekord (VARCHAR2)
    v_super_nazev      VARCHAR2(200);
    v_status_nazev     VARCHAR2(200);
    v_uzivatel_jmeno   VARCHAR2(200);
BEGIN
    --------------------------------------------------------------------
    -- 1) Typ operace
    --------------------------------------------------------------------
    IF INSERTING THEN
        v_operace := 'I';
    ELSIF UPDATING THEN
        v_operace := 'U';
    ELSE
        v_operace := 'D';
    END IF;

    --------------------------------------------------------------------
    -- 2) Získání ID supermarketu (z NEW/OLD)
    --------------------------------------------------------------------
    IF INSERTING OR UPDATING THEN
        v_supermarket_id := :NEW.ID_Supermarket;
    ELSE
        v_supermarket_id := :OLD.ID_Supermarket;
    END IF;

    --------------------------------------------------------------------
    -- 3) Název supermarketu
    --------------------------------------------------------------------
    SELECT Nazev
    INTO v_super_nazev
    FROM SUPERMARKET
    WHERE ID_Supermarket = v_supermarket_id;

    --------------------------------------------------------------------
    -- 4) Název statusu a uživatele (ČITELNÉ, ne ID)
    --------------------------------------------------------------------
    IF INSERTING OR UPDATING THEN
        -- status objednávky
        SELECT Nazev
        INTO v_status_nazev
        FROM STATUS   -- TODO: tvoje tabulka pro status
        WHERE ID_Status = :NEW.ID_Status;

        -- uživatel (např. jméno + příjmení nebo login)
        SELECT jmeno || ' ' || prijmeni
        INTO v_uzivatel_jmeno
        FROM UZIVATEL           -- TODO: tvoje tabulka uživatelů
        WHERE ID_Uzivatel = :NEW.ID_Uzivatel;
    ELSE
        SELECT Nazev
        INTO v_status_nazev
        FROM STATUS
        WHERE ID_Status = :OLD.ID_Status;

        SELECT jmeno || ' ' || prijmeni
        INTO v_uzivatel_jmeno
        FROM UZIVATEL
        WHERE ID_Uzivatel = :OLD.ID_Uzivatel;
    END IF;

    --------------------------------------------------------------------
    -- 5) Najdeme ROOT archiv (hlavní kořen)
    --------------------------------------------------------------------
    SELECT ID_Archiv
    INTO v_root_id
    FROM ARCHIV
    WHERE Parent_id IS NULL;

    --------------------------------------------------------------------
    -- 6) Archiv supermarketu podle názvu
    --------------------------------------------------------------------
    SELECT a.ID_Archiv
    INTO v_archiv_super
    FROM ARCHIV a
    JOIN SUPERMARKET s ON s.NAZEV = a.NAZEV
    WHERE s.ID_Supermarket = v_supermarket_id
      AND a.Parent_id = v_root_id;

    --------------------------------------------------------------------
    -- 7) Složka "Log"
    --------------------------------------------------------------------
    SELECT ID_Archiv
    INTO v_archiv_log
    FROM ARCHIV
    WHERE Parent_id = v_archiv_super
      AND Nazev = 'Log';

    --------------------------------------------------------------------
    -- 8) Podsložka "Objednavky"
    --------------------------------------------------------------------
    SELECT ID_Archiv
    INTO v_archiv_obj
    FROM ARCHIV
    WHERE Parent_id = v_archiv_log
      AND Nazev = 'Objednavky';

    --------------------------------------------------------------------
    -- 9) NOVÁ data – jen čitelné hodnoty, žádná ID
    --------------------------------------------------------------------
    IF INSERTING OR UPDATING THEN
        v_nova :=
              'datum='       || TO_CHAR(:NEW.datum, 'YYYY-MM-DD HH24:MI:SS')
            || '; status='   || v_status_nazev
            || '; typ='      || :NEW.typ_objednavka
            || '; uzivatel=' || v_uzivatel_jmeno
            || '; supermarket=' || v_super_nazev;
    END IF;

    --------------------------------------------------------------------
    -- 10) STARÁ data – taky bez ID
    --------------------------------------------------------------------
    IF UPDATING OR DELETING THEN
        v_stara :=
              'datum='       || TO_CHAR(:OLD.datum, 'YYYY-MM-DD HH24:MI:SS')
            || '; status='   || v_status_nazev
            || '; typ='      || :OLD.typ_objednavka
            || '; uzivatel=' || v_uzivatel_jmeno
            || '; supermarket=' || v_super_nazev;
    END IF;

    --------------------------------------------------------------------
    -- 11) idRekord – jméno uživatele (žádné ID)
    --------------------------------------------------------------------
    v_id_rekord := v_uzivatel_jmeno;

    --------------------------------------------------------------------
    -- 12) Zápis do LOG tabulky
    --------------------------------------------------------------------
    INSERT INTO LOG (
        ID_Log,
        tabulkaNazev,
        operace,
        datumZmeny,
        idRekord,
        novaData,
        staraData,
        popis,
        ID_Archiv
    ) VALUES (
        SEQ_LOG_ID.NEXTVAL,
        'OBJEDNAVKA',
        v_operace,
        SYSDATE,
        v_id_rekord,             -- jméno uživatele místo ID
        v_nova,
        v_stara,
        'Log změny objednávky',
        v_archiv_obj
    );
END;

/
ALTER TRIGGER "TRG_OBJEDNAVKA_LOG" ENABLE;
--------------------------------------------------------
--  DDL for Trigger TRG_OBJEDNAVKA_CISLO
--------------------------------------------------------

  CREATE OR REPLACE EDITIONABLE TRIGGER "TRG_OBJEDNAVKA_CISLO" 
BEFORE INSERT OR UPDATE OF CISLO ON OBJEDNAVKA
FOR EACH ROW
BEGIN
  IF INSERTING THEN
    IF :NEW.cislo IS NULL THEN
      :NEW.cislo := FN_BUILD_CISLO(:NEW.id_objednavka, :NEW.datum);
    END IF;
  ELSIF UPDATING THEN
    IF :OLD.cislo IS NOT NULL AND NVL(:NEW.cislo,'x') <> :OLD.cislo THEN
      RAISE_APPLICATION_ERROR(-20001, 'CISLO nelze menit.');
    END IF;
    IF :NEW.cislo IS NULL THEN
      :NEW.cislo := FN_BUILD_CISLO(:NEW.id_objednavka, :NEW.datum);
    END IF;
  END IF;
END;

/
ALTER TRIGGER "TRG_OBJEDNAVKA_CISLO" ENABLE;
--------------------------------------------------------
--  DDL for Trigger TRG_PLATBA_ID
--------------------------------------------------------

  CREATE OR REPLACE EDITIONABLE TRIGGER "TRG_PLATBA_ID" 
BEFORE INSERT ON PLATBA 
FOR EACH ROW 
 WHEN (NEW.ID_platba IS NULL) BEGIN 
    :NEW.ID_platba := SEQ_PLATBA_ID.NEXTVAL; 
END;

/
ALTER TRIGGER "TRG_PLATBA_ID" ENABLE;
--------------------------------------------------------
--  DDL for Trigger ARC_PLATBA_KARTA_CHECK
--------------------------------------------------------

  CREATE OR REPLACE EDITIONABLE TRIGGER "ARC_PLATBA_KARTA_CHECK" 
AFTER INSERT OR UPDATE ON PLATBA
DECLARE
    CURSOR c IS
        SELECT ID_platba, platbaTyp
        FROM PLATBA
        WHERE platbaTyp = 'K';
    v_count NUMBER;
BEGIN
    -- ARC pravidlo: pokud platbaTyp = 'K', musí existovat přesně jeden řádek v KARTA
    FOR r IN c LOOP
        SELECT COUNT(*)
        INTO v_count
        FROM KARTA
        WHERE ID_platba = r.ID_platba;

        IF v_count = 0 THEN
            RAISE_APPLICATION_ERROR(
                -20223,
                'Chybí záznam v KARTA pro PLATBA=' || r.ID_platba
            );
        END IF;
    END LOOP;
END;

/
ALTER TRIGGER "ARC_PLATBA_KARTA_CHECK" ENABLE;
--------------------------------------------------------
--  DDL for Trigger ARC_PLATBA_HOTOVOST_CHECK
--------------------------------------------------------

  CREATE OR REPLACE EDITIONABLE TRIGGER "ARC_PLATBA_HOTOVOST_CHECK" 
AFTER INSERT OR UPDATE ON PLATBA
DECLARE
    CURSOR c IS
        SELECT ID_platba, platbaTyp
        FROM PLATBA
        WHERE platbaTyp = 'H';
    v_count NUMBER;
BEGIN
    -- Pro každou platbu typu HOTOVOST zkontrolujeme, zda existuje odpovídající záznam
    FOR r IN c LOOP
        SELECT COUNT(*)
        INTO v_count
        FROM HOTOVOST
        WHERE ID_platba = r.ID_platba;

        IF v_count = 0 THEN
            RAISE_APPLICATION_ERROR(
                -20224,
                'Chybí záznam v HOTOVOST pro PLATBA=' || r.ID_platba ||
                ' (ARC pravidlo platbaTyp = H)'
            );
        END IF;
    END LOOP;
END;

/
ALTER TRIGGER "ARC_PLATBA_HOTOVOST_CHECK" ENABLE;
--------------------------------------------------------
--  DDL for Trigger TRG_PLATBA_LOG
--------------------------------------------------------

  CREATE OR REPLACE EDITIONABLE TRIGGER "TRG_PLATBA_LOG" 
AFTER INSERT OR UPDATE OR DELETE ON PLATBA
FOR EACH ROW
DECLARE
    v_supermarket_id   NUMBER;
    v_root_id          NUMBER;
    v_archiv_super     NUMBER;
    v_archiv_log       NUMBER;
    v_archiv_platby    NUMBER;

    v_operace          CHAR(1);
    v_nova             VARCHAR2(4000);
    v_stara            VARCHAR2(4000);

    v_id_rekord        VARCHAR2(4000);   
    v_super_nazev      VARCHAR2(200);
    v_obj_datum        DATE;
    v_obj_typ          VARCHAR2(100);
    v_uzivatel_jmeno   VARCHAR2(200);
BEGIN
    --------------------------------------------------------------------
    -- 1) Určení operace
    --------------------------------------------------------------------
    IF INSERTING THEN
        v_operace := 'I';
    ELSIF UPDATING THEN
        v_operace := 'U';
    ELSE
        v_operace := 'D';
    END IF;

    --------------------------------------------------------------------
    -- 2) Zjištění supermarketu + info o objednávce + uživatel
    --    (vezmeme info z OBJEDNAVKA, ale NEpoužijeme její ID do logu)
    --------------------------------------------------------------------
    IF INSERTING OR UPDATING THEN
        SELECT o.ID_Supermarket,
               o.datum,
               o.typ_objednavka,
               u.jmeno || ' ' || u.prijmeni
        INTO  v_supermarket_id,
              v_obj_datum,
              v_obj_typ,
              v_uzivatel_jmeno
        FROM OBJEDNAVKA o
        JOIN UZIVATEL u ON u.ID_Uzivatel = o.ID_Uzivatel
        WHERE o.ID_Objednavka = :NEW.ID_Objednavka;
    ELSE
        SELECT o.ID_Supermarket,
               o.datum,
               o.typ_objednavka,
               u.jmeno || ' ' || u.prijmeni
        INTO  v_supermarket_id,
              v_obj_datum,
              v_obj_typ,
              v_uzivatel_jmeno
        FROM OBJEDNAVKA o
        JOIN UZIVATEL u ON u.ID_Uzivatel = o.ID_Uzivatel
        WHERE o.ID_Objednavka = :OLD.ID_Objednavka;
    END IF;

    --------------------------------------------------------------------
    -- 3) Název supermarketu
    --------------------------------------------------------------------
    SELECT Nazev
    INTO v_super_nazev
    FROM SUPERMARKET
    WHERE ID_Supermarket = v_supermarket_id;

    --------------------------------------------------------------------
    -- 4) Najdeme ROOT archiv
    --------------------------------------------------------------------
    SELECT ID_Archiv
    INTO v_root_id
    FROM ARCHIV
    WHERE Parent_id IS NULL;

    --------------------------------------------------------------------
    -- 5) Složka supermarketu
    --------------------------------------------------------------------
    SELECT a.ID_Archiv
    INTO v_archiv_super
    FROM ARCHIV a
    JOIN SUPERMARKET s ON s.NAZEV = a.NAZEV
    WHERE s.ID_Supermarket = v_supermarket_id
      AND a.Parent_id = v_root_id;

    --------------------------------------------------------------------
    -- 6) Složka "Log"
    --------------------------------------------------------------------
    SELECT ID_Archiv
    INTO v_archiv_log
    FROM ARCHIV
    WHERE Parent_id = v_archiv_super
      AND Nazev = 'Log';

    --------------------------------------------------------------------
    -- 7) Podsložka "Platby"
    --------------------------------------------------------------------
    SELECT ID_Archiv
    INTO v_archiv_platby
    FROM ARCHIV
    WHERE Parent_id = v_archiv_log
      AND Nazev = 'Platby';

    --------------------------------------------------------------------
    -- 8) NOVÁ data – čitelné, bez ID
    --------------------------------------------------------------------
    IF INSERTING OR UPDATING THEN
        v_nova :=
              'castka='       || TO_CHAR(:NEW.castka)
            || '; datum='     || TO_CHAR(:NEW.datum, 'YYYY-MM-DD HH24:MI:SS')
            || '; objednavka='|| v_obj_typ || ' (' || v_uzivatel_jmeno || ')'
            || '; supermarket=' || v_super_nazev
            || '; typ='       || :NEW.platbaTyp;
    END IF;

    --------------------------------------------------------------------
    -- 9) STARÁ data – taky bez ID
    --------------------------------------------------------------------
    IF UPDATING OR DELETING THEN
        v_stara :=
              'castka='       || TO_CHAR(:OLD.castka)
            || '; datum='     || TO_CHAR(:OLD.datum, 'YYYY-MM-DD HH24:MI:SS')
            || '; objednavka='|| v_obj_typ || ' (' || v_uzivatel_jmeno || ')'
            || '; supermarket=' || v_super_nazev
            || '; typ='       || :OLD.platbaTyp;
    END IF;

    --------------------------------------------------------------------
    -- 10) idRekord – čitelný identifikátor platby (žádné ID)
    --------------------------------------------------------------------
    IF INSERTING OR UPDATING THEN
        v_id_rekord :=
            'PLATBA ' ||
            TO_CHAR(:NEW.datum, 'YYYY-MM-DD HH24:MI') ||
            ' / ' || v_super_nazev;
    ELSE
        v_id_rekord :=
            'PLATBA ' ||
            TO_CHAR(:OLD.datum, 'YYYY-MM-DD HH24:MI') ||
            ' / ' || v_super_nazev;
    END IF;

    --------------------------------------------------------------------
    -- 11) Uložení logu
    --------------------------------------------------------------------
    INSERT INTO LOG (
        ID_Log,
        tabulkaNazev,
        operace,
        datumZmeny,
        idRekord,
        novaData,
        staraData,
        popis,
        ID_Archiv
    ) VALUES (
        SEQ_LOG_ID.NEXTVAL,
        'PLATBA',
        v_operace,
        SYSDATE,
        v_id_rekord,
        v_nova,
        v_stara,
        'Log změny platby',
        v_archiv_platby
    );
END;

/
ALTER TRIGGER "TRG_PLATBA_LOG" ENABLE;
--------------------------------------------------------
--  DDL for Trigger TRG_PLATBA_ARC_CREATE
--------------------------------------------------------

  CREATE OR REPLACE EDITIONABLE TRIGGER "TRG_PLATBA_ARC_CREATE" 
AFTER INSERT ON PLATBA
FOR EACH ROW
BEGIN
    IF :NEW.platbaTyp = 'H' THEN
        INSERT INTO HOTOVOST(ID_platba, prijato, vraceno)
        VALUES(:NEW.ID_platba, 0, 0);
    ELSIF :NEW.platbaTyp = 'K' THEN
        INSERT INTO KARTA(ID_platba, cisloKarty)
        VALUES(:NEW.ID_platba, '0000-0000-0000-0000');
    ELSIF :NEW.platbaTyp = 'U' THEN
        NULL; -- кошелёк: карта/наличка не создаются
    END IF;
END;

/
ALTER TRIGGER "TRG_PLATBA_ARC_CREATE" ENABLE;
--------------------------------------------------------
--  DDL for Trigger BI_POHYB_UCTU
--------------------------------------------------------

  CREATE OR REPLACE EDITIONABLE TRIGGER "BI_POHYB_UCTU" 
BEFORE INSERT ON "POHYB_UCTU"
FOR EACH ROW
 WHEN (NEW."ID_POHYB" IS NULL) BEGIN
  SELECT "SEQ_POHYB_UCTU_ID".NEXTVAL INTO :NEW."ID_POHYB" FROM dual;
END;

/
ALTER TRIGGER "BI_POHYB_UCTU" ENABLE;
--------------------------------------------------------
--  DDL for Trigger TRG_POHYB_LOG
--------------------------------------------------------

  CREATE OR REPLACE EDITIONABLE TRIGGER "TRG_POHYB_LOG" 
AFTER INSERT OR UPDATE OR DELETE ON POHYB_UCTU
FOR EACH ROW
DECLARE
    v_root_id          NUMBER;
    v_archiv_ucty      NUMBER;
    v_archiv_platby    NUMBER;

    v_operace          CHAR(1);
    v_nova             VARCHAR2(4000);
    v_stara            VARCHAR2(4000);

    v_id_rekord        VARCHAR2(4000);
    v_user_jmeno       VARCHAR2(200);
BEGIN
    -- Operace
    IF INSERTING THEN
        v_operace := 'I';
    ELSIF UPDATING THEN
        v_operace := 'U';
    ELSE
        v_operace := 'D';
    END IF;

    -- ROOT + UCTY / Platby složka
    SELECT ID_Archiv INTO v_root_id FROM ARCHIV WHERE Parent_id IS NULL;

    BEGIN
        SELECT ID_Archiv
          INTO v_archiv_ucty
          FROM ARCHIV
         WHERE Parent_id = v_root_id
           AND Nazev = 'UCTY';
    EXCEPTION
        WHEN NO_DATA_FOUND THEN v_archiv_ucty := v_root_id;
    END;

    BEGIN
        SELECT ID_Archiv INTO v_archiv_platby FROM ARCHIV WHERE Parent_id = v_archiv_ucty AND Nazev = 'Platby';
    EXCEPTION
        WHEN NO_DATA_FOUND THEN v_archiv_platby := v_archiv_ucty;
    END;

    -- Uživatelská data
    IF INSERTING OR UPDATING THEN
        SELECT u.jmeno || ' ' || u.prijmeni
          INTO v_user_jmeno
          FROM UCET uc
          JOIN UZIVATEL u ON u.ID_Uzivatel = uc.ID_Uzivatel
         WHERE uc.ID_Ucet = :NEW.ID_Ucet;
    ELSE
        SELECT u.jmeno || ' ' || u.prijmeni
          INTO v_user_jmeno
          FROM UCET uc
          JOIN UZIVATEL u ON u.ID_Uzivatel = uc.ID_Uzivatel
         WHERE uc.ID_Ucet = :OLD.ID_Ucet;
    END IF;

    -- Data
    IF INSERTING OR UPDATING THEN
        v_nova :=
              'smer=' || :NEW.smer
            || '; metoda=' || :NEW.metoda
            || '; castka=' || TO_CHAR(:NEW.castka)
            || '; pozn=' || :NEW.poznamka
            || '; objednavka=' || CASE WHEN :NEW.ID_Objednavka IS NULL THEN 'bez' ELSE 'ano' END;
    END IF;

    IF UPDATING OR DELETING THEN
        v_stara :=
              'smer=' || :OLD.smer
            || '; metoda=' || :OLD.metoda
            || '; castka=' || TO_CHAR(:OLD.castka)
            || '; pozn=' || :OLD.poznamka
            || '; objednavka=' || CASE WHEN :OLD.ID_Objednavka IS NULL THEN 'bez' ELSE 'ano' END;
    END IF;

    v_id_rekord := 'POHYB / ' || v_user_jmeno;

    INSERT INTO LOG (
        ID_Log,
        tabulkaNazev,
        operace,
        datumZmeny,
        idRekord,
        novaData,
        staraData,
        popis,
        ID_Archiv
    ) VALUES (
        SEQ_LOG_ID.NEXTVAL,
        'POHYB_UCTU',
        v_operace,
        SYSDATE,
        v_id_rekord,
        v_nova,
        v_stara,
        'Log změny pohybu na účtu',
        v_archiv_platby
    );
END;

/
ALTER TRIGGER "TRG_POHYB_LOG" ENABLE;
--------------------------------------------------------
--  DDL for Trigger TRG_PRAVO_ID
--------------------------------------------------------

  CREATE OR REPLACE EDITIONABLE TRIGGER "TRG_PRAVO_ID" 
BEFORE INSERT ON PRAVO 
FOR EACH ROW 
 WHEN (NEW.ID_Pravo IS NULL) BEGIN 
    :NEW.ID_Pravo := SEQ_PRAVO_ID.NEXTVAL; 
END;

/
ALTER TRIGGER "TRG_PRAVO_ID" ENABLE;
--------------------------------------------------------
--  DDL for Trigger TRG_APP_PRAVO_LOG
--------------------------------------------------------

  CREATE OR REPLACE EDITIONABLE TRIGGER "TRG_APP_PRAVO_LOG" 
AFTER INSERT OR UPDATE OR DELETE ON PRAVO
FOR EACH ROW
DECLARE
    v_operace     CHAR(1);
    v_nova        VARCHAR2(4000);
    v_stara       VARCHAR2(4000);
    v_id_rekord   VARCHAR2(200);
    v_archiv_id   NUMBER;
BEGIN
    --------------------------------------------------------------------
    -- 1) Určení typu operace
    --------------------------------------------------------------------
    IF INSERTING THEN
        v_operace := 'I';
    ELSIF UPDATING THEN
        v_operace := 'U';
    ELSE
        v_operace := 'D';
    END IF;

    --------------------------------------------------------------------
    -- 2) Archivní složka GlobalLog
    --------------------------------------------------------------------
    SELECT ID_Archiv
    INTO v_archiv_id
    FROM ARCHIV
    WHERE Nazev = 'Global Log';

    --------------------------------------------------------------------
    -- 3) Nová data (jen čitelné hodnoty, žádná ID)
    --------------------------------------------------------------------
    IF INSERTING OR UPDATING THEN
        v_nova :=
              'kod='   || :NEW.KOD
           || '; nazev=' || :NEW.NAZEV
           || '; popis=' || SUBSTR(:NEW.POPIS, 1, 500);
    END IF;

    --------------------------------------------------------------------
    -- 4) Stará data (jen čitelné hodnoty)
    --------------------------------------------------------------------
    IF UPDATING OR DELETING THEN
        v_stara :=
              'kod='   || :OLD.KOD
           || '; nazev=' || :OLD.NAZEV
           || '; popis=' || SUBSTR(:OLD.POPIS, 1, 500);
    END IF;

    --------------------------------------------------------------------
    -- 5) idRekord = KOD práva (bez ID)
    --------------------------------------------------------------------
    IF INSERTING OR UPDATING THEN
        v_id_rekord := :NEW.KOD;
    ELSE
        v_id_rekord := :OLD.KOD;
    END IF;

    --------------------------------------------------------------------
    -- 6) Zápis logu
    --------------------------------------------------------------------
    INSERT INTO LOG (
        ID_Log, tabulkaNazev, operace, datumZmeny,
        idRekord, novaData, staraData, popis, ID_Archiv
    ) VALUES (
        SEQ_LOG_ID.NEXTVAL,
        'PRAVO',
        v_operace,
        SYSDATE,
        v_id_rekord,
        v_nova,
        v_stara,
        'Log změny práva',
        v_archiv_id
    );
END;

/
ALTER TRIGGER "TRG_APP_PRAVO_LOG" ENABLE;
--------------------------------------------------------
--  DDL for Trigger TRG_SKALD_ID
--------------------------------------------------------

  CREATE OR REPLACE EDITIONABLE TRIGGER "TRG_SKALD_ID" 
BEFORE INSERT ON SKLAD 
FOR EACH ROW 
 WHEN (NEW.ID_Sklad IS NULL) BEGIN 
    :NEW.ID_Sklad := SEQ_SKALD_ID.NEXTVAL; 
END;

/
ALTER TRIGGER "TRG_SKALD_ID" ENABLE;
--------------------------------------------------------
--  DDL for Trigger TRG_SKLAD_LOG
--------------------------------------------------------

  CREATE OR REPLACE EDITIONABLE TRIGGER "TRG_SKLAD_LOG" 
AFTER INSERT OR UPDATE OR DELETE ON SKLAD
FOR EACH ROW
DECLARE
    v_supermarket_id  NUMBER;
    v_root_id         NUMBER;
    v_archiv_super    NUMBER;
    v_archiv_log      NUMBER;
    v_archiv_ostatni  NUMBER;

    v_operace         CHAR(1);
    v_nova            VARCHAR2(4000);
    v_stara           VARCHAR2(4000);

    v_id_rekord       VARCHAR2(4000);   
    v_super_nazev     VARCHAR2(200);
BEGIN
    --------------------------------------------------------------------
    -- 1) Určení typu operace
    --------------------------------------------------------------------
    IF INSERTING THEN
        v_operace := 'I';
    ELSIF UPDATING THEN
        v_operace := 'U';
    ELSE
        v_operace := 'D';
    END IF;

    --------------------------------------------------------------------
    -- 2) Zjištění ID supermarketu
    --------------------------------------------------------------------
    IF INSERTING OR UPDATING THEN
        v_supermarket_id := :NEW.ID_Supermarket;
    ELSE
        v_supermarket_id := :OLD.ID_Supermarket;
    END IF;

    --------------------------------------------------------------------
    -- 3) Název supermarketu
    --------------------------------------------------------------------
    SELECT Nazev
    INTO v_super_nazev
    FROM SUPERMARKET
    WHERE ID_Supermarket = v_supermarket_id;

    --------------------------------------------------------------------
    -- 4) Najdeme ROOT archiv
    --------------------------------------------------------------------
    SELECT ID_Archiv
    INTO v_root_id
    FROM ARCHIV
    WHERE Parent_id IS NULL;

    --------------------------------------------------------------------
    -- 5) Najdeme složku supermarketu
    --------------------------------------------------------------------
    SELECT a.ID_Archiv
    INTO v_archiv_super
    FROM ARCHIV a
    JOIN SUPERMARKET s ON s.NAZEV = a.NAZEV
    WHERE s.ID_Supermarket = v_supermarket_id
      AND a.Parent_id = v_root_id;

    --------------------------------------------------------------------
    -- 6) Najdeme složku "Log"
    --------------------------------------------------------------------
    SELECT ID_Archiv
    INTO v_archiv_log
    FROM ARCHIV
    WHERE Parent_id = v_archiv_super
      AND Nazev = 'Log';

    --------------------------------------------------------------------
    -- 7) Najdeme podsložku "Ostatni"
    --------------------------------------------------------------------
    SELECT ID_Archiv
    INTO v_archiv_ostatni
    FROM ARCHIV
    WHERE Parent_id = v_archiv_log
      AND Nazev = 'Ostatni';

    --------------------------------------------------------------------
    -- 8) NOVÁ data – bez ID, jen názvy
    --------------------------------------------------------------------
    IF INSERTING OR UPDATING THEN
        v_nova :=
              'nazev='        || :NEW.nazev
            || '; kapacita='  || :NEW.kapacita
            || '; telefon='   || :NEW.telefonniCislo
            || '; supermarket=' || v_super_nazev;
    END IF;

    --------------------------------------------------------------------
    -- 9) STARÁ data – taky bez ID
    --------------------------------------------------------------------
    IF UPDATING OR DELETING THEN
        v_stara :=
              'nazev='        || :OLD.nazev
            || '; kapacita='  || :OLD.kapacita
            || '; telefon='   || :OLD.telefonniCislo
            || '; supermarket=' || v_super_nazev;
    END IF;

    --------------------------------------------------------------------
    -- 10) idRekord = název skladu (žádné ID)
    --------------------------------------------------------------------
    IF INSERTING OR UPDATING THEN
        v_id_rekord := :NEW.nazev;
    ELSE
        v_id_rekord := :OLD.nazev;
    END IF;

    --------------------------------------------------------------------
    -- 11) Zápis logu
    --------------------------------------------------------------------
    INSERT INTO LOG (
        ID_Log,
        tabulkaNazev,
        operace,
        datumZmeny,
        idRekord,
        novaData,
        staraData,
        popis,
        ID_Archiv
    )
    VALUES (
        SEQ_LOG_ID.NEXTVAL,
        'SKLAD',
        v_operace,
        SYSDATE,
        v_id_rekord,              -- název skladu místo ID
        v_nova,
        v_stara,
        'Log změny skladu',
        v_archiv_ostatni
    );
END;

/
ALTER TRIGGER "TRG_SKLAD_LOG" ENABLE;
--------------------------------------------------------
--  DDL for Trigger TRG_SOUBOR_ID
--------------------------------------------------------

  CREATE OR REPLACE EDITIONABLE TRIGGER "TRG_SOUBOR_ID" 
BEFORE INSERT ON SOUBOR 
FOR EACH ROW 
 WHEN (NEW.ID_Soubor IS NULL) BEGIN 
    :NEW.ID_Soubor := SEQ_SOUBOR_ID.NEXTVAL; 
END;

/
ALTER TRIGGER "TRG_SOUBOR_ID" ENABLE;
--------------------------------------------------------
--  DDL for Trigger TRG_STATUS_ID
--------------------------------------------------------

  CREATE OR REPLACE EDITIONABLE TRIGGER "TRG_STATUS_ID" 
BEFORE INSERT ON STATUS 
FOR EACH ROW 
 WHEN (NEW.ID_Status IS NULL) BEGIN 
    :NEW.ID_Status := SEQ_STATUS_ID.NEXTVAL; 
END;

/
ALTER TRIGGER "TRG_STATUS_ID" ENABLE;
--------------------------------------------------------
--  DDL for Trigger TRG_SUPERMARKET_ID
--------------------------------------------------------

  CREATE OR REPLACE EDITIONABLE TRIGGER "TRG_SUPERMARKET_ID" 
BEFORE INSERT ON SUPERMARKET 
FOR EACH ROW 
 WHEN (NEW.ID_Supermarket IS NULL) BEGIN 
    :NEW.ID_Supermarket := SEQ_SUPERMARKET_ID.NEXTVAL; 
END;

/
ALTER TRIGGER "TRG_SUPERMARKET_ID" ENABLE;
--------------------------------------------------------
--  DDL for Trigger TRG_SUPERMARKET_ARCHIV_CREATE
--------------------------------------------------------

  CREATE OR REPLACE EDITIONABLE TRIGGER "TRG_SUPERMARKET_ARCHIV_CREATE" 
AFTER INSERT ON SUPERMARKET
FOR EACH ROW
DECLARE
    v_root_id NUMBER;
    v_sup_id NUMBER;
    v_log_id NUMBER;
BEGIN
    --------------------------------------------------------------------
    --  Najdeme kořenovou složku archivu
    --------------------------------------------------------------------
    SELECT ID_Archiv
    INTO v_root_id
    FROM ARCHIV
    WHERE Parent_id IS NULL;

    --------------------------------------------------------------------
    --  Vytvoříme složku supermarketu podle názvu
    --------------------------------------------------------------------
    INSERT INTO ARCHIV (ID_Archiv, Nazev, Popis, Parent_id)
    VALUES (
        SEQ_ARCHIV_ID.NEXTVAL,
        :NEW.NAZEV,                         -- Název supermarketu
        'Archiv pro supermarket ' || :NEW.NAZEV,
        v_root_id
    )
    RETURNING ID_Archiv INTO v_sup_id;

    --------------------------------------------------------------------
    --  Vytvoříme základní podsložky
    --------------------------------------------------------------------
    INSERT INTO ARCHIV VALUES (SEQ_ARCHIV_ID.NEXTVAL, 'Dokumenty', 'Dokumenty supermarketu', v_sup_id);
    INSERT INTO ARCHIV VALUES (SEQ_ARCHIV_ID.NEXTVAL, 'Reporty', 'Reporty a analýzy', v_sup_id);
    INSERT INTO ARCHIV VALUES (SEQ_ARCHIV_ID.NEXTVAL, 'Inventura', 'Inventurní data', v_sup_id);

    --------------------------------------------------------------------
    --  Vytvoříme složku Log (a zapamatujeme si její ID)
    --------------------------------------------------------------------
    INSERT INTO ARCHIV (ID_Archiv, Nazev, Popis, Parent_id)
    VALUES (
        SEQ_ARCHIV_ID.NEXTVAL,
        'Log',
        'Logy změn pro supermarket ' || :NEW.NAZEV,
        v_sup_id
    )
    RETURNING ID_Archiv INTO v_log_id;

    --------------------------------------------------------------------
    --  Podsložky Logu
    --------------------------------------------------------------------
    INSERT INTO ARCHIV VALUES (SEQ_ARCHIV_ID.NEXTVAL, 'Zbozi', 'Logy změn ZBOZI', v_log_id);
    INSERT INTO ARCHIV VALUES (SEQ_ARCHIV_ID.NEXTVAL, 'Objednavky', 'Logy změn OBJEDNAVKA', v_log_id);
    INSERT INTO ARCHIV VALUES (SEQ_ARCHIV_ID.NEXTVAL, 'Platby', 'Logy změn PLATBA', v_log_id);
    INSERT INTO ARCHIV VALUES (SEQ_ARCHIV_ID.NEXTVAL, 'Ostatni', 'Ostatní logy', v_log_id);

END;

/
ALTER TRIGGER "TRG_SUPERMARKET_ARCHIV_CREATE" ENABLE;
--------------------------------------------------------
--  DDL for Trigger BI_UCET
--------------------------------------------------------

  CREATE OR REPLACE EDITIONABLE TRIGGER "BI_UCET" 
BEFORE INSERT ON "UCET"
FOR EACH ROW
 WHEN (NEW."ID_UCET" IS NULL) BEGIN
  SELECT "SEQ_UCET_ID".NEXTVAL INTO :NEW."ID_UCET" FROM dual;
END;

/
ALTER TRIGGER "BI_UCET" ENABLE;
--------------------------------------------------------
--  DDL for Trigger TRG_UCET_LOG
--------------------------------------------------------

  CREATE OR REPLACE EDITIONABLE TRIGGER "TRG_UCET_LOG" 
AFTER INSERT OR UPDATE OR DELETE ON UCET
FOR EACH ROW
DECLARE
    v_root_id          NUMBER;
    v_archiv_ucty      NUMBER;

    v_operace          CHAR(1);
    v_nova             VARCHAR2(4000);
    v_stara            VARCHAR2(4000);

    v_id_rekord        VARCHAR2(4000);
    v_user_jmeno       VARCHAR2(200);
BEGIN
    -- 1) Operace
    IF INSERTING THEN
        v_operace := 'I';
    ELSIF UPDATING THEN
        v_operace := 'U';
    ELSE
        v_operace := 'D';
    END IF;

    -- 2) Uživatel (jen jméno; žádné ID)
    IF INSERTING OR UPDATING THEN
        SELECT jmeno || ' ' || prijmeni
          INTO v_user_jmeno
          FROM UZIVATEL
         WHERE ID_Uzivatel = :NEW.ID_Uzivatel;
    ELSE
        SELECT jmeno || ' ' || prijmeni
          INTO v_user_jmeno
          FROM UZIVATEL
         WHERE ID_Uzivatel = :OLD.ID_Uzivatel;
    END IF;

    -- 3) ROOT archiv
    SELECT ID_Archiv INTO v_root_id FROM ARCHIV WHERE Parent_id IS NULL;

    -- 4) Složka UCTY pod ROOT
    BEGIN
        SELECT ID_Archiv
          INTO v_archiv_ucty
          FROM ARCHIV
         WHERE Parent_id = v_root_id
           AND Nazev = 'UCTY';
    EXCEPTION
        WHEN NO_DATA_FOUND THEN
            v_archiv_ucty := v_root_id;
    END;

    -- 5) Data pro log (bez ID, bez supermarketu)
    IF INSERTING OR UPDATING THEN
        v_nova :=
              'zustatek=' || TO_CHAR(:NEW.Zustatek)
            || '; uzivatel=' || v_user_jmeno;
    END IF;

    IF UPDATING OR DELETING THEN
        v_stara :=
              'zustatek=' || TO_CHAR(:OLD.Zustatek)
            || '; uzivatel=' || v_user_jmeno;
    END IF;

    v_id_rekord := 'UCET ' || v_user_jmeno;

    INSERT INTO LOG (
        ID_Log,
        tabulkaNazev,
        operace,
        datumZmeny,
        idRekord,
        novaData,
        staraData,
        popis,
        ID_Archiv
    ) VALUES (
        SEQ_LOG_ID.NEXTVAL,
        'UCET',
        v_operace,
        SYSDATE,
        v_id_rekord,
        v_nova,
        v_stara,
        'Log změny účtu',
        v_archiv_ucty
    );
END;

/
ALTER TRIGGER "TRG_UCET_LOG" ENABLE;
--------------------------------------------------------
--  DDL for Trigger TRG_UZIVATEL_EMAIL_CHECK
--------------------------------------------------------

  CREATE OR REPLACE EDITIONABLE TRIGGER "TRG_UZIVATEL_EMAIL_CHECK" 
BEFORE INSERT OR UPDATE ON UZIVATEL
FOR EACH ROW
BEGIN
    --------------------------------------------------------------------
    -- Jednoduchá kontrola formátu emailu
    --------------------------------------------------------------------
    IF NOT REGEXP_LIKE(:NEW.email, '^[A-Za-z0-9._%+-]+@[A-Za-z0-9.-]+\.[A-Za-z]{2,}$') THEN
        RAISE_APPLICATION_ERROR(
            -20104,
            'Email ma neplatny format.'
        );
    END IF;
END;

/
ALTER TRIGGER "TRG_UZIVATEL_EMAIL_CHECK" ENABLE;
--------------------------------------------------------
--  DDL for Trigger TRG_UZIVATEL_ID
--------------------------------------------------------

  CREATE OR REPLACE EDITIONABLE TRIGGER "TRG_UZIVATEL_ID" 
BEFORE INSERT ON UZIVATEL 
FOR EACH ROW 
 WHEN (NEW.ID_Uzivatel IS NULL) BEGIN 
    :NEW.ID_Uzivatel := SEQ_UZIVATEL_ID.NEXTVAL; 
END;

/
ALTER TRIGGER "TRG_UZIVATEL_ID" ENABLE;
--------------------------------------------------------
--  DDL for Trigger TRG_UZIVATEL_DEFAULT_ROLE
--------------------------------------------------------

  CREATE OR REPLACE EDITIONABLE TRIGGER "TRG_UZIVATEL_DEFAULT_ROLE" 
BEFORE INSERT ON UZIVATEL
FOR EACH ROW
BEGIN
    --------------------------------------------------------------------
    -- Pokud není role vyplněna, nastavíme roli NEW_USER (ID = 7)
    --------------------------------------------------------------------
    IF :NEW.ID_Role IS NULL THEN
        :NEW.ID_Role := 7;
    END IF;
END;

/
ALTER TRIGGER "TRG_UZIVATEL_DEFAULT_ROLE" ENABLE;
--------------------------------------------------------
--  DDL for Trigger TRG_UZIVATEL_LOG
--------------------------------------------------------

  CREATE OR REPLACE EDITIONABLE TRIGGER "TRG_UZIVATEL_LOG" 
AFTER INSERT OR UPDATE OR DELETE ON UZIVATEL
FOR EACH ROW
DECLARE
    v_root_id      NUMBER;
    v_archiv_user  NUMBER;

    v_operace      CHAR(1);
    v_nova         VARCHAR2(4000);
    v_stara        VARCHAR2(4000);

    v_id_rekord        VARCHAR2(4000); 
    v_role_nazev_new   VARCHAR2(200);
    v_role_nazev_old   VARCHAR2(200);
BEGIN
    --------------------------------------------------------------------
    -- 1) Určení operace
    --------------------------------------------------------------------
    IF INSERTING THEN
        v_operace := 'I';
    ELSIF UPDATING THEN
        v_operace := 'U';
    ELSE
        v_operace := 'D';
    END IF;

    --------------------------------------------------------------------
    -- 2) Najdeme ROOT archiv
    --------------------------------------------------------------------
    SELECT ID_Archiv
    INTO v_root_id
    FROM ARCHIV
    WHERE Parent_id IS NULL;

    --------------------------------------------------------------------
    -- 3) Najdeme podsložku 'Uzivatele'
    --------------------------------------------------------------------
    SELECT ID_Archiv
    INTO v_archiv_user
    FROM ARCHIV
    WHERE Parent_id = v_root_id
      AND Nazev = 'Uzivatele';

    --------------------------------------------------------------------
    -- 4) Názvy rolí (místo ID_Role)
    --------------------------------------------------------------------
    IF INSERTING OR UPDATING THEN
        SELECT Nazev
        INTO v_role_nazev_new
        FROM APP_ROLE   -- TODO: tvoje tabulka s rolemi
        WHERE ID_Role = :NEW.ID_Role;
    END IF;

    IF UPDATING OR DELETING THEN
        SELECT Nazev
        INTO v_role_nazev_old
        FROM APP_ROLE
        WHERE ID_Role = :OLD.ID_Role;
    END IF;

    --------------------------------------------------------------------
    -- 5) Nová data – čitelné, bez ID
    --------------------------------------------------------------------
    IF INSERTING OR UPDATING THEN
        v_nova :=
              'jmeno='       || :NEW.jmeno
            || '; prijmeni=' || :NEW.prijmeni
            || '; email='    || :NEW.email
            || '; telefon='  || :NEW.telefonniCislo
            || '; role='     || v_role_nazev_new;
    END IF;

    --------------------------------------------------------------------
    -- 6) Stará data – taky bez ID
    --------------------------------------------------------------------
    IF UPDATING OR DELETING THEN
        v_stara :=
              'jmeno='       || :OLD.jmeno
            || '; prijmeni=' || :OLD.prijmeni
            || '; email='    || :OLD.email
            || '; telefon='  || :OLD.telefonniCislo
            || '; role='     || v_role_nazev_old;
    END IF;

    --------------------------------------------------------------------
    -- 7) idRekord = jméno uživatele (žádné ID)
    --------------------------------------------------------------------
    IF INSERTING OR UPDATING THEN
        v_id_rekord := :NEW.jmeno || ' ' || :NEW.prijmeni;
    ELSE
        v_id_rekord := :OLD.jmeno || ' ' || :OLD.prijmeni;
    END IF;

    --------------------------------------------------------------------
    -- 8) Zápis logu do tabulky LOG
    --------------------------------------------------------------------
    INSERT INTO LOG (
        ID_Log,
        tabulkaNazev,
        operace,
        datumZmeny,
        idRekord,
        novaData,
        staraData,
        popis,
        ID_Archiv
    ) VALUES (
        SEQ_LOG_ID.NEXTVAL,
        'UZIVATEL',
        v_operace,
        SYSDATE,
        v_id_rekord,              -- jméno uživatele místo ID
        v_nova,
        v_stara,
        'Log změny uživatele',
        v_archiv_user
    );
END;

/
ALTER TRIGGER "TRG_UZIVATEL_LOG" ENABLE;
--------------------------------------------------------
--  DDL for Trigger ARC_FKARC_3_ZAKAZNIK
--------------------------------------------------------

  CREATE OR REPLACE EDITIONABLE TRIGGER "ARC_FKARC_3_ZAKAZNIK" 
BEFORE INSERT OR UPDATE OF ID_uzivatelu 
ON ZAKAZNIK 
FOR EACH ROW 
DECLARE 
    d INTEGER; 
BEGIN 
    SELECT A.ID_Role INTO d 
    FROM UZIVATEL A 
    WHERE A.ID_Uzivatel = :new.ID_uzivatelu; 
    IF (d IS NULL OR d <> 3) THEN 
        raise_application_error(-20223,'FK ZAKAZNIK_UZIVATEL_FK in Table ZAKAZNIK violates Arc constraint on Table UZIVATEL - discriminator column ID_Role doesn''t have value 3'); 
    END IF; 
    EXCEPTION 
    WHEN NO_DATA_FOUND THEN 
        NULL; 
    WHEN OTHERS THEN 
        RAISE; 
END; 

/
ALTER TRIGGER "ARC_FKARC_3_ZAKAZNIK" ENABLE;
--------------------------------------------------------
--  DDL for Trigger TRG_ZAKAZNIK_LOG
--------------------------------------------------------

  CREATE OR REPLACE EDITIONABLE TRIGGER "TRG_ZAKAZNIK_LOG" 
AFTER INSERT OR UPDATE OR DELETE ON ZAKAZNIK
FOR EACH ROW
DECLARE
    v_root_id        NUMBER;
    v_archiv_uz      NUMBER;

    v_operace        CHAR(1);
    v_nova           VARCHAR2(4000);
    v_stara          VARCHAR2(4000);

    v_id_rekord      VARCHAR2(4000);
    v_uzivatel_jmeno VARCHAR2(200);
    v_id_uzivatel    NUMBER;
BEGIN
    --------------------------------------------------------------------
    -- 1) Operace
    --------------------------------------------------------------------
    IF INSERTING THEN
        v_operace := 'I';
    ELSIF UPDATING THEN
        v_operace := 'U';
    ELSE
        v_operace := 'D';
    END IF;

    --------------------------------------------------------------------
    -- 2) Zjistíme ID_Uzivatel ze supertypu
    --------------------------------------------------------------------
    IF INSERTING OR UPDATING THEN
        v_id_uzivatel := :NEW.ID_Uzivatelu;
    ELSE
        v_id_uzivatel := :OLD.ID_Uzivatelu;
    END IF;

    --------------------------------------------------------------------
    -- 3) Načteme jméno uživatele (žádné ID v logu)
    --------------------------------------------------------------------
    SELECT jmeno || ' ' || prijmeni
    INTO v_uzivatel_jmeno
    FROM UZIVATEL
    WHERE ID_Uzivatel = v_id_uzivatel;

    --------------------------------------------------------------------
    -- 4) ROOT archiv
    --------------------------------------------------------------------
    SELECT ID_Archiv
    INTO v_root_id
    FROM ARCHIV
    WHERE Parent_id IS NULL;

    --------------------------------------------------------------------
    -- 5) podsložka 'Uzivatele'
    --------------------------------------------------------------------
    SELECT ID_Archiv
    INTO v_archiv_uz
    FROM ARCHIV
    WHERE Parent_id = v_root_id
      AND Nazev = 'Uzivatele';

    --------------------------------------------------------------------
    -- 6) Nová data (čitelné, bez ID)
    --------------------------------------------------------------------
    IF INSERTING OR UPDATING THEN
        v_nova :=
              'uzivatel='      || v_uzivatel_jmeno
            || '; kartaVernosti=' || :NEW.kartaVernosti;
    END IF;

    --------------------------------------------------------------------
    -- 7) Stará data (čitelné, bez ID)
    --------------------------------------------------------------------
    IF UPDATING OR DELETING THEN
        v_stara :=
              'uzivatel='      || v_uzivatel_jmeno
            || '; kartaVernosti=' || :OLD.kartaVernosti;
    END IF;

    --------------------------------------------------------------------
    -- 8) idRekord = jméno uživatele (žádné ID)
    --------------------------------------------------------------------
    v_id_rekord := v_uzivatel_jmeno;

    --------------------------------------------------------------------
    -- 9) Zápis do LOG
    --------------------------------------------------------------------
    INSERT INTO LOG (
        ID_Log,
        tabulkaNazev,
        operace,
        datumZmeny,
        idRekord,
        novaData,
        staraData,
        popis,
        ID_Archiv
    ) VALUES (
        SEQ_LOG_ID.NEXTVAL,
        'ZAKAZNIK',
        v_operace,
        SYSDATE,
        v_id_rekord,              -- jméno uživatele místo ID
        v_nova,
        v_stara,
        'Log změny zákazníka',
        v_archiv_uz
    );
END;

/
ALTER TRIGGER "TRG_ZAKAZNIK_LOG" ENABLE;
--------------------------------------------------------
--  DDL for Trigger ARC_FKARC_3_ZAMESTNANEC
--------------------------------------------------------

  CREATE OR REPLACE EDITIONABLE TRIGGER "ARC_FKARC_3_ZAMESTNANEC" 
BEFORE INSERT OR UPDATE OF ID_uzivatelu 
ON ZAMESTNANEC 
FOR EACH ROW 
DECLARE 
    d INTEGER; 
BEGIN 
    SELECT ID_Role 
    INTO d 
    FROM UZIVATEL 
    WHERE ID_Uzivatel = :new.ID_uzivatelu;

    -- Разрешённые роли сотрудника (подтипы ZAMESTNANEC)
    IF d NOT IN (4, 5, 6) THEN 
        raise_application_error(
            -20223,
            'FK ZAMESTNANEC_UZIVATEL_FK: Role musi byt MANAZER (4), ANALYTIK (5), nebo SUPERVIZOR (6)'
        );
    END IF;

EXCEPTION
    WHEN NO_DATA_FOUND THEN NULL;
    WHEN OTHERS THEN RAISE;
END;

/
ALTER TRIGGER "ARC_FKARC_3_ZAMESTNANEC" ENABLE;
--------------------------------------------------------
--  DDL for Trigger TRG_ZAMESTNANEC_LOG
--------------------------------------------------------

  CREATE OR REPLACE EDITIONABLE TRIGGER "TRG_ZAMESTNANEC_LOG" 
AFTER INSERT OR UPDATE OR DELETE ON ZAMESTNANEC
FOR EACH ROW
DECLARE
    v_root_id        NUMBER;
    v_archiv_uz      NUMBER;

    v_operace        CHAR(1);
    v_nova           VARCHAR2(4000);
    v_stara          VARCHAR2(4000);

    v_id_rekord      VARCHAR2(4000);   -- půjde do LOG.idRekord (jméno zaměstnance)
    v_uzivatel_jmeno VARCHAR2(200);
    v_id_uzivatel    NUMBER;
BEGIN
    --------------------------------------------------------------------
    -- 1) Operace
    --------------------------------------------------------------------
    IF INSERTING THEN
        v_operace := 'I';
    ELSIF UPDATING THEN
        v_operace := 'U';
    ELSE
        v_operace := 'D';
    END IF;

    --------------------------------------------------------------------
    -- 2) Zjistíme ID_Uzivatel ze ZAMESTNANEC
    --------------------------------------------------------------------
    IF INSERTING OR UPDATING THEN
        v_id_uzivatel := :NEW.ID_Uzivatelu;
    ELSE
        v_id_uzivatel := :OLD.ID_Uzivatelu;
    END IF;

    --------------------------------------------------------------------
    -- 3) Načteme jméno uživatele (zaměstnance) z UZIVATEL
    --------------------------------------------------------------------
    SELECT jmeno || ' ' || prijmeni
    INTO v_uzivatel_jmeno
    FROM UZIVATEL
    WHERE ID_Uzivatel = v_id_uzivatel;

    --------------------------------------------------------------------
    -- 4) ROOT archiv
    --------------------------------------------------------------------
    SELECT ID_Archiv
    INTO v_root_id
    FROM ARCHIV
    WHERE Parent_id IS NULL;

    --------------------------------------------------------------------
    -- 5) podsložka 'Uzivatele'
    --------------------------------------------------------------------
    SELECT ID_Archiv
    INTO v_archiv_uz
    FROM ARCHIV
    WHERE Parent_id = v_root_id
      AND Nazev = 'Uzivatele';

    --------------------------------------------------------------------
    -- 6) Nová data (čitelné, bez ID)
    --------------------------------------------------------------------
    IF INSERTING OR UPDATING THEN
        v_nova :=
              'zamestnanec=' || v_uzivatel_jmeno
           || '; pozice='    || :NEW.pozice
           || '; mzda='      || :NEW.mzda;
    END IF;

    --------------------------------------------------------------------
    -- 7) Stará data (čitelné, bez ID)
    --------------------------------------------------------------------
    IF UPDATING OR DELETING THEN
        v_stara :=
              'zamestnanec=' || v_uzivatel_jmeno
           || '; pozice='    || :OLD.pozice
           || '; mzda='      || :OLD.mzda;
    END IF;

    --------------------------------------------------------------------
    -- 8) idRekord = jméno zaměstnance (žádné ID)
    --------------------------------------------------------------------
    v_id_rekord := v_uzivatel_jmeno;

    --------------------------------------------------------------------
    -- 9) Zápis do LOG
    --------------------------------------------------------------------
    INSERT INTO LOG (
        ID_Log, tabulkaNazev, operace, datumZmeny,
        idRekord, novaData, staraData, popis, ID_Archiv
    ) VALUES (
        SEQ_LOG_ID.NEXTVAL,
        'ZAMESTNANEC',
        v_operace,
        SYSDATE,
        v_id_rekord,              -- jméno místo ID
        v_nova,
        v_stara,
        'Log změny zaměstnance',
        v_archiv_uz
    );
END;

/
ALTER TRIGGER "TRG_ZAMESTNANEC_LOG" ENABLE;
--------------------------------------------------------
--  DDL for Trigger TRG_SKLAD_CAPACITY_BR
--------------------------------------------------------

  CREATE OR REPLACE EDITIONABLE TRIGGER "TRG_SKLAD_CAPACITY_BR" 
BEFORE INSERT OR UPDATE ON ZBOZI
FOR EACH ROW
BEGIN
    -- записать новые данные для проверки после UPDATE/INSERT
    INSERT INTO SKLAD_CAPACITY_TMP (id_zbozi, id_sklad, mnozstvi)
    VALUES (:NEW.ID_Zbozi, :NEW.SKLAD_ID_Sklad, :NEW.mnozstvi);
END;

/
ALTER TRIGGER "TRG_SKLAD_CAPACITY_BR" ENABLE;
--------------------------------------------------------
--  DDL for Trigger TRG_SKLAD_CAPACITY
--------------------------------------------------------

  CREATE OR REPLACE EDITIONABLE TRIGGER "TRG_SKLAD_CAPACITY" 
AFTER INSERT OR UPDATE ON ZBOZI
DECLARE
    CURSOR c IS
        SELECT DISTINCT id_sklad FROM SKLAD_CAPACITY_TMP;

    v_sklad NUMBER;
    v_capacity NUMBER;
    v_total NUMBER;
BEGIN
    -- проверяем каждый склад, который был затронут
    OPEN c;
    LOOP
        FETCH c INTO v_sklad;
        EXIT WHEN c%NOTFOUND;

        -- kapacita skladu
        SELECT kapacita
        INTO v_capacity
        FROM SKLAD
        WHERE ID_Sklad = v_sklad;

        -- celkové množství ve skladu
        SELECT NVL(SUM(mnozstvi),0)
        INTO v_total
        FROM ZBOZI
        WHERE SKLAD_ID_Sklad = v_sklad;

        -- pokud překročeno → chyba
        IF v_total > v_capacity THEN
            DELETE FROM SKLAD_CAPACITY_TMP;
            RAISE_APPLICATION_ERROR(
                -20001,
                'Sklad ' || v_sklad || ' je plny: prekrocena kapacita!'
            );
        END IF;

    END LOOP;
    CLOSE c;

    -- очистить временные данные после проверки
    DELETE FROM SKLAD_CAPACITY_TMP;
END;

/
ALTER TRIGGER "TRG_SKLAD_CAPACITY" ENABLE;
--------------------------------------------------------
--  DDL for Trigger TRG_ZBOZI_ID
--------------------------------------------------------

  CREATE OR REPLACE EDITIONABLE TRIGGER "TRG_ZBOZI_ID" 
BEFORE INSERT ON ZBOZI 
FOR EACH ROW 
 WHEN (NEW.ID_Zbozi IS NULL) BEGIN 
    :NEW.ID_Zbozi := SEQ_ZBOZI_ID.NEXTVAL; 
END;

/
ALTER TRIGGER "TRG_ZBOZI_ID" ENABLE;
--------------------------------------------------------
--  DDL for Trigger TRG_ZBOZI_LOG
--------------------------------------------------------

  CREATE OR REPLACE EDITIONABLE TRIGGER "TRG_ZBOZI_LOG" 
AFTER INSERT OR UPDATE OR DELETE ON ZBOZI
FOR EACH ROW
DECLARE
    v_supermarket_id   NUMBER;
    v_root_id          NUMBER;
    v_archiv_super     NUMBER;
    v_archiv_log       NUMBER;
    v_archiv_zbozi     NUMBER;

    v_operace          CHAR(1);
    v_nova             VARCHAR2(4000);
    v_stara            VARCHAR2(4000);

    v_sklad_nazev_new  VARCHAR2(200);
    v_sklad_nazev_old  VARCHAR2(200);
    v_super_nazev      VARCHAR2(200);

    v_id_rekord        VARCHAR2(4000);  -- tady bude název zboží
BEGIN
    --------------------------------------------------------------------
    -- 1) Typ operace
    --------------------------------------------------------------------
    IF INSERTING THEN
        v_operace := 'I';
    ELSIF UPDATING THEN
        v_operace := 'U';
    ELSE
        v_operace := 'D';
    END IF;

    --------------------------------------------------------------------
    -- 2) Zjištění ID supermarketu + názvu skladu
    --------------------------------------------------------------------
    IF INSERTING OR UPDATING THEN
        SELECT ID_Supermarket, Nazev
        INTO v_supermarket_id, v_sklad_nazev_new
        FROM SKLAD
        WHERE ID_Sklad = :NEW.SKLAD_ID_Sklad;
    ELSE
        SELECT ID_Supermarket, Nazev
        INTO v_supermarket_id, v_sklad_nazev_old
        FROM SKLAD
        WHERE ID_Sklad = :OLD.SKLAD_ID_Sklad;
    END IF;

    --------------------------------------------------------------------
    -- 3) Název supermarketu
    --------------------------------------------------------------------
    SELECT Nazev
    INTO v_super_nazev
    FROM SUPERMARKET
    WHERE ID_Supermarket = v_supermarket_id;

    --------------------------------------------------------------------
    -- 4) Najdeme ROOT (Hlavní Archiv) dynamicky
    --------------------------------------------------------------------
    SELECT ID_Archiv
    INTO v_root_id
    FROM ARCHIV
    WHERE Parent_id IS NULL;

    --------------------------------------------------------------------
    -- 5) Najdeme složku supermarketu podle názvu
    --------------------------------------------------------------------
    SELECT a.ID_Archiv
    INTO v_archiv_super
    FROM ARCHIV a
    JOIN SUPERMARKET s ON s.NAZEV = a.NAZEV
    WHERE s.ID_Supermarket = v_supermarket_id
      AND a.Parent_id = v_root_id;

    --------------------------------------------------------------------
    -- 6) Najdeme složku Log
    --------------------------------------------------------------------
    SELECT ID_Archiv
    INTO v_archiv_log
    FROM ARCHIV
    WHERE Parent_id = v_archiv_super
      AND Nazev = 'Log';

    --------------------------------------------------------------------
    -- 7) Najdeme podsložku Zbozi
    --------------------------------------------------------------------
    SELECT ID_Archiv
    INTO v_archiv_zbozi
    FROM ARCHIV
    WHERE Parent_id = v_archiv_log
      AND Nazev = 'Zbozi';

    --------------------------------------------------------------------
    -- 8) NOVÁ data (čitelné, bez ID)
    --------------------------------------------------------------------
    IF INSERTING OR UPDATING THEN
        v_nova :=
              'nazev='       || :NEW.nazev
            || '; cena='        || TO_CHAR(:NEW.cena)
            || '; mnozstvi='    || TO_CHAR(:NEW.mnozstvi)
            || '; minMnozstvi=' || TO_CHAR(:NEW.minMnozstvi)
            || '; sklad='       || v_sklad_nazev_new
            || '; supermarket=' || v_super_nazev;
    END IF;

    --------------------------------------------------------------------
    -- 9) STARÁ data (čitelné, bez ID)
    --------------------------------------------------------------------
    IF UPDATING OR DELETING THEN
        v_stara :=
              'nazev='       || :OLD.nazev
            || '; cena='        || TO_CHAR(:OLD.cena)
            || '; mnozstvi='    || TO_CHAR(:OLD.mnozstvi)
            || '; minMnozstvi=' || TO_CHAR(:OLD.minMnozstvi)
            || '; sklad='       || v_sklad_nazev_old
            || '; supermarket=' || v_super_nazev;
    END IF;

    --------------------------------------------------------------------
    -- 10) idRekord = název zboží (žádné ID)
    --------------------------------------------------------------------
    IF INSERTING OR UPDATING THEN
        v_id_rekord := :NEW.nazev;
    ELSE
        v_id_rekord := :OLD.nazev;
    END IF;

    --------------------------------------------------------------------
    -- 11) Zápis logu
    --------------------------------------------------------------------
    INSERT INTO LOG (
        ID_Log,
        tabulkaNazev,
        operace,
        datumZmeny,
        idRekord,
        novaData,
        staraData,
        popis,
        ID_Archiv
    ) VALUES (
        SEQ_LOG_ID.NEXTVAL,
        'ZBOZI',
        v_operace,
        SYSDATE,
        v_id_rekord,   -- název zboží
        v_nova,
        v_stara,
        'Log zmeny ZBOZI',
        v_archiv_zbozi
    );
END;

/
ALTER TRIGGER "TRG_ZBOZI_LOG" ENABLE;
--------------------------------------------------------
--  DDL for Trigger TRG_ZBOZI_RESTOCK
--------------------------------------------------------

  CREATE OR REPLACE EDITIONABLE TRIGGER "TRG_ZBOZI_RESTOCK" 
AFTER UPDATE ON ZBOZI
FOR EACH ROW
 WHEN (NEW.mnozstvi < NEW.minMnozstvi) BEGIN
    proc_create_restock_order(
        :NEW.ID_Zbozi,
        :NEW.SKLAD_ID_SKLAD,
        NULL,
        :NEW.MINMNOZSTVI,
        :NEW.MNOZSTVI,
        :NEW.CENA
    );
END;

/
ALTER TRIGGER "TRG_ZBOZI_RESTOCK" ENABLE;
--------------------------------------------------------
--  DDL for Trigger TRG_ZPRAVA_ID
--------------------------------------------------------

  CREATE OR REPLACE EDITIONABLE TRIGGER "TRG_ZPRAVA_ID" 
BEFORE INSERT ON ZPRAVA 
FOR EACH ROW 
 WHEN (NEW.ID_Zprava IS NULL) BEGIN 
    :NEW.ID_Zprava := SEQ_ZPRAVA_ID.NEXTVAL; 
END;

/
ALTER TRIGGER "TRG_ZPRAVA_ID" ENABLE;
--------------------------------------------------------
--  DDL for Trigger TRG_ZPRAVA_LOG
--------------------------------------------------------

  CREATE OR REPLACE EDITIONABLE TRIGGER "TRG_ZPRAVA_LOG" 
AFTER INSERT OR UPDATE OR DELETE ON ZPRAVA
FOR EACH ROW
DECLARE
    v_operace       CHAR(1);
    v_nova          VARCHAR2(4000);
    v_stara         VARCHAR2(4000);
    v_id_rekord     VARCHAR2(4000);

    v_archiv_id     NUMBER;
    v_odesilatel    VARCHAR2(200);
    v_prijemce      VARCHAR2(200);
BEGIN
    --------------------------------------------------------------------
    -- 1) Typ operace
    --------------------------------------------------------------------
    IF INSERTING THEN
        v_operace := 'I';
    ELSIF UPDATING THEN
        v_operace := 'U';
    ELSE
        v_operace := 'D';
    END IF;

    --------------------------------------------------------------------
    -- 2) Archivní složka ZPRAVY
    --------------------------------------------------------------------
    SELECT ID_Archiv
    INTO v_archiv_id
    FROM ARCHIV
    WHERE NAZEV = 'Zpravy';

    --------------------------------------------------------------------
    -- 3) Jména uživatelů (bez ID)
    --------------------------------------------------------------------
    SELECT jmeno || ' ' || prijmeni
    INTO v_odesilatel
    FROM UZIVATEL
    WHERE ID_Uzivatel = NVL(:NEW.ODESILATEL_ID, :OLD.ODESILATEL_ID);

    SELECT jmeno || ' ' || prijmeni
    INTO v_prijemce
    FROM UZIVATEL
    WHERE ID_Uzivatel = NVL(:NEW.PRIJIMAC_ID, :OLD.PRIJIMAC_ID);

    --------------------------------------------------------------------
    -- 4) idRekord (bez datumu)
    --------------------------------------------------------------------
    IF INSERTING OR UPDATING THEN
        v_id_rekord :=
              'od=' || v_odesilatel
           || '; pro=' || v_prijemce;
    ELSE
        v_id_rekord :=
              'od=' || v_odesilatel
           || '; pro=' || v_prijemce;
    END IF;

    --------------------------------------------------------------------
    -- 5) Nová data – obsah jako BASE64
    --------------------------------------------------------------------
    IF INSERTING OR UPDATING THEN
        v_nova := 'text64=' ||
            UTL_RAW.CAST_TO_VARCHAR2(
                UTL_ENCODE.BASE64_ENCODE(
                    UTL_RAW.CAST_TO_RAW(:NEW.ZPRAVA)
                )
            );
    END IF;

    --------------------------------------------------------------------
    -- 6) Stará data – obsah jako BASE64
    --------------------------------------------------------------------
    IF UPDATING OR DELETING THEN
        v_stara := 'text64=' ||
            UTL_RAW.CAST_TO_VARCHAR2(
                UTL_ENCODE.BASE64_ENCODE(
                    UTL_RAW.CAST_TO_RAW(:OLD.ZPRAVA)
                )
            );
    END IF;

    --------------------------------------------------------------------
    -- 7) INSERT do LOG
    --------------------------------------------------------------------
    INSERT INTO LOG (
        ID_Log, tabulkaNazev, operace, datumZmeny,
        idRekord, novaData, staraData, popis, ID_Archiv
    ) VALUES (
        SEQ_LOG_ID.NEXTVAL,
        'ZPRAVA',
        v_operace,
        SYSDATE,
        v_id_rekord,
        v_nova,
        v_stara,
        'Log změny zprávy (šifrovaný obsah)',
        v_archiv_id
    );
END;

/
ALTER TRIGGER "TRG_ZPRAVA_LOG" ENABLE;
--------------------------------------------------------
--  DDL for Procedure LIST_ZBOZI_BY_SUPERMARKET
--------------------------------------------------------
set define off;

  CREATE OR REPLACE EDITIONABLE PROCEDURE "LIST_ZBOZI_BY_SUPERMARKET" (
    p_supermarket_id IN NUMBER,
    p_q              IN VARCHAR2 DEFAULT NULL,   -- volitelný textový filtr (nazev/popis)
    p_category_id    IN NUMBER   DEFAULT NULL,   -- volitelný filtr kategorie
    p_cursor         OUT SYS_REFCURSOR
) AS
BEGIN
    IF p_supermarket_id IS NULL THEN
        RAISE_APPLICATION_ERROR(-20001, 'SUPERMAKET_ID je povinný');
    END IF;

    OPEN p_cursor FOR
        SELECT
            z.id_zbozi        AS zbozi_id,
            z.nazev           AS name,
            z.popis           AS description,
            z.cena            AS price,
            z.mnozstvi        AS qty_available,
            z.minmnozstvi     AS qty_min,
            z.id_kategorie    AS category_id,
            z.sklad_id_sklad  AS sklad_id,
            s.nazev           AS sklad_name,
            s.id_supermarket  AS supermarket_id,
            sm.nazev          AS supermarket_name
        FROM zbozi z
        JOIN sklad s        ON s.id_sklad = z.sklad_id_sklad
        JOIN supermarket sm ON sm.id_supermarket = s.id_supermarket
        WHERE s.id_supermarket = p_supermarket_id
          AND (p_category_id IS NULL OR z.id_kategorie = p_category_id)
          AND (
                p_q IS NULL
             OR LOWER(z.nazev) LIKE '%' || LOWER(p_q) || '%'
             OR LOWER(z.popis) LIKE '%' || LOWER(p_q) || '%'
          )
        ORDER BY z.nazev;
END;

/
--------------------------------------------------------
--  DDL for Procedure PROC_CHANGE_USER_ROLE
--------------------------------------------------------
set define off;

  CREATE OR REPLACE EDITIONABLE PROCEDURE "PROC_CHANGE_USER_ROLE" (
    p_user_id        IN UZIVATEL.ID_Uzivatel%TYPE,
    p_new_role_id    IN APP_ROLE.ID_Role%TYPE,
    p_firma          IN DODAVATEL.firma%TYPE DEFAULT NULL,
    p_karta          IN ZAKAZNIK.kartaVernosti%TYPE DEFAULT NULL,
    p_mzda           IN ZAMESTNANEC.mzda%TYPE DEFAULT NULL,
    p_datum_nastupa  IN ZAMESTNANEC.datumNastupa%TYPE DEFAULT NULL,
    p_pozice         IN ZAMESTNANEC.pozice%TYPE DEFAULT NULL,
    p_force          IN NUMBER DEFAULT 0  -- 1 = drop závislosti, jinak jen upozorni
)
AS
    c_role_dodavatel CONSTANT NUMBER := 2;
    c_role_zakaznik  CONSTANT NUMBER := 3;
    -- Zaměstnanecké role:
    c_role_zamestnanec_min CONSTANT NUMBER := 4;
    c_role_zamestnanec_max CONSTANT NUMBER := 6;

    v_old_role   APP_ROLE.ID_Role%TYPE;
    v_role_exist NUMBER;
    v_zbozi_cnt  NUMBER;
    v_is_old_emp BOOLEAN;
    v_is_new_emp BOOLEAN;
    v_warn_msg   VARCHAR2(4000);
BEGIN
    --------------------------------------------------------------------
    -- Načti a zamkni uživatele
    --------------------------------------------------------------------
    SAVEPOINT sp_role_change;
    SELECT ID_Role
    INTO v_old_role
    FROM UZIVATEL
    WHERE ID_Uzivatel = p_user_id
    FOR UPDATE;

    IF v_old_role = p_new_role_id THEN
        RETURN;
    END IF;

    --------------------------------------------------------------------
    -- Ověř platnost nové role
    --------------------------------------------------------------------
    SELECT 1 INTO v_role_exist FROM APP_ROLE WHERE ID_Role = p_new_role_id;

    v_is_old_emp := v_old_role BETWEEN c_role_zamestnanec_min AND c_role_zamestnanec_max;
    v_is_new_emp := p_new_role_id BETWEEN c_role_zamestnanec_min AND c_role_zamestnanec_max;

    --------------------------------------------------------------------
    -- Ověř závislosti / vyčištění ZBOZI_DODAVATEL, pokud nová role není dodavatel
    --------------------------------------------------------------------
    IF p_new_role_id <> c_role_dodavatel THEN
        SELECT COUNT(*) INTO v_zbozi_cnt FROM ZBOZI_DODAVATEL WHERE ID_uzivatelu = p_user_id;
        IF v_zbozi_cnt > 0 THEN
            v_warn_msg := 'Dodavatel má přiřazené zboží (ZBOZI_DODAVATEL: ' || v_zbozi_cnt || ' záznamů).';
            IF p_force = 0 THEN
                raise_application_error(-20001, v_warn_msg || ' Nastav p_force=1 pro odstranění závislostí.');
            ELSE
                DELETE FROM ZBOZI_DODAVATEL WHERE ID_uzivatelu = p_user_id;
            END IF;
        END IF;
    END IF;

    --------------------------------------------------------------------
    -- Odstraň záznamy staré role
    --------------------------------------------------------------------
    IF p_new_role_id <> c_role_dodavatel THEN
        DELETE FROM DODAVATEL WHERE ID_uzivatelu = p_user_id;
        -- kontrola, že dodavatel i vazby zmizely
        SELECT COUNT(*) INTO v_zbozi_cnt FROM ZBOZI_DODAVATEL WHERE ID_uzivatelu = p_user_id;
        IF v_zbozi_cnt > 0 THEN
            raise_application_error(-20016, 'Nelze odstranit vazby dodavatele (zbozi_dodavatel zůstalo).');
        END IF;
        SELECT COUNT(*) INTO v_zbozi_cnt FROM DODAVATEL WHERE ID_uzivatelu = p_user_id;
        IF v_zbozi_cnt > 0 THEN
            raise_application_error(-20017, 'Nelze odstranit dodavatele (řádek v DODAVATEL zůstává).');
        END IF;
    END IF;
    IF p_new_role_id <> c_role_zakaznik THEN
        DELETE FROM ZAKAZNIK WHERE ID_uzivatelu = p_user_id;
    END IF;
    IF NOT (p_new_role_id BETWEEN c_role_zamestnanec_min AND c_role_zamestnanec_max) THEN
        DELETE FROM ZAMESTNANEC WHERE ID_uzivatelu = p_user_id;
    END IF;

    --------------------------------------------------------------------
    -- Nastav novou roli na uživateli
    --------------------------------------------------------------------
    UPDATE UZIVATEL
    SET ID_Role = p_new_role_id
    WHERE ID_Uzivatel = p_user_id;

    --------------------------------------------------------------------
    -- Vytvoř záznam nové role
    --------------------------------------------------------------------
    IF p_new_role_id = c_role_dodavatel THEN
        IF p_firma IS NULL THEN
            raise_application_error(-20002, 'Parametr FIRMA je povinný pro roli dodavatel.');
        END IF;
        INSERT INTO DODAVATEL (ID_uzivatelu, firma)
        VALUES (p_user_id, p_firma);
    ELSIF p_new_role_id = c_role_zakaznik THEN
        INSERT INTO ZAKAZNIK (ID_uzivatelu, kartaVernosti)
        VALUES (p_user_id, p_karta);
    ELSIF v_is_new_emp THEN
        IF p_mzda IS NULL OR p_datum_nastupa IS NULL OR p_pozice IS NULL THEN
            raise_application_error(-20003, 'Parametry mzda, datum_nastupa a pozice jsou povinné pro zaměstnanecké role (4/5/6).');
        END IF;
        INSERT INTO ZAMESTNANEC (ID_uzivatelu, mzda, datumNastupa, pozice)
        VALUES (p_user_id, p_mzda, p_datum_nastupa, p_pozice);
    END IF;

EXCEPTION
    WHEN NO_DATA_FOUND THEN
        ROLLBACK TO sp_role_change;
        raise_application_error(-20004, 'Uživatel nebo role neexistuje.');
    WHEN DUP_VAL_ON_INDEX THEN
        ROLLBACK TO sp_role_change;
        raise_application_error(-20005, 'Narušení unikátního omezení při zakládání záznamu nové role.');
    WHEN OTHERS THEN
        ROLLBACK TO sp_role_change;
        raise_application_error(
            -20099,
            'PROC_CHANGE_USER_ROLE failed (user_id=' || p_user_id ||
            ', new_role=' || p_new_role_id ||
            ', force=' || p_force || '): ' || SQLERRM
        );
END;

/
--------------------------------------------------------
--  DDL for Procedure PROC_CLAIM_SUPPLIER_ORDER
--------------------------------------------------------
set define off;

  CREATE OR REPLACE EDITIONABLE PROCEDURE "PROC_CLAIM_SUPPLIER_ORDER" (
    p_order_id   IN NUMBER,
    p_user_id    IN NUMBER,
    p_out_code   OUT NUMBER
) AS
    v_typ     OBJEDNAVKA.typ_objednavka%TYPE;
    v_status  OBJEDNAVKA.ID_Status%TYPE;
    v_owner   OBJEDNAVKA.ID_Uzivatel%TYPE;
    v_admin   NUMBER;
BEGIN
    p_out_code := -4;

    SELECT MIN(u.ID_Uzivatel)
      INTO v_admin
      FROM UZIVATEL u
      JOIN APP_ROLE r ON r.ID_Role = u.ID_Role
     WHERE UPPER(r.nazev) = 'ADMIN';

    SELECT typ_objednavka, ID_Status, ID_Uzivatel
      INTO v_typ, v_status, v_owner
      FROM OBJEDNAVKA
     WHERE ID_Objednavka = p_order_id
     FOR UPDATE;

    IF v_typ <> 'DODAVATEL' THEN
        p_out_code := -1; RETURN;
    END IF;
    IF v_status <> 1 THEN
        p_out_code := -2; RETURN;
    END IF;
    IF v_owner IS NULL OR v_owner <> v_admin THEN
        p_out_code := -3; RETURN;
    END IF;

    UPDATE OBJEDNAVKA
       SET ID_Uzivatel = p_user_id,
           ID_Status = 2
     WHERE ID_Objednavka = p_order_id;

    p_out_code := 0;
EXCEPTION
    WHEN NO_DATA_FOUND THEN
        p_out_code := -4;
END;

/
--------------------------------------------------------
--  DDL for Procedure PROC_CREATE_RESTOCK_ORDER
--------------------------------------------------------
set define off;

  CREATE OR REPLACE EDITIONABLE PROCEDURE "PROC_CREATE_RESTOCK_ORDER" (
    p_zbozi_id   IN NUMBER,
    p_sklad_id   IN NUMBER,
    p_super_id   IN NUMBER,
    p_min        IN NUMBER,
    p_current    IN NUMBER,
    p_price      IN NUMBER
) AS
    c_supplier_share CONSTANT NUMBER := 0.7;
    v_super         SKLAD.ID_Supermarket%TYPE;
    v_min           NUMBER := NVL(p_min, 0);
    v_current       NUMBER := NVL(p_current, 0);
    v_price         NUMBER := NVL(p_price, 0);
    v_amount        NUMBER;
    v_order_id      NUMBER;
    v_open          NUMBER;
    v_admin_user    NUMBER;
    v_reward        NUMBER := 0;
    v_note          CLOB;
BEGIN
    -- systémový vlastník = libovolný ADMIN (deterministicky nejmenší ID)
    SELECT MIN(u.ID_Uzivatel)
      INTO v_admin_user
      FROM UZIVATEL u
      JOIN APP_ROLE r ON r.ID_Role = u.ID_Role
     WHERE UPPER(r.nazev) = 'ADMIN';

    IF v_admin_user IS NULL THEN
        RAISE_APPLICATION_ERROR(-20110, 'Chybí uživatel s rolí ADMIN pro auto objednávky.');
    END IF;

    -- supermarket pro daný sklad (pokud nebyl dodán)
    IF p_super_id IS NOT NULL THEN
        v_super := p_super_id;
    ELSE
        SELECT ID_Supermarket
          INTO v_super
          FROM SKLAD
         WHERE ID_Sklad = p_sklad_id;
    END IF;

    -- otevřená objednávka pro stejné zboží a supermarket už existuje?
    SELECT COUNT(*)
      INTO v_open
      FROM OBJEDNAVKA o
      JOIN OBJEDNAVKA_ZBOZI oz ON oz.ID_Objednavka = o.ID_Objednavka
     WHERE oz.ID_Zbozi = p_zbozi_id
       AND o.ID_Supermarket = v_super
       AND o.ID_Status IN (1,2,3,4); -- otevřené stavy

    IF v_open > 0 THEN
        RETURN;
    END IF;

    -- množství k doobjednání (jednoduché pravidlo)
    v_amount := GREATEST(v_min * 3, v_min - v_current + v_min);

    -- odměna pro dodavatele (definovaná procentuální část)
    v_reward := ROUND(v_amount * v_price * c_supplier_share, 2);

    v_note := 'Automatická objednávka doplnění zásob';

    -- vytvoř objednávku (vlastník = ADMIN, typ DODAVATEL, status=1 Vytvorena)
    INSERT INTO OBJEDNAVKA (ID_Objednavka, datum, ID_Status, typ_objednavka, poznamka, ID_Uzivatel, ID_Supermarket)
    VALUES (SEQ_OBJEDNAVKA_ID.NEXTVAL, SYSDATE, 1, 'DODAVATEL', v_note, v_admin_user, v_super)
    RETURNING ID_Objednavka INTO v_order_id;

    -- položka
    INSERT INTO OBJEDNAVKA_ZBOZI (pocet, ID_Objednavka, ID_Zbozi)
    VALUES (v_amount, v_order_id, p_zbozi_id);

    -- log záznam pro adminy
    INSERT INTO LOG (
        ID_Log, tabulkaNazev, operace, datumZmeny, idRekord, popis, ID_Archiv
    ) VALUES (
        SEQ_LOG_ID.NEXTVAL,
        'ZBOZI',
        'I',
        SYSDATE,
        v_order_id,
        'Automaticky vytvořena objednávka kvůli nízkému množství zásob.',
        1
    );
END;

/
--------------------------------------------------------
--  DDL for Procedure PROC_CUSTOMER_SET_STATUS
--------------------------------------------------------
set define off;

  CREATE OR REPLACE EDITIONABLE PROCEDURE "PROC_CUSTOMER_SET_STATUS" (
    p_order_id      IN NUMBER,
    p_user_id       IN NUMBER,
    p_new_status    IN NUMBER,
    p_out_code      OUT NUMBER,
    p_out_prev      OUT NUMBER
) AS
    v_typ       OBJEDNAVKA.typ_objednavka%TYPE;
    v_status    OBJEDNAVKA.ID_Status%TYPE;
BEGIN
    p_out_code := -3;
    p_out_prev := NULL;

    SELECT typ_objednavka, ID_Status
      INTO v_typ, v_status
      FROM OBJEDNAVKA
     WHERE ID_Objednavka = p_order_id
     FOR UPDATE;

    p_out_prev := v_status;

    IF v_typ <> 'ZAKAZNIK' THEN
        p_out_code := -2; RETURN;
    END IF;

    IF NOT (
        (v_status = 1 AND p_new_status IN (2,6)) OR
        (v_status = 2 AND p_new_status IN (3,6)) OR
        (v_status = 3 AND p_new_status IN (4,6)) OR
        (v_status = 4 AND p_new_status IN (5,6))
    ) THEN
        p_out_code := -1; RETURN;
    END IF;

    UPDATE OBJEDNAVKA
       SET ID_Status = p_new_status,
           ID_Obsluha = p_user_id
     WHERE ID_Objednavka = p_order_id;

    p_out_code := 0;
EXCEPTION
    WHEN NO_DATA_FOUND THEN
        p_out_code := -3;
    WHEN DUP_VAL_ON_INDEX THEN
        p_out_code := -1;
    WHEN OTHERS THEN
        RAISE;
END;

/
--------------------------------------------------------
--  DDL for Procedure PROC_INIT_ARCHIV_SUPERMARKETU
--------------------------------------------------------
set define off;

  CREATE OR REPLACE EDITIONABLE PROCEDURE "PROC_INIT_ARCHIV_SUPERMARKETU" 
AS
    v_root_id NUMBER;
    v_sup_id NUMBER;
    v_log_id NUMBER;
BEGIN
    --------------------------------------------------------------------
    -- 1) Najdeme kořen archivu
    --------------------------------------------------------------------
    SELECT ID_Archiv
    INTO v_root_id
    FROM ARCHIV
    WHERE Parent_id IS NULL;

    --------------------------------------------------------------------
    -- 2) Pro každý supermarket, který ještě nemá složku v archivu
    --------------------------------------------------------------------
    FOR s IN (
        SELECT ID_Supermarket, NAZEV
        FROM SUPERMARKET
        WHERE NAZEV NOT IN (
            SELECT Nazev FROM ARCHIV WHERE Parent_id = v_root_id
        )
    )
    LOOP
        ----------------------------------------------------------------
        -- Vytvoříme složku supermarketu
        ----------------------------------------------------------------
        INSERT INTO ARCHIV (ID_Archiv, Nazev, Popis, Parent_id)
        VALUES (
            SEQ_ARCHIV_ID.NEXTVAL,
            s.NAZEV,
            'Archiv pro supermarket ' || s.NAZEV,
            v_root_id
        )
        RETURNING ID_Archiv INTO v_sup_id;

        ----------------------------------------------------------------
        -- Základní podsložky
        ----------------------------------------------------------------
        INSERT INTO ARCHIV VALUES (SEQ_ARCHIV_ID.NEXTVAL, 'Dokumenty', 'Dokumenty', v_sup_id);
        INSERT INTO ARCHIV VALUES (SEQ_ARCHIV_ID.NEXTVAL, 'Reporty', 'Reporty', v_sup_id);
        INSERT INTO ARCHIV VALUES (SEQ_ARCHIV_ID.NEXTVAL, 'Inventura', 'Inventura', v_sup_id);

        ----------------------------------------------------------------
        -- Složka Log
        ----------------------------------------------------------------
        INSERT INTO ARCHIV (ID_Archiv, Nazev, Popis, Parent_id)
        VALUES (
            SEQ_ARCHIV_ID.NEXTVAL,
            'Log',
            'Logy supermarketu ' || s.NAZEV,
            v_sup_id
        )
        RETURNING ID_Archiv INTO v_log_id;

        ----------------------------------------------------------------
        -- Podsložky logu
        ----------------------------------------------------------------
        INSERT INTO ARCHIV VALUES (SEQ_ARCHIV_ID.NEXTVAL, 'Zbozi', 'Logy ZBOZI', v_log_id);
        INSERT INTO ARCHIV VALUES (SEQ_ARCHIV_ID.NEXTVAL, 'Objednavky', 'Logy OBJEDNAVKA', v_log_id);
        INSERT INTO ARCHIV VALUES (SEQ_ARCHIV_ID.NEXTVAL, 'Platby', 'Logy PLATBA', v_log_id);
        INSERT INTO ARCHIV VALUES (SEQ_ARCHIV_ID.NEXTVAL, 'Ostatni', 'Ostatní logy', v_log_id);

    END LOOP;
END;

/
--------------------------------------------------------
--  DDL for Procedure PROC_MONTHLY_ACCOUNT_REPORTS
--------------------------------------------------------
set define off;

  CREATE OR REPLACE EDITIONABLE PROCEDURE "PROC_MONTHLY_ACCOUNT_REPORTS" (
    p_year  IN NUMBER DEFAULT NULL,
    p_month IN NUMBER DEFAULT NULL
) AS
    v_start      DATE;
    v_end        DATE;
    v_reports    NUMBER;
    v_owner      NUMBER;
    v_file_id    NUMBER;
    v_csv        CLOB;
    v_blob       BLOB;
BEGIN
    -- perioda
    IF p_year IS NULL OR p_month IS NULL THEN
        v_start := TRUNC(ADD_MONTHS(SYSDATE, -1), 'MM');
    ELSE
        v_start := TRUNC(TO_DATE(p_year || LPAD(p_month, 2, '0'), 'YYYYMM'), 'MM');
    END IF;
    v_end := ADD_MONTHS(v_start, 1);

    -- složka REPORTS / Reporty Uctu pod ROOT
    BEGIN
        SELECT MIN(a.ID_ARCHIV)
          INTO v_reports
          FROM ARCHIV a
          JOIN (SELECT ID_ARCHIV FROM ARCHIV WHERE PARENT_ID IS NULL) r ON r.ID_ARCHIV = a.PARENT_ID
         WHERE a.NAZEV = 'Reporty Uctu';
        IF v_reports IS NULL THEN
            RAISE NO_DATA_FOUND;
        END IF;
    EXCEPTION
        WHEN NO_DATA_FOUND THEN
            -- fallback: vytvoř REPORTS, pokud tam není ani jedno
            DECLARE
                v_root NUMBER;
            BEGIN
                SELECT ID_ARCHIV INTO v_root FROM ARCHIV WHERE PARENT_ID IS NULL;
                INSERT INTO ARCHIV (ID_ARCHIV, NAZEV, PARENT_ID)
                VALUES (SEQ_ARCHIV_ID.NEXTVAL, 'Reporty Uctu', v_root)
                RETURNING ID_ARCHIV INTO v_reports;
            END;
    END;

    -- vlastník souboru = první ADMIN
    SELECT MIN(u.ID_Uzivatel)
      INTO v_owner
      FROM UZIVATEL u
      JOIN APP_ROLE r ON r.ID_Role = u.ID_Role
     WHERE UPPER(r.NAZEV) = 'ADMIN';

    FOR acc IN (
        SELECT u.ID_Ucet, uz.EMAIL
          FROM UCET u
          JOIN UZIVATEL uz ON uz.ID_Uzivatel = u.ID_Uzivatel
         WHERE EXISTS (
               SELECT 1
                 FROM POHYB_UCTU p
                WHERE p.ID_Ucet = u.ID_Ucet
                  AND p.DATUM_VYTVORENI >= v_start
                  AND p.DATUM_VYTVORENI <  v_end
         )
    ) LOOP
        v_csv := 'datum;smer;metoda;castka;poznamka;objednavka;cislo_karty' || CHR(10);

        FOR m IN (
            SELECT TO_CHAR(DATUM_VYTVORENI, 'YYYY-MM-DD\"T\"HH24:MI:SS') AS ts,
                   SMER, METODA, CASTKA, POZNAMKA,
                   NVL2(ID_Objednavka, 'PO-' || ID_Objednavka, '') AS objed,
                   CISLOKARTY
              FROM POHYB_UCTU
             WHERE ID_Ucet = acc.ID_Ucet
               AND DATUM_VYTVORENI >= v_start
               AND DATUM_VYTVORENI <  v_end
             ORDER BY DATUM_VYTVORENI
        ) LOOP
            v_csv := v_csv
                || m.ts || ';'
                || m.SMER || ';'
                || m.METODA || ';'
                || TO_CHAR(m.CASTKA, 'FM9999990D99') || ';'
                || NVL(REPLACE(m.POZNAMKA, ';', ' '), '') || ';'
                || m.objed || ';'
                || NVL(m.CISLOKARTY, '') || CHR(10);
        END LOOP;

        -- CLOB -> BLOB UTF8
        DBMS_LOB.CREATETEMPORARY(v_blob, TRUE);
        DBMS_LOB.WRITEAPPEND(
            v_blob,
            UTL_RAW.LENGTH(UTL_I18N.STRING_TO_RAW(v_csv, 'AL32UTF8')),
            UTL_I18N.STRING_TO_RAW(v_csv, 'AL32UTF8')
        );

        INSERT INTO SOUBOR (
            ID_SOUBOR, NAZEV, TYP, PRIPONA, OBSAH,
            DATUMNAHRANI, DATUMMODIFIKACE, POPIS,
            ID_UZIVATELU, ID_ARCHIV
        ) VALUES (
            SEQ_SOUBOR_ID.NEXTVAL,
            'report_ucet_' || acc.ID_Ucet || '_' || TO_CHAR(v_start, 'YYYYMM'),
            'text/csv',
            'csv',
            v_blob,
            SYSDATE,
            SYSDATE,
            'Mesicni report pohybu uctu ' || acc.EMAIL || ' za ' || TO_CHAR(v_start, 'YYYY-MM'),
            v_owner,
            v_reports
        )
        RETURNING ID_SOUBOR INTO v_file_id;

        DBMS_LOB.FREETEMPORARY(v_blob);
    END LOOP;
END;

/
--------------------------------------------------------
--  DDL for Procedure PROC_RESTOCK_CUSTOMER_ITEMS
--------------------------------------------------------
set define off;

  CREATE OR REPLACE EDITIONABLE PROCEDURE "PROC_RESTOCK_CUSTOMER_ITEMS" (
    p_order_id IN NUMBER
) AS
BEGIN
    IF p_order_id IS NULL THEN
        RETURN;
    END IF;
    FOR rec IN (
        SELECT ID_Zbozi, POCET
          FROM OBJEDNAVKA_ZBOZI
         WHERE ID_Objednavka = p_order_id
    ) LOOP
        UPDATE ZBOZI
           SET MNOZSTVI = NVL(MNOZSTVI,0) + NVL(rec.POCET,0)
         WHERE ID_Zbozi = rec.ID_Zbozi;
    END LOOP;
END;

/
--------------------------------------------------------
--  DDL for Procedure PROC_SUPPLIER_SET_STATUS
--------------------------------------------------------
set define off;

  CREATE OR REPLACE EDITIONABLE PROCEDURE "PROC_SUPPLIER_SET_STATUS" (
    p_order_id      IN NUMBER,
    p_user_id       IN NUMBER,
    p_new_status    IN NUMBER,
    p_out_code      OUT NUMBER,
    p_out_reward    OUT NUMBER,
    p_out_balance   OUT NUMBER
) AS
    c_supplier_share CONSTANT NUMBER := 0.7;
    v_typ       OBJEDNAVKA.typ_objednavka%TYPE;
    v_status    OBJEDNAVKA.ID_Status%TYPE;
    v_owner     OBJEDNAVKA.ID_Uzivatel%TYPE;
    v_ucet_id   UCET.ID_UCET%TYPE;
    v_reward    NUMBER := 0;
BEGIN
    p_out_code := -3;
    p_out_reward := NULL;
    p_out_balance := NULL;

    SELECT typ_objednavka, ID_Status, ID_Uzivatel
      INTO v_typ, v_status, v_owner
      FROM OBJEDNAVKA
     WHERE ID_Objednavka = p_order_id
     FOR UPDATE;

    IF v_typ <> 'DODAVATEL' OR v_owner <> p_user_id THEN
        p_out_code := -2; RETURN;
    END IF;

    IF NOT (
        (v_status = 2 AND p_new_status IN (3,6)) OR
        (v_status = 3 AND p_new_status IN (4,6)) OR
        (v_status = 4 AND p_new_status IN (5,6))
    ) THEN
        p_out_code := -1; RETURN;
    END IF;

    IF p_new_status = 5 THEN
        FOR rec IN (
            SELECT oz.ID_Zbozi, oz.pocet
              FROM OBJEDNAVKA_ZBOZI oz
             WHERE oz.ID_Objednavka = p_order_id
        ) LOOP
            UPDATE ZBOZI
               SET mnozstvi = NVL(mnozstvi,0) + rec.pocet
             WHERE ID_Zbozi = rec.ID_Zbozi;
        END LOOP;

        SELECT SUM(oz.pocet * NVL(z.cena,0) * c_supplier_share)
          INTO v_reward
          FROM OBJEDNAVKA_ZBOZI oz
          JOIN ZBOZI z ON z.ID_Zbozi = oz.ID_Zbozi
         WHERE oz.ID_Objednavka = p_order_id;

        BEGIN
            SELECT ID_UCET
              INTO v_ucet_id
              FROM UCET
             WHERE ID_UZIVATEL = p_user_id
             FOR UPDATE;
        EXCEPTION
            WHEN NO_DATA_FOUND THEN
                INSERT INTO UCET (ID_UZIVATEL, ZUSTATEK)
                VALUES (p_user_id, 0)
                RETURNING ID_UCET INTO v_ucet_id;
        END;

        INSERT INTO POHYB_UCTU (ID_POHYB, ID_UCET, SMER, METODA, CASTKA, POZNAMKA, DATUM_VYTVORENI, ID_OBJEDNAVKA)
        VALUES (SEQ_POHYB_UCTU_ID.NEXTVAL, v_ucet_id, 'P', 'OBJEDNAVKA', v_reward,
                'Vyplaceno za objednavku ' || p_order_id, SYSDATE, p_order_id);

        UPDATE UCET
           SET ZUSTATEK = NVL(ZUSTATEK,0) + v_reward
         WHERE ID_UCET = v_ucet_id
         RETURNING ZUSTATEK INTO p_out_balance;

        p_out_reward := v_reward;
    END IF;

    UPDATE OBJEDNAVKA
       SET ID_Status = p_new_status
     WHERE ID_Objednavka = p_order_id;

    p_out_code := 0;
EXCEPTION
    WHEN NO_DATA_FOUND THEN
        p_out_code := -3;
    WHEN DUP_VAL_ON_INDEX THEN
        p_out_code := -1;
    WHEN OTHERS THEN
        RAISE;
END;

/
--------------------------------------------------------
--  DDL for Procedure PROC_CREATE_RESTOCK_ORDER
--------------------------------------------------------
set define off;

  CREATE OR REPLACE EDITIONABLE PROCEDURE "PROC_CREATE_RESTOCK_ORDER" (
    p_zbozi_id   IN NUMBER,
    p_sklad_id   IN NUMBER,
    p_super_id   IN NUMBER,
    p_min        IN NUMBER,
    p_current    IN NUMBER,
    p_price      IN NUMBER
) AS
    c_supplier_share CONSTANT NUMBER := 0.7;
    v_super         SKLAD.ID_Supermarket%TYPE;
    v_min           NUMBER := NVL(p_min, 0);
    v_current       NUMBER := NVL(p_current, 0);
    v_price         NUMBER := NVL(p_price, 0);
    v_amount        NUMBER;
    v_order_id      NUMBER;
    v_open          NUMBER;
    v_admin_user    NUMBER;
    v_reward        NUMBER := 0;
    v_note          CLOB;
BEGIN
    -- systémový vlastník = libovolný ADMIN (deterministicky nejmenší ID)
    SELECT MIN(u.ID_Uzivatel)
      INTO v_admin_user
      FROM UZIVATEL u
      JOIN APP_ROLE r ON r.ID_Role = u.ID_Role
     WHERE UPPER(r.nazev) = 'ADMIN';

    IF v_admin_user IS NULL THEN
        RAISE_APPLICATION_ERROR(-20110, 'Chybí uživatel s rolí ADMIN pro auto objednávky.');
    END IF;

    -- supermarket pro daný sklad (pokud nebyl dodán)
    IF p_super_id IS NOT NULL THEN
        v_super := p_super_id;
    ELSE
        SELECT ID_Supermarket
          INTO v_super
          FROM SKLAD
         WHERE ID_Sklad = p_sklad_id;
    END IF;

    -- otevřená objednávka pro stejné zboží a supermarket už existuje?
    SELECT COUNT(*)
      INTO v_open
      FROM OBJEDNAVKA o
      JOIN OBJEDNAVKA_ZBOZI oz ON oz.ID_Objednavka = o.ID_Objednavka
     WHERE oz.ID_Zbozi = p_zbozi_id
       AND o.ID_Supermarket = v_super
       AND o.ID_Status IN (1,2,3,4); -- otevřené stavy

    IF v_open > 0 THEN
        RETURN;
    END IF;

    -- množství k doobjednání (jednoduché pravidlo)
    v_amount := GREATEST(v_min * 3, v_min - v_current + v_min);

    -- odměna pro dodavatele (definovaná procentuální část)
    v_reward := ROUND(v_amount * v_price * c_supplier_share, 2);

    v_note := 'Automatická objednávka doplnění zásob';

    -- vytvoř objednávku (vlastník = ADMIN, typ DODAVATEL, status=1 Vytvorena)
    INSERT INTO OBJEDNAVKA (ID_Objednavka, datum, ID_Status, typ_objednavka, poznamka, ID_Uzivatel, ID_Supermarket)
    VALUES (SEQ_OBJEDNAVKA_ID.NEXTVAL, SYSDATE, 1, 'DODAVATEL', v_note, v_admin_user, v_super)
    RETURNING ID_Objednavka INTO v_order_id;

    -- položka
    INSERT INTO OBJEDNAVKA_ZBOZI (pocet, ID_Objednavka, ID_Zbozi)
    VALUES (v_amount, v_order_id, p_zbozi_id);

    -- log záznam pro adminy
    INSERT INTO LOG (
        ID_Log, tabulkaNazev, operace, datumZmeny, idRekord, popis, ID_Archiv
    ) VALUES (
        SEQ_LOG_ID.NEXTVAL,
        'ZBOZI',
        'I',
        SYSDATE,
        v_order_id,
        'Automaticky vytvořena objednávka kvůli nízkému množství zásob.',
        1
    );
END;

/
--------------------------------------------------------
--  DDL for Package PKG_ARCHIVE
--------------------------------------------------------

  CREATE OR REPLACE EDITIONABLE PACKAGE "PKG_ARCHIVE" AS
  PROCEDURE get_tree(p_cursor OUT SYS_REFCURSOR);

  PROCEDURE get_files(
    p_archive_id IN NUMBER,
    p_q          IN VARCHAR2,
    p_size       IN NUMBER,
    p_cursor     OUT SYS_REFCURSOR
  );

  PROCEDURE get_file_data(
    p_file_id IN NUMBER,
    p_name    OUT VARCHAR2,
    p_ext     OUT VARCHAR2,
    p_type    OUT VARCHAR2,
    p_blob    OUT BLOB
  );

  PROCEDURE save_file(
    p_archive_id  IN NUMBER,
    p_owner_email IN VARCHAR2,
    p_filename    IN VARCHAR2,
    p_mime        IN VARCHAR2,
    p_blob        IN BLOB,
    p_new_id      OUT NUMBER
  );

  PROCEDURE update_file_data(
    p_file_id IN NUMBER,
    p_blob    IN BLOB
  );

  PROCEDURE update_file_descr(
    p_file_id IN NUMBER,
    p_descr   IN VARCHAR2
  );

  PROCEDURE delete_file(p_file_id IN NUMBER);
END pkg_archive;

/
--------------------------------------------------------
--  DDL for Package PKG_AUTH
--------------------------------------------------------

  CREATE OR REPLACE EDITIONABLE PACKAGE "PKG_AUTH" AS
  FUNCTION email_exists(p_email IN VARCHAR2) RETURN NUMBER;
  FUNCTION phone_exists(p_phone IN VARCHAR2) RETURN NUMBER;
END pkg_auth;

/
--------------------------------------------------------
--  DDL for Package PKG_CUSTOMER_QUEUE
--------------------------------------------------------

  CREATE OR REPLACE EDITIONABLE PACKAGE "PKG_CUSTOMER_QUEUE" AS
  -- Fronta: otevřené objednávky bez obsluhy (status 1, ID_Obsluha IS NULL)
  PROCEDURE list_queue(p_cursor OUT SYS_REFCURSOR);
END pkg_customer_queue;

/
--------------------------------------------------------
--  DDL for Package PKG_CUSTOMER_REFUND
--------------------------------------------------------

  CREATE OR REPLACE EDITIONABLE PACKAGE "PKG_CUSTOMER_REFUND" AS
  c_refund_mark CONSTANT VARCHAR2(64) := '[REFUND_PENDING]';

  FUNCTION strip_refund_mark(p_note CLOB) RETURN CLOB;

  -- Seznam refundů čekajících na obsluhu konkrétního handlera
  PROCEDURE list_pending(p_handler_id IN NUMBER, p_cursor OUT SYS_REFCURSOR);

  -- Zákazník požádá o refund (přidá značku do poznámky)
  -- p_out_code: 0 ok, -1 už čeká, -2 už refundováno, -3 nenalezeno/nepatří, -4 stav nedovoluje
  PROCEDURE request_refund(
    p_order_id IN NUMBER,
    p_email    IN VARCHAR2,
    p_out_code OUT NUMBER
  );

  -- Manažer schválí refund: provede refund a smaže značku
  -- p_out_code: 0 ok, -1 nic k refundu, -2 už vráceno, -3 nenalezeno, -5 chybí platba
  PROCEDURE approve_refund(
    p_order_id    IN NUMBER,
    p_out_code    OUT NUMBER
  );

  -- Manažer zamítne refund: jen smaže značku
  -- p_out_code: 0 ok, -1 nic k refundu, -3 nenalezeno
  PROCEDURE reject_refund(
    p_order_id    IN NUMBER,
    p_out_code    OUT NUMBER
  );
END pkg_customer_refund;

/
--------------------------------------------------------
--  DDL for Package PKG_DBMETA
--------------------------------------------------------

  CREATE OR REPLACE EDITIONABLE PACKAGE "PKG_DBMETA" AS
  -- Výpis podporovaných objektů ze schématu.
  PROCEDURE list_objects(p_cursor OUT SYS_REFCURSOR);
  -- DDL pro zadaný typ a jméno objektu (nevrací nic, pokud typ/jméno nevalidní).
  PROCEDURE get_ddl(p_typ IN VARCHAR2, p_jmeno IN VARCHAR2, p_ddl OUT CLOB);
END pkg_dbmeta;

/
--------------------------------------------------------
--  DDL for Package PKG_KATEGORIE
--------------------------------------------------------

  CREATE OR REPLACE EDITIONABLE PACKAGE "PKG_KATEGORIE" AS
  PROCEDURE list_kategorie(p_cursor OUT SYS_REFCURSOR);
  PROCEDURE get_kategorie(p_id IN NUMBER, p_cursor OUT SYS_REFCURSOR);
END pkg_kategorie;

/
--------------------------------------------------------
--  DDL for Package PKG_LOCATION
--------------------------------------------------------

  CREATE OR REPLACE EDITIONABLE PACKAGE "PKG_LOCATION" AS
  PROCEDURE mesto_list(p_cursor OUT SYS_REFCURSOR);
  PROCEDURE mesto_get(p_psc IN VARCHAR2, p_cursor OUT SYS_REFCURSOR);

  PROCEDURE adresa_get(p_id IN NUMBER, p_cursor OUT SYS_REFCURSOR);
  PROCEDURE adresa_save(
    p_id     IN NUMBER,
    p_ulice  IN VARCHAR2,
    p_cpop   IN VARCHAR2,
    p_corient IN VARCHAR2,
    p_psc    IN VARCHAR2,
    p_out_id OUT NUMBER
  );
  PROCEDURE adresa_delete(p_id IN NUMBER);
END pkg_location;

/
--------------------------------------------------------
--  DDL for Package PKG_LOG
--------------------------------------------------------

  CREATE OR REPLACE EDITIONABLE PACKAGE "PKG_LOG" AS
  -- Nejnovější záznamy s cestou archivu (omezeno na p_limit, default 50).
  PROCEDURE list_recent(p_limit IN NUMBER DEFAULT 50, p_cursor OUT SYS_REFCURSOR);
  -- Filtrovaný výpis podle archivu, tabulky a operace (omezeno na p_limit, max 500).
  PROCEDURE list_filtered(
    p_archiv_id IN NUMBER,
    p_table     IN VARCHAR2,
    p_op        IN VARCHAR2,
    p_limit     IN NUMBER DEFAULT 100,
    p_cursor    OUT SYS_REFCURSOR
  );
  -- Detail logu podle ID.
  PROCEDURE get_log(p_id IN NUMBER, p_cursor OUT SYS_REFCURSOR);
  -- Vloží nebo aktualizuje záznam logu; při vložení doplní ID ze sekvence.
  PROCEDURE upsert_log(
    p_id         IN OUT NUMBER,
    p_tabulka    IN VARCHAR2,
    p_operace    IN VARCHAR2,
    p_staradata  IN CLOB,
    p_novadata   IN CLOB,
    p_datum      IN DATE DEFAULT SYSDATE,
    p_id_rekord  IN VARCHAR2,
    p_popis      IN CLOB,
    p_archiv_id  IN NUMBER
  );
  -- Smazání záznamu logu (chyba, pokud neexistuje).
  PROCEDURE delete_log(p_id IN NUMBER);
END pkg_log;

/
--------------------------------------------------------
--  DDL for Package PKG_NOTIFIKACE
--------------------------------------------------------

  CREATE OR REPLACE EDITIONABLE PACKAGE "PKG_NOTIFIKACE" AS
  PROCEDURE get_by_adresat(p_adresat IN VARCHAR2, p_cursor OUT SYS_REFCURSOR);
  PROCEDURE list_notifikace(p_cursor OUT SYS_REFCURSOR);
  PROCEDURE save_notifikace(
    p_id        IN OUT NUMBER,
    p_id_zprava IN NUMBER,
    p_authtoken IN VARCHAR2,
    p_endpoint  IN VARCHAR2,
    p_p256dh    IN VARCHAR2,
    p_adresat   IN VARCHAR2
  );
  PROCEDURE delete_by_adresat(p_adresat IN VARCHAR2);
END pkg_notifikace;

/
--------------------------------------------------------
--  DDL for Package PKG_OBJEDNAVKA
--------------------------------------------------------

  CREATE OR REPLACE EDITIONABLE PACKAGE "PKG_OBJEDNAVKA" AS
  PROCEDURE list_objednavky(p_cursor OUT SYS_REFCURSOR);
  PROCEDURE list_by_user(p_user_id IN NUMBER, p_cursor OUT SYS_REFCURSOR);
  PROCEDURE get_objednavka(p_id IN NUMBER, p_cursor OUT SYS_REFCURSOR);
  PROCEDURE save_objednavka(
    p_id             IN NUMBER,
    p_datum          IN DATE,
    p_status_id      IN NUMBER,
    p_user_id        IN NUMBER,
    p_supermarket_id IN NUMBER,
    p_poznamka       IN CLOB,
    p_typ            IN VARCHAR2,
    p_out_id         OUT NUMBER
  );
  PROCEDURE delete_objednavka(p_id IN NUMBER);
  PROCEDURE delete_objednavka_cascade(p_id IN NUMBER);
END pkg_objednavka;

/
--------------------------------------------------------
--  DDL for Package PKG_OBJEDNAVKA_ZBOZI
--------------------------------------------------------

  CREATE OR REPLACE EDITIONABLE PACKAGE "PKG_OBJEDNAVKA_ZBOZI" AS
  PROCEDURE list_by_objednavka(p_obj_id IN NUMBER, p_cursor OUT SYS_REFCURSOR);
  PROCEDURE add_item(p_obj_id IN NUMBER, p_zbozi_id IN NUMBER, p_pocet IN NUMBER);
  PROCEDURE update_item(p_obj_id IN NUMBER, p_zbozi_id IN NUMBER, p_pocet IN NUMBER);
  PROCEDURE delete_item(p_obj_id IN NUMBER, p_zbozi_id IN NUMBER);
END pkg_objednavka_zbozi;

/
--------------------------------------------------------
--  DDL for Package PKG_PERSON
--------------------------------------------------------

  CREATE OR REPLACE EDITIONABLE PACKAGE "PKG_PERSON" AS
  -- Zamestnanec
  PROCEDURE employee_get(p_id IN NUMBER, p_cursor OUT SYS_REFCURSOR);
  PROCEDURE employee_list(p_cursor OUT SYS_REFCURSOR);
  PROCEDURE employee_positions(p_cursor OUT SYS_REFCURSOR);
  PROCEDURE employee_save(
    p_id     IN NUMBER,
    p_mzda   IN NUMBER,
    p_datum  IN DATE,
    p_pozice IN VARCHAR2
  );
  PROCEDURE employee_delete(p_id IN NUMBER);

  -- Zakaznik
  PROCEDURE customer_get(p_id IN NUMBER, p_cursor OUT SYS_REFCURSOR);
  PROCEDURE customer_list(p_cursor OUT SYS_REFCURSOR);
  PROCEDURE customer_save(p_id IN NUMBER, p_karta IN VARCHAR2);
  PROCEDURE customer_delete(p_id IN NUMBER);

  -- Dodavatel
  PROCEDURE supplier_get(p_id IN NUMBER, p_cursor OUT SYS_REFCURSOR);
  PROCEDURE supplier_list(p_cursor OUT SYS_REFCURSOR);
  PROCEDURE supplier_save(p_id IN NUMBER, p_firma IN VARCHAR2);
  PROCEDURE supplier_delete(p_id IN NUMBER);
END pkg_person;

/
--------------------------------------------------------
--  DDL for Package PKG_PLATBA
--------------------------------------------------------

  CREATE OR REPLACE EDITIONABLE PACKAGE "PKG_PLATBA" AS
  PROCEDURE create_platba(
    p_objednavka_id IN NUMBER,
    p_castka        IN NUMBER,
    p_typ           IN VARCHAR2,
    p_ucet_id       IN NUMBER DEFAULT NULL,
    p_cislo_karty   IN VARCHAR2 DEFAULT NULL,
    p_prijato       IN NUMBER DEFAULT NULL,
    p_vraceno       IN NUMBER DEFAULT NULL,
    p_pohyb_id      OUT NUMBER,
    p_platba_id     OUT NUMBER
  );
  PROCEDURE list_platby(p_typ IN VARCHAR2, p_cursor OUT SYS_REFCURSOR);
  PROCEDURE list_typy(p_cursor OUT SYS_REFCURSOR);
END pkg_platba;

/
--------------------------------------------------------
--  DDL for Package PKG_PRAVO
--------------------------------------------------------

  CREATE OR REPLACE EDITIONABLE PACKAGE "PKG_PRAVO" AS
  PROCEDURE list_prava(p_cursor OUT SYS_REFCURSOR);
  PROCEDURE get_pravo(p_id IN NUMBER, p_cursor OUT SYS_REFCURSOR);
  PROCEDURE get_pravo_by_kod(p_kod IN VARCHAR2, p_cursor OUT SYS_REFCURSOR);
  PROCEDURE save_pravo(p_id IN NUMBER, p_nazev IN VARCHAR2, p_kod IN VARCHAR2, p_popis IN VARCHAR2, p_out_id OUT NUMBER);
  PROCEDURE delete_pravo(p_id IN NUMBER);
END pkg_pravo;

/
--------------------------------------------------------
--  DDL for Package PKG_ROLE
--------------------------------------------------------

  CREATE OR REPLACE EDITIONABLE PACKAGE "PKG_ROLE" AS
  PROCEDURE list_roles(p_cursor OUT SYS_REFCURSOR);
  PROCEDURE get_by_id(p_id IN NUMBER, p_cursor OUT SYS_REFCURSOR);
  PROCEDURE get_by_name(p_name IN VARCHAR2, p_cursor OUT SYS_REFCURSOR);
  PROCEDURE save_role(p_id IN NUMBER, p_name IN VARCHAR2, p_out_id OUT NUMBER);
  PROCEDURE delete_role(p_id IN NUMBER);
END pkg_role;

/
--------------------------------------------------------
--  DDL for Package PKG_ROLE_PRAVO
--------------------------------------------------------

  CREATE OR REPLACE EDITIONABLE PACKAGE "PKG_ROLE_PRAVO" AS
  PROCEDURE list_kody_by_role(p_role_id IN NUMBER, p_cursor OUT SYS_REFCURSOR);
  PROCEDURE list_role_permissions(p_cursor OUT SYS_REFCURSOR);
  PROCEDURE update_role_permissions(p_role_id IN NUMBER, p_codes IN VARCHAR2);
  PROCEDURE user_has_permission(p_email IN VARCHAR2, p_code IN VARCHAR2, p_has OUT NUMBER);
  PROCEDURE delete_by_role(p_role_id IN NUMBER);
  PROCEDURE delete_by_pravo(p_pravo_id IN NUMBER);
  PROCEDURE insert_mapping(p_pravo_id IN NUMBER, p_role_id IN NUMBER);
END pkg_role_pravo;

/
--------------------------------------------------------
--  DDL for Package PKG_SKLAD
--------------------------------------------------------

  CREATE OR REPLACE EDITIONABLE PACKAGE "PKG_SKLAD" AS
  PROCEDURE list_sklady(p_cursor OUT SYS_REFCURSOR);
  PROCEDURE get_sklad(p_id IN NUMBER, p_cursor OUT SYS_REFCURSOR);
  PROCEDURE save_sklad(
    p_id            IN NUMBER,
    p_nazev         IN VARCHAR2,
    p_kapacita      IN NUMBER,
    p_telefon       IN VARCHAR2,
    p_id_supermarket IN NUMBER,
    p_out_id        OUT NUMBER
  );
  PROCEDURE delete_sklad(p_id IN NUMBER);
  PROCEDURE delete_info(p_id IN NUMBER, p_cursor OUT SYS_REFCURSOR);
END pkg_sklad;

/
--------------------------------------------------------
--  DDL for Package PKG_STATUS
--------------------------------------------------------

  CREATE OR REPLACE EDITIONABLE PACKAGE "PKG_STATUS" AS
  PROCEDURE list_status(p_cursor OUT SYS_REFCURSOR);
  PROCEDURE get_status(p_id IN NUMBER, p_cursor OUT SYS_REFCURSOR);
END pkg_status;

/
--------------------------------------------------------
--  DDL for Package PKG_SUPERMARKET
--------------------------------------------------------

  CREATE OR REPLACE EDITIONABLE PACKAGE "PKG_SUPERMARKET" AS
  PROCEDURE list_supermarket(p_cursor OUT SYS_REFCURSOR);
  PROCEDURE get_supermarket(p_id IN NUMBER, p_cursor OUT SYS_REFCURSOR);
  PROCEDURE save_supermarket(
    p_id            IN NUMBER,
    p_nazev         IN VARCHAR2,
    p_telefon       IN VARCHAR2,
    p_email         IN VARCHAR2,
    p_id_adresa     IN NUMBER,
    p_ulice         IN VARCHAR2,
    p_cpop          IN VARCHAR2,
    p_corient       IN VARCHAR2,
    p_psc           IN VARCHAR2,
    p_out_id        OUT NUMBER
  );
  PROCEDURE delete_supermarket(p_id IN NUMBER);
  PROCEDURE delete_info(p_id IN NUMBER, p_cursor OUT SYS_REFCURSOR);
END pkg_supermarket;

/
--------------------------------------------------------
--  DDL for Package PKG_UCET
--------------------------------------------------------

  CREATE OR REPLACE EDITIONABLE PACKAGE "PKG_UCET" AS
  PROCEDURE create_account(
    p_id_uzivatel IN  NUMBER,
    p_out_id      OUT NUMBER
  );

  PROCEDURE topup_account(
    p_id_ucet     IN  NUMBER,
    p_castka      IN  NUMBER,
    p_metoda      IN  VARCHAR2,
    p_cislo_karty IN  VARCHAR2 DEFAULT NULL,
    p_poznamka    IN  VARCHAR2 DEFAULT NULL,
    p_id_pohyb    OUT NUMBER
  );

  PROCEDURE pay_order_from_account(
    p_id_ucet       IN  NUMBER,
    p_id_objednavka IN  NUMBER,
    p_castka        IN  NUMBER,
    p_id_pohyb      OUT NUMBER,
    p_id_platba     OUT NUMBER
  );

  PROCEDURE refund_order_to_account(
    p_id_ucet       IN  NUMBER,
    p_id_objednavka IN  NUMBER,
    p_castka        IN  NUMBER,
    p_id_pohyb      OUT NUMBER
  );

  PROCEDURE account_history(
    p_id_ucet IN NUMBER,
    p_cursor  OUT SYS_REFCURSOR
  );

  PROCEDURE account_history_range(
    p_id_ucet IN NUMBER,
    p_from    IN DATE,
    p_to      IN DATE,
    p_cursor  OUT SYS_REFCURSOR
  );
END "PKG_UCET";

/
--------------------------------------------------------
--  DDL for Package PKG_USER
--------------------------------------------------------

  CREATE OR REPLACE EDITIONABLE PACKAGE "PKG_USER" AS
  PROCEDURE get_by_email(p_email IN VARCHAR2, p_cursor OUT SYS_REFCURSOR);
  PROCEDURE get_by_id(p_id IN NUMBER, p_cursor OUT SYS_REFCURSOR);
  PROCEDURE list_all(p_cursor OUT SYS_REFCURSOR);
  PROCEDURE get_by_phone(p_phone IN VARCHAR2, p_cursor OUT SYS_REFCURSOR);
  PROCEDURE get_by_role(p_role IN VARCHAR2, p_cursor OUT SYS_REFCURSOR);
  PROCEDURE email_used(p_email IN VARCHAR2, p_self_id IN NUMBER, p_used OUT NUMBER);
  PROCEDURE phone_used(p_phone IN VARCHAR2, p_self_id IN NUMBER, p_used OUT NUMBER);
  PROCEDURE create_user(
    p_jmeno    IN VARCHAR2,
    p_prijmeni IN VARCHAR2,
    p_email    IN VARCHAR2,
    p_heslo    IN VARCHAR2,
    p_phone    IN VARCHAR2,
    p_role_id  IN NUMBER,
    p_id       OUT NUMBER
  );
  PROCEDURE update_core(
    p_id       IN NUMBER,
    p_jmeno    IN VARCHAR2,
    p_prijmeni IN VARCHAR2,
    p_email    IN VARCHAR2,
    p_heslo    IN VARCHAR2,
    p_phone    IN VARCHAR2,
    p_role_id  IN NUMBER
  );
  PROCEDURE delete_user(p_id IN NUMBER);
END pkg_user;

/
--------------------------------------------------------
--  DDL for Package PKG_ZBOZI
--------------------------------------------------------

  CREATE OR REPLACE EDITIONABLE PACKAGE "PKG_ZBOZI" AS
  PROCEDURE list_zbozi(p_cursor OUT SYS_REFCURSOR);
  PROCEDURE get_zbozi(p_id IN NUMBER, p_cursor OUT SYS_REFCURSOR);
  -- Úprava množství o delta (kladné i záporné), vyhodí chybu pokud záznam neexistuje.
  PROCEDURE update_mnozstvi(p_id IN NUMBER, p_delta IN NUMBER);
  PROCEDURE save_zbozi(
    p_id            IN NUMBER,
    p_nazev         IN VARCHAR2,
    p_popis         IN VARCHAR2,
    p_cena          IN NUMBER,
    p_mnozstvi      IN NUMBER,
    p_minmnozstvi   IN NUMBER,
    p_id_kategorie  IN NUMBER,
    p_id_sklad      IN NUMBER,
    p_out_id        OUT NUMBER
  );
  PROCEDURE delete_zbozi(p_id IN NUMBER);
END pkg_zbozi;

/
--------------------------------------------------------
--  DDL for Package PKG_ZBOZI_DODAVATEL
--------------------------------------------------------

  CREATE OR REPLACE EDITIONABLE PACKAGE "PKG_ZBOZI_DODAVATEL" AS
  PROCEDURE list_by_zbozi(p_zbozi_id IN NUMBER, p_cursor OUT SYS_REFCURSOR);
  PROCEDURE list_by_dodavatel(p_dod_id IN NUMBER, p_cursor OUT SYS_REFCURSOR);
  PROCEDURE add_rel(p_zbozi_id IN NUMBER, p_dod_id IN NUMBER);
  PROCEDURE delete_rel(p_zbozi_id IN NUMBER, p_dod_id IN NUMBER);
END pkg_zbozi_dodavatel;

/
--------------------------------------------------------
--  DDL for Package PKG_ZPRAVA
--------------------------------------------------------

  CREATE OR REPLACE EDITIONABLE PACKAGE "PKG_ZPRAVA" AS
  -- Vrátí první zprávu podle odesílatele/příjemce/textu (pro kontrolu duplikátů).
  PROCEDURE find_first(p_sender_id IN NUMBER, p_receiver_id IN NUMBER, p_text IN CLOB, p_cursor OUT SYS_REFCURSOR);
  -- Uloží zprávu, vrátí nové ID.
  PROCEDURE save_zprava(p_sender_id IN NUMBER, p_receiver_id IN NUMBER, p_text IN CLOB, p_datum IN DATE DEFAULT SYSDATE, p_out_id OUT NUMBER);
  -- Posledních N zpráv (default 100) s údaji o účastnících.
  PROCEDURE list_top(p_limit IN NUMBER DEFAULT 100, p_cursor OUT SYS_REFCURSOR);
  -- Konverzace mezi dvěma e-maily (obě směry), seřazeno dle data desc.
  PROCEDURE list_conversation(p_email1 IN VARCHAR2, p_email2 IN VARCHAR2, p_cursor OUT SYS_REFCURSOR);
  -- Aktualizace textu/datu; vyhodí chybu pokud záznam neexistuje.
  PROCEDURE update_zprava(p_id IN NUMBER, p_text IN CLOB, p_datum IN DATE DEFAULT SYSDATE);
  -- Smazání zprávy; vyhodí chybu pokud záznam neexistuje.
  PROCEDURE delete_zprava(p_id IN NUMBER);
END pkg_zprava;

/
--------------------------------------------------------
--  DDL for Package PKG_ARCHIVE
--------------------------------------------------------

  CREATE OR REPLACE EDITIONABLE PACKAGE "PKG_ARCHIVE" AS
  PROCEDURE get_tree(p_cursor OUT SYS_REFCURSOR);

  PROCEDURE get_files(
    p_archive_id IN NUMBER,
    p_q          IN VARCHAR2,
    p_size       IN NUMBER,
    p_cursor     OUT SYS_REFCURSOR
  );

  PROCEDURE get_file_data(
    p_file_id IN NUMBER,
    p_name    OUT VARCHAR2,
    p_ext     OUT VARCHAR2,
    p_type    OUT VARCHAR2,
    p_blob    OUT BLOB
  );

  PROCEDURE save_file(
    p_archive_id  IN NUMBER,
    p_owner_email IN VARCHAR2,
    p_filename    IN VARCHAR2,
    p_mime        IN VARCHAR2,
    p_blob        IN BLOB,
    p_new_id      OUT NUMBER
  );

  PROCEDURE update_file_data(
    p_file_id IN NUMBER,
    p_blob    IN BLOB
  );

  PROCEDURE update_file_descr(
    p_file_id IN NUMBER,
    p_descr   IN VARCHAR2
  );

  PROCEDURE delete_file(p_file_id IN NUMBER);
END pkg_archive;

/
--------------------------------------------------------
--  DDL for Package PKG_AUTH
--------------------------------------------------------

  CREATE OR REPLACE EDITIONABLE PACKAGE "PKG_AUTH" AS
  FUNCTION email_exists(p_email IN VARCHAR2) RETURN NUMBER;
  FUNCTION phone_exists(p_phone IN VARCHAR2) RETURN NUMBER;
END pkg_auth;

/
--------------------------------------------------------
--  DDL for Package PKG_CUSTOMER_QUEUE
--------------------------------------------------------

  CREATE OR REPLACE EDITIONABLE PACKAGE "PKG_CUSTOMER_QUEUE" AS
  -- Fronta: otevřené objednávky bez obsluhy (status 1, ID_Obsluha IS NULL)
  PROCEDURE list_queue(p_cursor OUT SYS_REFCURSOR);
END pkg_customer_queue;

/
--------------------------------------------------------
--  DDL for Package PKG_CUSTOMER_REFUND
--------------------------------------------------------

  CREATE OR REPLACE EDITIONABLE PACKAGE "PKG_CUSTOMER_REFUND" AS
  c_refund_mark CONSTANT VARCHAR2(64) := '[REFUND_PENDING]';

  FUNCTION strip_refund_mark(p_note CLOB) RETURN CLOB;

  -- Seznam refundů čekajících na obsluhu konkrétního handlera
  PROCEDURE list_pending(p_handler_id IN NUMBER, p_cursor OUT SYS_REFCURSOR);

  -- Zákazník požádá o refund (přidá značku do poznámky)
  -- p_out_code: 0 ok, -1 už čeká, -2 už refundováno, -3 nenalezeno/nepatří, -4 stav nedovoluje
  PROCEDURE request_refund(
    p_order_id IN NUMBER,
    p_email    IN VARCHAR2,
    p_out_code OUT NUMBER
  );

  -- Manažer schválí refund: provede refund a smaže značku
  -- p_out_code: 0 ok, -1 nic k refundu, -2 už vráceno, -3 nenalezeno, -5 chybí platba
  PROCEDURE approve_refund(
    p_order_id    IN NUMBER,
    p_out_code    OUT NUMBER
  );

  -- Manažer zamítne refund: jen smaže značku
  -- p_out_code: 0 ok, -1 nic k refundu, -3 nenalezeno
  PROCEDURE reject_refund(
    p_order_id    IN NUMBER,
    p_out_code    OUT NUMBER
  );
END pkg_customer_refund;

/
--------------------------------------------------------
--  DDL for Package PKG_UCET
--------------------------------------------------------

  CREATE OR REPLACE EDITIONABLE PACKAGE "PKG_UCET" AS
  PROCEDURE create_account(
    p_id_uzivatel IN  NUMBER,
    p_out_id      OUT NUMBER
  );

  PROCEDURE topup_account(
    p_id_ucet     IN  NUMBER,
    p_castka      IN  NUMBER,
    p_metoda      IN  VARCHAR2,
    p_cislo_karty IN  VARCHAR2 DEFAULT NULL,
    p_poznamka    IN  VARCHAR2 DEFAULT NULL,
    p_id_pohyb    OUT NUMBER
  );

  PROCEDURE pay_order_from_account(
    p_id_ucet       IN  NUMBER,
    p_id_objednavka IN  NUMBER,
    p_castka        IN  NUMBER,
    p_id_pohyb      OUT NUMBER,
    p_id_platba     OUT NUMBER
  );

  PROCEDURE refund_order_to_account(
    p_id_ucet       IN  NUMBER,
    p_id_objednavka IN  NUMBER,
    p_castka        IN  NUMBER,
    p_id_pohyb      OUT NUMBER
  );

  PROCEDURE account_history(
    p_id_ucet IN NUMBER,
    p_cursor  OUT SYS_REFCURSOR
  );

  PROCEDURE account_history_range(
    p_id_ucet IN NUMBER,
    p_from    IN DATE,
    p_to      IN DATE,
    p_cursor  OUT SYS_REFCURSOR
  );
END "PKG_UCET";

/
--------------------------------------------------------
--  DDL for Package PKG_DBMETA
--------------------------------------------------------

  CREATE OR REPLACE EDITIONABLE PACKAGE "PKG_DBMETA" AS
  -- Výpis podporovaných objektů ze schématu.
  PROCEDURE list_objects(p_cursor OUT SYS_REFCURSOR);
  -- DDL pro zadaný typ a jméno objektu (nevrací nic, pokud typ/jméno nevalidní).
  PROCEDURE get_ddl(p_typ IN VARCHAR2, p_jmeno IN VARCHAR2, p_ddl OUT CLOB);
END pkg_dbmeta;

/
--------------------------------------------------------
--  DDL for Package PKG_KATEGORIE
--------------------------------------------------------

  CREATE OR REPLACE EDITIONABLE PACKAGE "PKG_KATEGORIE" AS
  PROCEDURE list_kategorie(p_cursor OUT SYS_REFCURSOR);
  PROCEDURE get_kategorie(p_id IN NUMBER, p_cursor OUT SYS_REFCURSOR);
END pkg_kategorie;

/
--------------------------------------------------------
--  DDL for Package PKG_LOCATION
--------------------------------------------------------

  CREATE OR REPLACE EDITIONABLE PACKAGE "PKG_LOCATION" AS
  PROCEDURE mesto_list(p_cursor OUT SYS_REFCURSOR);
  PROCEDURE mesto_get(p_psc IN VARCHAR2, p_cursor OUT SYS_REFCURSOR);

  PROCEDURE adresa_get(p_id IN NUMBER, p_cursor OUT SYS_REFCURSOR);
  PROCEDURE adresa_save(
    p_id     IN NUMBER,
    p_ulice  IN VARCHAR2,
    p_cpop   IN VARCHAR2,
    p_corient IN VARCHAR2,
    p_psc    IN VARCHAR2,
    p_out_id OUT NUMBER
  );
  PROCEDURE adresa_delete(p_id IN NUMBER);
END pkg_location;

/
--------------------------------------------------------
--  DDL for Package PKG_LOG
--------------------------------------------------------

  CREATE OR REPLACE EDITIONABLE PACKAGE "PKG_LOG" AS
  -- Nejnovější záznamy s cestou archivu (omezeno na p_limit, default 50).
  PROCEDURE list_recent(p_limit IN NUMBER DEFAULT 50, p_cursor OUT SYS_REFCURSOR);
  -- Filtrovaný výpis podle archivu, tabulky a operace (omezeno na p_limit, max 500).
  PROCEDURE list_filtered(
    p_archiv_id IN NUMBER,
    p_table     IN VARCHAR2,
    p_op        IN VARCHAR2,
    p_limit     IN NUMBER DEFAULT 100,
    p_cursor    OUT SYS_REFCURSOR
  );
  -- Detail logu podle ID.
  PROCEDURE get_log(p_id IN NUMBER, p_cursor OUT SYS_REFCURSOR);
  -- Vloží nebo aktualizuje záznam logu; při vložení doplní ID ze sekvence.
  PROCEDURE upsert_log(
    p_id         IN OUT NUMBER,
    p_tabulka    IN VARCHAR2,
    p_operace    IN VARCHAR2,
    p_staradata  IN CLOB,
    p_novadata   IN CLOB,
    p_datum      IN DATE DEFAULT SYSDATE,
    p_id_rekord  IN VARCHAR2,
    p_popis      IN CLOB,
    p_archiv_id  IN NUMBER
  );
  -- Smazání záznamu logu (chyba, pokud neexistuje).
  PROCEDURE delete_log(p_id IN NUMBER);
END pkg_log;

/
--------------------------------------------------------
--  DDL for Package PKG_NOTIFIKACE
--------------------------------------------------------

  CREATE OR REPLACE EDITIONABLE PACKAGE "PKG_NOTIFIKACE" AS
  PROCEDURE get_by_adresat(p_adresat IN VARCHAR2, p_cursor OUT SYS_REFCURSOR);
  PROCEDURE list_notifikace(p_cursor OUT SYS_REFCURSOR);
  PROCEDURE save_notifikace(
    p_id        IN OUT NUMBER,
    p_id_zprava IN NUMBER,
    p_authtoken IN VARCHAR2,
    p_endpoint  IN VARCHAR2,
    p_p256dh    IN VARCHAR2,
    p_adresat   IN VARCHAR2
  );
  PROCEDURE delete_by_adresat(p_adresat IN VARCHAR2);
END pkg_notifikace;

/
--------------------------------------------------------
--  DDL for Package PKG_OBJEDNAVKA
--------------------------------------------------------

  CREATE OR REPLACE EDITIONABLE PACKAGE "PKG_OBJEDNAVKA" AS
  PROCEDURE list_objednavky(p_cursor OUT SYS_REFCURSOR);
  PROCEDURE list_by_user(p_user_id IN NUMBER, p_cursor OUT SYS_REFCURSOR);
  PROCEDURE get_objednavka(p_id IN NUMBER, p_cursor OUT SYS_REFCURSOR);
  PROCEDURE save_objednavka(
    p_id             IN NUMBER,
    p_datum          IN DATE,
    p_status_id      IN NUMBER,
    p_user_id        IN NUMBER,
    p_supermarket_id IN NUMBER,
    p_poznamka       IN CLOB,
    p_typ            IN VARCHAR2,
    p_out_id         OUT NUMBER
  );
  PROCEDURE delete_objednavka(p_id IN NUMBER);
  PROCEDURE delete_objednavka_cascade(p_id IN NUMBER);
END pkg_objednavka;

/
--------------------------------------------------------
--  DDL for Package PKG_OBJEDNAVKA_ZBOZI
--------------------------------------------------------

  CREATE OR REPLACE EDITIONABLE PACKAGE "PKG_OBJEDNAVKA_ZBOZI" AS
  PROCEDURE list_by_objednavka(p_obj_id IN NUMBER, p_cursor OUT SYS_REFCURSOR);
  PROCEDURE add_item(p_obj_id IN NUMBER, p_zbozi_id IN NUMBER, p_pocet IN NUMBER);
  PROCEDURE update_item(p_obj_id IN NUMBER, p_zbozi_id IN NUMBER, p_pocet IN NUMBER);
  PROCEDURE delete_item(p_obj_id IN NUMBER, p_zbozi_id IN NUMBER);
END pkg_objednavka_zbozi;

/
--------------------------------------------------------
--  DDL for Package PKG_PERSON
--------------------------------------------------------

  CREATE OR REPLACE EDITIONABLE PACKAGE "PKG_PERSON" AS
  -- Zamestnanec
  PROCEDURE employee_get(p_id IN NUMBER, p_cursor OUT SYS_REFCURSOR);
  PROCEDURE employee_list(p_cursor OUT SYS_REFCURSOR);
  PROCEDURE employee_positions(p_cursor OUT SYS_REFCURSOR);
  PROCEDURE employee_save(
    p_id     IN NUMBER,
    p_mzda   IN NUMBER,
    p_datum  IN DATE,
    p_pozice IN VARCHAR2
  );
  PROCEDURE employee_delete(p_id IN NUMBER);

  -- Zakaznik
  PROCEDURE customer_get(p_id IN NUMBER, p_cursor OUT SYS_REFCURSOR);
  PROCEDURE customer_list(p_cursor OUT SYS_REFCURSOR);
  PROCEDURE customer_save(p_id IN NUMBER, p_karta IN VARCHAR2);
  PROCEDURE customer_delete(p_id IN NUMBER);

  -- Dodavatel
  PROCEDURE supplier_get(p_id IN NUMBER, p_cursor OUT SYS_REFCURSOR);
  PROCEDURE supplier_list(p_cursor OUT SYS_REFCURSOR);
  PROCEDURE supplier_save(p_id IN NUMBER, p_firma IN VARCHAR2);
  PROCEDURE supplier_delete(p_id IN NUMBER);
END pkg_person;

/
--------------------------------------------------------
--  DDL for Package PKG_PLATBA
--------------------------------------------------------

  CREATE OR REPLACE EDITIONABLE PACKAGE "PKG_PLATBA" AS
  PROCEDURE create_platba(
    p_objednavka_id IN NUMBER,
    p_castka        IN NUMBER,
    p_typ           IN VARCHAR2,
    p_ucet_id       IN NUMBER DEFAULT NULL,
    p_cislo_karty   IN VARCHAR2 DEFAULT NULL,
    p_prijato       IN NUMBER DEFAULT NULL,
    p_vraceno       IN NUMBER DEFAULT NULL,
    p_pohyb_id      OUT NUMBER,
    p_platba_id     OUT NUMBER
  );
  PROCEDURE list_platby(p_typ IN VARCHAR2, p_cursor OUT SYS_REFCURSOR);
  PROCEDURE list_typy(p_cursor OUT SYS_REFCURSOR);
END pkg_platba;

/
--------------------------------------------------------
--  DDL for Package PKG_PRAVO
--------------------------------------------------------

  CREATE OR REPLACE EDITIONABLE PACKAGE "PKG_PRAVO" AS
  PROCEDURE list_prava(p_cursor OUT SYS_REFCURSOR);
  PROCEDURE get_pravo(p_id IN NUMBER, p_cursor OUT SYS_REFCURSOR);
  PROCEDURE get_pravo_by_kod(p_kod IN VARCHAR2, p_cursor OUT SYS_REFCURSOR);
  PROCEDURE save_pravo(p_id IN NUMBER, p_nazev IN VARCHAR2, p_kod IN VARCHAR2, p_popis IN VARCHAR2, p_out_id OUT NUMBER);
  PROCEDURE delete_pravo(p_id IN NUMBER);
END pkg_pravo;

/
--------------------------------------------------------
--  DDL for Package PKG_ROLE
--------------------------------------------------------

  CREATE OR REPLACE EDITIONABLE PACKAGE "PKG_ROLE" AS
  PROCEDURE list_roles(p_cursor OUT SYS_REFCURSOR);
  PROCEDURE get_by_id(p_id IN NUMBER, p_cursor OUT SYS_REFCURSOR);
  PROCEDURE get_by_name(p_name IN VARCHAR2, p_cursor OUT SYS_REFCURSOR);
  PROCEDURE save_role(p_id IN NUMBER, p_name IN VARCHAR2, p_out_id OUT NUMBER);
  PROCEDURE delete_role(p_id IN NUMBER);
END pkg_role;

/
--------------------------------------------------------
--  DDL for Package PKG_ROLE_PRAVO
--------------------------------------------------------

  CREATE OR REPLACE EDITIONABLE PACKAGE "PKG_ROLE_PRAVO" AS
  PROCEDURE list_kody_by_role(p_role_id IN NUMBER, p_cursor OUT SYS_REFCURSOR);
  PROCEDURE list_role_permissions(p_cursor OUT SYS_REFCURSOR);
  PROCEDURE update_role_permissions(p_role_id IN NUMBER, p_codes IN VARCHAR2);
  PROCEDURE user_has_permission(p_email IN VARCHAR2, p_code IN VARCHAR2, p_has OUT NUMBER);
  PROCEDURE delete_by_role(p_role_id IN NUMBER);
  PROCEDURE delete_by_pravo(p_pravo_id IN NUMBER);
  PROCEDURE insert_mapping(p_pravo_id IN NUMBER, p_role_id IN NUMBER);
END pkg_role_pravo;

/
--------------------------------------------------------
--  DDL for Package PKG_SKLAD
--------------------------------------------------------

  CREATE OR REPLACE EDITIONABLE PACKAGE "PKG_SKLAD" AS
  PROCEDURE list_sklady(p_cursor OUT SYS_REFCURSOR);
  PROCEDURE get_sklad(p_id IN NUMBER, p_cursor OUT SYS_REFCURSOR);
  PROCEDURE save_sklad(
    p_id            IN NUMBER,
    p_nazev         IN VARCHAR2,
    p_kapacita      IN NUMBER,
    p_telefon       IN VARCHAR2,
    p_id_supermarket IN NUMBER,
    p_out_id        OUT NUMBER
  );
  PROCEDURE delete_sklad(p_id IN NUMBER);
  PROCEDURE delete_info(p_id IN NUMBER, p_cursor OUT SYS_REFCURSOR);
END pkg_sklad;

/
--------------------------------------------------------
--  DDL for Package PKG_STATUS
--------------------------------------------------------

  CREATE OR REPLACE EDITIONABLE PACKAGE "PKG_STATUS" AS
  PROCEDURE list_status(p_cursor OUT SYS_REFCURSOR);
  PROCEDURE get_status(p_id IN NUMBER, p_cursor OUT SYS_REFCURSOR);
END pkg_status;

/
--------------------------------------------------------
--  DDL for Package PKG_SUPERMARKET
--------------------------------------------------------

  CREATE OR REPLACE EDITIONABLE PACKAGE "PKG_SUPERMARKET" AS
  PROCEDURE list_supermarket(p_cursor OUT SYS_REFCURSOR);
  PROCEDURE get_supermarket(p_id IN NUMBER, p_cursor OUT SYS_REFCURSOR);
  PROCEDURE save_supermarket(
    p_id            IN NUMBER,
    p_nazev         IN VARCHAR2,
    p_telefon       IN VARCHAR2,
    p_email         IN VARCHAR2,
    p_id_adresa     IN NUMBER,
    p_ulice         IN VARCHAR2,
    p_cpop          IN VARCHAR2,
    p_corient       IN VARCHAR2,
    p_psc           IN VARCHAR2,
    p_out_id        OUT NUMBER
  );
  PROCEDURE delete_supermarket(p_id IN NUMBER);
  PROCEDURE delete_info(p_id IN NUMBER, p_cursor OUT SYS_REFCURSOR);
END pkg_supermarket;

/
--------------------------------------------------------
--  DDL for Package PKG_USER
--------------------------------------------------------

  CREATE OR REPLACE EDITIONABLE PACKAGE "PKG_USER" AS
  PROCEDURE get_by_email(p_email IN VARCHAR2, p_cursor OUT SYS_REFCURSOR);
  PROCEDURE get_by_id(p_id IN NUMBER, p_cursor OUT SYS_REFCURSOR);
  PROCEDURE list_all(p_cursor OUT SYS_REFCURSOR);
  PROCEDURE get_by_phone(p_phone IN VARCHAR2, p_cursor OUT SYS_REFCURSOR);
  PROCEDURE get_by_role(p_role IN VARCHAR2, p_cursor OUT SYS_REFCURSOR);
  PROCEDURE email_used(p_email IN VARCHAR2, p_self_id IN NUMBER, p_used OUT NUMBER);
  PROCEDURE phone_used(p_phone IN VARCHAR2, p_self_id IN NUMBER, p_used OUT NUMBER);
  PROCEDURE create_user(
    p_jmeno    IN VARCHAR2,
    p_prijmeni IN VARCHAR2,
    p_email    IN VARCHAR2,
    p_heslo    IN VARCHAR2,
    p_phone    IN VARCHAR2,
    p_role_id  IN NUMBER,
    p_id       OUT NUMBER
  );
  PROCEDURE update_core(
    p_id       IN NUMBER,
    p_jmeno    IN VARCHAR2,
    p_prijmeni IN VARCHAR2,
    p_email    IN VARCHAR2,
    p_heslo    IN VARCHAR2,
    p_phone    IN VARCHAR2,
    p_role_id  IN NUMBER
  );
  PROCEDURE delete_user(p_id IN NUMBER);
END pkg_user;

/
--------------------------------------------------------
--  DDL for Package PKG_ZBOZI
--------------------------------------------------------

  CREATE OR REPLACE EDITIONABLE PACKAGE "PKG_ZBOZI" AS
  PROCEDURE list_zbozi(p_cursor OUT SYS_REFCURSOR);
  PROCEDURE get_zbozi(p_id IN NUMBER, p_cursor OUT SYS_REFCURSOR);
  -- Úprava množství o delta (kladné i záporné), vyhodí chybu pokud záznam neexistuje.
  PROCEDURE update_mnozstvi(p_id IN NUMBER, p_delta IN NUMBER);
  PROCEDURE save_zbozi(
    p_id            IN NUMBER,
    p_nazev         IN VARCHAR2,
    p_popis         IN VARCHAR2,
    p_cena          IN NUMBER,
    p_mnozstvi      IN NUMBER,
    p_minmnozstvi   IN NUMBER,
    p_id_kategorie  IN NUMBER,
    p_id_sklad      IN NUMBER,
    p_out_id        OUT NUMBER
  );
  PROCEDURE delete_zbozi(p_id IN NUMBER);
END pkg_zbozi;

/
--------------------------------------------------------
--  DDL for Package PKG_ZBOZI_DODAVATEL
--------------------------------------------------------

  CREATE OR REPLACE EDITIONABLE PACKAGE "PKG_ZBOZI_DODAVATEL" AS
  PROCEDURE list_by_zbozi(p_zbozi_id IN NUMBER, p_cursor OUT SYS_REFCURSOR);
  PROCEDURE list_by_dodavatel(p_dod_id IN NUMBER, p_cursor OUT SYS_REFCURSOR);
  PROCEDURE add_rel(p_zbozi_id IN NUMBER, p_dod_id IN NUMBER);
  PROCEDURE delete_rel(p_zbozi_id IN NUMBER, p_dod_id IN NUMBER);
END pkg_zbozi_dodavatel;

/
--------------------------------------------------------
--  DDL for Package PKG_ZPRAVA
--------------------------------------------------------

  CREATE OR REPLACE EDITIONABLE PACKAGE "PKG_ZPRAVA" AS
  -- Vrátí první zprávu podle odesílatele/příjemce/textu (pro kontrolu duplikátů).
  PROCEDURE find_first(p_sender_id IN NUMBER, p_receiver_id IN NUMBER, p_text IN CLOB, p_cursor OUT SYS_REFCURSOR);
  -- Uloží zprávu, vrátí nové ID.
  PROCEDURE save_zprava(p_sender_id IN NUMBER, p_receiver_id IN NUMBER, p_text IN CLOB, p_datum IN DATE DEFAULT SYSDATE, p_out_id OUT NUMBER);
  -- Posledních N zpráv (default 100) s údaji o účastnících.
  PROCEDURE list_top(p_limit IN NUMBER DEFAULT 100, p_cursor OUT SYS_REFCURSOR);
  -- Konverzace mezi dvěma e-maily (obě směry), seřazeno dle data desc.
  PROCEDURE list_conversation(p_email1 IN VARCHAR2, p_email2 IN VARCHAR2, p_cursor OUT SYS_REFCURSOR);
  -- Aktualizace textu/datu; vyhodí chybu pokud záznam neexistuje.
  PROCEDURE update_zprava(p_id IN NUMBER, p_text IN CLOB, p_datum IN DATE DEFAULT SYSDATE);
  -- Smazání zprávy; vyhodí chybu pokud záznam neexistuje.
  PROCEDURE delete_zprava(p_id IN NUMBER);
END pkg_zprava;

/
--------------------------------------------------------
--  DDL for Package Body PKG_ARCHIVE
--------------------------------------------------------

  CREATE OR REPLACE EDITIONABLE PACKAGE BODY "PKG_ARCHIVE" AS

  --------------------------------------------------------------------
  -- Helpers
  --------------------------------------------------------------------
  FUNCTION normalize_limit(p_size NUMBER DEFAULT 100) RETURN NUMBER IS
  BEGIN
    IF p_size IS NULL OR p_size < 1 THEN
      RETURN 100;
    ELSIF p_size > 500 THEN
      RETURN 500;
    END IF;
    RETURN p_size;
  END;

  FUNCTION is_log_folder(p_archiv_id NUMBER) RETURN NUMBER IS
    v_count NUMBER;
  BEGIN
    SELECT COUNT(*)
      INTO v_count
      FROM (
            SELECT 1
              FROM ARCHIV
             WHERE REGEXP_LIKE(NAZEV, '(^|[^[:alnum:]])(log|zpravy|zprava|uzivatele|uživatele|ucty|účty|platby)([^[:alnum:]]|$)', 'i')
             START WITH ID_ARCHIV = p_archiv_id
           CONNECT BY PRIOR ID_ARCHIV = PARENT_ID
          ) t
     WHERE ROWNUM = 1;
    IF v_count > 0 THEN
      RETURN 1;
    END IF;
    RETURN 0;
  END;

  --------------------------------------------------------------------
  -- Strom archivu
  --------------------------------------------------------------------
  PROCEDURE get_tree(p_cursor OUT SYS_REFCURSOR) IS
  BEGIN
    OPEN p_cursor FOR
      SELECT ID_ARCHIV       AS id,
             NAZEV           AS name,
             PARENT_ID       AS parent_id,
             LEVEL           AS lvl,
             SYS_CONNECT_BY_PATH(NAZEV, '/') AS path
        FROM ARCHIV
       START WITH PARENT_ID IS NULL
     CONNECT BY PRIOR ID_ARCHIV = PARENT_ID
     ORDER SIBLINGS BY NAZEV;
  END;

  --------------------------------------------------------------------
  -- Výpis metadat souborů (bez obsahu)
  --------------------------------------------------------------------
  PROCEDURE get_files(
    p_archive_id IN NUMBER,
    p_q          IN VARCHAR2,
    p_size       IN NUMBER,
    p_cursor     OUT SYS_REFCURSOR
  ) IS
    v_size NUMBER := normalize_limit(p_size);
  BEGIN
    OPEN p_cursor FOR
      SELECT *
        FROM (
              SELECT s.ID_SOUBOR            AS id,
                     s.NAZEV                AS name,
                     s.PRIPONA              AS ext,
                     s.TYP                  AS type,
                     a.NAZEV                AS archive,
                     (u.JMENO || ' ' || u.PRIJMENI) AS owner,
                     CAST(s.POPIS AS VARCHAR2(4000)) AS description,
                     s.DATUMNAHRANI         AS uploaded,
                     s.DATUMMODIFIKACE      AS updated,
                     DBMS_LOB.GETLENGTH(s.OBSAH) AS file_size
                FROM SOUBOR s
                JOIN ARCHIV a ON a.ID_ARCHIV = s.ID_ARCHIV
           LEFT JOIN UZIVATEL u ON u.ID_UZIVATEL = s.ID_UZIVATELU
               WHERE (p_archive_id IS NULL OR s.ID_ARCHIV = p_archive_id)
                 AND (p_q IS NULL OR LOWER(s.NAZEV) LIKE '%' || LOWER(p_q) || '%' OR LOWER(s.TYP) LIKE '%' || LOWER(p_q) || '%')
               ORDER BY s.DATUMMODIFIKACE DESC
             ) t
       WHERE ROWNUM <= v_size;
  END;

  --------------------------------------------------------------------
  -- Náhled / download obsahu souboru
  --------------------------------------------------------------------
  PROCEDURE get_file_data(
    p_file_id IN NUMBER,
    p_name    OUT VARCHAR2,
    p_ext     OUT VARCHAR2,
    p_type    OUT VARCHAR2,
    p_blob    OUT BLOB
  ) IS
  BEGIN
    SELECT NAZEV, PRIPONA, TYP, OBSAH
      INTO p_name, p_ext, p_type, p_blob
      FROM SOUBOR
     WHERE ID_SOUBOR = p_file_id;
  END;

  --------------------------------------------------------------------
  -- Upload souboru
  --------------------------------------------------------------------
  PROCEDURE save_file(
    p_archive_id  IN NUMBER,
    p_owner_email IN VARCHAR2,
    p_filename    IN VARCHAR2,
    p_mime        IN VARCHAR2,
    p_blob        IN BLOB,
    p_new_id      OUT NUMBER
  ) IS
    v_owner_id NUMBER;
    v_ext      VARCHAR2(30);
    v_name     VARCHAR2(100);
  BEGIN
    IF p_blob IS NULL THEN
      RAISE_APPLICATION_ERROR(-20050, 'Soubor je prázdný.');
    END IF;
    IF p_archive_id IS NULL THEN
      RAISE_APPLICATION_ERROR(-20051, 'Archiv musí být vybrán.');
    END IF;

    IF is_log_folder(p_archive_id) = 1 THEN
      RAISE_APPLICATION_ERROR(-20052, 'Nahrávání do LOG není povoleno.');
    END IF;

    -- Owner podle emailu, fallback první uživatel.
    BEGIN
      SELECT ID_UZIVATEL
        INTO v_owner_id
        FROM UZIVATEL
       WHERE EMAIL = p_owner_email
         AND ROWNUM = 1;
    EXCEPTION
      WHEN NO_DATA_FOUND THEN
        SELECT ID_UZIVATEL
          INTO v_owner_id
          FROM (
                SELECT ID_UZIVATEL
                  FROM UZIVATEL
              ORDER BY ID_UZIVATEL
               )
         WHERE ROWNUM = 1;
    END;

    -- Název / přípona
    IF INSTR(p_filename, '.', -1) > 0 THEN
      v_ext  := SUBSTR(p_filename, INSTR(p_filename, '.', -1) + 1);
      v_name := SUBSTR(p_filename, 1, INSTR(p_filename, '.', -1) - 1);
    ELSE
      v_ext  := '';
      v_name := p_filename;
    END IF;

    INSERT INTO SOUBOR (
      ID_SOUBOR, NAZEV, TYP, PRIPONA, OBSAH,
      DATUMNAHRANI, DATUMMODIFIKACE, POPIS,
      ID_UZIVATELU, ID_ARCHIV
    ) VALUES (
      SEQ_SOUBOR_ID.NEXTVAL,
      v_name,
      NVL(p_mime, 'application/octet-stream'),
      v_ext,
      p_blob,
      SYSDATE,
      SYSDATE,
      'Nahráno přes proceduru',
      v_owner_id,
      p_archive_id
    )
    RETURNING ID_SOUBOR INTO p_new_id;
  END;

  --------------------------------------------------------------------
  -- Uložení obsahu (edit)
  --------------------------------------------------------------------
  PROCEDURE update_file_data(
    p_file_id IN NUMBER,
    p_blob    IN BLOB
  ) IS
  BEGIN
    UPDATE SOUBOR
       SET OBSAH = p_blob,
           DATUMMODIFIKACE = SYSDATE
     WHERE ID_SOUBOR = p_file_id;

    IF SQL%ROWCOUNT = 0 THEN
      RAISE_APPLICATION_ERROR(-20053, 'Soubor not found');
    END IF;
  END;

  --------------------------------------------------------------------
  -- Uložení popisu
  --------------------------------------------------------------------
  PROCEDURE update_file_descr(
    p_file_id IN NUMBER,
    p_descr   IN VARCHAR2
  ) IS
  BEGIN
    UPDATE SOUBOR
       SET POPIS = p_descr,
           DATUMMODIFIKACE = SYSDATE
     WHERE ID_SOUBOR = p_file_id;

    IF SQL%ROWCOUNT = 0 THEN
      RAISE_APPLICATION_ERROR(-20054, 'Soubor not found');
    END IF;
  END;

  --------------------------------------------------------------------
  -- Delete souboru
  --------------------------------------------------------------------
  PROCEDURE delete_file(p_file_id IN NUMBER) IS
  BEGIN
    DELETE FROM SOUBOR WHERE ID_SOUBOR = p_file_id;
    IF SQL%ROWCOUNT = 0 THEN
      RAISE_APPLICATION_ERROR(-20055, 'Soubor not found');
    END IF;
  END;

END pkg_archive;

/
--------------------------------------------------------
--  DDL for Package Body PKG_AUTH
--------------------------------------------------------

  CREATE OR REPLACE EDITIONABLE PACKAGE BODY "PKG_AUTH" AS

  FUNCTION email_exists(p_email IN VARCHAR2) RETURN NUMBER IS
    v_dummy NUMBER;
  BEGIN
    SELECT 1 INTO v_dummy
      FROM UZIVATEL
     WHERE EMAIL = p_email
       AND ROWNUM = 1;
    RETURN 1;
  EXCEPTION
    WHEN NO_DATA_FOUND THEN
      RETURN 0;
  END email_exists;

  FUNCTION phone_exists(p_phone IN VARCHAR2) RETURN NUMBER IS
    v_dummy NUMBER;
  BEGIN
    SELECT 1 INTO v_dummy
      FROM UZIVATEL
     WHERE TELEFONNICISLO = p_phone
       AND ROWNUM = 1;
    RETURN 1;
  EXCEPTION
    WHEN NO_DATA_FOUND THEN
      RETURN 0;
  END phone_exists;

END pkg_auth;

/
--------------------------------------------------------
--  DDL for Package Body PKG_CUSTOMER_QUEUE
--------------------------------------------------------

  CREATE OR REPLACE EDITIONABLE PACKAGE BODY "PKG_CUSTOMER_QUEUE" AS
  PROCEDURE list_queue(p_cursor OUT SYS_REFCURSOR) IS
  BEGIN
    OPEN p_cursor FOR
      SELECT o.ID_Objednavka AS id,
             o.DATUM         AS datum,
             o.ID_Status     AS status_id,
             s.NAZEV         AS status_nazev,
             o.ID_Supermarket AS supermarket_id,
             sp.NAZEV        AS supermarket_nazev,
             o.ID_Uzivatel   AS uzivatel_id,
             u.EMAIL         AS uzivatel_email,
             o.POZNAMKA      AS poznamka
        FROM OBJEDNAVKA o
        JOIN STATUS s ON s.ID_STATUS = o.ID_STATUS
        JOIN SUPERMARKET sp ON sp.ID_Supermarket = o.ID_Supermarket
        LEFT JOIN UZIVATEL u ON u.ID_Uzivatel = o.ID_Uzivatel
       WHERE o.TYP_Objednavka = 'ZAKAZNIK'
         AND o.ID_Status = 1
         AND o.ID_Obsluha IS NULL
       ORDER BY o.DATUM DESC, o.ID_Objednavka DESC;
  END;
END pkg_customer_queue;

/
--------------------------------------------------------
--  DDL for Package Body PKG_CUSTOMER_REFUND
--------------------------------------------------------

  CREATE OR REPLACE EDITIONABLE PACKAGE BODY "PKG_CUSTOMER_REFUND" AS

  FUNCTION strip_refund_mark(p_note CLOB) RETURN CLOB IS
  BEGIN
    IF p_note IS NULL THEN
      RETURN NULL;
    END IF;
    RETURN REPLACE(p_note, c_refund_mark, NULL);
  END;

  FUNCTION is_pending(p_note CLOB) RETURN BOOLEAN IS
  BEGIN
    RETURN p_note LIKE '%' || c_refund_mark || '%';
  END;

  PROCEDURE list_pending(p_handler_id IN NUMBER, p_cursor OUT SYS_REFCURSOR) IS
  BEGIN
    OPEN p_cursor FOR
      SELECT o.ID_Objednavka AS id,
             o.DATUM         AS datum,
             o.ID_Status     AS status_id,
             s.NAZEV         AS status_nazev,
             o.ID_Supermarket AS supermarket_id,
             sp.NAZEV        AS supermarket_nazev,
             o.ID_Uzivatel   AS uzivatel_id,
             u.EMAIL         AS uzivatel_email,
             o.ID_Obsluha    AS obsluha_id,
             ou.EMAIL        AS obsluha_email,
             ou.JMENO        AS obsluha_jmeno,
             ou.PRIJMENI     AS obsluha_prijmeni,
             o.POZNAMKA      AS poznamka,
             o.TYP_Objednavka AS typ_objednavka
        FROM OBJEDNAVKA o
        JOIN STATUS s ON s.ID_STATUS = o.ID_STATUS
        JOIN SUPERMARKET sp ON sp.ID_Supermarket = o.ID_Supermarket
        LEFT JOIN UZIVATEL u ON u.ID_Uzivatel = o.ID_Uzivatel
        LEFT JOIN UZIVATEL ou ON ou.ID_Uzivatel = o.ID_Obsluha
       WHERE o.TYP_Objednavka = 'ZAKAZNIK'
         AND o.POZNAMKA LIKE '%' || c_refund_mark || '%'
         AND (p_handler_id IS NULL OR o.ID_Obsluha = p_handler_id)
       ORDER BY o.DATUM DESC, o.ID_Objednavka DESC;
  END;

  PROCEDURE request_refund(
    p_order_id IN NUMBER,
    p_email    IN VARCHAR2,
    p_out_code OUT NUMBER
  ) IS
    v_status OBJEDNAVKA.ID_Status%TYPE;
    v_note   OBJEDNAVKA.POZNAMKA%TYPE;
    v_owner  OBJEDNAVKA.ID_Uzivatel%TYPE;
    v_has_refund NUMBER;
  BEGIN
    p_out_code := -3;

    IF p_order_id IS NULL OR p_email IS NULL THEN
      RETURN;
    END IF;

    BEGIN
      SELECT o.ID_Status, o.POZNAMKA, o.ID_Uzivatel
        INTO v_status, v_note, v_owner
        FROM OBJEDNAVKA o
        JOIN UZIVATEL u ON u.ID_Uzivatel = o.ID_Uzivatel
       WHERE o.ID_Objednavka = p_order_id
         AND LOWER(u.EMAIL) = LOWER(p_email)
       FOR UPDATE;
    EXCEPTION
      WHEN NO_DATA_FOUND THEN
        p_out_code := -3; RETURN;
    END;

    SELECT COUNT(*)
      INTO v_has_refund
      FROM POHYB_UCTU pu
     WHERE pu.ID_Objednavka = p_order_id
       AND pu.METODA = 'REFUND';

    IF v_has_refund > 0 THEN
      p_out_code := -2; RETURN;
    END IF;
    IF is_pending(v_note) THEN
      p_out_code := -1; RETURN;
    END IF;
    IF v_status <> 5 THEN
      p_out_code := -4; RETURN; -- jen dokončené
    END IF;

    UPDATE OBJEDNAVKA
       SET POZNAMKA = NVL(v_note, '') || ' ' || c_refund_mark
     WHERE ID_Objednavka = p_order_id;

    p_out_code := 0;
  END;

  PROCEDURE approve_refund(
    p_order_id    IN NUMBER,
    p_out_code    OUT NUMBER
  ) IS
    v_status   OBJEDNAVKA.ID_Status%TYPE;
    v_note     OBJEDNAVKA.POZNAMKA%TYPE;
    v_owner    OBJEDNAVKA.ID_Uzivatel%TYPE;
    v_castka   POHYB_UCTU.CASTKA%TYPE;
    v_ucet_id  UCET.ID_UCET%TYPE;
    v_pohyb_id POHYB_UCTU.ID_POHYB%TYPE;
  BEGIN
    p_out_code := -3;

    IF p_order_id IS NULL THEN
      RETURN;
    END IF;

    BEGIN
      SELECT o.ID_Status, o.POZNAMKA, o.ID_Uzivatel
        INTO v_status, v_note, v_owner
        FROM OBJEDNAVKA o
       WHERE o.ID_Objednavka = p_order_id
       FOR UPDATE;
    EXCEPTION
      WHEN NO_DATA_FOUND THEN
        p_out_code := -3; RETURN;
    END;

    IF NOT is_pending(v_note) THEN
      p_out_code := -1; RETURN;
    END IF;

    -- najdi platbu objednávky
    BEGIN
      SELECT SUM(pu.CASTKA)
        INTO v_castka
        FROM POHYB_UCTU pu
       WHERE pu.ID_Objednavka = p_order_id
         AND pu.SMER = 'D';
    EXCEPTION
      WHEN NO_DATA_FOUND THEN
        v_castka := NULL;
    END;

    IF v_castka IS NULL THEN
      p_out_code := -5; RETURN;
    END IF;

    -- zajisti účet pro vlastníka objednávky
    BEGIN
      SELECT ID_UCET INTO v_ucet_id FROM UCET WHERE ID_UZIVATEL = v_owner FOR UPDATE;
    EXCEPTION
      WHEN NO_DATA_FOUND THEN
        INSERT INTO UCET (ID_UZIVATEL, ZUSTATEK)
        VALUES (v_owner, 0)
        RETURNING ID_UCET INTO v_ucet_id;
    END;

    -- refund pohyb
    pkg_ucet.refund_order_to_account(v_ucet_id, p_order_id, v_castka, v_pohyb_id);

    -- vyčisti značku a nastav případný storno stav (přepnout na 6 pokud byl <=4)
    UPDATE OBJEDNAVKA
       SET POZNAMKA = strip_refund_mark(v_note),
           ID_Status = CASE WHEN v_status BETWEEN 1 AND 4 THEN 6 ELSE v_status END
     WHERE ID_Objednavka = p_order_id;

    p_out_code := 0;
  END;

  PROCEDURE reject_refund(
    p_order_id    IN NUMBER,
    p_out_code    OUT NUMBER
  ) IS
    v_note OBJEDNAVKA.POZNAMKA%TYPE;
  BEGIN
    p_out_code := -3;
    IF p_order_id IS NULL THEN
      RETURN;
    END IF;

    BEGIN
      SELECT POZNAMKA
        INTO v_note
        FROM OBJEDNAVKA
       WHERE ID_Objednavka = p_order_id
       FOR UPDATE;
    EXCEPTION
      WHEN NO_DATA_FOUND THEN
        p_out_code := -3; RETURN;
    END;

    IF NOT is_pending(v_note) THEN
      p_out_code := -1; RETURN;
    END IF;

    UPDATE OBJEDNAVKA
       SET POZNAMKA = strip_refund_mark(v_note)
     WHERE ID_Objednavka = p_order_id;

    p_out_code := 0;
  END;

END pkg_customer_refund;

/
--------------------------------------------------------
--  DDL for Package Body PKG_DBMETA
--------------------------------------------------------

  CREATE OR REPLACE EDITIONABLE PACKAGE BODY "PKG_DBMETA" AS

  FUNCTION norm_typ(p_typ IN VARCHAR2) RETURN VARCHAR2 IS
    v_typ VARCHAR2(30);
  BEGIN
    IF p_typ IS NULL THEN
      RETURN NULL;
    END IF;
    v_typ := UPPER(TRIM(p_typ));
    IF v_typ IN ('TABLE','VIEW','INDEX','SEQUENCE','TRIGGER','PROCEDURE','FUNCTION','PACKAGE','PACKAGE BODY','SYNONYM') THEN
      RETURN v_typ;
    ELSE
      RETURN NULL;
    END IF;
  END;

  PROCEDURE list_objects(p_cursor OUT SYS_REFCURSOR) IS
  BEGIN
    OPEN p_cursor FOR
      SELECT object_type,
             object_name,
             created,
             last_ddl_time
        FROM user_objects
       WHERE object_type IN ('TABLE','VIEW','INDEX','SEQUENCE','TRIGGER','PROCEDURE','FUNCTION','PACKAGE','PACKAGE BODY','SYNONYM')
    ORDER BY object_type, object_name;
  END list_objects;

  PROCEDURE get_ddl(p_typ IN VARCHAR2, p_jmeno IN VARCHAR2, p_ddl OUT CLOB) IS
    v_typ  VARCHAR2(30) := norm_typ(p_typ);
    v_name VARCHAR2(200) := CASE WHEN p_jmeno IS NULL THEN NULL ELSE UPPER(TRIM(p_jmeno)) END;
  BEGIN
    IF v_typ IS NULL OR v_name IS NULL THEN
      p_ddl := NULL;
      RETURN;
    END IF;
    BEGIN
      DBMS_METADATA.SET_TRANSFORM_PARAM(DBMS_METADATA.SESSION_TRANSFORM, 'SQLTERMINATOR', FALSE);
      SELECT DBMS_METADATA.GET_DDL(v_typ, v_name) INTO p_ddl FROM dual;
    EXCEPTION
      WHEN OTHERS THEN
        p_ddl := NULL;
    END;
  END get_ddl;

END pkg_dbmeta;

/
--------------------------------------------------------
--  DDL for Package Body PKG_KATEGORIE
--------------------------------------------------------

  CREATE OR REPLACE EDITIONABLE PACKAGE BODY "PKG_KATEGORIE" AS

  PROCEDURE list_kategorie(p_cursor OUT SYS_REFCURSOR) IS
  BEGIN
    OPEN p_cursor FOR
      SELECT ID_KATEGORIE AS id,
             NAZEV        AS nazev,
             POPIS        AS popis
        FROM KATEGORIE_ZBOZI
    ORDER BY ID_KATEGORIE;
  END;

  PROCEDURE get_kategorie(p_id IN NUMBER, p_cursor OUT SYS_REFCURSOR) IS
  BEGIN
    OPEN p_cursor FOR
      SELECT ID_KATEGORIE AS id,
             NAZEV        AS nazev,
             POPIS        AS popis
        FROM KATEGORIE_ZBOZI
       WHERE ID_KATEGORIE = p_id;
  END;

END pkg_kategorie;

/
--------------------------------------------------------
--  DDL for Package Body PKG_LOCATION
--------------------------------------------------------

  CREATE OR REPLACE EDITIONABLE PACKAGE BODY "PKG_LOCATION" AS

  PROCEDURE mesto_list(p_cursor OUT SYS_REFCURSOR) IS
  BEGIN
    OPEN p_cursor FOR
      SELECT m.PSC, m.NAZEV, m.KRAJ
        FROM MESTO m
    ORDER BY m.PSC;
  END;

  PROCEDURE mesto_get(p_psc IN VARCHAR2, p_cursor OUT SYS_REFCURSOR) IS
  BEGIN
    OPEN p_cursor FOR
      SELECT m.PSC, m.NAZEV, m.KRAJ
        FROM MESTO m
       WHERE m.PSC = p_psc;
  END;

  PROCEDURE adresa_get(p_id IN NUMBER, p_cursor OUT SYS_REFCURSOR) IS
  BEGIN
    OPEN p_cursor FOR
      SELECT a.ID_ADRESA,
             a.ULICE,
             a.CISLOPOPISNE,
             a.CISLOORIENTACNI,
             a.MESTO_PSC AS PSC
        FROM ADRESA a
       WHERE a.ID_ADRESA = p_id;
  END;

  PROCEDURE adresa_save(
    p_id     IN NUMBER,
    p_ulice  IN VARCHAR2,
    p_cpop   IN VARCHAR2,
    p_corient IN VARCHAR2,
    p_psc    IN VARCHAR2,
    p_out_id OUT NUMBER
  ) IS
    v_id NUMBER;
  BEGIN
    IF p_id IS NULL THEN
      INSERT INTO ADRESA (ID_ADRESA, ULICE, CISLOPOPISNE, CISLOORIENTACNI, MESTO_PSC)
      VALUES (SEQ_ADRESA_ID.NEXTVAL, p_ulice, p_cpop, p_corient, p_psc)
      RETURNING ID_ADRESA INTO v_id;
    ELSE
      UPDATE ADRESA
         SET ULICE = p_ulice,
             CISLOPOPISNE = p_cpop,
             CISLOORIENTACNI = p_corient,
             MESTO_PSC = p_psc
       WHERE ID_ADRESA = p_id;
      IF SQL%ROWCOUNT = 0 THEN
        RAISE_APPLICATION_ERROR(-20090, 'Adresa not found');
      END IF;
      v_id := p_id;
    END IF;
    p_out_id := v_id;
  END;

  PROCEDURE adresa_delete(p_id IN NUMBER) IS
  BEGIN
    DELETE FROM ADRESA WHERE ID_ADRESA = p_id;
  END;

END pkg_location;

/
--------------------------------------------------------
--  DDL for Package Body PKG_LOG
--------------------------------------------------------

  CREATE OR REPLACE EDITIONABLE PACKAGE BODY "PKG_LOG" AS

  PROCEDURE list_recent(p_limit IN NUMBER, p_cursor OUT SYS_REFCURSOR) IS
    v_limit NUMBER := LEAST(GREATEST(NVL(p_limit, 50), 1), 500);
  BEGIN
    OPEN p_cursor FOR
      SELECT *
        FROM (
          SELECT q.*, ROW_NUMBER() OVER (ORDER BY datumZmeny DESC, idLog DESC) AS rn
            FROM (
              WITH cesta AS (
                SELECT id_archiv,
                       SYS_CONNECT_BY_PATH(nazev, '/') AS path_full
                  FROM ARCHIV
                 START WITH parent_id IS NULL
               CONNECT BY PRIOR id_archiv = parent_id
              )
              SELECT l.ID_LOG          AS idLog,
                     l.TABULKANAZEV    AS tableName,
                     l.OPERACE         AS operation,
                     l.DATUMZMENY      AS datumZmeny,
                     CAST(l.POPIS AS VARCHAR2(4000)) AS popis,
                     DBMS_LOB.SUBSTR(l.NOVADATA, 4000, 1) AS novaData,
                     DBMS_LOB.SUBSTR(l.STARADATA, 4000, 1) AS staraData,
                     l.IDREKORD        AS idRekord,
                     COALESCE(c.path_full, a.NAZEV) AS archivPath,
                     l.ID_ARCHIV       AS archivId
                FROM LOG l
                JOIN ARCHIV a ON a.ID_ARCHIV = l.ID_ARCHIV
                LEFT JOIN cesta c ON c.id_archiv = l.ID_ARCHIV
            ) q
        )
       WHERE rn <= v_limit;
  END list_recent;

  PROCEDURE list_filtered(
    p_archiv_id IN NUMBER,
    p_table     IN VARCHAR2,
    p_op        IN VARCHAR2,
    p_limit     IN NUMBER,
    p_cursor    OUT SYS_REFCURSOR
  ) IS
    v_limit NUMBER := LEAST(GREATEST(NVL(p_limit, 100), 1), 500);
  BEGIN
    OPEN p_cursor FOR
      SELECT *
        FROM (
          SELECT q.*, ROW_NUMBER() OVER (ORDER BY datumZmeny DESC, idLog DESC) AS rn
            FROM (
              WITH cesta AS (
                SELECT id_archiv,
                       SYS_CONNECT_BY_PATH(nazev, '/') AS path_full
                  FROM ARCHIV
                 START WITH parent_id IS NULL
               CONNECT BY PRIOR id_archiv = parent_id
              )
              SELECT l.ID_LOG          AS idLog,
                     l.TABULKANAZEV    AS tableName,
                     l.OPERACE         AS operation,
                     l.DATUMZMENY      AS datumZmeny,
                     CAST(l.POPIS AS VARCHAR2(4000)) AS popis,
                     DBMS_LOB.SUBSTR(l.NOVADATA, 4000, 1) AS novaData,
                     DBMS_LOB.SUBSTR(l.STARADATA, 4000, 1) AS staraData,
                     l.IDREKORD        AS idRekord,
                     COALESCE(c.path_full, a.NAZEV) AS archivPath,
                     l.ID_ARCHIV       AS archivId
                FROM LOG l
                JOIN ARCHIV a ON a.ID_ARCHIV = l.ID_ARCHIV
                LEFT JOIN cesta c ON c.id_archiv = l.ID_ARCHIV
               WHERE (p_archiv_id IS NULL OR l.ID_ARCHIV = p_archiv_id)
                 AND (p_table IS NULL OR l.TABULKANAZEV = p_table)
                 AND (p_op IS NULL OR l.OPERACE = p_op)
            ) q
        )
       WHERE rn <= v_limit;
  END list_filtered;

  PROCEDURE get_log(p_id IN NUMBER, p_cursor OUT SYS_REFCURSOR) IS
  BEGIN
    OPEN p_cursor FOR
      SELECT l.ID_LOG,
             l.TABULKANAZEV,
             l.OPERACE,
             l.STARADATA,
             l.NOVADATA,
             l.DATUMZMENY,
             l.IDREKORD,
             l.POPIS,
             l.ID_ARCHIV
        FROM LOG l
       WHERE l.ID_LOG = p_id;
  END get_log;

  PROCEDURE upsert_log(
    p_id         IN OUT NUMBER,
    p_tabulka    IN VARCHAR2,
    p_operace    IN VARCHAR2,
    p_staradata  IN CLOB,
    p_novadata   IN CLOB,
    p_datum      IN DATE,
    p_id_rekord  IN VARCHAR2,
    p_popis      IN CLOB,
    p_archiv_id  IN NUMBER
  ) IS
  BEGIN
    IF p_id IS NULL THEN
      SELECT SEQ_LOG_ID.NEXTVAL INTO p_id FROM dual;
      INSERT INTO LOG (ID_LOG, TABULKANAZEV, OPERACE, STARADATA, NOVADATA, DATUMZMENY, IDREKORD, POPIS, ID_ARCHIV)
      VALUES (p_id, p_tabulka, p_operace, p_staradata, p_novadata, NVL(p_datum, SYSDATE), p_id_rekord, p_popis, p_archiv_id);
    ELSE
      UPDATE LOG
         SET TABULKANAZEV = p_tabulka,
             OPERACE      = p_operace,
             STARADATA    = p_staradata,
             NOVADATA     = p_novadata,
             DATUMZMENY   = NVL(p_datum, SYSDATE),
             IDREKORD     = p_id_rekord,
             POPIS        = p_popis,
             ID_ARCHIV    = p_archiv_id
       WHERE ID_LOG = p_id;
      IF SQL%ROWCOUNT = 0 THEN
        RAISE_APPLICATION_ERROR(-20097, 'Log nebyl nalezen');
      END IF;
    END IF;
  END upsert_log;

  PROCEDURE delete_log(p_id IN NUMBER) IS
  BEGIN
    DELETE FROM LOG WHERE ID_LOG = p_id;
    IF SQL%ROWCOUNT = 0 THEN
      RAISE_APPLICATION_ERROR(-20098, 'Log nebyl nalezen');
    END IF;
  END delete_log;

END pkg_log;

/
--------------------------------------------------------
--  DDL for Package Body PKG_NOTIFIKACE
--------------------------------------------------------

  CREATE OR REPLACE EDITIONABLE PACKAGE BODY "PKG_NOTIFIKACE" AS

  PROCEDURE get_by_adresat(p_adresat IN VARCHAR2, p_cursor OUT SYS_REFCURSOR) IS
  BEGIN
    OPEN p_cursor FOR
      SELECT ID_NOTIFIKACE,
             ID_ZPRAVA,
             AUTHTOKEN,
             ENDPOINT,
             P256DH,
             ADRESAT
        FROM NOTIFIKACE
       WHERE LOWER(ADRESAT) = LOWER(p_adresat)
       FETCH FIRST 1 ROWS ONLY;
  END get_by_adresat;

  PROCEDURE list_notifikace(p_cursor OUT SYS_REFCURSOR) IS
  BEGIN
    OPEN p_cursor FOR
      SELECT ID_NOTIFIKACE,
             ID_ZPRAVA,
             AUTHTOKEN,
             ENDPOINT,
             P256DH,
             ADRESAT
        FROM NOTIFIKACE
    ORDER BY ID_NOTIFIKACE;
  END list_notifikace;

  PROCEDURE save_notifikace(
    p_id        IN OUT NUMBER,
    p_id_zprava IN NUMBER,
    p_authtoken IN VARCHAR2,
    p_endpoint  IN VARCHAR2,
    p_p256dh    IN VARCHAR2,
    p_adresat   IN VARCHAR2
  ) IS
  BEGIN
    IF p_id IS NULL THEN
      INSERT INTO NOTIFIKACE(ID_NOTIFIKACE, ID_ZPRAVA, AUTHTOKEN, ENDPOINT, P256DH, ADRESAT)
      VALUES (SEQ_NOTIFIKACE_ID.NEXTVAL, p_id_zprava, p_authtoken, p_endpoint, p_p256dh, p_adresat)
      RETURNING ID_NOTIFIKACE INTO p_id;
    ELSE
      UPDATE NOTIFIKACE
         SET ID_ZPRAVA = p_id_zprava,
             AUTHTOKEN = p_authtoken,
             ENDPOINT  = p_endpoint,
             P256DH    = p_p256dh,
             ADRESAT   = p_adresat
       WHERE ID_NOTIFIKACE = p_id;
      IF SQL%ROWCOUNT = 0 THEN
        RAISE_APPLICATION_ERROR(-20097, 'Notifikace nebyla nalezena');
      END IF;
    END IF;
  END save_notifikace;

  PROCEDURE delete_by_adresat(p_adresat IN VARCHAR2) IS
  BEGIN
    DELETE FROM NOTIFIKACE WHERE LOWER(ADRESAT) = LOWER(p_adresat);
  END delete_by_adresat;

END pkg_notifikace;

/
--------------------------------------------------------
--  DDL for Package Body PKG_OBJEDNAVKA
--------------------------------------------------------

  CREATE OR REPLACE EDITIONABLE PACKAGE BODY "PKG_OBJEDNAVKA" AS

  PROCEDURE list_objednavky(p_cursor OUT SYS_REFCURSOR) IS
  BEGIN
    OPEN p_cursor FOR
      SELECT o.ID_OBJEDNAVKA   AS id,
             o.DATUM           AS datum,
             o.ID_STATUS       AS status_id,
             s.NAZEV           AS status_nazev,
             o.CISLO           AS cislo,
             o.ID_UZIVATEL     AS uzivatel_id,
             u.EMAIL           AS uzivatel_email,
             u.JMENO           AS uzivatel_jmeno,
             u.PRIJMENI        AS uzivatel_prijmeni,
             o.ID_SUPERMARKET  AS supermarket_id,
             sp.NAZEV          AS supermarket_nazev,
             o.POZNAMKA        AS poznamka,
             o.TYP_OBJEDNAVKA  AS typ_objednavka
        FROM OBJEDNAVKA o
        LEFT JOIN STATUS s ON s.ID_STATUS = o.ID_STATUS
        LEFT JOIN UZIVATEL u ON u.ID_UZIVATEL = o.ID_UZIVATEL
        LEFT JOIN SUPERMARKET sp ON sp.ID_SUPERMARKET = o.ID_SUPERMARKET
    ORDER BY o.ID_OBJEDNAVKA;
  END;

  PROCEDURE list_by_user(p_user_id IN NUMBER, p_cursor OUT SYS_REFCURSOR) IS
  BEGIN
    OPEN p_cursor FOR
      SELECT o.ID_OBJEDNAVKA   AS id,
             o.DATUM           AS datum,
             o.ID_STATUS       AS status_id,
             s.NAZEV           AS status_nazev,
             o.CISLO           AS cislo,
             o.ID_UZIVATEL     AS uzivatel_id,
             u.EMAIL           AS uzivatel_email,
             u.JMENO           AS uzivatel_jmeno,
             u.PRIJMENI        AS uzivatel_prijmeni,
             o.ID_SUPERMARKET  AS supermarket_id,
             sp.NAZEV          AS supermarket_nazev,
             o.POZNAMKA        AS poznamka,
             o.TYP_OBJEDNAVKA  AS typ_objednavka
        FROM OBJEDNAVKA o
        LEFT JOIN STATUS s ON s.ID_STATUS = o.ID_STATUS
        LEFT JOIN UZIVATEL u ON u.ID_UZIVATEL = o.ID_UZIVATEL
        LEFT JOIN SUPERMARKET sp ON sp.ID_SUPERMARKET = o.ID_SUPERMARKET
       WHERE o.ID_UZIVATEL = p_user_id
    ORDER BY o.ID_OBJEDNAVKA;
  END;

  PROCEDURE get_objednavka(p_id IN NUMBER, p_cursor OUT SYS_REFCURSOR) IS
  BEGIN
    OPEN p_cursor FOR
      SELECT o.ID_OBJEDNAVKA   AS id,
             o.DATUM           AS datum,
             o.ID_STATUS       AS status_id,
             s.NAZEV           AS status_nazev,
             o.CISLO           AS cislo,
             o.ID_UZIVATEL     AS uzivatel_id,
             u.EMAIL           AS uzivatel_email,
             u.JMENO           AS uzivatel_jmeno,
             u.PRIJMENI        AS uzivatel_prijmeni,
             o.ID_SUPERMARKET  AS supermarket_id,
             sp.NAZEV          AS supermarket_nazev,
             o.POZNAMKA        AS poznamka,
             o.TYP_OBJEDNAVKA  AS typ_objednavka
        FROM OBJEDNAVKA o
        LEFT JOIN STATUS s ON s.ID_STATUS = o.ID_STATUS
        LEFT JOIN UZIVATEL u ON u.ID_UZIVATEL = o.ID_UZIVATEL
        LEFT JOIN SUPERMARKET sp ON sp.ID_SUPERMARKET = o.ID_SUPERMARKET
       WHERE o.ID_OBJEDNAVKA = p_id;
  END;

  PROCEDURE save_objednavka(
    p_id             IN NUMBER,
    p_datum          IN DATE,
    p_status_id      IN NUMBER,
    p_user_id        IN NUMBER,
    p_supermarket_id IN NUMBER,
    p_poznamka       IN CLOB,
    p_typ            IN VARCHAR2,
    p_out_id         OUT NUMBER
  ) IS
    v_id NUMBER;
  BEGIN
    IF p_id IS NULL THEN
      INSERT INTO OBJEDNAVKA (ID_OBJEDNAVKA, DATUM, ID_STATUS, TYP_OBJEDNAVKA, POZNAMKA, ID_UZIVATEL, ID_SUPERMARKET)
      VALUES (SEQ_OBJEDNAVKA_ID.NEXTVAL, p_datum, p_status_id, p_typ, p_poznamka, p_user_id, p_supermarket_id)
      RETURNING ID_OBJEDNAVKA INTO v_id;
    ELSE
      UPDATE OBJEDNAVKA
         SET DATUM = p_datum,
             ID_STATUS = p_status_id,
             TYP_OBJEDNAVKA = p_typ,
             POZNAMKA = p_poznamka,
             ID_UZIVATEL = p_user_id,
             ID_SUPERMARKET = p_supermarket_id
       WHERE ID_OBJEDNAVKA = p_id;
      IF SQL%ROWCOUNT = 0 THEN
        RAISE_APPLICATION_ERROR(-20085, 'Objednavka nebyla nalezena');
      END IF;
      v_id := p_id;
    END IF;
    p_out_id := v_id;
  END;

  PROCEDURE delete_objednavka(p_id IN NUMBER) IS
  BEGIN
    DELETE FROM OBJEDNAVKA WHERE ID_OBJEDNAVKA = p_id;
  END;

  PROCEDURE delete_objednavka_cascade(p_id IN NUMBER) IS
  BEGIN
    DELETE FROM KARTA
     WHERE ID_PLATBA IN (SELECT ID_PLATBA FROM PLATBA WHERE ID_OBJEDNAVKA = p_id);

    DELETE FROM HOTOVOST
     WHERE ID_PLATBA IN (SELECT ID_PLATBA FROM PLATBA WHERE ID_OBJEDNAVKA = p_id);

    DELETE FROM PLATBA
     WHERE ID_OBJEDNAVKA = p_id;

    DELETE FROM POHYB_UCTU
     WHERE ID_OBJEDNAVKA = p_id;

    DELETE FROM OBJEDNAVKA_ZBOZI
     WHERE ID_OBJEDNAVKA = p_id;

    DELETE FROM OBJEDNAVKA
     WHERE ID_OBJEDNAVKA = p_id;
  END;

END pkg_objednavka;

/
--------------------------------------------------------
--  DDL for Package Body PKG_OBJEDNAVKA_ZBOZI
--------------------------------------------------------

  CREATE OR REPLACE EDITIONABLE PACKAGE BODY "PKG_OBJEDNAVKA_ZBOZI" AS

  PROCEDURE list_by_objednavka(p_obj_id IN NUMBER, p_cursor OUT SYS_REFCURSOR) IS
  BEGIN
    OPEN p_cursor FOR
      SELECT oz.ID_OBJEDNAVKA AS objednavka_id,
             oz.ID_ZBOZI      AS zbozi_id,
             z.NAZEV          AS zbozi_nazev,
             oz.POCET         AS pocet
        FROM OBJEDNAVKA_ZBOZI oz
        JOIN ZBOZI z ON z.ID_ZBOZI = oz.ID_ZBOZI
       WHERE oz.ID_OBJEDNAVKA = p_obj_id;
  END;

  PROCEDURE add_item(p_obj_id IN NUMBER, p_zbozi_id IN NUMBER, p_pocet IN NUMBER) IS
  BEGIN
    INSERT INTO OBJEDNAVKA_ZBOZI (ID_OBJEDNAVKA, ID_ZBOZI, POCET)
    VALUES (p_obj_id, p_zbozi_id, p_pocet);
  END;

  PROCEDURE update_item(p_obj_id IN NUMBER, p_zbozi_id IN NUMBER, p_pocet IN NUMBER) IS
  BEGIN
    UPDATE OBJEDNAVKA_ZBOZI
       SET POCET = p_pocet
     WHERE ID_OBJEDNAVKA = p_obj_id
       AND ID_ZBOZI = p_zbozi_id;
    IF SQL%ROWCOUNT = 0 THEN
      RAISE_APPLICATION_ERROR(-20086, 'Polozka objednavky nebyla nalezena');
    END IF;
  END;

  PROCEDURE delete_item(p_obj_id IN NUMBER, p_zbozi_id IN NUMBER) IS
  BEGIN
    DELETE FROM OBJEDNAVKA_ZBOZI
     WHERE ID_OBJEDNAVKA = p_obj_id
       AND ID_ZBOZI = p_zbozi_id;
  END;

END pkg_objednavka_zbozi;

/
--------------------------------------------------------
--  DDL for Package Body PKG_PERSON
--------------------------------------------------------

  CREATE OR REPLACE EDITIONABLE PACKAGE BODY "PKG_PERSON" AS

  --------------------------------------------------------------------
  -- Zamestnanec
  --------------------------------------------------------------------
  PROCEDURE employee_get(p_id IN NUMBER, p_cursor OUT SYS_REFCURSOR) IS
  BEGIN
    OPEN p_cursor FOR
      SELECT ID_UZIVATELU AS id,
             MZDA        AS mzda,
             DATUMNASTUPA AS datum,
             POZICE      AS pozice
        FROM ZAMESTNANEC
       WHERE ID_UZIVATELU = p_id;
  END;

  PROCEDURE employee_list(p_cursor OUT SYS_REFCURSOR) IS
  BEGIN
    OPEN p_cursor FOR
      SELECT ID_UZIVATELU AS id,
             MZDA        AS mzda,
             DATUMNASTUPA AS datum,
             POZICE      AS pozice
        FROM ZAMESTNANEC
    ORDER BY ID_UZIVATELU;
  END;

  PROCEDURE employee_positions(p_cursor OUT SYS_REFCURSOR) IS
  BEGIN
    OPEN p_cursor FOR
      SELECT DISTINCT POZICE AS pozice
        FROM ZAMESTNANEC
    ORDER BY POZICE;
  END;

  PROCEDURE employee_save(
    p_id     IN NUMBER,
    p_mzda   IN NUMBER,
    p_datum  IN DATE,
    p_pozice IN VARCHAR2
  ) IS
  BEGIN
    UPDATE ZAMESTNANEC
       SET MZDA = p_mzda,
           DATUMNASTUPA = p_datum,
           POZICE = p_pozice
     WHERE ID_UZIVATELU = p_id;

    IF SQL%ROWCOUNT = 0 THEN
      INSERT INTO ZAMESTNANEC (ID_UZIVATELU, MZDA, DATUMNASTUPA, POZICE)
      VALUES (p_id, p_mzda, p_datum, p_pozice);
    END IF;
  END;

  PROCEDURE employee_delete(p_id IN NUMBER) IS
  BEGIN
    DELETE FROM ZAMESTNANEC WHERE ID_UZIVATELU = p_id;
  END;

  --------------------------------------------------------------------
  -- Zakaznik
  --------------------------------------------------------------------
  PROCEDURE customer_get(p_id IN NUMBER, p_cursor OUT SYS_REFCURSOR) IS
  BEGIN
    OPEN p_cursor FOR
      SELECT ID_UZIVATELU AS id,
             KARTAVERNOSTI AS karta
        FROM ZAKAZNIK
       WHERE ID_UZIVATELU = p_id;
  END;

  PROCEDURE customer_list(p_cursor OUT SYS_REFCURSOR) IS
  BEGIN
    OPEN p_cursor FOR
      SELECT ID_UZIVATELU AS id,
             KARTAVERNOSTI AS karta
        FROM ZAKAZNIK
    ORDER BY ID_UZIVATELU;
  END;

  PROCEDURE customer_save(p_id IN NUMBER, p_karta IN VARCHAR2) IS
  BEGIN
    UPDATE ZAKAZNIK
       SET KARTAVERNOSTI = p_karta
     WHERE ID_UZIVATELU = p_id;

    IF SQL%ROWCOUNT = 0 THEN
      INSERT INTO ZAKAZNIK (ID_UZIVATELU, KARTAVERNOSTI)
      VALUES (p_id, p_karta);
    END IF;
  END;

  PROCEDURE customer_delete(p_id IN NUMBER) IS
  BEGIN
    DELETE FROM ZAKAZNIK WHERE ID_UZIVATELU = p_id;
  END;

  --------------------------------------------------------------------
  -- Dodavatel
  --------------------------------------------------------------------
  PROCEDURE supplier_get(p_id IN NUMBER, p_cursor OUT SYS_REFCURSOR) IS
  BEGIN
    OPEN p_cursor FOR
      SELECT ID_UZIVATELU AS id,
             FIRMA        AS firma
        FROM DODAVATEL
       WHERE ID_UZIVATELU = p_id;
  END;

  PROCEDURE supplier_list(p_cursor OUT SYS_REFCURSOR) IS
  BEGIN
    OPEN p_cursor FOR
      SELECT ID_UZIVATELU AS id,
             FIRMA        AS firma
        FROM DODAVATEL
    ORDER BY ID_UZIVATELU;
  END;

  PROCEDURE supplier_save(p_id IN NUMBER, p_firma IN VARCHAR2) IS
  BEGIN
    UPDATE DODAVATEL
       SET FIRMA = p_firma
     WHERE ID_UZIVATELU = p_id;

    IF SQL%ROWCOUNT = 0 THEN
      INSERT INTO DODAVATEL (ID_UZIVATELU, FIRMA)
      VALUES (p_id, p_firma);
    END IF;
  END;

  PROCEDURE supplier_delete(p_id IN NUMBER) IS
  BEGIN
    DELETE FROM DODAVATEL WHERE ID_UZIVATELU = p_id;
  END;

END pkg_person;

/
--------------------------------------------------------
--  DDL for Package Body PKG_PLATBA
--------------------------------------------------------

  CREATE OR REPLACE EDITIONABLE PACKAGE BODY "PKG_PLATBA" AS

  PROCEDURE add_pohyb(
    p_ucet_id   IN NUMBER,
    p_smer      IN CHAR,
    p_metoda    IN VARCHAR2,
    p_castka    IN NUMBER,
    p_poznamka  IN VARCHAR2,
    p_obj_id    IN NUMBER,
    p_cislo     IN VARCHAR2,
    p_pohyb_id  OUT NUMBER
  ) IS
    v_delta NUMBER;
  BEGIN
    IF p_smer NOT IN ('P','D') THEN
      RAISE_APPLICATION_ERROR(-20091, 'Neplatný směr pohybu.');
    END IF;
    IF p_castka IS NULL OR p_castka <= 0 THEN
      RAISE_APPLICATION_ERROR(-20092, 'Částka musí být kladná.');
    END IF;

    v_delta := CASE WHEN p_smer = 'P' THEN p_castka ELSE -p_castka END;

    INSERT INTO POHYB_UCTU (ID_POHYB, ID_UCET, SMER, METODA, CASTKA, POZNAMKA, ID_OBJEDNAVKA, CISLOKARTY)
    VALUES (SEQ_POHYB_UCTU_ID.NEXTVAL, p_ucet_id, p_smer, p_metoda, p_castka, p_poznamka, p_obj_id, p_cislo)
    RETURNING ID_POHYB INTO p_pohyb_id;

    UPDATE UCET
       SET ZUSTATEK = NVL(ZUSTATEK,0) + v_delta
     WHERE ID_UCET = p_ucet_id;
    IF SQL%ROWCOUNT = 0 THEN
      RAISE_APPLICATION_ERROR(-20093, 'Účet nebyl nalezen.');
    END IF;
  END add_pohyb;

  PROCEDURE upsert_hotovost(p_platba_id IN NUMBER, p_prijato IN NUMBER, p_vraceno IN NUMBER) IS
  BEGIN
    UPDATE HOTOVOST SET PRIJATO = p_prijato, VRACENO = p_vraceno WHERE ID_PLATBA = p_platba_id;
    IF SQL%ROWCOUNT = 0 THEN
      INSERT INTO HOTOVOST(ID_PLATBA, PRIJATO, VRACENO) VALUES (p_platba_id, p_prijato, p_vraceno);
    END IF;
  END;

  PROCEDURE upsert_karta(p_platba_id IN NUMBER, p_cislo_karty IN VARCHAR2) IS
  BEGIN
    UPDATE KARTA SET CISLOKARTY = p_cislo_karty WHERE ID_PLATBA = p_platba_id;
    IF SQL%ROWCOUNT = 0 THEN
      INSERT INTO KARTA(ID_PLATBA, CISLOKARTY) VALUES (p_platba_id, p_cislo_karty);
    END IF;
  END;

  PROCEDURE create_platba(
    p_objednavka_id IN NUMBER,
    p_castka        IN NUMBER,
    p_typ           IN VARCHAR2,
    p_ucet_id       IN NUMBER,
    p_cislo_karty   IN VARCHAR2,
    p_prijato       IN NUMBER,
    p_vraceno       IN NUMBER,
    p_pohyb_id      OUT NUMBER,
    p_platba_id     OUT NUMBER
  ) IS
    v_typ VARCHAR2(1);
    v_vraceno  NUMBER;
    v_total    NUMBER;
  BEGIN
    v_typ := UPPER(SUBSTR(p_typ, 1, 1));
    IF v_typ NOT IN ('H','K','U') THEN
      RAISE_APPLICATION_ERROR(-20090, 'Neplatný typ platby (H/K/U).');
    END IF;

    IF p_castka IS NULL OR p_castka <= 0 THEN
      RAISE_APPLICATION_ERROR(-20095, 'Částka platby musí být větší než 0.');
    END IF;

    IF p_objednavka_id IS NOT NULL THEN
      SELECT NVL(SUM(oz.pocet * NVL(z.cena,0)), 0)
        INTO v_total
        FROM OBJEDNAVKA_ZBOZI oz
        JOIN ZBOZI z ON z.ID_ZBOZI = oz.ID_ZBOZI
       WHERE oz.ID_OBJEDNAVKA = p_objednavka_id;
      IF p_castka < v_total THEN
        RAISE_APPLICATION_ERROR(
          -20096,
          'Částka platby (' || p_castka || ') je nižší než cena objednávky (' || v_total || ').'
        );
      END IF;
    END IF;

    INSERT INTO PLATBA(ID_PLATBA, CASTKA, DATUM, ID_OBJEDNAVKA, PLATBATYP, ID_POHYB_UCTU)
    VALUES (SEQ_PLATBA_ID.NEXTVAL, p_castka, SYSDATE, p_objednavka_id, v_typ, NULL)
    RETURNING ID_PLATBA INTO p_platba_id;

    p_pohyb_id := NULL;

    IF v_typ = 'U' THEN
      IF p_ucet_id IS NULL THEN
        RAISE_APPLICATION_ERROR(-20094, 'Pro typ U je nutné předat ID účtu.');
      END IF;
      add_pohyb(
        p_ucet_id   => p_ucet_id,
        p_smer      => 'D',
        p_metoda    => 'OBJEDNAVKA',
        p_castka    => p_castka,
        p_poznamka  => 'Objednavka ' || p_objednavka_id,
        p_obj_id    => p_objednavka_id,
        p_cislo     => p_cislo_karty,
        p_pohyb_id  => p_pohyb_id
      );
      UPDATE PLATBA SET ID_POHYB_UCTU = p_pohyb_id WHERE ID_PLATBA = p_platba_id;
    ELSIF v_typ = 'H' THEN
      IF p_prijato IS NULL THEN
        RAISE_APPLICATION_ERROR(-20097, 'Pro hotovostní platbu je nutné předat přijatou částku.');
      END IF;
      IF p_prijato < p_castka THEN
        RAISE_APPLICATION_ERROR(
          -20098,
          'Přijatá hotovost (' || p_prijato || ') nesmí být menší než částka k úhradě (' || p_castka || ').'
        );
      END IF;
      v_vraceno := NVL(p_vraceno, GREATEST(p_prijato - p_castka, 0));
      upsert_hotovost(p_platba_id, p_prijato, v_vraceno);
    ELSIF v_typ = 'K' THEN
      upsert_karta(p_platba_id, p_cislo_karty);
    END IF;
  EXCEPTION
    WHEN OTHERS THEN
      RAISE;
  END create_platba;

  PROCEDURE list_platby(p_typ IN VARCHAR2, p_cursor OUT SYS_REFCURSOR) IS
    v_typ VARCHAR2(1) := CASE WHEN p_typ IS NULL THEN NULL ELSE UPPER(SUBSTR(p_typ,1,1)) END;
  BEGIN
    OPEN p_cursor FOR
      SELECT p.ID_PLATBA      AS id,
             p.CASTKA         AS castka,
             p.DATUM          AS datum,
             p.ID_OBJEDNAVKA  AS objednavka_id,
             p.PLATBATYP      AS platba_typ,
             p.ID_POHYB_UCTU  AS pohyb_id,
             h.PRIJATO        AS hotovost_prijato,
             h.VRACENO        AS hotovost_vraceno,
             k.CISLOKARTY     AS cislo_karty
        FROM PLATBA p
        LEFT JOIN HOTOVOST h ON h.ID_PLATBA = p.ID_PLATBA
        LEFT JOIN KARTA k ON k.ID_PLATBA = p.ID_PLATBA
       WHERE v_typ IS NULL OR p.PLATBATYP = v_typ
    ORDER BY p.DATUM DESC, p.ID_PLATBA DESC;
  END list_platby;

  PROCEDURE list_typy(p_cursor OUT SYS_REFCURSOR) IS
  BEGIN
    OPEN p_cursor FOR
      SELECT kód,
             CASE kód
               WHEN 'H' THEN 'Hotovost'
               WHEN 'K' THEN 'Karta'
               WHEN 'U' THEN 'Účet'
               ELSE kód
             END AS popis
        FROM (SELECT 'H' AS kód FROM dual
              UNION ALL SELECT 'K' FROM dual
              UNION ALL SELECT 'U' FROM dual);
  END list_typy;

END pkg_platba;

/
--------------------------------------------------------
--  DDL for Package Body PKG_PRAVO
--------------------------------------------------------

  CREATE OR REPLACE EDITIONABLE PACKAGE BODY "PKG_PRAVO" AS

  PROCEDURE list_prava(p_cursor OUT SYS_REFCURSOR) IS
  BEGIN
    OPEN p_cursor FOR
      SELECT ID_PRAVO, NAZEV, KOD, POPIS
        FROM PRAVO
    ORDER BY ID_PRAVO;
  END list_prava;

  PROCEDURE get_pravo(p_id IN NUMBER, p_cursor OUT SYS_REFCURSOR) IS
  BEGIN
    OPEN p_cursor FOR
      SELECT ID_PRAVO, NAZEV, KOD, POPIS
        FROM PRAVO
       WHERE ID_PRAVO = p_id;
  END get_pravo;

  PROCEDURE get_pravo_by_kod(p_kod IN VARCHAR2, p_cursor OUT SYS_REFCURSOR) IS
  BEGIN
    OPEN p_cursor FOR
      SELECT ID_PRAVO, NAZEV, KOD, POPIS
        FROM PRAVO
       WHERE UPPER(KOD) = UPPER(p_kod);
  END get_pravo_by_kod;

  PROCEDURE save_pravo(p_id IN NUMBER, p_nazev IN VARCHAR2, p_kod IN VARCHAR2, p_popis IN VARCHAR2, p_out_id OUT NUMBER) IS
    v_id NUMBER;
  BEGIN
    IF p_id IS NULL THEN
      INSERT INTO PRAVO (ID_PRAVO, NAZEV, KOD, POPIS)
      VALUES (SEQ_PRAVO_ID.NEXTVAL, p_nazev, p_kod, p_popis)
      RETURNING ID_PRAVO INTO v_id;
    ELSE
      UPDATE PRAVO
         SET NAZEV = p_nazev,
             KOD = p_kod,
             POPIS = p_popis
       WHERE ID_PRAVO = p_id;
      IF SQL%ROWCOUNT = 0 THEN
        RAISE_APPLICATION_ERROR(-20098, 'Pravo nebylo nalezeno');
      END IF;
      v_id := p_id;
    END IF;
    p_out_id := v_id;
  END save_pravo;

  PROCEDURE delete_pravo(p_id IN NUMBER) IS
  BEGIN
    DELETE FROM APP_ROLE_PRAVO WHERE ID_PRAVO = p_id;
    DELETE FROM PRAVO WHERE ID_PRAVO = p_id;
    IF SQL%ROWCOUNT = 0 THEN
      RAISE_APPLICATION_ERROR(-20099, 'Pravo nebylo nalezeno');
    END IF;
  END delete_pravo;

END pkg_pravo;

/
--------------------------------------------------------
--  DDL for Package Body PKG_ROLE
--------------------------------------------------------

  CREATE OR REPLACE EDITIONABLE PACKAGE BODY "PKG_ROLE" AS

  PROCEDURE list_roles(p_cursor OUT SYS_REFCURSOR) IS
  BEGIN
    OPEN p_cursor FOR
      SELECT ID_ROLE AS id, NAZEV AS name
        FROM APP_ROLE
    ORDER BY ID_ROLE;
  END;

  PROCEDURE get_by_id(p_id IN NUMBER, p_cursor OUT SYS_REFCURSOR) IS
  BEGIN
    OPEN p_cursor FOR
      SELECT ID_ROLE AS id, NAZEV AS name
        FROM APP_ROLE
       WHERE ID_ROLE = p_id;
  END;

  PROCEDURE get_by_name(p_name IN VARCHAR2, p_cursor OUT SYS_REFCURSOR) IS
  BEGIN
    OPEN p_cursor FOR
      SELECT ID_ROLE AS id, NAZEV AS name
        FROM APP_ROLE
       WHERE UPPER(NAZEV) = UPPER(p_name);
  END;

  PROCEDURE save_role(p_id IN NUMBER, p_name IN VARCHAR2, p_out_id OUT NUMBER) IS
    v_id NUMBER;
  BEGIN
    IF p_id IS NULL THEN
      INSERT INTO APP_ROLE(ID_ROLE, NAZEV)
      VALUES (SEQ_ROLE_ID.NEXTVAL, p_name)
      RETURNING ID_ROLE INTO v_id;
    ELSE
      UPDATE APP_ROLE
         SET NAZEV = p_name
       WHERE ID_ROLE = p_id;
      IF SQL%ROWCOUNT = 0 THEN
        RAISE_APPLICATION_ERROR(-20091, 'Role not found');
      END IF;
      v_id := p_id;
    END IF;
    p_out_id := v_id;
  END;

  PROCEDURE delete_role(p_id IN NUMBER) IS
  BEGIN
    DELETE FROM APP_ROLE_PRAVO WHERE ID_ROLE = p_id;
    DELETE FROM UZIVATEL WHERE ID_ROLE = p_id;
    DELETE FROM APP_ROLE WHERE ID_ROLE = p_id;
  END;

END pkg_role;

/
--------------------------------------------------------
--  DDL for Package Body PKG_ROLE_PRAVO
--------------------------------------------------------

  CREATE OR REPLACE EDITIONABLE PACKAGE BODY "PKG_ROLE_PRAVO" AS

  -- Rozdělení CSV kódů na seznam.
  FUNCTION split_csv(p_codes VARCHAR2) RETURN SYS.ODCIVARCHAR2LIST IS
    v_result SYS.ODCIVARCHAR2LIST := SYS.ODCIVARCHAR2LIST();
    v_idx    PLS_INTEGER := 1;
    v_item   VARCHAR2(255);
  BEGIN
    IF p_codes IS NULL OR TRIM(p_codes) IS NULL THEN
      RETURN v_result;
    END IF;
    LOOP
      v_item := REGEXP_SUBSTR(p_codes, '[^,]+', 1, v_idx);
      EXIT WHEN v_item IS NULL;
      v_result.EXTEND;
      v_result(v_result.COUNT) := TRIM(v_item);
      v_idx := v_idx + 1;
    END LOOP;
    RETURN v_result;
  END;

  PROCEDURE list_kody_by_role(p_role_id IN NUMBER, p_cursor OUT SYS_REFCURSOR) IS
  BEGIN
    OPEN p_cursor FOR
      SELECT p.KOD
        FROM APP_ROLE_PRAVO rp
        JOIN PRAVO p ON p.ID_PRAVO = rp.ID_PRAVO
       WHERE rp.ID_ROLE = p_role_id;
  END list_kody_by_role;

  PROCEDURE list_role_permissions(p_cursor OUT SYS_REFCURSOR) IS
  BEGIN
    OPEN p_cursor FOR
      SELECT r.ID_ROLE   AS role_id,
             r.NAZEV     AS role_name,
             p.KOD       AS permission_code
        FROM APP_ROLE r
        LEFT JOIN APP_ROLE_PRAVO rp ON rp.ID_ROLE = r.ID_ROLE
        LEFT JOIN PRAVO p ON p.ID_PRAVO = rp.ID_PRAVO
    ORDER BY r.ID_ROLE, p.KOD;
  END list_role_permissions;

  PROCEDURE update_role_permissions(p_role_id IN NUMBER, p_codes IN VARCHAR2) IS
    v_codes SYS.ODCIVARCHAR2LIST := split_csv(p_codes);
  BEGIN
    IF p_role_id IS NULL THEN
      RAISE_APPLICATION_ERROR(-20100, 'Role ID je povinné.');
    END IF;

    -- Pokud seznam je prázdný → odebereme všechna práva.
    IF v_codes.COUNT = 0 THEN
      DELETE FROM APP_ROLE_PRAVO WHERE ID_ROLE = p_role_id;
      RETURN;
    END IF;

    -- Odebereme všechna práva, která už nejsou v seznamu.
    DELETE FROM APP_ROLE_PRAVO rp
     WHERE rp.ID_ROLE = p_role_id
       AND NOT EXISTS (
             SELECT 1
               FROM PRAVO p
              WHERE p.ID_PRAVO = rp.ID_PRAVO
                AND EXISTS (
                      SELECT 1 FROM TABLE(v_codes) c
                       WHERE UPPER(c.COLUMN_VALUE) = UPPER(p.KOD)
                  )
         );

    -- Přidáme chybějící práva.
    FOR rec IN (
        SELECT p.ID_PRAVO AS pid
          FROM PRAVO p
         WHERE EXISTS (
               SELECT 1 FROM TABLE(v_codes) c
                WHERE UPPER(c.COLUMN_VALUE) = UPPER(p.KOD)
           )
           AND NOT EXISTS (
                 SELECT 1
                   FROM APP_ROLE_PRAVO rp
                  WHERE rp.ID_ROLE = p_role_id
                    AND rp.ID_PRAVO = p.ID_PRAVO
           )
    ) LOOP
      INSERT INTO APP_ROLE_PRAVO(ID_ROLE, ID_PRAVO) VALUES (p_role_id, rec.pid);
    END LOOP;
  END update_role_permissions;

  PROCEDURE user_has_permission(p_email IN VARCHAR2, p_code IN VARCHAR2, p_has OUT NUMBER) IS
    v_exists NUMBER;
  BEGIN
    SELECT COUNT(*)
      INTO v_exists
      FROM UZIVATEL u
      JOIN APP_ROLE r ON r.ID_ROLE = u.ID_ROLE
      JOIN APP_ROLE_PRAVO rp ON rp.ID_ROLE = r.ID_ROLE
      JOIN PRAVO p ON p.ID_PRAVO = rp.ID_PRAVO
     WHERE LOWER(u.EMAIL) = LOWER(p_email)
       AND UPPER(p.KOD) = UPPER(p_code);
    p_has := CASE WHEN v_exists > 0 THEN 1 ELSE 0 END;
  END user_has_permission;

  PROCEDURE delete_by_role(p_role_id IN NUMBER) IS
  BEGIN
    DELETE FROM APP_ROLE_PRAVO WHERE ID_ROLE = p_role_id;
  END delete_by_role;

  PROCEDURE delete_by_pravo(p_pravo_id IN NUMBER) IS
  BEGIN
    DELETE FROM APP_ROLE_PRAVO WHERE ID_PRAVO = p_pravo_id;
  END delete_by_pravo;

  PROCEDURE insert_mapping(p_pravo_id IN NUMBER, p_role_id IN NUMBER) IS
  BEGIN
    INSERT INTO APP_ROLE_PRAVO(ID_PRAVO, ID_ROLE) VALUES (p_pravo_id, p_role_id);
  END insert_mapping;

END pkg_role_pravo;

/
--------------------------------------------------------
--  DDL for Package Body PKG_SKLAD
--------------------------------------------------------

  CREATE OR REPLACE EDITIONABLE PACKAGE BODY "PKG_SKLAD" AS

  PROCEDURE list_sklady(p_cursor OUT SYS_REFCURSOR) IS
  BEGIN
    OPEN p_cursor FOR
      SELECT s.ID_SKLAD        AS id,
             s.NAZEV           AS nazev,
             s.KAPACITA        AS kapacita,
             s.TELEFONNICISLO  AS telefon,
             s.ID_SUPERMARKET  AS supermarket_id,
             sp.NAZEV          AS supermarket_nazev
        FROM SKLAD s
        LEFT JOIN SUPERMARKET sp ON sp.ID_SUPERMARKET = s.ID_SUPERMARKET
       ORDER BY s.ID_SKLAD;
  END;

  PROCEDURE get_sklad(p_id IN NUMBER, p_cursor OUT SYS_REFCURSOR) IS
  BEGIN
    OPEN p_cursor FOR
      SELECT s.ID_SKLAD        AS id,
             s.NAZEV           AS nazev,
             s.KAPACITA        AS kapacita,
             s.TELEFONNICISLO  AS telefon,
             s.ID_SUPERMARKET  AS supermarket_id,
             sp.NAZEV          AS supermarket_nazev
        FROM SKLAD s
        LEFT JOIN SUPERMARKET sp ON sp.ID_SUPERMARKET = s.ID_SUPERMARKET
       WHERE s.ID_SKLAD = p_id;
  END;

  PROCEDURE save_sklad(
    p_id            IN NUMBER,
    p_nazev         IN VARCHAR2,
    p_kapacita      IN NUMBER,
    p_telefon       IN VARCHAR2,
    p_id_supermarket IN NUMBER,
    p_out_id        OUT NUMBER
  ) IS
    v_id NUMBER;
  BEGIN
    IF p_id IS NULL THEN
      INSERT INTO SKLAD(ID_SKLAD, NAZEV, KAPACITA, TELEFONNICISLO, ID_SUPERMARKET)
      VALUES (SEQ_SKALD_ID.NEXTVAL, p_nazev, p_kapacita, p_telefon, p_id_supermarket)
      RETURNING ID_SKLAD INTO v_id;
    ELSE
      UPDATE SKLAD
         SET NAZEV = p_nazev,
             KAPACITA = p_kapacita,
             TELEFONNICISLO = p_telefon,
             ID_SUPERMARKET = p_id_supermarket
       WHERE ID_SKLAD = p_id;
      IF SQL%ROWCOUNT = 0 THEN
        RAISE_APPLICATION_ERROR(-20081, 'Sklad nebyl nalezen');
      END IF;
      v_id := p_id;
    END IF;
    p_out_id := v_id;
  END;

  PROCEDURE delete_sklad(p_id IN NUMBER) IS
  BEGIN
    DELETE FROM ZBOZI_DODAVATEL
    WHERE ID_ZBOZI IN (SELECT z.ID_ZBOZI FROM ZBOZI z WHERE z.SKLAD_ID_SKLAD = p_id);
    DELETE FROM ZBOZI WHERE SKLAD_ID_SKLAD = p_id;
    DELETE FROM SKLAD WHERE ID_SKLAD = p_id;
  END;

  PROCEDURE delete_info(p_id IN NUMBER, p_cursor OUT SYS_REFCURSOR) IS
  BEGIN
    OPEN p_cursor FOR
      SELECT (SELECT s.NAZEV FROM SKLAD s WHERE s.ID_SKLAD = p_id) AS nazev,
             (SELECT COUNT(*) FROM ZBOZI z WHERE z.SKLAD_ID_SKLAD = p_id) AS zbozi_cnt,
             (SELECT COUNT(*) FROM ZBOZI_DODAVATEL zd WHERE zd.ID_ZBOZI IN (
                SELECT z.ID_ZBOZI FROM ZBOZI z WHERE z.SKLAD_ID_SKLAD = p_id
              )) AS dodavatel_cnt
        FROM DUAL;
  END;

END pkg_sklad;

/
--------------------------------------------------------
--  DDL for Package Body PKG_STATUS
--------------------------------------------------------

  CREATE OR REPLACE EDITIONABLE PACKAGE BODY "PKG_STATUS" AS

  PROCEDURE list_status(p_cursor OUT SYS_REFCURSOR) IS
  BEGIN
    OPEN p_cursor FOR
      SELECT ID_STATUS AS id,
             NAZEV     AS nazev
        FROM STATUS
    ORDER BY ID_STATUS;
  END;

  PROCEDURE get_status(p_id IN NUMBER, p_cursor OUT SYS_REFCURSOR) IS
  BEGIN
    OPEN p_cursor FOR
      SELECT ID_STATUS AS id,
             NAZEV     AS nazev
        FROM STATUS
       WHERE ID_STATUS = p_id;
  END;

END pkg_status;

/
--------------------------------------------------------
--  DDL for Package Body PKG_SUPERMARKET
--------------------------------------------------------

  CREATE OR REPLACE EDITIONABLE PACKAGE BODY "PKG_SUPERMARKET" AS

  PROCEDURE list_supermarket(p_cursor OUT SYS_REFCURSOR) IS
  BEGIN
    OPEN p_cursor FOR
      SELECT s.ID_SUPERMARKET AS id,
             s.NAZEV          AS nazev,
             s.TELEFON        AS telefon,
             s.EMAIL          AS email,
             s.ID_ADRESA      AS adresa_id,
             a.ULICE          AS adresa_ulice,
             a.CISLOPOPISNE   AS adresa_cpop,
             a.CISLOORIENTACNI AS adresa_corient,
             a.MESTO_PSC      AS adresa_psc,
             m.NAZEV          AS adresa_mesto,
             CASE
               WHEN a.ID_ADRESA IS NULL THEN NULL
               ELSE a.ULICE || ' ' || a.CISLOPOPISNE ||
                    (CASE WHEN a.CISLOORIENTACNI IS NOT NULL THEN '/' || a.CISLOORIENTACNI ELSE '' END) ||
                    ', ' || COALESCE(m.NAZEV, a.MESTO_PSC)
             END              AS adresa_text
        FROM SUPERMARKET s
        LEFT JOIN ADRESA a ON a.ID_ADRESA = s.ID_ADRESA
        LEFT JOIN MESTO m ON m.PSC = a.MESTO_PSC
    ORDER BY s.ID_SUPERMARKET;
  END;

  PROCEDURE get_supermarket(p_id IN NUMBER, p_cursor OUT SYS_REFCURSOR) IS
  BEGIN
    OPEN p_cursor FOR
      SELECT s.ID_SUPERMARKET AS id,
             s.NAZEV          AS nazev,
             s.TELEFON        AS telefon,
             s.EMAIL          AS email,
             s.ID_ADRESA      AS adresa_id,
             a.ULICE          AS adresa_ulice,
             a.CISLOPOPISNE   AS adresa_cpop,
             a.CISLOORIENTACNI AS adresa_corient,
             a.MESTO_PSC      AS adresa_psc,
             m.NAZEV          AS adresa_mesto,
             CASE
               WHEN a.ID_ADRESA IS NULL THEN NULL
               ELSE a.ULICE || ' ' || a.CISLOPOPISNE ||
                    (CASE WHEN a.CISLOORIENTACNI IS NOT NULL THEN '/' || a.CISLOORIENTACNI ELSE '' END) ||
                    ', ' || COALESCE(m.NAZEV, a.MESTO_PSC)
             END              AS adresa_text
        FROM SUPERMARKET s
        LEFT JOIN ADRESA a ON a.ID_ADRESA = s.ID_ADRESA
        LEFT JOIN MESTO m ON m.PSC = a.MESTO_PSC
       WHERE s.ID_SUPERMARKET = p_id;
  END;

  PROCEDURE save_supermarket(
    p_id            IN NUMBER,
    p_nazev         IN VARCHAR2,
    p_telefon       IN VARCHAR2,
    p_email         IN VARCHAR2,
    p_id_adresa     IN NUMBER,
    p_ulice         IN VARCHAR2,
    p_cpop          IN VARCHAR2,
    p_corient       IN VARCHAR2,
    p_psc           IN VARCHAR2,
    p_out_id        OUT NUMBER
  ) IS
    v_id        NUMBER;
    v_adresa_id NUMBER;
  BEGIN
    IF p_ulice IS NULL OR p_cpop IS NULL OR p_corient IS NULL OR p_psc IS NULL THEN
      RAISE_APPLICATION_ERROR(-20090, 'Adresa neni kompletni');
    END IF;

    IF p_id_adresa IS NULL THEN
      INSERT INTO ADRESA (ID_ADRESA, ULICE, CISLOPOPISNE, CISLOORIENTACNI, MESTO_PSC)
      VALUES (SEQ_ADRESA_ID.NEXTVAL, p_ulice, p_cpop, p_corient, p_psc)
      RETURNING ID_ADRESA INTO v_adresa_id;
    ELSE
      UPDATE ADRESA
         SET ULICE = p_ulice,
             CISLOPOPISNE = p_cpop,
             CISLOORIENTACNI = p_corient,
             MESTO_PSC = p_psc
       WHERE ID_ADRESA = p_id_adresa;
      IF SQL%ROWCOUNT = 0 THEN
        INSERT INTO ADRESA (ID_ADRESA, ULICE, CISLOPOPISNE, CISLOORIENTACNI, MESTO_PSC)
        VALUES (SEQ_ADRESA_ID.NEXTVAL, p_ulice, p_cpop, p_corient, p_psc)
        RETURNING ID_ADRESA INTO v_adresa_id;
      ELSE
        v_adresa_id := p_id_adresa;
      END IF;
    END IF;

    IF p_id IS NULL THEN
      INSERT INTO SUPERMARKET (ID_SUPERMARKET, NAZEV, TELEFON, EMAIL, ID_ADRESA)
      VALUES (SEQ_SUPERMARKET_ID.NEXTVAL, p_nazev, p_telefon, p_email, v_adresa_id)
      RETURNING ID_SUPERMARKET INTO v_id;
    ELSE
      UPDATE SUPERMARKET
         SET NAZEV = p_nazev,
             TELEFON = p_telefon,
             EMAIL = p_email,
             ID_ADRESA = v_adresa_id
       WHERE ID_SUPERMARKET = p_id;
      IF SQL%ROWCOUNT = 0 THEN
        RAISE_APPLICATION_ERROR(-20082, 'Supermarket nebyl nalezen');
      END IF;
      v_id := p_id;
    END IF;
    p_out_id := v_id;
  END;

  PROCEDURE delete_supermarket(p_id IN NUMBER) IS
  BEGIN
    DELETE FROM ZBOZI_DODAVATEL
     WHERE ID_ZBOZI IN (
       SELECT z.ID_ZBOZI
         FROM ZBOZI z
         JOIN SKLAD s ON s.ID_SKLAD = z.SKLAD_ID_SKLAD
        WHERE s.ID_SUPERMARKET = p_id
     );
    DELETE FROM ZBOZI
     WHERE SKLAD_ID_SKLAD IN (
       SELECT s.ID_SKLAD FROM SKLAD s WHERE s.ID_SUPERMARKET = p_id
     );
    DELETE FROM SKLAD WHERE ID_SUPERMARKET = p_id;
    DELETE FROM SUPERMARKET WHERE ID_SUPERMARKET = p_id;
  END;

  PROCEDURE delete_info(p_id IN NUMBER, p_cursor OUT SYS_REFCURSOR) IS
  BEGIN
    OPEN p_cursor FOR
      SELECT (SELECT NAZEV FROM SUPERMARKET WHERE ID_SUPERMARKET = p_id) AS nazev,
             (SELECT COUNT(*) FROM SKLAD s WHERE s.ID_SUPERMARKET = p_id) AS sklad_cnt,
             (SELECT COUNT(*) FROM ZBOZI z WHERE z.SKLAD_ID_SKLAD IN (
                SELECT s.ID_SKLAD FROM SKLAD s WHERE s.ID_SUPERMARKET = p_id
              )) AS zbozi_cnt,
             (SELECT COUNT(*) FROM ZBOZI_DODAVATEL zd WHERE zd.ID_ZBOZI IN (
                SELECT z.ID_ZBOZI FROM ZBOZI z
                JOIN SKLAD s ON s.ID_SKLAD = z.SKLAD_ID_SKLAD
               WHERE s.ID_SUPERMARKET = p_id
              )) AS dodavatel_cnt
        FROM DUAL;
  END;

END pkg_supermarket;

/
--------------------------------------------------------
--  DDL for Package Body PKG_UCET
--------------------------------------------------------

  CREATE OR REPLACE EDITIONABLE PACKAGE BODY "PKG_UCET" AS

  PROCEDURE create_account(
    p_id_uzivatel IN  NUMBER,
    p_out_id      OUT NUMBER
  ) AS
    v_dummy NUMBER;
  BEGIN
    SELECT 1 INTO v_dummy FROM UZIVATEL WHERE ID_Uzivatel = p_id_uzivatel;

    BEGIN
      SELECT ID_UCET INTO p_out_id FROM UCET WHERE ID_UZIVATEL = p_id_uzivatel;
      RAISE_APPLICATION_ERROR(-20060, 'Ucet pro uzivatele uz existuje');
    EXCEPTION
      WHEN NO_DATA_FOUND THEN NULL;
    END;

    INSERT INTO UCET (ID_UZIVATEL, ZUSTATEK)
    VALUES (p_id_uzivatel, 0)
    RETURNING ID_UCET INTO p_out_id;
  END create_account;

  PROCEDURE topup_account(
    p_id_ucet     IN  NUMBER,
    p_castka      IN  NUMBER,
    p_metoda      IN  VARCHAR2,
    p_cislo_karty IN  VARCHAR2 DEFAULT NULL,
    p_poznamka    IN  VARCHAR2 DEFAULT NULL,
    p_id_pohyb    OUT NUMBER
  ) AS
    v_zustatek UCET.ZUSTATEK%TYPE;
  BEGIN
    IF p_metoda NOT IN ('KARTA','HOTOVOST') THEN
      RAISE_APPLICATION_ERROR(-20061, 'Metoda musi byt KARTA nebo HOTOVOST');
    END IF;
    IF p_metoda = 'KARTA' AND p_cislo_karty IS NULL THEN
      RAISE_APPLICATION_ERROR(-20062, 'cislo karty je povinne pro KARTA');
    END IF;

    SELECT ZUSTATEK INTO v_zustatek FROM UCET WHERE ID_UCET = p_id_ucet FOR UPDATE;

    INSERT INTO POHYB_UCTU (ID_UCET, SMER, METODA, CASTKA, CISLOKARTY, POZNAMKA)
    VALUES (p_id_ucet, 'P', p_metoda, p_castka, p_cislo_karty, p_poznamka)
    RETURNING ID_POHYB INTO p_id_pohyb;

    UPDATE UCET SET ZUSTATEK = v_zustatek + p_castka WHERE ID_UCET = p_id_ucet;
  END topup_account;

  PROCEDURE pay_order_from_account(
    p_id_ucet       IN  NUMBER,
    p_id_objednavka IN  NUMBER,
    p_castka        IN  NUMBER,
    p_id_pohyb      OUT NUMBER,
    p_id_platba     OUT NUMBER
  ) AS
    v_zustatek UCET.ZUSTATEK%TYPE;
    v_dummy    NUMBER;
  BEGIN
    SELECT 1 INTO v_dummy FROM OBJEDNAVKA WHERE ID_Objednavka = p_id_objednavka;
    SELECT ZUSTATEK INTO v_zustatek FROM UCET WHERE ID_UCET = p_id_ucet FOR UPDATE;
    IF v_zustatek < p_castka THEN
      RAISE_APPLICATION_ERROR(-20063, 'Nedostatek prostredku na uctu');
    END IF;

    INSERT INTO POHYB_UCTU (ID_UCET, SMER, METODA, CASTKA, ID_OBJEDNAVKA, POZNAMKA)
    VALUES (p_id_ucet, 'D', 'OBJEDNAVKA', p_castka, p_id_objednavka, 'Platba objednavky '||p_id_objednavka)
    RETURNING ID_POHYB INTO p_id_pohyb;

    UPDATE UCET SET ZUSTATEK = v_zustatek - p_castka WHERE ID_UCET = p_id_ucet;

    INSERT INTO PLATBA (CASTKA, DATUM, ID_OBJEDNAVKA, PLATBATYP, ID_POHYB_UCTU)
    VALUES (p_castka, SYSDATE, p_id_objednavka, 'U', p_id_pohyb)
    RETURNING ID_PLATBA INTO p_id_platba;
  END pay_order_from_account;

  PROCEDURE refund_order_to_account(
    p_id_ucet       IN  NUMBER,
    p_id_objednavka IN  NUMBER,
    p_castka        IN  NUMBER,
    p_id_pohyb      OUT NUMBER
  ) AS
    v_zustatek UCET.ZUSTATEK%TYPE;
    v_dummy    NUMBER;
  BEGIN
    SELECT 1 INTO v_dummy FROM OBJEDNAVKA WHERE ID_Objednavka = p_id_objednavka;
    SELECT ZUSTATEK INTO v_zustatek FROM UCET WHERE ID_UCET = p_id_ucet FOR UPDATE;

    INSERT INTO POHYB_UCTU (ID_UCET, SMER, METODA, CASTKA, ID_OBJEDNAVKA, POZNAMKA)
    VALUES (p_id_ucet, 'P', 'REFUND', p_castka, p_id_objednavka, 'Refund objednavky '||p_id_objednavka)
    RETURNING ID_POHYB INTO p_id_pohyb;

    UPDATE UCET SET ZUSTATEK = v_zustatek + p_castka WHERE ID_UCET = p_id_ucet;
  END refund_order_to_account;

  PROCEDURE account_history(
    p_id_ucet IN NUMBER,
    p_cursor  OUT SYS_REFCURSOR
  ) AS
  BEGIN
    OPEN p_cursor FOR
      SELECT ID_POHYB, SMER, METODA, CASTKA, POZNAMKA, DATUM_VYTVORENI, ID_OBJEDNAVKA, CISLOKARTY
      FROM POHYB_UCTU
      WHERE ID_UCET = p_id_ucet
      ORDER BY DATUM_VYTVORENI DESC, ID_POHYB DESC;
  END account_history;

  PROCEDURE account_history_range(
    p_id_ucet IN NUMBER,
    p_from    IN DATE,
    p_to      IN DATE,
    p_cursor  OUT SYS_REFCURSOR
  ) AS
  BEGIN
    OPEN p_cursor FOR
      SELECT ID_POHYB, SMER, METODA, CASTKA, POZNAMKA, DATUM_VYTVORENI, ID_OBJEDNAVKA, CISLOKARTY
        FROM POHYB_UCTU
       WHERE ID_UCET = p_id_ucet
         AND (p_from IS NULL OR TRUNC(DATUM_VYTVORENI) >= TRUNC(p_from))
         AND (p_to   IS NULL OR TRUNC(DATUM_VYTVORENI) <= TRUNC(p_to))
       ORDER BY DATUM_VYTVORENI DESC, ID_POHYB DESC;
  END account_history_range;

END pkg_ucet;

/
--------------------------------------------------------
--  DDL for Package Body PKG_USER
--------------------------------------------------------

  CREATE OR REPLACE EDITIONABLE PACKAGE BODY "PKG_USER" AS

  FUNCTION base_query RETURN VARCHAR2 IS
  BEGIN
    RETURN '
      SELECT u.ID_UZIVATEL  AS id,
             u.JMENO        AS jmeno,
             u.PRIJMENI     AS prijmeni,
             u.EMAIL        AS email,
             u.HESLO        AS heslo,
             u.TELEFONNICISLO AS phone,
             u.ID_ADRESA    AS addr_id,
             a.ULICE        AS ulice,
             a.CISLOPOPISNE AS cpop,
             a.CISLOORIENTACNI AS corient,
             a.MESTO_PSC    AS psc,
             m.NAZEV        AS mesto,
             m.KRAJ         AS kraj,
             r.ID_ROLE      AS role_id,
             r.NAZEV        AS role_name
        FROM UZIVATEL u
        LEFT JOIN ADRESA a ON a.ID_ADRESA = u.ID_ADRESA
        LEFT JOIN MESTO m ON m.PSC = a.MESTO_PSC
        LEFT JOIN APP_ROLE r ON r.ID_ROLE = u.ID_ROLE
    ';
  END;

  PROCEDURE get_by_email(p_email IN VARCHAR2, p_cursor OUT SYS_REFCURSOR) IS
  BEGIN
    OPEN p_cursor FOR base_query() || ' WHERE LOWER(u.EMAIL) = LOWER(:1)' USING p_email;
  END;

  PROCEDURE get_by_id(p_id IN NUMBER, p_cursor OUT SYS_REFCURSOR) IS
  BEGIN
    OPEN p_cursor FOR base_query() || ' WHERE u.ID_UZIVATEL = :1' USING p_id;
  END;

  PROCEDURE list_all(p_cursor OUT SYS_REFCURSOR) IS
  BEGIN
    OPEN p_cursor FOR base_query() || ' ORDER BY u.ID_UZIVATEL';
  END;

  PROCEDURE get_by_phone(p_phone IN VARCHAR2, p_cursor OUT SYS_REFCURSOR) IS
  BEGIN
    OPEN p_cursor FOR base_query() || ' WHERE u.TELEFONNICISLO = :1' USING p_phone;
  END;

  PROCEDURE get_by_role(p_role IN VARCHAR2, p_cursor OUT SYS_REFCURSOR) IS
  BEGIN
    OPEN p_cursor FOR base_query() || ' WHERE LOWER(r.NAZEV) = LOWER(:1)' USING p_role;
  END;

  PROCEDURE email_used(p_email IN VARCHAR2, p_self_id IN NUMBER, p_used OUT NUMBER) IS
    v_cnt NUMBER;
  BEGIN
    SELECT COUNT(*) INTO v_cnt
      FROM UZIVATEL
     WHERE LOWER(EMAIL) = LOWER(p_email)
       AND ID_UZIVATEL <> NVL(p_self_id, -1);
    p_used := CASE WHEN v_cnt > 0 THEN 1 ELSE 0 END;
  END;

  PROCEDURE phone_used(p_phone IN VARCHAR2, p_self_id IN NUMBER, p_used OUT NUMBER) IS
    v_cnt NUMBER;
  BEGIN
    SELECT COUNT(*) INTO v_cnt
      FROM UZIVATEL
     WHERE TELEFONNICISLO = p_phone
       AND ID_UZIVATEL <> NVL(p_self_id, -1);
    p_used := CASE WHEN v_cnt > 0 THEN 1 ELSE 0 END;
  END;

  PROCEDURE update_core(
    p_id       IN NUMBER,
    p_jmeno    IN VARCHAR2,
    p_prijmeni IN VARCHAR2,
    p_email    IN VARCHAR2,
    p_heslo    IN VARCHAR2,
    p_phone    IN VARCHAR2,
    p_role_id  IN NUMBER
  ) IS
  BEGIN
    UPDATE UZIVATEL
       SET JMENO = p_jmeno,
           PRIJMENI = p_prijmeni,
           EMAIL = p_email,
           HESLO = p_heslo,
           TELEFONNICISLO = p_phone,
           ID_ROLE = p_role_id
     WHERE ID_UZIVATEL = p_id;
    IF SQL%ROWCOUNT = 0 THEN
      RAISE_APPLICATION_ERROR(-20080, 'Uzivatel not found');
    END IF;
  END;

  PROCEDURE create_user(
    p_jmeno    IN VARCHAR2,
    p_prijmeni IN VARCHAR2,
    p_email    IN VARCHAR2,
    p_heslo    IN VARCHAR2,
    p_phone    IN VARCHAR2,
    p_role_id  IN NUMBER,
    p_id       OUT NUMBER
  ) IS
  BEGIN
    INSERT INTO UZIVATEL (ID_UZIVATEL, JMENO, PRIJMENI, EMAIL, HESLO, TELEFONNICISLO, ID_ROLE)
    VALUES (SEQ_UZIVATEL_ID.NEXTVAL, p_jmeno, p_prijmeni, p_email, p_heslo, p_phone, p_role_id)
    RETURNING ID_UZIVATEL INTO p_id;
  END;

  PROCEDURE delete_user(p_id IN NUMBER) IS
  BEGIN
    DELETE FROM ZAMESTNANEC WHERE ID_UZIVATELU = p_id;
    DELETE FROM ZAKAZNIK WHERE ID_UZIVATELU = p_id;
    DELETE FROM DODAVATEL WHERE ID_UZIVATELU = p_id;
    DELETE FROM UZIVATEL WHERE ID_UZIVATEL = p_id;
  END;

END pkg_user;

/
--------------------------------------------------------
--  DDL for Package Body PKG_ZBOZI
--------------------------------------------------------

  CREATE OR REPLACE EDITIONABLE PACKAGE BODY "PKG_ZBOZI" AS

  PROCEDURE list_zbozi(p_cursor OUT SYS_REFCURSOR) IS
  BEGIN
    OPEN p_cursor FOR
      SELECT z.ID_ZBOZI        AS id,
             z.NAZEV           AS nazev,
             z.POPIS           AS popis,
             z.CENA            AS cena,
             z.MNOZSTVI        AS mnozstvi,
             z.MINMNOZSTVI     AS min_mnozstvi,
             z.ID_KATEGORIE    AS kategorie_id,
             k.NAZEV           AS kategorie_nazev,
             z.SKLAD_ID_SKLAD  AS sklad_id,
             s.NAZEV           AS sklad_nazev,
             s.ID_SUPERMARKET  AS supermarket_id,
             sp.NAZEV          AS supermarket_nazev,
             (SELECT COUNT(*) FROM ZBOZI_DODAVATEL zd WHERE zd.ID_ZBOZI = z.ID_ZBOZI) AS dodavatel_cnt,
             (SELECT LISTAGG(d.FIRMA, ', ') WITHIN GROUP (ORDER BY d.FIRMA)
                FROM ZBOZI_DODAVATEL zd
                JOIN DODAVATEL d ON d.ID_UZIVATELU = zd.ID_UZIVATELU
               WHERE zd.ID_ZBOZI = z.ID_ZBOZI) AS dodavatel_nazvy
        FROM ZBOZI z
        LEFT JOIN KATEGORIE_ZBOZI k ON k.ID_KATEGORIE = z.ID_KATEGORIE
        LEFT JOIN SKLAD s ON s.ID_SKLAD = z.SKLAD_ID_SKLAD
        LEFT JOIN SUPERMARKET sp ON sp.ID_SUPERMARKET = s.ID_SUPERMARKET
    ORDER BY z.ID_ZBOZI;
  END;

  PROCEDURE get_zbozi(p_id IN NUMBER, p_cursor OUT SYS_REFCURSOR) IS
  BEGIN
    OPEN p_cursor FOR
      SELECT z.ID_ZBOZI        AS id,
             z.NAZEV           AS nazev,
             z.POPIS           AS popis,
             z.CENA            AS cena,
             z.MNOZSTVI        AS mnozstvi,
             z.MINMNOZSTVI     AS min_mnozstvi,
             z.ID_KATEGORIE    AS kategorie_id,
             k.NAZEV           AS kategorie_nazev,
             z.SKLAD_ID_SKLAD  AS sklad_id,
             s.NAZEV           AS sklad_nazev,
             s.ID_SUPERMARKET  AS supermarket_id,
             sp.NAZEV          AS supermarket_nazev,
             (SELECT COUNT(*) FROM ZBOZI_DODAVATEL zd WHERE zd.ID_ZBOZI = z.ID_ZBOZI) AS dodavatel_cnt,
             (SELECT LISTAGG(d.FIRMA, ', ') WITHIN GROUP (ORDER BY d.FIRMA)
                FROM ZBOZI_DODAVATEL zd
                JOIN DODAVATEL d ON d.ID_UZIVATELU = zd.ID_UZIVATELU
               WHERE zd.ID_ZBOZI = z.ID_ZBOZI) AS dodavatel_nazvy
        FROM ZBOZI z
        LEFT JOIN KATEGORIE_ZBOZI k ON k.ID_KATEGORIE = z.ID_KATEGORIE
        LEFT JOIN SKLAD s ON s.ID_SKLAD = z.SKLAD_ID_SKLAD
        LEFT JOIN SUPERMARKET sp ON sp.ID_SUPERMARKET = s.ID_SUPERMARKET
       WHERE z.ID_ZBOZI = p_id;
  END;

  PROCEDURE save_zbozi(
    p_id            IN NUMBER,
    p_nazev         IN VARCHAR2,
    p_popis         IN VARCHAR2,
    p_cena          IN NUMBER,
    p_mnozstvi      IN NUMBER,
    p_minmnozstvi   IN NUMBER,
    p_id_kategorie  IN NUMBER,
    p_id_sklad      IN NUMBER,
    p_out_id        OUT NUMBER
  ) IS
    v_id NUMBER;
  BEGIN
    IF p_id IS NULL THEN
      INSERT INTO ZBOZI (ID_ZBOZI, NAZEV, POPIS, CENA, MNOZSTVI, MINMNOZSTVI, ID_KATEGORIE, SKLAD_ID_SKLAD)
      VALUES (SEQ_ZBOZI_ID.NEXTVAL, p_nazev, p_popis, p_cena, p_mnozstvi, p_minmnozstvi, p_id_kategorie, p_id_sklad)
      RETURNING ID_ZBOZI INTO v_id;
    ELSE
      UPDATE ZBOZI
         SET NAZEV = p_nazev,
             POPIS = p_popis,
             CENA = p_cena,
             MNOZSTVI = p_mnozstvi,
             MINMNOZSTVI = p_minmnozstvi,
             ID_KATEGORIE = p_id_kategorie,
             SKLAD_ID_SKLAD = p_id_sklad
       WHERE ID_ZBOZI = p_id;
      IF SQL%ROWCOUNT = 0 THEN
        RAISE_APPLICATION_ERROR(-20084, 'Zbozi nebylo nalezeno');
      END IF;
      v_id := p_id;
    END IF;
    p_out_id := v_id;
  END;

  PROCEDURE delete_zbozi(p_id IN NUMBER) IS
  BEGIN
    DELETE FROM ZBOZI_DODAVATEL WHERE ID_ZBOZI = p_id;
    DELETE FROM ZBOZI WHERE ID_ZBOZI = p_id;
  END;

  PROCEDURE update_mnozstvi(p_id IN NUMBER, p_delta IN NUMBER) IS
  BEGIN
    UPDATE ZBOZI SET MNOZSTVI = MNOZSTVI + p_delta WHERE ID_ZBOZI = p_id;
    IF SQL%ROWCOUNT = 0 THEN
      RAISE_APPLICATION_ERROR(-20084, 'Zbozi nebylo nalezeno');
    END IF;
  END;

END pkg_zbozi;

/
--------------------------------------------------------
--  DDL for Package Body PKG_ZBOZI_DODAVATEL
--------------------------------------------------------

  CREATE OR REPLACE EDITIONABLE PACKAGE BODY "PKG_ZBOZI_DODAVATEL" AS

  PROCEDURE list_by_zbozi(p_zbozi_id IN NUMBER, p_cursor OUT SYS_REFCURSOR) IS
  BEGIN
    OPEN p_cursor FOR
      SELECT zd.ID_ZBOZI       AS zbozi_id,
             zd.ID_UZIVATELU   AS dodavatel_id,
             d.FIRMA           AS dodavatel_firma
        FROM ZBOZI_DODAVATEL zd
        JOIN DODAVATEL d ON d.ID_UZIVATELU = zd.ID_UZIVATELU
       WHERE zd.ID_ZBOZI = p_zbozi_id;
  END;

  PROCEDURE list_by_dodavatel(p_dod_id IN NUMBER, p_cursor OUT SYS_REFCURSOR) IS
  BEGIN
    OPEN p_cursor FOR
      SELECT zd.ID_ZBOZI       AS zbozi_id,
             zd.ID_UZIVATELU   AS dodavatel_id
        FROM ZBOZI_DODAVATEL zd
       WHERE zd.ID_UZIVATELU = p_dod_id;
  END;

  PROCEDURE add_rel(p_zbozi_id IN NUMBER, p_dod_id IN NUMBER) IS
  BEGIN
    INSERT INTO ZBOZI_DODAVATEL (ID_ZBOZI, ID_UZIVATELU)
    VALUES (p_zbozi_id, p_dod_id);
  END;

  PROCEDURE delete_rel(p_zbozi_id IN NUMBER, p_dod_id IN NUMBER) IS
  BEGIN
    DELETE FROM ZBOZI_DODAVATEL
     WHERE ID_ZBOZI = p_zbozi_id
       AND ID_UZIVATELU = p_dod_id;
  END;

END pkg_zbozi_dodavatel;

/
--------------------------------------------------------
--  DDL for Package Body PKG_ZPRAVA
--------------------------------------------------------

  CREATE OR REPLACE EDITIONABLE PACKAGE BODY "PKG_ZPRAVA" AS

  PROCEDURE find_first(p_sender_id IN NUMBER, p_receiver_id IN NUMBER, p_text IN CLOB, p_cursor OUT SYS_REFCURSOR) IS
  BEGIN
    OPEN p_cursor FOR
      SELECT z.ID_ZPRAVA,
             z.ODESILATEL_ID,
             z.PRIJIMAC_ID,
             z.ZPRAVA,
             z.DATUMZASILANI
        FROM ZPRAVA z
       WHERE z.ODESILATEL_ID = p_sender_id
         AND z.PRIJIMAC_ID = p_receiver_id
         AND ((p_text IS NULL AND z.ZPRAVA IS NULL) OR (p_text IS NOT NULL AND DBMS_LOB.compare(z.ZPRAVA, p_text) = 0))
         AND ROWNUM = 1;
  END find_first;

  PROCEDURE save_zprava(p_sender_id IN NUMBER, p_receiver_id IN NUMBER, p_text IN CLOB, p_datum IN DATE, p_out_id OUT NUMBER) IS
  BEGIN
    INSERT INTO ZPRAVA (ID_ZPRAVA, ODESILATEL_ID, PRIJIMAC_ID, ZPRAVA, DATUMZASILANI)
    VALUES (SEQ_ZPRAVA_ID.NEXTVAL, p_sender_id, p_receiver_id, p_text, NVL(p_datum, SYSDATE))
    RETURNING ID_ZPRAVA INTO p_out_id;
  END save_zprava;

  PROCEDURE list_top(p_limit IN NUMBER, p_cursor OUT SYS_REFCURSOR) IS
  BEGIN
    OPEN p_cursor FOR
      SELECT z.ID_ZPRAVA,
             z.ODESILATEL_ID, s.EMAIL AS S_EMAIL, s.JMENO AS S_JMENO, s.PRIJMENI AS S_PRIJMENI,
             z.PRIJIMAC_ID, r.EMAIL AS R_EMAIL, r.JMENO AS R_JMENO, r.PRIJMENI AS R_PRIJMENI,
             z.ZPRAVA,
             z.DATUMZASILANI
        FROM ZPRAVA z
        JOIN UZIVATEL s ON s.ID_UZIVATEL = z.ODESILATEL_ID
        JOIN UZIVATEL r ON r.ID_UZIVATEL = z.PRIJIMAC_ID
    ORDER BY z.DATUMZASILANI DESC;
  END list_top;

  PROCEDURE list_conversation(p_email1 IN VARCHAR2, p_email2 IN VARCHAR2, p_cursor OUT SYS_REFCURSOR) IS
  BEGIN
    OPEN p_cursor FOR
      SELECT z.ID_ZPRAVA,
             z.ODESILATEL_ID, s.EMAIL AS S_EMAIL, s.JMENO AS S_JMENO, s.PRIJMENI AS S_PRIJMENI,
             z.PRIJIMAC_ID, r.EMAIL AS R_EMAIL, r.JMENO AS R_JMENO, r.PRIJMENI AS R_PRIJMENI,
             z.ZPRAVA,
             z.DATUMZASILANI
        FROM ZPRAVA z
        JOIN UZIVATEL s ON s.ID_UZIVATEL = z.ODESILATEL_ID
        JOIN UZIVATEL r ON r.ID_UZIVATEL = z.PRIJIMAC_ID
       WHERE (LOWER(s.EMAIL) = LOWER(p_email1) AND LOWER(r.EMAIL) = LOWER(p_email2))
          OR (LOWER(s.EMAIL) = LOWER(p_email2) AND LOWER(r.EMAIL) = LOWER(p_email1))
    ORDER BY z.DATUMZASILANI DESC;
  END list_conversation;

  PROCEDURE update_zprava(p_id IN NUMBER, p_text IN CLOB, p_datum IN DATE) IS
  BEGIN
    UPDATE ZPRAVA
       SET ZPRAVA = p_text,
           DATUMZASILANI = NVL(p_datum, SYSDATE)
     WHERE ID_ZPRAVA = p_id;
    IF SQL%ROWCOUNT = 0 THEN
      RAISE_APPLICATION_ERROR(-20095, 'Zprava nebyla nalezena');
    END IF;
  END update_zprava;

  PROCEDURE delete_zprava(p_id IN NUMBER) IS
  BEGIN
    DELETE FROM ZPRAVA WHERE ID_ZPRAVA = p_id;
    IF SQL%ROWCOUNT = 0 THEN
      RAISE_APPLICATION_ERROR(-20096, 'Zprava nebyla nalezena');
    END IF;
  END delete_zprava;

END pkg_zprava;

/
--------------------------------------------------------
--  DDL for Function FN_BUILD_CISLO
--------------------------------------------------------

  CREATE OR REPLACE EDITIONABLE FUNCTION "FN_BUILD_CISLO" (p_id NUMBER, p_datum DATE)
RETURN VARCHAR2 IS
BEGIN
  IF p_id IS NULL THEN RETURN NULL; END IF;
  RETURN TO_CHAR(EXTRACT(YEAR FROM NVL(p_datum, SYSDATE)))
         || '-' || LPAD(MOD(p_id * 97 + 13, 1000000), 6, '0');
END;

/
--------------------------------------------------------
--  DDL for Function FN_CASHBACK_5ORDERS
--------------------------------------------------------

  CREATE OR REPLACE EDITIONABLE FUNCTION "FN_CASHBACK_5ORDERS" (
    p_user_id      IN NUMBER,
    p_min_orders   IN NUMBER DEFAULT 5,
    p_cooldown_d   IN NUMBER DEFAULT 7,
    p_out_turnover OUT NUMBER,
    p_out_cashback OUT NUMBER,
    p_out_balance  OUT NUMBER
) RETURN NUMBER IS
    v_ucet_id       UCET.ID_UCET%TYPE;
    v_last_cashback DATE;
    v_balance       UCET.ZUSTATEK%TYPE;
    v_cnt           NUMBER;
    v_sum           NUMBER;
    v_cashback      NUMBER;
    v_from          DATE;
BEGIN
    -- Najdi účet uživatele (unicita UCET.ID_UZIVATEL) a zamkni pro update
    SELECT ID_UCET, NVL(ZUSTATEK, 0)
      INTO v_ucet_id, v_balance
      FROM UCET
     WHERE ID_UZIVATEL = p_user_id
     FOR UPDATE;

    -- Datum posledního cashbacku čteme z pohybů
    SELECT MAX(DATUM_VYTVORENI)
      INTO v_last_cashback
      FROM POHYB_UCTU
     WHERE ID_UCET = v_ucet_id
       AND METODA = 'CASHBACK';

    IF v_last_cashback IS NOT NULL AND (SYSDATE - v_last_cashback) < p_cooldown_d THEN
      RETURN -2;
    END IF;

    v_from := NVL(v_last_cashback, SYSDATE - 365);

    SELECT COUNT(*), NVL(SUM(p.castka), 0)
      INTO v_cnt, v_sum
      FROM PLATBA p
      JOIN OBJEDNAVKA o ON o.ID_OBJEDNAVKA = p.ID_OBJEDNAVKA
     WHERE o.ID_UZIVATEL = p_user_id
       AND o.datum >= v_from
       AND p.castka > 0;

    IF v_cnt < p_min_orders THEN
      RETURN -1;
    END IF;

    -- 2 % z obratu, min 5 Kč, max 200 Kč
    v_cashback := LEAST(GREATEST(v_sum * 0.02, 5), 200);

    INSERT INTO POHYB_UCTU (ID_POHYB, ID_UCET, SMER, METODA, CASTKA, POZNAMKA, DATUM_VYTVORENI)
    VALUES (SEQ_POHYB_UCTU_ID.NEXTVAL, v_ucet_id, 'P', 'CASHBACK', v_cashback, 'Cashback za ' || v_cnt || ' objednávek', SYSDATE);

    UPDATE UCET
       SET ZUSTATEK = NVL(ZUSTATEK, 0) + v_cashback
     WHERE ID_UCET = v_ucet_id
     RETURNING ZUSTATEK INTO p_out_balance;

    p_out_turnover := v_sum;
    p_out_cashback := v_cashback;
    RETURN 0;

EXCEPTION
    WHEN NO_DATA_FOUND THEN
      RETURN -3;
    WHEN OTHERS THEN
      RAISE;
END fn_cashback_5orders;

/
--------------------------------------------------------
--  DDL for Function FN_NEXT_LOYALTY_CARD
--------------------------------------------------------

  CREATE OR REPLACE EDITIONABLE FUNCTION "FN_NEXT_LOYALTY_CARD" 
  RETURN VARCHAR2
IS
  v_card VARCHAR2(50);
BEGIN
  SELECT 'LTC' || LPAD(NVL(MAX(TO_NUMBER(REGEXP_SUBSTR(kartaVernosti, '[0-9]+$'))), 0) + 1, 5, '0')
    INTO v_card
    FROM ZAKAZNIK;
  RETURN v_card;
END;

/
--------------------------------------------------------
--  DDL for Function HODNOCENI_ZBOZI
--------------------------------------------------------

  CREATE OR REPLACE EDITIONABLE FUNCTION "HODNOCENI_ZBOZI" (
    p_id_zbozi INTEGER
) RETURN NUMBER
IS
    v_prodeje_zbozi NUMBER := 0;
    v_prodeje_total NUMBER := 0;
    v_mnozstvi NUMBER := 0;
    v_min NUMBER := 0;
    rating NUMBER := 0;
BEGIN
    --------------------------------------------------------------------
    -- Získáme počet prodaných kusů tohoto zboží
    --------------------------------------------------------------------
    SELECT NVL(SUM(pocet), 0)
    INTO v_prodeje_zbozi
    FROM OBJEDNAVKA_ZBOZI
    WHERE ID_Zbozi = p_id_zbozi;

    --------------------------------------------------------------------
    -- Získáme celkové množství všech prodejů
    --------------------------------------------------------------------
    SELECT NVL(SUM(pocet), 0)
    INTO v_prodeje_total
    FROM OBJEDNAVKA_ZBOZI;

    IF v_prodeje_total = 0 THEN
        RETURN 0;
    END IF;

    --------------------------------------------------------------------
    -- Získáme skladová data pro dané zboží
    --------------------------------------------------------------------
    SELECT mnozstvi, minMnozstvi
    INTO v_mnozstvi, v_min
    FROM ZBOZI
    WHERE ID_Zbozi = p_id_zbozi;

    --------------------------------------------------------------------
    -- Výpočet základního ratingu podle podílu na prodejích
    --------------------------------------------------------------------
    rating := (v_prodeje_zbozi / v_prodeje_total) * 100;

    --------------------------------------------------------------------
    -- Pokud je zboží pod minimálním množstvím, označíme jej jako "HOT"
    --------------------------------------------------------------------
    IF v_mnozstvi < v_min THEN
        rating := rating + 10;
    END IF;

    RETURN ROUND(rating, 2);
END;

/
--------------------------------------------------------
--  DDL for Function LAST_MESSAGE_SUMMARY
--------------------------------------------------------

  CREATE OR REPLACE EDITIONABLE FUNCTION "LAST_MESSAGE_SUMMARY" (
    p_user INTEGER
) RETURN VARCHAR2
IS
    v_sender_name VARCHAR2(255);
    v_time DATE;
    v_text CLOB;
    v_out VARCHAR2(4000);
BEGIN
    ----------------------------------------------------------------
    -- Nejnovější nepřečtená (po vlastní poslední odpovědi v dané konverzaci)
    ----------------------------------------------------------------
    WITH last_replies AS (
        SELECT prijimac_ID, MAX(datumZasilani) AS last_reply
        FROM ZPRAVA
        WHERE odesilatel_ID = p_user
        GROUP BY prijimac_ID
    ),
    unread AS (
        SELECT z.odesilatel_ID,
               z.datumZasilani,
               z.zprava,
               ROW_NUMBER() OVER (ORDER BY z.datumZasilani DESC) AS rn
        FROM ZPRAVA z
        LEFT JOIN last_replies lr ON lr.prijimac_ID = z.odesilatel_ID
        WHERE z.prijimac_ID = p_user
          AND z.odesilatel_ID <> p_user
          AND z.datumZasilani > NVL(lr.last_reply, DATE '1970-01-01')
    )
    SELECT COALESCE(
               TRIM(u.jmeno || ' ' || u.prijmeni),
               u.email,
               'ID ' || z.odesilatel_ID
           ),
           z.datumZasilani,
           z.zprava
    INTO v_sender_name, v_time, v_text
    FROM unread z
    LEFT JOIN UZIVATEL u ON u.ID_Uzivatel = z.odesilatel_ID
    WHERE z.rn = 1;

    v_out := TO_CHAR(v_time, 'YYYY-MM-DD HH24:MI') || ' | od ' || v_sender_name || ': ' || DBMS_LOB.SUBSTR(v_text, 200, 1);
    RETURN v_out;
EXCEPTION
    WHEN NO_DATA_FOUND THEN
        RETURN 'Žádné zprávy';
END;

/
--------------------------------------------------------
--  DDL for Function RIZIKO_SKLADU
--------------------------------------------------------

  CREATE OR REPLACE EDITIONABLE FUNCTION "RIZIKO_SKLADU" (
    p_id_sklad INTEGER
) RETURN VARCHAR2
IS
    v_total NUMBER := 0;
    v_low NUMBER := 0;
    ratio NUMBER := 0;
BEGIN
    --------------------------------------------------------------------
    -- Celkový počet položek ve skladu
    --------------------------------------------------------------------
    SELECT COUNT(*) INTO v_total
    FROM ZBOZI
    WHERE SKLAD_ID_Sklad = p_id_sklad;

    IF v_total = 0 THEN
        RETURN 'CRITICAL';
    END IF;

    --------------------------------------------------------------------
    -- Počet položek pod minimálním množstvím
    --------------------------------------------------------------------
    SELECT COUNT(*)
    INTO v_low
    FROM ZBOZI
    WHERE SKLAD_ID_Sklad = p_id_sklad
      AND mnozstvi < minMnozstvi;

    ratio := (v_low / v_total) * 100;

    --------------------------------------------------------------------
    -- Klasifikace rizikovosti
    --------------------------------------------------------------------
    IF ratio >= 20 THEN
        RETURN 'CRITICAL';
    ELSIF ratio >= 10 THEN
        RETURN 'HIGH RISK';
    ELSIF ratio >= 5 THEN
        RETURN 'MEDIUM RISK';
    ELSE
        RETURN 'LOW RISK';
    END IF;
END;

/
--------------------------------------------------------
--  DDL for Function TREND_KATEGORIE
--------------------------------------------------------

  CREATE OR REPLACE EDITIONABLE FUNCTION "TREND_KATEGORIE" (
    p_id_kategorie INTEGER
) RETURN VARCHAR2
IS
    v_last30 NUMBER := 0;
    v_prev30 NUMBER := 0;
    trend NUMBER := 0;
BEGIN
    --------------------------------------------------------------------
    -- Prodeje za posledních 30 dní
    --------------------------------------------------------------------
    SELECT NVL(SUM(oz.pocet), 0)
    INTO v_last30
    FROM OBJEDNAVKA_ZBOZI oz
    JOIN ZBOZI z ON z.ID_Zbozi = oz.ID_Zbozi
    JOIN OBJEDNAVKA o ON o.ID_Objednavka = oz.ID_Objednavka
    WHERE z.ID_Kategorie = p_id_kategorie
      AND o.datum >= SYSDATE - 30;

    --------------------------------------------------------------------
    -- Prodeje za předchozích 30 dní
    --------------------------------------------------------------------
    SELECT NVL(SUM(oz.pocet), 0)
    INTO v_prev30
    FROM OBJEDNAVKA_ZBOZI oz
    JOIN ZBOZI z ON z.ID_Zbozi = oz.ID_Zbozi
    JOIN OBJEDNAVKA o ON o.ID_Objednavka = oz.ID_Objednavka
    WHERE z.ID_Kategorie = p_id_kategorie
      AND o.datum BETWEEN SYSDATE - 60 AND SYSDATE - 31;

    --------------------------------------------------------------------
    -- Pokud nejsou žádná data, jedná se o mrtvou kategorii
    --------------------------------------------------------------------
    IF v_last30 = 0 AND v_prev30 = 0 THEN
        RETURN 'DEAD';
    END IF;

    --------------------------------------------------------------------
    -- Výpočet růstu v procentech
    --------------------------------------------------------------------
    IF v_prev30 = 0 THEN
        trend := 100;
    ELSE
        trend := ((v_last30 - v_prev30) / v_prev30) * 100;
    END IF;

    --------------------------------------------------------------------
    -- Klasifikace podle hodnoty trendu
    --------------------------------------------------------------------
    IF trend >= 50 THEN
        RETURN 'HOT';
    ELSIF trend >= 10 THEN
        RETURN 'RISING';
    ELSIF trend > -10 THEN
        RETURN 'STABLE';
    ELSIF trend > -50 THEN
        RETURN 'FALLING';
    ELSE
        RETURN 'DEAD';
    END IF;
END;

/
--------------------------------------------------------
--  DDL for Function TYP_ZAKAZNIKA
--------------------------------------------------------

  CREATE OR REPLACE EDITIONABLE FUNCTION "TYP_ZAKAZNIKA" (
    p_id_uziv INTEGER
) RETURN VARCHAR2
IS
    v_pocet NUMBER := 0;
BEGIN
    --------------------------------------------------------------------
    -- Získáme počet objednávek daného zákazníka
    --------------------------------------------------------------------
    SELECT COUNT(*)
    INTO v_pocet
    FROM OBJEDNAVKA
    WHERE ID_Uzivatel = p_id_uziv;

    --------------------------------------------------------------------
    -- Klasifikace zákazníka podle počtu objednávek
    --------------------------------------------------------------------
    IF v_pocet > 20 THEN
        RETURN 'Platinum';
    ELSIF v_pocet >= 5 THEN
        RETURN 'Gold';
    ELSIF v_pocet >= 2 THEN
        RETURN 'Silver';
    ELSE
        RETURN 'Bronze';
    END IF;
END;

/
--------------------------------------------------------
--  DDL for Function UNREAD_MESSAGES
--------------------------------------------------------

  CREATE OR REPLACE EDITIONABLE FUNCTION "UNREAD_MESSAGES" (
    p_user INTEGER,
    p_from_user INTEGER DEFAULT NULL
) RETURN NUMBER
IS
    v_last_sent DATE := DATE '1970-01-01';
    v_unread NUMBER := 0;
BEGIN
    --------------------------------------------------------------------
    -- Pokud je zadán konkrétní odesílatel, počítáme unread pro danou dvojici.
    -- Jinak počítáme součet nepřečtených po poslední odpovědi pro KAŽDÉHO odesílatele.
    --------------------------------------------------------------------
    IF p_from_user IS NOT NULL THEN
        SELECT NVL(MAX(datumZasilani), DATE '1970-01-01')
        INTO v_last_sent
        FROM ZPRAVA
        WHERE odesilatel_ID = p_user
          AND prijimac_ID = p_from_user;

        SELECT COUNT(*)
        INTO v_unread
        FROM ZPRAVA
        WHERE prijimac_ID = p_user
          AND odesilatel_ID = p_from_user
          AND datumZasilani > v_last_sent;
    ELSE
        SELECT COUNT(*)
        INTO v_unread
        FROM ZPRAVA z
        WHERE z.prijimac_ID = p_user
          AND z.odesilatel_ID <> p_user
          AND z.datumZasilani > NVL((
                SELECT MAX(resp.datumZasilani)
                FROM ZPRAVA resp
                WHERE resp.odesilatel_ID = p_user
                  AND resp.prijimac_ID = z.odesilatel_ID
            ), DATE '1970-01-01');
    END IF;

    RETURN v_unread;
END;

/
--------------------------------------------------------
--  DDL for Function VYPOCET_ZISKU_SUPERMARKETU
--------------------------------------------------------

  CREATE OR REPLACE EDITIONABLE FUNCTION "VYPOCET_ZISKU_SUPERMARKETU" (
    p_id_supermarket INTEGER
) RETURN NUMBER
IS
    v_prijem NUMBER := 0;
    v_naklady NUMBER := 0;
BEGIN
    --------------------------------------------------------------------
    -- Výpočet příjmů z prodejů
    --------------------------------------------------------------------
    SELECT NVL(SUM(z.cena * oz.pocet), 0)
    INTO v_prijem
    FROM OBJEDNAVKA_ZBOZI oz
    JOIN OBJEDNAVKA o ON o.ID_Objednavka = oz.ID_Objednavka
    JOIN ZBOZI z ON z.ID_Zbozi = oz.ID_Zbozi
    WHERE o.ID_Supermarket = p_id_supermarket;

    --------------------------------------------------------------------
    -- Výpočet nákladů podle kategorie zboží
    --------------------------------------------------------------------
    SELECT NVL(SUM(
        CASE
            WHEN k.nazev LIKE '%maso%' OR k.nazev LIKE '%chlaz%' 
                THEN (z.cena * 0.5 + z.mnozstvi * 0.3)
            WHEN k.nazev LIKE '%napoj%' OR k.nazev LIKE '%voda%' 
                THEN (z.cena * 0.3 + z.mnozstvi * 0.2)
            ELSE (z.cena * 0.2 + z.mnozstvi * 0.1)
        END
    ), 0)
    INTO v_naklady
    FROM ZBOZI z
    JOIN Kategorie_zbozi k ON k.ID_Kategorie = z.ID_Kategorie
    JOIN SKLAD s ON s.ID_Sklad = z.SKLAD_ID_Sklad
    WHERE s.ID_Supermarket = p_id_supermarket;

    RETURN ROUND(v_prijem - v_naklady, 2);
END;

/
--------------------------------------------------------
--  DDL for Function FN_BUILD_CISLO
--------------------------------------------------------

  CREATE OR REPLACE EDITIONABLE FUNCTION "FN_BUILD_CISLO" (p_id NUMBER, p_datum DATE)
RETURN VARCHAR2 IS
BEGIN
  IF p_id IS NULL THEN RETURN NULL; END IF;
  RETURN TO_CHAR(EXTRACT(YEAR FROM NVL(p_datum, SYSDATE)))
         || '-' || LPAD(MOD(p_id * 97 + 13, 1000000), 6, '0');
END;

/
--------------------------------------------------------
--  DDL for Synonymn DUAL
--------------------------------------------------------

  CREATE OR REPLACE NONEDITIONABLE PUBLIC SYNONYM "DUAL" FOR "DUAL";
--------------------------------------------------------
--  DDL for Synonymn UTL_ENCODE
--------------------------------------------------------

  CREATE OR REPLACE NONEDITIONABLE PUBLIC SYNONYM "UTL_ENCODE" FOR "UTL_ENCODE";
--------------------------------------------------------
--  DDL for Synonymn UTL_RAW
--------------------------------------------------------

  CREATE OR REPLACE NONEDITIONABLE PUBLIC SYNONYM "UTL_RAW" FOR "UTL_RAW";
--------------------------------------------------------
--  DDL for Synonymn DBMS_LOB
--------------------------------------------------------

  CREATE OR REPLACE NONEDITIONABLE PUBLIC SYNONYM "DBMS_LOB" FOR "DBMS_LOB";
--------------------------------------------------------
--  DDL for Synonymn UTL_I18N
--------------------------------------------------------

  CREATE OR REPLACE NONEDITIONABLE PUBLIC SYNONYM "UTL_I18N" FOR "UTL_I18N";
--------------------------------------------------------
--  DDL for Synonymn DBMS_METADATA
--------------------------------------------------------

  CREATE OR REPLACE NONEDITIONABLE PUBLIC SYNONYM "DBMS_METADATA" FOR "DBMS_METADATA";
--------------------------------------------------------
--  DDL for Synonymn USER_OBJECTS
--------------------------------------------------------

  CREATE OR REPLACE NONEDITIONABLE PUBLIC SYNONYM "USER_OBJECTS" FOR "USER_OBJECTS";
--------------------------------------------------------
--  DDL for Synonymn PLITBLM
--------------------------------------------------------

  CREATE OR REPLACE NONEDITIONABLE PUBLIC SYNONYM "PLITBLM" FOR "PLITBLM";
--------------------------------------------------------
--  Constraints for Table ADRESA
--------------------------------------------------------

  ALTER TABLE "ADRESA" ADD CONSTRAINT "ADRESA_PK" PRIMARY KEY ("ID_ADRESA")
  USING INDEX  ENABLE;
  ALTER TABLE "ADRESA" MODIFY ("ID_ADRESA" NOT NULL ENABLE);
  ALTER TABLE "ADRESA" MODIFY ("ULICE" NOT NULL ENABLE);
  ALTER TABLE "ADRESA" MODIFY ("CISLOPOPISNE" NOT NULL ENABLE);
  ALTER TABLE "ADRESA" MODIFY ("MESTO_PSC" NOT NULL ENABLE);
  ALTER TABLE "ADRESA" MODIFY ("CISLOORIENTACNI" NOT NULL ENABLE);
--------------------------------------------------------
--  Constraints for Table APP_ROLE
--------------------------------------------------------

  ALTER TABLE "APP_ROLE" ADD CONSTRAINT "APP_ROLE_NAZEV_UN" UNIQUE ("NAZEV")
  USING INDEX  ENABLE;
  ALTER TABLE "APP_ROLE" ADD CONSTRAINT "APP_ROLE_PK" PRIMARY KEY ("ID_ROLE")
  USING INDEX  ENABLE;
  ALTER TABLE "APP_ROLE" MODIFY ("ID_ROLE" NOT NULL ENABLE);
  ALTER TABLE "APP_ROLE" MODIFY ("NAZEV" NOT NULL ENABLE);
--------------------------------------------------------
--  Constraints for Table APP_ROLE_PRAVO
--------------------------------------------------------

  ALTER TABLE "APP_ROLE_PRAVO" ADD CONSTRAINT "APP_ROLE_PRAVO_PK" PRIMARY KEY ("ID_PRAVO", "ID_ROLE")
  USING INDEX  ENABLE;
  ALTER TABLE "APP_ROLE_PRAVO" MODIFY ("ID_PRAVO" NOT NULL ENABLE);
  ALTER TABLE "APP_ROLE_PRAVO" MODIFY ("ID_ROLE" NOT NULL ENABLE);
--------------------------------------------------------
--  Constraints for Table ARCHIV
--------------------------------------------------------

  ALTER TABLE "ARCHIV" ADD CONSTRAINT "ARCHIV_PK" PRIMARY KEY ("ID_ARCHIV")
  USING INDEX  ENABLE;
  ALTER TABLE "ARCHIV" MODIFY ("ID_ARCHIV" NOT NULL ENABLE);
  ALTER TABLE "ARCHIV" MODIFY ("NAZEV" NOT NULL ENABLE);
--------------------------------------------------------
--  Constraints for Table DODAVATEL
--------------------------------------------------------

  ALTER TABLE "DODAVATEL" ADD CONSTRAINT "DODAVATEL_FIRMA_UN" UNIQUE ("FIRMA")
  USING INDEX  ENABLE;
  ALTER TABLE "DODAVATEL" ADD CONSTRAINT "DODAVATEL_PK" PRIMARY KEY ("ID_UZIVATELU")
  USING INDEX  ENABLE;
  ALTER TABLE "DODAVATEL" MODIFY ("ID_UZIVATELU" NOT NULL ENABLE);
  ALTER TABLE "DODAVATEL" MODIFY ("FIRMA" NOT NULL ENABLE);
--------------------------------------------------------
--  Constraints for Table HOTOVOST
--------------------------------------------------------

  ALTER TABLE "HOTOVOST" ADD CONSTRAINT "HOTOVOST_PK" PRIMARY KEY ("ID_PLATBA")
  USING INDEX  ENABLE;
  ALTER TABLE "HOTOVOST" MODIFY ("ID_PLATBA" NOT NULL ENABLE);
  ALTER TABLE "HOTOVOST" MODIFY ("PRIJATO" NOT NULL ENABLE);
  ALTER TABLE "HOTOVOST" MODIFY ("VRACENO" NOT NULL ENABLE);
--------------------------------------------------------
--  Constraints for Table KARTA
--------------------------------------------------------

  ALTER TABLE "KARTA" ADD CONSTRAINT "KARTA_PK" PRIMARY KEY ("ID_PLATBA")
  USING INDEX  ENABLE;
  ALTER TABLE "KARTA" MODIFY ("ID_PLATBA" NOT NULL ENABLE);
  ALTER TABLE "KARTA" MODIFY ("CISLOKARTY" NOT NULL ENABLE);
--------------------------------------------------------
--  Constraints for Table KATEGORIE_ZBOZI
--------------------------------------------------------

  ALTER TABLE "KATEGORIE_ZBOZI" ADD CONSTRAINT "KATEGORIE_ZBOZI_NAZEV_UN" UNIQUE ("NAZEV")
  USING INDEX  ENABLE;
  ALTER TABLE "KATEGORIE_ZBOZI" ADD CONSTRAINT "KATEGORIE_ZBOZI_PK" PRIMARY KEY ("ID_KATEGORIE")
  USING INDEX  ENABLE;
  ALTER TABLE "KATEGORIE_ZBOZI" MODIFY ("ID_KATEGORIE" NOT NULL ENABLE);
  ALTER TABLE "KATEGORIE_ZBOZI" MODIFY ("NAZEV" NOT NULL ENABLE);
--------------------------------------------------------
--  Constraints for Table LOG
--------------------------------------------------------

  ALTER TABLE "LOG" ADD CONSTRAINT "CK_LOG_OPERACE" CHECK (operace IN ('I','U','D')) ENABLE;
  ALTER TABLE "LOG" ADD CONSTRAINT "LOG_PK" PRIMARY KEY ("ID_LOG")
  USING INDEX  ENABLE;
  ALTER TABLE "LOG" MODIFY ("ID_LOG" NOT NULL ENABLE);
  ALTER TABLE "LOG" MODIFY ("TABULKANAZEV" NOT NULL ENABLE);
  ALTER TABLE "LOG" MODIFY ("OPERACE" NOT NULL ENABLE);
  ALTER TABLE "LOG" MODIFY ("DATUMZMENY" NOT NULL ENABLE);
  ALTER TABLE "LOG" MODIFY ("IDREKORD" NOT NULL ENABLE);
  ALTER TABLE "LOG" MODIFY ("ID_ARCHIV" NOT NULL ENABLE);
--------------------------------------------------------
--  Constraints for Table MESTO
--------------------------------------------------------

  ALTER TABLE "MESTO" ADD CONSTRAINT "MESTO_PK" PRIMARY KEY ("PSC")
  USING INDEX  ENABLE;
  ALTER TABLE "MESTO" MODIFY ("PSC" NOT NULL ENABLE);
  ALTER TABLE "MESTO" MODIFY ("NAZEV" NOT NULL ENABLE);
  ALTER TABLE "MESTO" MODIFY ("KRAJ" NOT NULL ENABLE);
--------------------------------------------------------
--  Constraints for Table NOTIFIKACE
--------------------------------------------------------

  ALTER TABLE "NOTIFIKACE" ADD CONSTRAINT "NOTIFIKACE_PK" PRIMARY KEY ("ID_NOTIFIKACE", "ID_ZPRAVA")
  USING INDEX  ENABLE;
  ALTER TABLE "NOTIFIKACE" MODIFY ("ID_NOTIFIKACE" NOT NULL ENABLE);
  ALTER TABLE "NOTIFIKACE" MODIFY ("AUTHTOKEN" NOT NULL ENABLE);
  ALTER TABLE "NOTIFIKACE" MODIFY ("ENDPOINT" NOT NULL ENABLE);
  ALTER TABLE "NOTIFIKACE" MODIFY ("P256DH" NOT NULL ENABLE);
  ALTER TABLE "NOTIFIKACE" MODIFY ("ADRESAT" NOT NULL ENABLE);
  ALTER TABLE "NOTIFIKACE" MODIFY ("ID_ZPRAVA" NOT NULL ENABLE);
--------------------------------------------------------
--  Constraints for Table OBJEDNAVKA
--------------------------------------------------------

  ALTER TABLE "OBJEDNAVKA" ADD CONSTRAINT "OBJEDNAVKA_PK" PRIMARY KEY ("ID_OBJEDNAVKA")
  USING INDEX  ENABLE;
  ALTER TABLE "OBJEDNAVKA" MODIFY ("ID_OBJEDNAVKA" NOT NULL ENABLE);
  ALTER TABLE "OBJEDNAVKA" MODIFY ("DATUM" NOT NULL ENABLE);
  ALTER TABLE "OBJEDNAVKA" MODIFY ("ID_STATUS" NOT NULL ENABLE);
  ALTER TABLE "OBJEDNAVKA" MODIFY ("TYP_OBJEDNAVKA" NOT NULL ENABLE);
  ALTER TABLE "OBJEDNAVKA" MODIFY ("ID_UZIVATEL" NOT NULL ENABLE);
  ALTER TABLE "OBJEDNAVKA" MODIFY ("ID_SUPERMARKET" NOT NULL ENABLE);
  ALTER TABLE "OBJEDNAVKA" MODIFY ("CISLO" NOT NULL ENABLE);
--------------------------------------------------------
--  Constraints for Table OBJEDNAVKA_ZBOZI
--------------------------------------------------------

  ALTER TABLE "OBJEDNAVKA_ZBOZI" ADD CONSTRAINT "OBJEDNAVKA_ZBOZI_PK" PRIMARY KEY ("ID_OBJEDNAVKA", "ID_ZBOZI")
  USING INDEX  ENABLE;
  ALTER TABLE "OBJEDNAVKA_ZBOZI" MODIFY ("POCET" NOT NULL ENABLE);
  ALTER TABLE "OBJEDNAVKA_ZBOZI" MODIFY ("ID_OBJEDNAVKA" NOT NULL ENABLE);
  ALTER TABLE "OBJEDNAVKA_ZBOZI" MODIFY ("ID_ZBOZI" NOT NULL ENABLE);
--------------------------------------------------------
--  Constraints for Table PLATBA
--------------------------------------------------------

  ALTER TABLE "PLATBA" ADD CONSTRAINT "CK_PLATBA_TYP" CHECK ("PLATBATYP" IN ('H','K','U')) ENABLE;
  ALTER TABLE "PLATBA" ADD CONSTRAINT "PLATBA_PK" PRIMARY KEY ("ID_PLATBA")
  USING INDEX  ENABLE;
  ALTER TABLE "PLATBA" MODIFY ("ID_PLATBA" NOT NULL ENABLE);
  ALTER TABLE "PLATBA" MODIFY ("CASTKA" NOT NULL ENABLE);
  ALTER TABLE "PLATBA" MODIFY ("DATUM" NOT NULL ENABLE);
  ALTER TABLE "PLATBA" MODIFY ("ID_OBJEDNAVKA" NOT NULL ENABLE);
  ALTER TABLE "PLATBA" MODIFY ("PLATBATYP" NOT NULL ENABLE);
--------------------------------------------------------
--  Constraints for Table POHYB_UCTU
--------------------------------------------------------

  ALTER TABLE "POHYB_UCTU" ADD CONSTRAINT "CK_PU_CASTKA_POS" CHECK ("CASTKA" > 0) ENABLE;
  ALTER TABLE "POHYB_UCTU" ADD CONSTRAINT "CK_PU_METODA" CHECK ("METODA" IN ('KARTA','HOTOVOST','OBJEDNAVKA','REFUND')) ENABLE;
  ALTER TABLE "POHYB_UCTU" ADD CONSTRAINT "CK_PU_SMER" CHECK ("SMER" IN ('P','D')) ENABLE;
  ALTER TABLE "POHYB_UCTU" ADD CONSTRAINT "POHYB_UCTU_PK" PRIMARY KEY ("ID_POHYB")
  USING INDEX  ENABLE;
  ALTER TABLE "POHYB_UCTU" MODIFY ("ID_UCET" NOT NULL ENABLE);
  ALTER TABLE "POHYB_UCTU" MODIFY ("SMER" NOT NULL ENABLE);
  ALTER TABLE "POHYB_UCTU" MODIFY ("METODA" NOT NULL ENABLE);
  ALTER TABLE "POHYB_UCTU" MODIFY ("CASTKA" NOT NULL ENABLE);
  ALTER TABLE "POHYB_UCTU" MODIFY ("DATUM_VYTVORENI" NOT NULL ENABLE);
--------------------------------------------------------
--  Constraints for Table PRAVO
--------------------------------------------------------

  ALTER TABLE "PRAVO" ADD CONSTRAINT "PRAVO_KOD_UN" UNIQUE ("KOD")
  USING INDEX  ENABLE;
  ALTER TABLE "PRAVO" ADD CONSTRAINT "PRAVO_PK" PRIMARY KEY ("ID_PRAVO")
  USING INDEX  ENABLE;
  ALTER TABLE "PRAVO" MODIFY ("ID_PRAVO" NOT NULL ENABLE);
  ALTER TABLE "PRAVO" MODIFY ("NAZEV" NOT NULL ENABLE);
  ALTER TABLE "PRAVO" MODIFY ("KOD" NOT NULL ENABLE);
--------------------------------------------------------
--  Constraints for Table SKLAD
--------------------------------------------------------

  ALTER TABLE "SKLAD" ADD CONSTRAINT "SKLAD_NAZEV_UN" UNIQUE ("NAZEV")
  USING INDEX  ENABLE;
  ALTER TABLE "SKLAD" ADD CONSTRAINT "SKLAD_PK" PRIMARY KEY ("ID_SKLAD")
  USING INDEX  ENABLE;
  ALTER TABLE "SKLAD" MODIFY ("ID_SKLAD" NOT NULL ENABLE);
  ALTER TABLE "SKLAD" MODIFY ("NAZEV" NOT NULL ENABLE);
  ALTER TABLE "SKLAD" MODIFY ("KAPACITA" NOT NULL ENABLE);
  ALTER TABLE "SKLAD" MODIFY ("TELEFONNICISLO" NOT NULL ENABLE);
  ALTER TABLE "SKLAD" MODIFY ("ID_SUPERMARKET" NOT NULL ENABLE);
--------------------------------------------------------
--  Constraints for Table SOUBOR
--------------------------------------------------------

  ALTER TABLE "SOUBOR" ADD CONSTRAINT "SOUBOR_PK" PRIMARY KEY ("ID_SOUBOR")
  USING INDEX  ENABLE;
  ALTER TABLE "SOUBOR" MODIFY ("ID_SOUBOR" NOT NULL ENABLE);
  ALTER TABLE "SOUBOR" MODIFY ("NAZEV" NOT NULL ENABLE);
  ALTER TABLE "SOUBOR" MODIFY ("TYP" NOT NULL ENABLE);
  ALTER TABLE "SOUBOR" MODIFY ("PRIPONA" NOT NULL ENABLE);
  ALTER TABLE "SOUBOR" MODIFY ("OBSAH" NOT NULL ENABLE);
  ALTER TABLE "SOUBOR" MODIFY ("DATUMNAHRANI" NOT NULL ENABLE);
  ALTER TABLE "SOUBOR" MODIFY ("DATUMMODIFIKACE" NOT NULL ENABLE);
  ALTER TABLE "SOUBOR" MODIFY ("ID_UZIVATELU" NOT NULL ENABLE);
  ALTER TABLE "SOUBOR" MODIFY ("ID_ARCHIV" NOT NULL ENABLE);
--------------------------------------------------------
--  Constraints for Table STATUS
--------------------------------------------------------

  ALTER TABLE "STATUS" ADD CONSTRAINT "STATUS_PK" PRIMARY KEY ("ID_STATUS")
  USING INDEX  ENABLE;
  ALTER TABLE "STATUS" MODIFY ("ID_STATUS" NOT NULL ENABLE);
  ALTER TABLE "STATUS" MODIFY ("NAZEV" NOT NULL ENABLE);
--------------------------------------------------------
--  Constraints for Table SUPERMARKET
--------------------------------------------------------

  ALTER TABLE "SUPERMARKET" ADD CONSTRAINT "SUPERMARKET_NAZEV_UN" UNIQUE ("NAZEV")
  USING INDEX  ENABLE;
  ALTER TABLE "SUPERMARKET" ADD CONSTRAINT "SUPERMARKET_PK" PRIMARY KEY ("ID_SUPERMARKET")
  USING INDEX  ENABLE;
  ALTER TABLE "SUPERMARKET" MODIFY ("ID_SUPERMARKET" NOT NULL ENABLE);
  ALTER TABLE "SUPERMARKET" MODIFY ("NAZEV" NOT NULL ENABLE);
  ALTER TABLE "SUPERMARKET" MODIFY ("TELEFON" NOT NULL ENABLE);
  ALTER TABLE "SUPERMARKET" MODIFY ("EMAIL" NOT NULL ENABLE);
  ALTER TABLE "SUPERMARKET" MODIFY ("ID_ADRESA" NOT NULL ENABLE);
--------------------------------------------------------
--  Constraints for Table UCET
--------------------------------------------------------

  ALTER TABLE "UCET" MODIFY ("ID_UZIVATEL" NOT NULL ENABLE);
  ALTER TABLE "UCET" MODIFY ("ZUSTATEK" NOT NULL ENABLE);
  ALTER TABLE "UCET" MODIFY ("DATUM_VYTVORENI" NOT NULL ENABLE);
  ALTER TABLE "UCET" ADD CONSTRAINT "UCET_PK" PRIMARY KEY ("ID_UCET")
  USING INDEX  ENABLE;
  ALTER TABLE "UCET" ADD CONSTRAINT "UCET_UZIVATEL_UQ" UNIQUE ("ID_UZIVATEL")
  USING INDEX  ENABLE;
--------------------------------------------------------
--  Constraints for Table UZIVATEL
--------------------------------------------------------

  ALTER TABLE "UZIVATEL" MODIFY ("ID_UZIVATEL" NOT NULL ENABLE);
  ALTER TABLE "UZIVATEL" MODIFY ("JMENO" NOT NULL ENABLE);
  ALTER TABLE "UZIVATEL" MODIFY ("PRIJMENI" NOT NULL ENABLE);
  ALTER TABLE "UZIVATEL" MODIFY ("EMAIL" NOT NULL ENABLE);
  ALTER TABLE "UZIVATEL" MODIFY ("HESLO" NOT NULL ENABLE);
  ALTER TABLE "UZIVATEL" MODIFY ("TELEFONNICISLO" NOT NULL ENABLE);
  ALTER TABLE "UZIVATEL" ADD CONSTRAINT "UZIVATEL_EMAIL_UN" UNIQUE ("EMAIL")
  USING INDEX  ENABLE;
  ALTER TABLE "UZIVATEL" ADD CONSTRAINT "UZIVATEL_PK" PRIMARY KEY ("ID_UZIVATEL")
  USING INDEX  ENABLE;
  ALTER TABLE "UZIVATEL" ADD CONSTRAINT "UZIVATEL_TELEFONNICISLO_UN" UNIQUE ("TELEFONNICISLO")
  USING INDEX  ENABLE;
--------------------------------------------------------
--  Constraints for Table ZAKAZNIK
--------------------------------------------------------

  ALTER TABLE "ZAKAZNIK" MODIFY ("ID_UZIVATELU" NOT NULL ENABLE);
  ALTER TABLE "ZAKAZNIK" ADD CONSTRAINT "ZAKAZNIK_KARTAVERNOSTI_UN" UNIQUE ("KARTAVERNOSTI")
  USING INDEX  ENABLE;
  ALTER TABLE "ZAKAZNIK" ADD CONSTRAINT "ZAKAZNIK_PK" PRIMARY KEY ("ID_UZIVATELU")
  USING INDEX  ENABLE;
--------------------------------------------------------
--  Constraints for Table ZAMESTNANEC
--------------------------------------------------------

  ALTER TABLE "ZAMESTNANEC" MODIFY ("ID_UZIVATELU" NOT NULL ENABLE);
  ALTER TABLE "ZAMESTNANEC" MODIFY ("MZDA" NOT NULL ENABLE);
  ALTER TABLE "ZAMESTNANEC" MODIFY ("DATUMNASTUPA" NOT NULL ENABLE);
  ALTER TABLE "ZAMESTNANEC" MODIFY ("POZICE" NOT NULL ENABLE);
  ALTER TABLE "ZAMESTNANEC" ADD CONSTRAINT "ZAMESTNANEC_PK" PRIMARY KEY ("ID_UZIVATELU")
  USING INDEX  ENABLE;
--------------------------------------------------------
--  Constraints for Table ZBOZI
--------------------------------------------------------

  ALTER TABLE "ZBOZI" MODIFY ("ID_ZBOZI" NOT NULL ENABLE);
  ALTER TABLE "ZBOZI" MODIFY ("NAZEV" NOT NULL ENABLE);
  ALTER TABLE "ZBOZI" MODIFY ("CENA" NOT NULL ENABLE);
  ALTER TABLE "ZBOZI" MODIFY ("MNOZSTVI" NOT NULL ENABLE);
  ALTER TABLE "ZBOZI" MODIFY ("MINMNOZSTVI" NOT NULL ENABLE);
  ALTER TABLE "ZBOZI" MODIFY ("SKLAD_ID_SKLAD" NOT NULL ENABLE);
  ALTER TABLE "ZBOZI" MODIFY ("ID_KATEGORIE" NOT NULL ENABLE);
  ALTER TABLE "ZBOZI" ADD CONSTRAINT "UQ_ZBOZI_SKLAD" UNIQUE ("NAZEV", "SKLAD_ID_SKLAD")
  USING INDEX  ENABLE;
  ALTER TABLE "ZBOZI" ADD CONSTRAINT "ZBOZI_PK" PRIMARY KEY ("ID_ZBOZI")
  USING INDEX  ENABLE;
--------------------------------------------------------
--  Constraints for Table ZBOZI_DODAVATEL
--------------------------------------------------------

  ALTER TABLE "ZBOZI_DODAVATEL" MODIFY ("ID_UZIVATELU" NOT NULL ENABLE);
  ALTER TABLE "ZBOZI_DODAVATEL" MODIFY ("ID_ZBOZI" NOT NULL ENABLE);
  ALTER TABLE "ZBOZI_DODAVATEL" ADD CONSTRAINT "ZBOZI_DODAVATEL_PK" PRIMARY KEY ("ID_UZIVATELU", "ID_ZBOZI")
  USING INDEX  ENABLE;
--------------------------------------------------------
--  Constraints for Table ZPRAVA
--------------------------------------------------------

  ALTER TABLE "ZPRAVA" MODIFY ("ID_ZPRAVA" NOT NULL ENABLE);
  ALTER TABLE "ZPRAVA" MODIFY ("ZPRAVA" NOT NULL ENABLE);
  ALTER TABLE "ZPRAVA" MODIFY ("DATUMZASILANI" NOT NULL ENABLE);
  ALTER TABLE "ZPRAVA" MODIFY ("PRIJIMAC_ID" NOT NULL ENABLE);
  ALTER TABLE "ZPRAVA" MODIFY ("ODESILATEL_ID" NOT NULL ENABLE);
  ALTER TABLE "ZPRAVA" ADD CONSTRAINT "ZPRAVA_PK" PRIMARY KEY ("ID_ZPRAVA")
  USING INDEX  ENABLE;
--------------------------------------------------------
--  Ref Constraints for Table ADRESA
--------------------------------------------------------

  ALTER TABLE "ADRESA" ADD CONSTRAINT "ADRESA_MESTO_FK" FOREIGN KEY ("MESTO_PSC")
	  REFERENCES "MESTO" ("PSC") ENABLE;
--------------------------------------------------------
--  Ref Constraints for Table APP_ROLE_PRAVO
--------------------------------------------------------

  ALTER TABLE "APP_ROLE_PRAVO" ADD CONSTRAINT "APP_ROLE_PRAVO_FK" FOREIGN KEY ("ID_PRAVO")
	  REFERENCES "PRAVO" ("ID_PRAVO") ENABLE;
  ALTER TABLE "APP_ROLE_PRAVO" ADD CONSTRAINT "PRAVO_APP_ROLE_FK" FOREIGN KEY ("ID_ROLE")
	  REFERENCES "APP_ROLE" ("ID_ROLE") ENABLE;
--------------------------------------------------------
--  Ref Constraints for Table ARCHIV
--------------------------------------------------------

  ALTER TABLE "ARCHIV" ADD CONSTRAINT "ARCHIV_PARENT_FK" FOREIGN KEY ("PARENT_ID")
	  REFERENCES "ARCHIV" ("ID_ARCHIV") ENABLE;
--------------------------------------------------------
--  Ref Constraints for Table DODAVATEL
--------------------------------------------------------

  ALTER TABLE "DODAVATEL" ADD CONSTRAINT "DODAVATEL_UZIVATEL_FK" FOREIGN KEY ("ID_UZIVATELU")
	  REFERENCES "UZIVATEL" ("ID_UZIVATEL") ENABLE;
--------------------------------------------------------
--  Ref Constraints for Table HOTOVOST
--------------------------------------------------------

  ALTER TABLE "HOTOVOST" ADD CONSTRAINT "HOTOVOST_PLATBA_FK" FOREIGN KEY ("ID_PLATBA")
	  REFERENCES "PLATBA" ("ID_PLATBA") ENABLE;
--------------------------------------------------------
--  Ref Constraints for Table KARTA
--------------------------------------------------------

  ALTER TABLE "KARTA" ADD CONSTRAINT "KARTA_PLATBA_FK" FOREIGN KEY ("ID_PLATBA")
	  REFERENCES "PLATBA" ("ID_PLATBA") ENABLE;
--------------------------------------------------------
--  Ref Constraints for Table LOG
--------------------------------------------------------

  ALTER TABLE "LOG" ADD CONSTRAINT "LOG_ARCHIV_FK" FOREIGN KEY ("ID_ARCHIV")
	  REFERENCES "ARCHIV" ("ID_ARCHIV") ENABLE;
--------------------------------------------------------
--  Ref Constraints for Table NOTIFIKACE
--------------------------------------------------------

  ALTER TABLE "NOTIFIKACE" ADD CONSTRAINT "NOTIFIKACE_ZPRAVA_FK" FOREIGN KEY ("ID_ZPRAVA")
	  REFERENCES "ZPRAVA" ("ID_ZPRAVA") ENABLE;
--------------------------------------------------------
--  Ref Constraints for Table OBJEDNAVKA
--------------------------------------------------------

  ALTER TABLE "OBJEDNAVKA" ADD CONSTRAINT "OBJEDNAVKA_OBSLUHA_FK" FOREIGN KEY ("ID_OBSLUHA")
	  REFERENCES "UZIVATEL" ("ID_UZIVATEL") ENABLE;
  ALTER TABLE "OBJEDNAVKA" ADD CONSTRAINT "OBJEDNAVKA_STATUS_FK" FOREIGN KEY ("ID_STATUS")
	  REFERENCES "STATUS" ("ID_STATUS") ENABLE;
  ALTER TABLE "OBJEDNAVKA" ADD CONSTRAINT "OBJEDNAVKA_SUPERMARKET_FK" FOREIGN KEY ("ID_SUPERMARKET")
	  REFERENCES "SUPERMARKET" ("ID_SUPERMARKET") ENABLE;
  ALTER TABLE "OBJEDNAVKA" ADD CONSTRAINT "OBJEDNAVKA_UZIVATEL_FK" FOREIGN KEY ("ID_UZIVATEL")
	  REFERENCES "UZIVATEL" ("ID_UZIVATEL") ENABLE;
--------------------------------------------------------
--  Ref Constraints for Table OBJEDNAVKA_ZBOZI
--------------------------------------------------------

  ALTER TABLE "OBJEDNAVKA_ZBOZI" ADD CONSTRAINT "OBJEDNAVKA_ZBOZI_OBJEDNAVKA_FK" FOREIGN KEY ("ID_OBJEDNAVKA")
	  REFERENCES "OBJEDNAVKA" ("ID_OBJEDNAVKA") ENABLE;
  ALTER TABLE "OBJEDNAVKA_ZBOZI" ADD CONSTRAINT "OBJEDNAVKA_ZBOZI_ZBOZI_FK" FOREIGN KEY ("ID_ZBOZI")
	  REFERENCES "ZBOZI" ("ID_ZBOZI") ENABLE;
--------------------------------------------------------
--  Ref Constraints for Table PLATBA
--------------------------------------------------------

  ALTER TABLE "PLATBA" ADD CONSTRAINT "PLATBA_OBJEDNAVKA_FK" FOREIGN KEY ("ID_OBJEDNAVKA")
	  REFERENCES "OBJEDNAVKA" ("ID_OBJEDNAVKA") ENABLE;
  ALTER TABLE "PLATBA" ADD CONSTRAINT "PLATBA_PU_FK" FOREIGN KEY ("ID_POHYB_UCTU")
	  REFERENCES "POHYB_UCTU" ("ID_POHYB") ENABLE;
--------------------------------------------------------
--  Ref Constraints for Table POHYB_UCTU
--------------------------------------------------------

  ALTER TABLE "POHYB_UCTU" ADD CONSTRAINT "PU_OBJ_FK" FOREIGN KEY ("ID_OBJEDNAVKA")
	  REFERENCES "OBJEDNAVKA" ("ID_OBJEDNAVKA") ENABLE;
  ALTER TABLE "POHYB_UCTU" ADD CONSTRAINT "PU_UCET_FK" FOREIGN KEY ("ID_UCET")
	  REFERENCES "UCET" ("ID_UCET") ENABLE;
--------------------------------------------------------
--  Ref Constraints for Table SKLAD
--------------------------------------------------------

  ALTER TABLE "SKLAD" ADD CONSTRAINT "SKLAD_SUPERMARKET_FK" FOREIGN KEY ("ID_SUPERMARKET")
	  REFERENCES "SUPERMARKET" ("ID_SUPERMARKET") ENABLE;
--------------------------------------------------------
--  Ref Constraints for Table SOUBOR
--------------------------------------------------------

  ALTER TABLE "SOUBOR" ADD CONSTRAINT "SOUBOR_ARCHIV_FK" FOREIGN KEY ("ID_ARCHIV")
	  REFERENCES "ARCHIV" ("ID_ARCHIV") ENABLE;
  ALTER TABLE "SOUBOR" ADD CONSTRAINT "SOUBOR_UZIVATEL_FK" FOREIGN KEY ("ID_UZIVATELU")
	  REFERENCES "UZIVATEL" ("ID_UZIVATEL") ENABLE;
--------------------------------------------------------
--  Ref Constraints for Table SUPERMARKET
--------------------------------------------------------

  ALTER TABLE "SUPERMARKET" ADD CONSTRAINT "SUPERMARKET_ADRESA_FK" FOREIGN KEY ("ID_ADRESA")
	  REFERENCES "ADRESA" ("ID_ADRESA") ENABLE;
--------------------------------------------------------
--  Ref Constraints for Table UCET
--------------------------------------------------------

  ALTER TABLE "UCET" ADD CONSTRAINT "UCET_UZIVATEL_FK" FOREIGN KEY ("ID_UZIVATEL")
	  REFERENCES "UZIVATEL" ("ID_UZIVATEL") ENABLE;
--------------------------------------------------------
--  Ref Constraints for Table UZIVATEL
--------------------------------------------------------

  ALTER TABLE "UZIVATEL" ADD CONSTRAINT "UZIVATEL_ADRESA_FK" FOREIGN KEY ("ID_ADRESA")
	  REFERENCES "ADRESA" ("ID_ADRESA") ENABLE;
  ALTER TABLE "UZIVATEL" ADD CONSTRAINT "UZIVATEL_APP_ROLE_FK" FOREIGN KEY ("ID_ROLE")
	  REFERENCES "APP_ROLE" ("ID_ROLE") ENABLE;
--------------------------------------------------------
--  Ref Constraints for Table ZAKAZNIK
--------------------------------------------------------

  ALTER TABLE "ZAKAZNIK" ADD CONSTRAINT "ZAKAZNIK_UZIVATEL_FK" FOREIGN KEY ("ID_UZIVATELU")
	  REFERENCES "UZIVATEL" ("ID_UZIVATEL") ENABLE;
--------------------------------------------------------
--  Ref Constraints for Table ZAMESTNANEC
--------------------------------------------------------

  ALTER TABLE "ZAMESTNANEC" ADD CONSTRAINT "ZAMESTNANEC_UZIVATEL_FK" FOREIGN KEY ("ID_UZIVATELU")
	  REFERENCES "UZIVATEL" ("ID_UZIVATEL") ENABLE;
--------------------------------------------------------
--  Ref Constraints for Table ZBOZI
--------------------------------------------------------

  ALTER TABLE "ZBOZI" ADD CONSTRAINT "ZBOZI_KATEGORIE_ZBOZI_FK" FOREIGN KEY ("ID_KATEGORIE")
	  REFERENCES "KATEGORIE_ZBOZI" ("ID_KATEGORIE") ENABLE;
  ALTER TABLE "ZBOZI" ADD CONSTRAINT "ZBOZI_SKLAD_FK" FOREIGN KEY ("SKLAD_ID_SKLAD")
	  REFERENCES "SKLAD" ("ID_SKLAD") ENABLE;
--------------------------------------------------------
--  Ref Constraints for Table ZBOZI_DODAVATEL
--------------------------------------------------------

  ALTER TABLE "ZBOZI_DODAVATEL" ADD CONSTRAINT "ZBOZI_DODAVATEL_DODAVATEL_FK" FOREIGN KEY ("ID_UZIVATELU")
	  REFERENCES "DODAVATEL" ("ID_UZIVATELU") ENABLE;
  ALTER TABLE "ZBOZI_DODAVATEL" ADD CONSTRAINT "ZBOZI_DODAVATEL_ZBOZI_FK" FOREIGN KEY ("ID_ZBOZI")
	  REFERENCES "ZBOZI" ("ID_ZBOZI") ENABLE;
--------------------------------------------------------
--  Ref Constraints for Table ZPRAVA
--------------------------------------------------------

  ALTER TABLE "ZPRAVA" ADD CONSTRAINT "ZPRAVA_UZIVATEL_FK" FOREIGN KEY ("PRIJIMAC_ID")
	  REFERENCES "UZIVATEL" ("ID_UZIVATEL") ENABLE;
  ALTER TABLE "ZPRAVA" ADD CONSTRAINT "ZPRAVA_UZIVATEL_FKV2" FOREIGN KEY ("ODESILATEL_ID")
	  REFERENCES "UZIVATEL" ("ID_UZIVATEL") ENABLE;
