--------------------------------------------------------
--  File created - суббота-декабря-06-2025   
--------------------------------------------------------
--------------------------------------------------------
--  DDL for Sequence SEQ_ADRESA_ID
--------------------------------------------------------

   CREATE SEQUENCE  "SEQ_ADRESA_ID"  MINVALUE 1 MAXVALUE 999999999999 INCREMENT BY 1 START WITH 108 NOCACHE  NOORDER  NOCYCLE  NOKEEP  NOSCALE  GLOBAL ;
--------------------------------------------------------
--  DDL for Sequence SEQ_ARCHIV_ID
--------------------------------------------------------

   CREATE SEQUENCE  "SEQ_ARCHIV_ID"  MINVALUE 1 MAXVALUE 999999999999 INCREMENT BY 1 START WITH 51 NOCACHE  NOORDER  NOCYCLE  NOKEEP  NOSCALE  GLOBAL ;
--------------------------------------------------------
--  DDL for Sequence SEQ_KATEGORIE_ID
--------------------------------------------------------

   CREATE SEQUENCE  "SEQ_KATEGORIE_ID"  MINVALUE 1 MAXVALUE 9999999999999999999999999999 INCREMENT BY 1 START WITH 11 NOCACHE  ORDER  NOCYCLE  NOKEEP  NOSCALE  GLOBAL ;
--------------------------------------------------------
--  DDL for Sequence SEQ_LOG_ID
--------------------------------------------------------

   CREATE SEQUENCE  "SEQ_LOG_ID"  MINVALUE 1 MAXVALUE 999999999999 INCREMENT BY 1 START WITH 253 NOCACHE  NOORDER  NOCYCLE  NOKEEP  NOSCALE  GLOBAL ;
--------------------------------------------------------
--  DDL for Sequence SEQ_NOTIFIKACE_ID
--------------------------------------------------------

   CREATE SEQUENCE  "SEQ_NOTIFIKACE_ID"  MINVALUE 1 MAXVALUE 9999999999999999999999999999 INCREMENT BY 1 START WITH 21 NOCACHE  ORDER  NOCYCLE  NOKEEP  NOSCALE  GLOBAL ;
--------------------------------------------------------
--  DDL for Sequence SEQ_OBJEDNAVKA_ID
--------------------------------------------------------

   CREATE SEQUENCE  "SEQ_OBJEDNAVKA_ID"  MINVALUE 1 MAXVALUE 9999999999999999999999999999 INCREMENT BY 1 START WITH 89 NOCACHE  ORDER  NOCYCLE  NOKEEP  NOSCALE  GLOBAL ;
--------------------------------------------------------
--  DDL for Sequence SEQ_PLATBA_ID
--------------------------------------------------------

   CREATE SEQUENCE  "SEQ_PLATBA_ID"  MINVALUE 1 MAXVALUE 9999999999999999999999999999 INCREMENT BY 1 START WITH 17 NOCACHE  ORDER  NOCYCLE  NOKEEP  NOSCALE  GLOBAL ;
--------------------------------------------------------
--  DDL for Sequence SEQ_PRAVO_ID
--------------------------------------------------------

   CREATE SEQUENCE  "SEQ_PRAVO_ID"  MINVALUE 1 MAXVALUE 999999999999 INCREMENT BY 1 START WITH 11 NOCACHE  NOORDER  NOCYCLE  NOKEEP  NOSCALE  GLOBAL ;
--------------------------------------------------------
--  DDL for Sequence SEQ_ROLE_ID
--------------------------------------------------------

   CREATE SEQUENCE  "SEQ_ROLE_ID"  MINVALUE 1 MAXVALUE 999999999999 INCREMENT BY 1 START WITH 8 NOCACHE  NOORDER  NOCYCLE  NOKEEP  NOSCALE  GLOBAL ;
--------------------------------------------------------
--  DDL for Sequence SEQ_SKALD_ID
--------------------------------------------------------

   CREATE SEQUENCE  "SEQ_SKALD_ID"  MINVALUE 1 MAXVALUE 999999999999 INCREMENT BY 1 START WITH 11 NOCACHE  NOORDER  NOCYCLE  NOKEEP  NOSCALE  GLOBAL ;
--------------------------------------------------------
--  DDL for Sequence SEQ_SOUBOR_ID
--------------------------------------------------------

   CREATE SEQUENCE  "SEQ_SOUBOR_ID"  MINVALUE 1 MAXVALUE 9999999999999999999999999999 INCREMENT BY 1 START WITH 16 NOCACHE  ORDER  NOCYCLE  NOKEEP  NOSCALE  GLOBAL ;
--------------------------------------------------------
--  DDL for Sequence SEQ_STATUS_ID
--------------------------------------------------------

   CREATE SEQUENCE  "SEQ_STATUS_ID"  MINVALUE 1 MAXVALUE 9999999999999999999999999999 INCREMENT BY 1 START WITH 7 NOCACHE  ORDER  NOCYCLE  NOKEEP  NOSCALE  GLOBAL ;
--------------------------------------------------------
--  DDL for Sequence SEQ_SUPERMARKET_ID
--------------------------------------------------------

   CREATE SEQUENCE  "SEQ_SUPERMARKET_ID"  MINVALUE 1 MAXVALUE 999999999999 INCREMENT BY 1 START WITH 6 NOCACHE  NOORDER  NOCYCLE  NOKEEP  NOSCALE  GLOBAL ;
--------------------------------------------------------
--  DDL for Sequence SEQ_UZIVATEL_ID
--------------------------------------------------------

   CREATE SEQUENCE  "SEQ_UZIVATEL_ID"  MINVALUE 1 MAXVALUE 999999999999 INCREMENT BY 1 START WITH 92 NOCACHE  NOORDER  NOCYCLE  NOKEEP  NOSCALE  GLOBAL ;
--------------------------------------------------------
--  DDL for Sequence SEQ_ZBOZI_ID
--------------------------------------------------------

   CREATE SEQUENCE  "SEQ_ZBOZI_ID"  MINVALUE 1 MAXVALUE 999999999999 INCREMENT BY 1 START WITH 189 NOCACHE  NOORDER  NOCYCLE  NOKEEP  NOSCALE  GLOBAL ;
--------------------------------------------------------
--  DDL for Sequence SEQ_ZPRAVA_ID
--------------------------------------------------------

   CREATE SEQUENCE  "SEQ_ZPRAVA_ID"  MINVALUE 1 MAXVALUE 9999999999999999999999999999 INCREMENT BY 1 START WITH 277 NOCACHE  ORDER  NOCYCLE  NOKEEP  NOSCALE  GLOBAL ;
--------------------------------------------------------
--  DDL for Table ADRESA
--------------------------------------------------------

  CREATE TABLE "ADRESA" 
   (	"ID_ADRESA" NUMBER(*,0), 
	"ULICE" VARCHAR2(55 BYTE), 
	"CISLOPOPISNE" VARCHAR2(33 BYTE), 
	"MESTO_PSC" CHAR(5 BYTE), 
	"CISLOORIENTACNI" VARCHAR2(33 BYTE)
   ) SEGMENT CREATION IMMEDIATE 
  PCTFREE 10 PCTUSED 40 INITRANS 1 MAXTRANS 255 
 NOCOMPRESS LOGGING
  STORAGE(INITIAL 65536 NEXT 1048576 MINEXTENTS 1 MAXEXTENTS 2147483645
  PCTINCREASE 0 FREELISTS 1 FREELIST GROUPS 1
  BUFFER_POOL DEFAULT FLASH_CACHE DEFAULT CELL_FLASH_CACHE DEFAULT)
  TABLESPACE "STUDENTI" ;
--------------------------------------------------------
--  DDL for Table APP_ROLE
--------------------------------------------------------

  CREATE TABLE "APP_ROLE" 
   (	"ID_ROLE" NUMBER(*,0), 
	"NAZEV" VARCHAR2(20 BYTE)
   ) SEGMENT CREATION IMMEDIATE 
  PCTFREE 10 PCTUSED 40 INITRANS 1 MAXTRANS 255 
 NOCOMPRESS LOGGING
  STORAGE(INITIAL 65536 NEXT 1048576 MINEXTENTS 1 MAXEXTENTS 2147483645
  PCTINCREASE 0 FREELISTS 1 FREELIST GROUPS 1
  BUFFER_POOL DEFAULT FLASH_CACHE DEFAULT CELL_FLASH_CACHE DEFAULT)
  TABLESPACE "STUDENTI" ;
--------------------------------------------------------
--  DDL for Table APP_ROLE_PRAVO
--------------------------------------------------------

  CREATE TABLE "APP_ROLE_PRAVO" 
   (	"ID_PRAVO" NUMBER(*,0), 
	"ID_ROLE" NUMBER(*,0)
   ) SEGMENT CREATION IMMEDIATE 
  PCTFREE 10 PCTUSED 40 INITRANS 1 MAXTRANS 255 
 NOCOMPRESS LOGGING
  STORAGE(INITIAL 65536 NEXT 1048576 MINEXTENTS 1 MAXEXTENTS 2147483645
  PCTINCREASE 0 FREELISTS 1 FREELIST GROUPS 1
  BUFFER_POOL DEFAULT FLASH_CACHE DEFAULT CELL_FLASH_CACHE DEFAULT)
  TABLESPACE "STUDENTI" ;
--------------------------------------------------------
--  DDL for Table ARCHIV
--------------------------------------------------------

  CREATE TABLE "ARCHIV" 
   (	"ID_ARCHIV" NUMBER(*,0), 
	"NAZEV" VARCHAR2(33 BYTE), 
	"POPIS" CLOB, 
	"PARENT_ID" NUMBER(*,0)
   ) SEGMENT CREATION IMMEDIATE 
  PCTFREE 10 PCTUSED 40 INITRANS 1 MAXTRANS 255 
 NOCOMPRESS LOGGING
  STORAGE(INITIAL 65536 NEXT 1048576 MINEXTENTS 1 MAXEXTENTS 2147483645
  PCTINCREASE 0 FREELISTS 1 FREELIST GROUPS 1
  BUFFER_POOL DEFAULT FLASH_CACHE DEFAULT CELL_FLASH_CACHE DEFAULT)
  TABLESPACE "STUDENTI" 
 LOB ("POPIS") STORE AS SECUREFILE (
  TABLESPACE "STUDENTI" ENABLE STORAGE IN ROW CHUNK 8192
  NOCACHE LOGGING  NOCOMPRESS  KEEP_DUPLICATES 
  STORAGE(INITIAL 106496 NEXT 1048576 MINEXTENTS 1 MAXEXTENTS 2147483645
  PCTINCREASE 0
  BUFFER_POOL DEFAULT FLASH_CACHE DEFAULT CELL_FLASH_CACHE DEFAULT)) ;
--------------------------------------------------------
--  DDL for Table DODAVATEL
--------------------------------------------------------

  CREATE TABLE "DODAVATEL" 
   (	"ID_UZIVATELU" NUMBER(*,0), 
	"FIRMA" VARCHAR2(100 BYTE)
   ) SEGMENT CREATION IMMEDIATE 
  PCTFREE 10 PCTUSED 40 INITRANS 1 MAXTRANS 255 
 NOCOMPRESS LOGGING
  STORAGE(INITIAL 65536 NEXT 1048576 MINEXTENTS 1 MAXEXTENTS 2147483645
  PCTINCREASE 0 FREELISTS 1 FREELIST GROUPS 1
  BUFFER_POOL DEFAULT FLASH_CACHE DEFAULT CELL_FLASH_CACHE DEFAULT)
  TABLESPACE "STUDENTI" ;
--------------------------------------------------------
--  DDL for Table HOTOVOST
--------------------------------------------------------

  CREATE TABLE "HOTOVOST" 
   (	"ID_PLATBA" NUMBER(*,0), 
	"PRIJATO" NUMBER(10,2), 
	"VRACENO" NUMBER(10,2)
   ) SEGMENT CREATION IMMEDIATE 
  PCTFREE 10 PCTUSED 40 INITRANS 1 MAXTRANS 255 
 NOCOMPRESS LOGGING
  STORAGE(INITIAL 65536 NEXT 1048576 MINEXTENTS 1 MAXEXTENTS 2147483645
  PCTINCREASE 0 FREELISTS 1 FREELIST GROUPS 1
  BUFFER_POOL DEFAULT FLASH_CACHE DEFAULT CELL_FLASH_CACHE DEFAULT)
  TABLESPACE "STUDENTI" ;
--------------------------------------------------------
--  DDL for Table KARTA
--------------------------------------------------------

  CREATE TABLE "KARTA" 
   (	"ID_PLATBA" NUMBER(*,0), 
	"CISLOKARTY" VARCHAR2(19 BYTE)
   ) SEGMENT CREATION IMMEDIATE 
  PCTFREE 10 PCTUSED 40 INITRANS 1 MAXTRANS 255 
 NOCOMPRESS LOGGING
  STORAGE(INITIAL 65536 NEXT 1048576 MINEXTENTS 1 MAXEXTENTS 2147483645
  PCTINCREASE 0 FREELISTS 1 FREELIST GROUPS 1
  BUFFER_POOL DEFAULT FLASH_CACHE DEFAULT CELL_FLASH_CACHE DEFAULT)
  TABLESPACE "STUDENTI" ;
--------------------------------------------------------
--  DDL for Table KATEGORIE_ZBOZI
--------------------------------------------------------

  CREATE TABLE "KATEGORIE_ZBOZI" 
   (	"ID_KATEGORIE" NUMBER(*,0), 
	"NAZEV" VARCHAR2(44 BYTE), 
	"POPIS" VARCHAR2(111 BYTE)
   ) SEGMENT CREATION IMMEDIATE 
  PCTFREE 10 PCTUSED 40 INITRANS 1 MAXTRANS 255 
 NOCOMPRESS LOGGING
  STORAGE(INITIAL 65536 NEXT 1048576 MINEXTENTS 1 MAXEXTENTS 2147483645
  PCTINCREASE 0 FREELISTS 1 FREELIST GROUPS 1
  BUFFER_POOL DEFAULT FLASH_CACHE DEFAULT CELL_FLASH_CACHE DEFAULT)
  TABLESPACE "STUDENTI" ;
--------------------------------------------------------
--  DDL for Table LOG
--------------------------------------------------------

  CREATE TABLE "LOG" 
   (	"ID_LOG" NUMBER(*,0), 
	"TABULKANAZEV" VARCHAR2(40 BYTE), 
	"OPERACE" CHAR(1 BYTE), 
	"DATUMZMENY" DATE, 
	"IDREKORD" VARCHAR2(100 BYTE), 
	"NOVADATA" CLOB, 
	"STARADATA" CLOB, 
	"POPIS" CLOB, 
	"ID_ARCHIV" NUMBER(*,0)
   ) SEGMENT CREATION IMMEDIATE 
  PCTFREE 10 PCTUSED 40 INITRANS 1 MAXTRANS 255 
 NOCOMPRESS LOGGING
  STORAGE(INITIAL 65536 NEXT 1048576 MINEXTENTS 1 MAXEXTENTS 2147483645
  PCTINCREASE 0 FREELISTS 1 FREELIST GROUPS 1
  BUFFER_POOL DEFAULT FLASH_CACHE DEFAULT CELL_FLASH_CACHE DEFAULT)
  TABLESPACE "STUDENTI" 
 LOB ("NOVADATA") STORE AS SECUREFILE (
  TABLESPACE "STUDENTI" ENABLE STORAGE IN ROW CHUNK 8192
  NOCACHE LOGGING  NOCOMPRESS  KEEP_DUPLICATES 
  STORAGE(INITIAL 106496 NEXT 1048576 MINEXTENTS 1 MAXEXTENTS 2147483645
  PCTINCREASE 0
  BUFFER_POOL DEFAULT FLASH_CACHE DEFAULT CELL_FLASH_CACHE DEFAULT)) 
 LOB ("STARADATA") STORE AS SECUREFILE (
  TABLESPACE "STUDENTI" ENABLE STORAGE IN ROW CHUNK 8192
  NOCACHE LOGGING  NOCOMPRESS  KEEP_DUPLICATES 
  STORAGE(INITIAL 106496 NEXT 1048576 MINEXTENTS 1 MAXEXTENTS 2147483645
  PCTINCREASE 0
  BUFFER_POOL DEFAULT FLASH_CACHE DEFAULT CELL_FLASH_CACHE DEFAULT)) 
 LOB ("POPIS") STORE AS SECUREFILE (
  TABLESPACE "STUDENTI" ENABLE STORAGE IN ROW CHUNK 8192
  NOCACHE LOGGING  NOCOMPRESS  KEEP_DUPLICATES 
  STORAGE(INITIAL 106496 NEXT 1048576 MINEXTENTS 1 MAXEXTENTS 2147483645
  PCTINCREASE 0
  BUFFER_POOL DEFAULT FLASH_CACHE DEFAULT CELL_FLASH_CACHE DEFAULT)) ;
--------------------------------------------------------
--  DDL for Table MESTO
--------------------------------------------------------

  CREATE TABLE "MESTO" 
   (	"PSC" CHAR(5 BYTE), 
	"NAZEV" VARCHAR2(45 BYTE), 
	"KRAJ" VARCHAR2(55 BYTE)
   ) SEGMENT CREATION IMMEDIATE 
  PCTFREE 10 PCTUSED 40 INITRANS 1 MAXTRANS 255 
 NOCOMPRESS LOGGING
  STORAGE(INITIAL 65536 NEXT 1048576 MINEXTENTS 1 MAXEXTENTS 2147483645
  PCTINCREASE 0 FREELISTS 1 FREELIST GROUPS 1
  BUFFER_POOL DEFAULT FLASH_CACHE DEFAULT CELL_FLASH_CACHE DEFAULT)
  TABLESPACE "STUDENTI" ;
--------------------------------------------------------
--  DDL for Table NOTIFIKACE
--------------------------------------------------------

  CREATE TABLE "NOTIFIKACE" 
   (	"ID_NOTIFIKACE" NUMBER(*,0), 
	"AUTHTOKEN" VARCHAR2(555 BYTE), 
	"ENDPOINT" VARCHAR2(444 BYTE), 
	"P256DH" VARCHAR2(512 BYTE), 
	"ADRESAT" VARCHAR2(255 BYTE), 
	"ID_ZPRAVA" NUMBER(*,0)
   ) SEGMENT CREATION IMMEDIATE 
  PCTFREE 10 PCTUSED 40 INITRANS 1 MAXTRANS 255 
 NOCOMPRESS LOGGING
  STORAGE(INITIAL 65536 NEXT 1048576 MINEXTENTS 1 MAXEXTENTS 2147483645
  PCTINCREASE 0 FREELISTS 1 FREELIST GROUPS 1
  BUFFER_POOL DEFAULT FLASH_CACHE DEFAULT CELL_FLASH_CACHE DEFAULT)
  TABLESPACE "STUDENTI" ;
--------------------------------------------------------
--  DDL for Table OBJEDNAVKA
--------------------------------------------------------

  CREATE TABLE "OBJEDNAVKA" 
   (	"ID_OBJEDNAVKA" NUMBER(*,0), 
	"DATUM" DATE, 
	"ID_STATUS" NUMBER(*,0), 
	"TYP_OBJEDNAVKA" VARCHAR2(50 BYTE), 
	"POZNAMKA" CLOB, 
	"ID_UZIVATEL" NUMBER(*,0), 
	"ID_SUPERMARKET" NUMBER(*,0)
   ) SEGMENT CREATION IMMEDIATE 
  PCTFREE 10 PCTUSED 40 INITRANS 1 MAXTRANS 255 
 NOCOMPRESS LOGGING
  STORAGE(INITIAL 65536 NEXT 1048576 MINEXTENTS 1 MAXEXTENTS 2147483645
  PCTINCREASE 0 FREELISTS 1 FREELIST GROUPS 1
  BUFFER_POOL DEFAULT FLASH_CACHE DEFAULT CELL_FLASH_CACHE DEFAULT)
  TABLESPACE "STUDENTI" 
 LOB ("POZNAMKA") STORE AS SECUREFILE (
  TABLESPACE "STUDENTI" ENABLE STORAGE IN ROW CHUNK 8192
  NOCACHE LOGGING  NOCOMPRESS  KEEP_DUPLICATES 
  STORAGE(INITIAL 106496 NEXT 1048576 MINEXTENTS 1 MAXEXTENTS 2147483645
  PCTINCREASE 0
  BUFFER_POOL DEFAULT FLASH_CACHE DEFAULT CELL_FLASH_CACHE DEFAULT)) ;
--------------------------------------------------------
--  DDL for Table OBJEDNAVKA_ZBOZI
--------------------------------------------------------

  CREATE TABLE "OBJEDNAVKA_ZBOZI" 
   (	"POCET" NUMBER(*,0), 
	"ID_OBJEDNAVKA" NUMBER(*,0), 
	"ID_ZBOZI" NUMBER(*,0)
   ) SEGMENT CREATION IMMEDIATE 
  PCTFREE 10 PCTUSED 40 INITRANS 1 MAXTRANS 255 
 NOCOMPRESS LOGGING
  STORAGE(INITIAL 65536 NEXT 1048576 MINEXTENTS 1 MAXEXTENTS 2147483645
  PCTINCREASE 0 FREELISTS 1 FREELIST GROUPS 1
  BUFFER_POOL DEFAULT FLASH_CACHE DEFAULT CELL_FLASH_CACHE DEFAULT)
  TABLESPACE "STUDENTI" ;
--------------------------------------------------------
--  DDL for Table PLATBA
--------------------------------------------------------

  CREATE TABLE "PLATBA" 
   (	"ID_PLATBA" NUMBER(*,0), 
	"CASTKA" NUMBER(10,2), 
	"DATUM" DATE, 
	"ID_OBJEDNAVKA" NUMBER(*,0), 
	"PLATBATYP" CHAR(2 BYTE)
   ) SEGMENT CREATION IMMEDIATE 
  PCTFREE 10 PCTUSED 40 INITRANS 1 MAXTRANS 255 
 NOCOMPRESS LOGGING
  STORAGE(INITIAL 65536 NEXT 1048576 MINEXTENTS 1 MAXEXTENTS 2147483645
  PCTINCREASE 0 FREELISTS 1 FREELIST GROUPS 1
  BUFFER_POOL DEFAULT FLASH_CACHE DEFAULT CELL_FLASH_CACHE DEFAULT)
  TABLESPACE "STUDENTI" ;
--------------------------------------------------------
--  DDL for Table PRAVO
--------------------------------------------------------

  CREATE TABLE "PRAVO" 
   (	"ID_PRAVO" NUMBER(*,0), 
	"NAZEV" VARCHAR2(255 BYTE), 
	"KOD" VARCHAR2(20 BYTE), 
	"POPIS" CLOB
   ) SEGMENT CREATION IMMEDIATE 
  PCTFREE 10 PCTUSED 40 INITRANS 1 MAXTRANS 255 
 NOCOMPRESS LOGGING
  STORAGE(INITIAL 65536 NEXT 1048576 MINEXTENTS 1 MAXEXTENTS 2147483645
  PCTINCREASE 0 FREELISTS 1 FREELIST GROUPS 1
  BUFFER_POOL DEFAULT FLASH_CACHE DEFAULT CELL_FLASH_CACHE DEFAULT)
  TABLESPACE "STUDENTI" 
 LOB ("POPIS") STORE AS SECUREFILE (
  TABLESPACE "STUDENTI" ENABLE STORAGE IN ROW CHUNK 8192
  NOCACHE LOGGING  NOCOMPRESS  KEEP_DUPLICATES 
  STORAGE(INITIAL 106496 NEXT 1048576 MINEXTENTS 1 MAXEXTENTS 2147483645
  PCTINCREASE 0
  BUFFER_POOL DEFAULT FLASH_CACHE DEFAULT CELL_FLASH_CACHE DEFAULT)) ;
--------------------------------------------------------
--  DDL for Table SKLAD
--------------------------------------------------------

  CREATE TABLE "SKLAD" 
   (	"ID_SKLAD" NUMBER(*,0), 
	"NAZEV" VARCHAR2(33 BYTE), 
	"KAPACITA" NUMBER(*,0), 
	"TELEFONNICISLO" VARCHAR2(20 BYTE), 
	"ID_SUPERMARKET" NUMBER(*,0)
   ) SEGMENT CREATION IMMEDIATE 
  PCTFREE 10 PCTUSED 40 INITRANS 1 MAXTRANS 255 
 NOCOMPRESS LOGGING
  STORAGE(INITIAL 65536 NEXT 1048576 MINEXTENTS 1 MAXEXTENTS 2147483645
  PCTINCREASE 0 FREELISTS 1 FREELIST GROUPS 1
  BUFFER_POOL DEFAULT FLASH_CACHE DEFAULT CELL_FLASH_CACHE DEFAULT)
  TABLESPACE "STUDENTI" ;
--------------------------------------------------------
--  DDL for Table SKLAD_CAPACITY_TMP
--------------------------------------------------------

  CREATE GLOBAL TEMPORARY TABLE "SKLAD_CAPACITY_TMP" 
   (	"ID_ZBOZI" NUMBER, 
	"ID_SKLAD" NUMBER, 
	"MNOZSTVI" NUMBER
   ) ON COMMIT DELETE ROWS ;
--------------------------------------------------------
--  DDL for Table SOUBOR
--------------------------------------------------------

  CREATE TABLE "SOUBOR" 
   (	"ID_SOUBOR" NUMBER(*,0), 
	"NAZEV" VARCHAR2(255 BYTE), 
	"TYP" VARCHAR2(255 BYTE), 
	"PRIPONA" VARCHAR2(15 BYTE), 
	"OBSAH" BLOB, 
	"DATUMNAHRANI" DATE, 
	"DATUMMODIFIKACE" DATE, 
	"POPIS" CLOB, 
	"ID_UZIVATELU" NUMBER(*,0), 
	"ID_ARCHIV" NUMBER(*,0)
   ) SEGMENT CREATION IMMEDIATE 
  PCTFREE 10 PCTUSED 40 INITRANS 1 MAXTRANS 255 
 NOCOMPRESS LOGGING
  STORAGE(INITIAL 65536 NEXT 1048576 MINEXTENTS 1 MAXEXTENTS 2147483645
  PCTINCREASE 0 FREELISTS 1 FREELIST GROUPS 1
  BUFFER_POOL DEFAULT FLASH_CACHE DEFAULT CELL_FLASH_CACHE DEFAULT)
  TABLESPACE "STUDENTI" 
 LOB ("OBSAH") STORE AS SECUREFILE (
  TABLESPACE "STUDENTI" ENABLE STORAGE IN ROW CHUNK 8192
  NOCACHE LOGGING  NOCOMPRESS  KEEP_DUPLICATES 
  STORAGE(INITIAL 106496 NEXT 1048576 MINEXTENTS 1 MAXEXTENTS 2147483645
  PCTINCREASE 0
  BUFFER_POOL DEFAULT FLASH_CACHE DEFAULT CELL_FLASH_CACHE DEFAULT)) 
 LOB ("POPIS") STORE AS SECUREFILE (
  TABLESPACE "STUDENTI" ENABLE STORAGE IN ROW CHUNK 8192
  NOCACHE LOGGING  NOCOMPRESS  KEEP_DUPLICATES 
  STORAGE(INITIAL 106496 NEXT 1048576 MINEXTENTS 1 MAXEXTENTS 2147483645
  PCTINCREASE 0
  BUFFER_POOL DEFAULT FLASH_CACHE DEFAULT CELL_FLASH_CACHE DEFAULT)) ;
--------------------------------------------------------
--  DDL for Table STATUS
--------------------------------------------------------

  CREATE TABLE "STATUS" 
   (	"ID_STATUS" NUMBER(*,0), 
	"NAZEV" VARCHAR2(66 BYTE)
   ) SEGMENT CREATION IMMEDIATE 
  PCTFREE 10 PCTUSED 40 INITRANS 1 MAXTRANS 255 
 NOCOMPRESS LOGGING
  STORAGE(INITIAL 65536 NEXT 1048576 MINEXTENTS 1 MAXEXTENTS 2147483645
  PCTINCREASE 0 FREELISTS 1 FREELIST GROUPS 1
  BUFFER_POOL DEFAULT FLASH_CACHE DEFAULT CELL_FLASH_CACHE DEFAULT)
  TABLESPACE "STUDENTI" ;
--------------------------------------------------------
--  DDL for Table SUPERMARKET
--------------------------------------------------------

  CREATE TABLE "SUPERMARKET" 
   (	"ID_SUPERMARKET" NUMBER(*,0), 
	"NAZEV" VARCHAR2(100 BYTE), 
	"TELEFON" VARCHAR2(20 BYTE), 
	"EMAIL" VARCHAR2(255 BYTE), 
	"ID_ADRESA" NUMBER(*,0)
   ) SEGMENT CREATION IMMEDIATE 
  PCTFREE 10 PCTUSED 40 INITRANS 1 MAXTRANS 255 
 NOCOMPRESS LOGGING
  STORAGE(INITIAL 65536 NEXT 1048576 MINEXTENTS 1 MAXEXTENTS 2147483645
  PCTINCREASE 0 FREELISTS 1 FREELIST GROUPS 1
  BUFFER_POOL DEFAULT FLASH_CACHE DEFAULT CELL_FLASH_CACHE DEFAULT)
  TABLESPACE "STUDENTI" ;
--------------------------------------------------------
--  DDL for Table UZIVATEL
--------------------------------------------------------

  CREATE TABLE "UZIVATEL" 
   (	"ID_UZIVATEL" NUMBER(*,0), 
	"JMENO" VARCHAR2(15 BYTE), 
	"PRIJMENI" VARCHAR2(15 BYTE), 
	"EMAIL" VARCHAR2(255 BYTE), 
	"HESLO" VARCHAR2(255 BYTE), 
	"TELEFONNICISLO" VARCHAR2(20 BYTE), 
	"ID_ADRESA" NUMBER(*,0), 
	"ID_ROLE" NUMBER(*,0)
   ) SEGMENT CREATION IMMEDIATE 
  PCTFREE 10 PCTUSED 40 INITRANS 1 MAXTRANS 255 
 NOCOMPRESS LOGGING
  STORAGE(INITIAL 65536 NEXT 1048576 MINEXTENTS 1 MAXEXTENTS 2147483645
  PCTINCREASE 0 FREELISTS 1 FREELIST GROUPS 1
  BUFFER_POOL DEFAULT FLASH_CACHE DEFAULT CELL_FLASH_CACHE DEFAULT)
  TABLESPACE "STUDENTI" ;
--------------------------------------------------------
--  DDL for Table ZAKAZNIK
--------------------------------------------------------

  CREATE TABLE "ZAKAZNIK" 
   (	"ID_UZIVATELU" NUMBER(*,0), 
	"KARTAVERNOSTI" VARCHAR2(20 BYTE)
   ) SEGMENT CREATION IMMEDIATE 
  PCTFREE 10 PCTUSED 40 INITRANS 1 MAXTRANS 255 
 NOCOMPRESS LOGGING
  STORAGE(INITIAL 65536 NEXT 1048576 MINEXTENTS 1 MAXEXTENTS 2147483645
  PCTINCREASE 0 FREELISTS 1 FREELIST GROUPS 1
  BUFFER_POOL DEFAULT FLASH_CACHE DEFAULT CELL_FLASH_CACHE DEFAULT)
  TABLESPACE "STUDENTI" ;
--------------------------------------------------------
--  DDL for Table ZAMESTNANEC
--------------------------------------------------------

  CREATE TABLE "ZAMESTNANEC" 
   (	"ID_UZIVATELU" NUMBER(*,0), 
	"MZDA" NUMBER(10,2), 
	"DATUMNASTUPA" DATE, 
	"POZICE" VARCHAR2(50 BYTE)
   ) SEGMENT CREATION IMMEDIATE 
  PCTFREE 10 PCTUSED 40 INITRANS 1 MAXTRANS 255 
 NOCOMPRESS LOGGING
  STORAGE(INITIAL 65536 NEXT 1048576 MINEXTENTS 1 MAXEXTENTS 2147483645
  PCTINCREASE 0 FREELISTS 1 FREELIST GROUPS 1
  BUFFER_POOL DEFAULT FLASH_CACHE DEFAULT CELL_FLASH_CACHE DEFAULT)
  TABLESPACE "STUDENTI" ;
--------------------------------------------------------
--  DDL for Table ZBOZI
--------------------------------------------------------

  CREATE TABLE "ZBOZI" 
   (	"ID_ZBOZI" NUMBER(*,0), 
	"NAZEV" VARCHAR2(55 BYTE), 
	"CENA" NUMBER(10,2), 
	"MNOZSTVI" NUMBER(*,0), 
	"MINMNOZSTVI" NUMBER(*,0), 
	"POPIS" CLOB, 
	"SKLAD_ID_SKLAD" NUMBER(*,0), 
	"ID_KATEGORIE" NUMBER(*,0)
   ) SEGMENT CREATION IMMEDIATE 
  PCTFREE 10 PCTUSED 40 INITRANS 1 MAXTRANS 255 
 NOCOMPRESS LOGGING
  STORAGE(INITIAL 65536 NEXT 1048576 MINEXTENTS 1 MAXEXTENTS 2147483645
  PCTINCREASE 0 FREELISTS 1 FREELIST GROUPS 1
  BUFFER_POOL DEFAULT FLASH_CACHE DEFAULT CELL_FLASH_CACHE DEFAULT)
  TABLESPACE "STUDENTI" 
 LOB ("POPIS") STORE AS SECUREFILE (
  TABLESPACE "STUDENTI" ENABLE STORAGE IN ROW CHUNK 8192
  NOCACHE LOGGING  NOCOMPRESS  KEEP_DUPLICATES 
  STORAGE(INITIAL 106496 NEXT 1048576 MINEXTENTS 1 MAXEXTENTS 2147483645
  PCTINCREASE 0
  BUFFER_POOL DEFAULT FLASH_CACHE DEFAULT CELL_FLASH_CACHE DEFAULT)) ;
--------------------------------------------------------
--  DDL for Table ZBOZI_DODAVATEL
--------------------------------------------------------

  CREATE TABLE "ZBOZI_DODAVATEL" 
   (	"ID_UZIVATELU" NUMBER(*,0), 
	"ID_ZBOZI" NUMBER(*,0)
   ) SEGMENT CREATION IMMEDIATE 
  PCTFREE 10 PCTUSED 40 INITRANS 1 MAXTRANS 255 
 NOCOMPRESS LOGGING
  STORAGE(INITIAL 65536 NEXT 1048576 MINEXTENTS 1 MAXEXTENTS 2147483645
  PCTINCREASE 0 FREELISTS 1 FREELIST GROUPS 1
  BUFFER_POOL DEFAULT FLASH_CACHE DEFAULT CELL_FLASH_CACHE DEFAULT)
  TABLESPACE "STUDENTI" ;
--------------------------------------------------------
--  DDL for Table ZPRAVA
--------------------------------------------------------

  CREATE TABLE "ZPRAVA" 
   (	"ID_ZPRAVA" NUMBER(*,0), 
	"ZPRAVA" CLOB, 
	"DATUMZASILANI" DATE, 
	"PRIJIMAC_ID" NUMBER(*,0), 
	"ODESILATEL_ID" NUMBER(*,0)
   ) SEGMENT CREATION IMMEDIATE 
  PCTFREE 10 PCTUSED 40 INITRANS 1 MAXTRANS 255 
 NOCOMPRESS LOGGING
  STORAGE(INITIAL 65536 NEXT 1048576 MINEXTENTS 1 MAXEXTENTS 2147483645
  PCTINCREASE 0 FREELISTS 1 FREELIST GROUPS 1
  BUFFER_POOL DEFAULT FLASH_CACHE DEFAULT CELL_FLASH_CACHE DEFAULT)
  TABLESPACE "STUDENTI" 
 LOB ("ZPRAVA") STORE AS SECUREFILE (
  TABLESPACE "STUDENTI" ENABLE STORAGE IN ROW CHUNK 8192
  NOCACHE LOGGING  NOCOMPRESS  KEEP_DUPLICATES 
  STORAGE(INITIAL 106496 NEXT 1048576 MINEXTENTS 1 MAXEXTENTS 2147483645
  PCTINCREASE 0
  BUFFER_POOL DEFAULT FLASH_CACHE DEFAULT CELL_FLASH_CACHE DEFAULT)) ;
--------------------------------------------------------
--  DDL for View V_OBJEDNAVKY_DETAIL
--------------------------------------------------------

  CREATE OR REPLACE FORCE EDITIONABLE VIEW "V_OBJEDNAVKY_DETAIL" ("ID_OBJEDNAVKA", "DATUM", "STATUS", "ZAKAZNIK", "CELKOVA_CENA") AS 
  SELECT 
-- Представление V_OBJEDNAVKY_DETAIL предназначено для вывода детализированной
-- информации о каждой заказе. Оно объединяет данные из нескольких таблиц:
-- OBJEDNAVKA, STATUS, UZIVATEL, ZAKAZNIK, OBJEDNAVKA_ZBOZI и ZBOZI.
--
-- Основная цель представления — предоставить удобный и быстрый способ получения
-- информации о заказах для отображения в пользовательском интерфейсе.
--
-- Для каждого заказа view показывает:
--  • ID заказа
--  • Дату создания заказа
--  • Текущий статус заказа
--  • Имя и фамилию клиента, который оформил заказ
--  • Общую стоимость заказа, рассчитанную как сумма (количество × цена товара)
--
-- Это представление значительно упрощает работу приложения, позволяя заменить
-- сложные JOIN и расчёты простым SELECT * FROM V_OBJEDNAVKY_DETAIL.
    -- Идентификатор заказа
    o.ID_OBJEDNAVKA,

    -- Дата оформления заказа
    o.DATUM,

    -- Название статуса (например: 'Nová', 'Zpracovává se', 'Dokončena')
    s.NAZEV AS STATUS,

    -- Полное имя клиента
    u.JMENO || ' ' || u.PRIJMENI AS ZAKAZNIK,

    -- Общая стоимость заказа:
    -- сумма по всем позициям заказа (количество × цена товара)
    SUM(oz.POCET * zb.CENA) AS CELKOVA_CENA

FROM OBJEDNAVKA o

-- Присоединение таблицы статусов
JOIN STATUS s 
    ON s.ID_STATUS = o.ID_STATUS

-- Присоединение информации о пользователе, который сделал заказ
JOIN UZIVATEL u 
    ON u.ID_UZIVATEL = o.ID_UZIVATEL

-- Проверка, что пользователь является зарегистрированным клиентом (ZAKAZNIK)
JOIN ZAKAZNIK z 
    ON z.ID_UZIVATELU = u.ID_UZIVATEL

-- Список товаров, входящих в заказ
JOIN OBJEDNAVKA_ZBOZI oz 
    ON oz.ID_OBJEDNAVKA = o.ID_OBJEDNAVKA

-- Подключение цен и названий товаров
JOIN ZBOZI zb 
    ON zb.ID_ZBOZI = oz.ID_ZBOZI

-- Группировка для вычисления итоговой суммы по заказу
GROUP BY 
    o.ID_OBJEDNAVKA, 
    o.DATUM, 
    s.NAZEV, 
    u.JMENO, 
    u.PRIJMENI
;
--------------------------------------------------------
--  DDL for View V_SUPERMARKET_TRZBY
--------------------------------------------------------

  CREATE OR REPLACE FORCE EDITIONABLE VIEW "V_SUPERMARKET_TRZBY" ("ID_SUPERMARKET", "SUPERMARKET_NAZEV", "ADRESA", "MESTO", "TRZBA") AS 
  SELECT

-- Представление V_SUPERMARKET_TRZBY выполняет вычисление общей выручки (tržba)
-- по каждому супермаркету. Оно объединяет данные из нескольких таблиц:
-- SUPERMARKET, ADRESA, MESTO, OBJEDNAVKA, OBJEDNAVKA_ZBOZI и ZBOZI.
-- В результате формируется аналитический обзор, где для каждого магазина
-- отображается название, полный адрес, город и сумма всех продаж,
-- рассчитанная как сумма (количество товара × цена товара).
--
-- Представление упрощает работу приложения: вместо сложных JOIN и расчётов
-- можно выполнять простой SELECT из готового view и сразу отображать
-- итоговую выручку супермаркетов в таблице или отчётах.

    -- Идентификатор супермаркета
    s.ID_SUPERMARKET,

    -- Название супермаркета
    s.NAZEV AS SUPERMARKET_NAZEV,

    -- Сформированный полный адрес (улица + номер дома)
    a.ULICE 
        || ' ' 
        || a.CISLOPOPISNE 
        || '/' 
        || a.CISLOORIENTACNI AS ADRESA,

    -- Название города
    m.NAZEV AS MESTO,

    -- Общая выручка супермаркета:
    -- сумма количества заказанных товаров × цена каждого товара
    SUM(oz.POCET * z.CENA) AS TRZBA

FROM SUPERMARKET s
-- Связь супермаркета с таблицей адресов
LEFT JOIN ADRESA a 
       ON a.ID_ADRESA = s.ID_ADRESA

-- Получение названия города
LEFT JOIN MESTO m 
       ON m.PSC = a.MESTO_PSC

-- Получение всех заказов для данного супермаркета
LEFT JOIN OBJEDNAVKA o 
       ON o.ID_SUPERMARKET = s.ID_SUPERMARKET

-- Связь заказа с товарами
LEFT JOIN OBJEDNAVKA_ZBOZI oz 
       ON oz.ID_OBJEDNAVKA = o.ID_OBJEDNAVKA

-- Подключение цен товаров
LEFT JOIN ZBOZI z 
       ON z.ID_ZBOZI = oz.ID_ZBOZI

-- Группировка по супермаркетам и их адресам
GROUP BY 
    s.ID_SUPERMARKET,
    s.NAZEV,
    a.ULICE,
    a.CISLOPOPISNE,
    a.CISLOORIENTACNI,
    m.NAZEV
;
--------------------------------------------------------
--  DDL for View V_ZAKAZNIK_SUPERMARKET_ANALYZA
--------------------------------------------------------

  CREATE OR REPLACE FORCE EDITIONABLE VIEW "V_ZAKAZNIK_SUPERMARKET_ANALYZA" ("ID_UZIVATEL", "JMENO", "PRIJMENI", "KARTAVERNOSTI", "ID_SUPERMARKET", "SUPERMARKET_NAZEV", "MESTO", "POCET_OBJEDNAVEK", "PRVNI_OBJEDNAVKA", "POSLEDNI_OBJEDNAVKA", "CELKOVA_UTRATA", "PRUMERNA_OBJEDNAVKA", "PORADI_V_SUPERMARKETU", "SEGMENT") AS 
  SELECT
-- Представление V_ZAKAZNIK_SUPERMARKET_ANALYZA выполняет расширенную аналитику
-- активности покупателей в разрезе каждого супермаркета. Оно объединяет данные
-- из семи таблиц: UZIVATEL, ZAKAZNIK, OBJEDNAVKA, PLATBA, SUPERMARKET, ADRESA и MESTO.
--
-- Представление рассчитывает ключевые показатели для *каждого клиента внутри
-- каждого супермаркета*:
--   • общее количество оформленных заказов;
--   • дата первой и последней покупки;
--   • общая сумма всех оплат (utrata);
--   • средний чек;
--   • место клиента в рейтинге по выручке среди других клиентов данного супермаркета
--     (через аналитическую функцию RANK());
--   • сегмент клиента (VIP / ZLATY / STRIBRNY / ZAKLADNI), основанный на суммарных тратах.
--
-- Это представление является сложным аналитическим инструментом и может
-- использоваться в приложении для отчётности, анализа клиентского поведения,
-- построения панели администратора или программы лояльности.


    -- Базовая информация о пользователе
    a.ID_UZIVATEL,
    a.JMENO,
    a.PRIJMENI,

    -- Номер карты лояльности
    a.KARTAVERNOSTI,

    -- Идентификатор и название супермаркета
    a.ID_SUPERMARKET,
    a.SUPERMARKET_NAZEV,

    -- Название города, где расположен супермаркет
    a.MESTO,

    -- Количество заказов данного клиента в данном супермаркете
    a.POCET_OBJEDNAVEK,

    -- Дата первой покупки
    a.PRVNI_OBJEDNAVKA,

    -- Дата последней покупки
    a.POSLEDNI_OBJEDNAVKA,

    -- Суммарная трата клиента
    a.CELKOVA_UTRATA,

    -- Средняя стоимость заказа (средний чек)
    a.PRUMERNA_OBJEDNAVKA,

    -- Позиция клиента в рейтинге по выручке внутри супермаркета
    RANK() OVER (
        PARTITION BY a.ID_SUPERMARKET
        ORDER BY a.CELKOVA_UTRATA DESC
    ) AS PORADI_V_SUPERMARKETU,

    -- Сегментация клиентов в зависимости от трат
    CASE
        WHEN NVL(a.CELKOVA_UTRATA, 0) >= 10000 THEN 'VIP'
        WHEN NVL(a.CELKOVA_UTRATA, 0) >= 5000  THEN 'ZLATY'
        WHEN NVL(a.CELKOVA_UTRATA, 0) >= 1000  THEN 'STRIBRNY'
        ELSE 'ZAKLADNI'
    END AS SEGMENT

FROM (
    -- Внутренний запрос вычисляет показатели клиента по каждому супермаркету
    SELECT
        u.ID_UZIVATEL,
        u.JMENO,
        u.PRIJMENI,
        z.KARTAVERNOSTI,

        s.ID_SUPERMARKET,
        s.NAZEV AS SUPERMARKET_NAZEV,
        m.NAZEV AS MESTO,

        COUNT(DISTINCT o.ID_OBJEDNAVKA) AS POCET_OBJEDNAVEK,
        MIN(o.DATUM) AS PRVNI_OBJEDNAVKA,
        MAX(o.DATUM) AS POSLEDNI_OBJEDNAVKA,

        -- Общая сумма потраченных денег (по таблице PLATBA)
        SUM(p.CASTKA) AS CELKOVA_UTRATA,

        -- Средний чек
        AVG(p.CASTKA) AS PRUMERNA_OBJEDNAVKA

    FROM UZIVATEL u

    -- Клиент должен существовать в таблице ZAKAZNIK
    JOIN ZAKAZNIK z
        ON z.ID_UZIVATELU = u.ID_UZIVATEL

    -- Все заказы клиента
    JOIN OBJEDNAVKA o
        ON o.ID_UZIVATEL = u.ID_UZIVATEL

    -- Оплаты заказов (могут отсутствовать → LEFT JOIN)
    LEFT JOIN PLATBA p
        ON p.ID_OBJEDNAVKA = o.ID_OBJEDNAVKA

    -- Супермаркет, в котором был оформлен заказ
    JOIN SUPERMARKET s
        ON s.ID_SUPERMARKET = o.ID_SUPERMARKET

    -- Адрес супермаркета
    JOIN ADRESA a
        ON a.ID_ADRESA = s.ID_ADRESA

    -- Название города
    JOIN MESTO m
        ON m.PSC = a.MESTO_PSC

    GROUP BY
        u.ID_UZIVATEL,
        u.JMENO,
        u.PRIJMENI,
        z.KARTAVERNOSTI,
        s.ID_SUPERMARKET,
        s.NAZEV,
        m.NAZEV
) a
;
--------------------------------------------------------
--  DDL for View V_ZBOZI_STAT
--------------------------------------------------------

  CREATE OR REPLACE FORCE EDITIONABLE VIEW "V_ZBOZI_STAT" ("ID_ZBOZI", "NAZEV_ZBOZI", "CENA", "KATEGORIE", "POCET_DODAVATELU", "AVG_CENA_CATEGORY") AS 
  SELECT
    z.ID_ZBOZI,
    z.NAZEV AS NAZEV_ZBOZI,
    z.CENA,
    k.NAZEV AS KATEGORIE,
    COUNT(zd.ID_UZIVATELU) AS POCET_DODAVATELU,
    AVG(z.CENA) OVER (PARTITION BY z.ID_KATEGORIE) AS AVG_CENA_CATEGORY
FROM ZBOZI z
LEFT JOIN KATEGORIE_ZBOZI k 
       ON k.ID_KATEGORIE = z.ID_KATEGORIE
LEFT JOIN ZBOZI_DODAVATEL zd 
       ON zd.ID_ZBOZI = z.ID_ZBOZI
GROUP BY 
    z.ID_ZBOZI, z.NAZEV, z.CENA, k.NAZEV, z.ID_KATEGORIE
;
REM INSERTING into ADRESA
SET DEFINE OFF;
Insert into ADRESA (ID_ADRESA,ULICE,CISLOPOPISNE,MESTO_PSC,CISLOORIENTACNI) values ('86','U Trojice','27','11000','5');
Insert into ADRESA (ID_ADRESA,ULICE,CISLOPOPISNE,MESTO_PSC,CISLOORIENTACNI) values ('87','Na Folimance','13','12000','2');
Insert into ADRESA (ID_ADRESA,ULICE,CISLOPOPISNE,MESTO_PSC,CISLOORIENTACNI) values ('88','U Rajske zahrady','14','13000','10');
Insert into ADRESA (ID_ADRESA,ULICE,CISLOPOPISNE,MESTO_PSC,CISLOORIENTACNI) values ('89','Jeremenkova','282','14000','9');
Insert into ADRESA (ID_ADRESA,ULICE,CISLOPOPISNE,MESTO_PSC,CISLOORIENTACNI) values ('90','Tusarova','21','17000','4');
Insert into ADRESA (ID_ADRESA,ULICE,CISLOPOPISNE,MESTO_PSC,CISLOORIENTACNI) values ('91','Kobližná','18','60200','3');
Insert into ADRESA (ID_ADRESA,ULICE,CISLOPOPISNE,MESTO_PSC,CISLOORIENTACNI) values ('92','Cejl','76','60200','12');
Insert into ADRESA (ID_ADRESA,ULICE,CISLOPOPISNE,MESTO_PSC,CISLOORIENTACNI) values ('93','Havlickova','44','53009','7');
Insert into ADRESA (ID_ADRESA,ULICE,CISLOPOPISNE,MESTO_PSC,CISLOORIENTACNI) values ('94','Zborovskeho','155','53009','11');
Insert into ADRESA (ID_ADRESA,ULICE,CISLOPOPISNE,MESTO_PSC,CISLOORIENTACNI) values ('95','Tesinska','98','70200','6');
Insert into ADRESA (ID_ADRESA,ULICE,CISLOPOPISNE,MESTO_PSC,CISLOORIENTACNI) values ('96','28. rijna','45','70200','15');
Insert into ADRESA (ID_ADRESA,ULICE,CISLOPOPISNE,MESTO_PSC,CISLOORIENTACNI) values ('97','U Soudu','24','30100','1');
Insert into ADRESA (ID_ADRESA,ULICE,CISLOPOPISNE,MESTO_PSC,CISLOORIENTACNI) values ('98','Slovanska','155','30100','20');
Insert into ADRESA (ID_ADRESA,ULICE,CISLOPOPISNE,MESTO_PSC,CISLOORIENTACNI) values ('99','Partyzanu','11','46001','9');
Insert into ADRESA (ID_ADRESA,ULICE,CISLOPOPISNE,MESTO_PSC,CISLOORIENTACNI) values ('100','Svermova','52','46001','3');
Insert into ADRESA (ID_ADRESA,ULICE,CISLOPOPISNE,MESTO_PSC,CISLOORIENTACNI) values ('1','Vodičkova','28','11000','5');
Insert into ADRESA (ID_ADRESA,ULICE,CISLOPOPISNE,MESTO_PSC,CISLOORIENTACNI) values ('2','Národní','33','11000','12');
Insert into ADRESA (ID_ADRESA,ULICE,CISLOPOPISNE,MESTO_PSC,CISLOORIENTACNI) values ('3','Jungmannova','24','11000','4');
Insert into ADRESA (ID_ADRESA,ULICE,CISLOPOPISNE,MESTO_PSC,CISLOORIENTACNI) values ('4','Nekázanka','11','11000','2');
Insert into ADRESA (ID_ADRESA,ULICE,CISLOPOPISNE,MESTO_PSC,CISLOORIENTACNI) values ('5','Politických vězňů','13','11000','3');
Insert into ADRESA (ID_ADRESA,ULICE,CISLOPOPISNE,MESTO_PSC,CISLOORIENTACNI) values ('6','Ječná','15','12000','7');
Insert into ADRESA (ID_ADRESA,ULICE,CISLOPOPISNE,MESTO_PSC,CISLOORIENTACNI) values ('7','Legerova','45','12000','9');
Insert into ADRESA (ID_ADRESA,ULICE,CISLOPOPISNE,MESTO_PSC,CISLOORIENTACNI) values ('8','Sokolská','68','12000','3');
Insert into ADRESA (ID_ADRESA,ULICE,CISLOPOPISNE,MESTO_PSC,CISLOORIENTACNI) values ('9','Záhřebská','22','12000','5');
Insert into ADRESA (ID_ADRESA,ULICE,CISLOPOPISNE,MESTO_PSC,CISLOORIENTACNI) values ('10','Rumunská','12','12000','8');
Insert into ADRESA (ID_ADRESA,ULICE,CISLOPOPISNE,MESTO_PSC,CISLOORIENTACNI) values ('11','Seifertova','82','13000','3');
Insert into ADRESA (ID_ADRESA,ULICE,CISLOPOPISNE,MESTO_PSC,CISLOORIENTACNI) values ('12','Ondříčkova','26','13000','11');
Insert into ADRESA (ID_ADRESA,ULICE,CISLOPOPISNE,MESTO_PSC,CISLOORIENTACNI) values ('13','Bořivojova','104','13000','9');
Insert into ADRESA (ID_ADRESA,ULICE,CISLOPOPISNE,MESTO_PSC,CISLOORIENTACNI) values ('14','Kubelíkova','37','13000','2');
Insert into ADRESA (ID_ADRESA,ULICE,CISLOPOPISNE,MESTO_PSC,CISLOORIENTACNI) values ('15','Chvalova','8','13000','1');
Insert into ADRESA (ID_ADRESA,ULICE,CISLOPOPISNE,MESTO_PSC,CISLOORIENTACNI) values ('16','Budějovická','123','14000','8');
Insert into ADRESA (ID_ADRESA,ULICE,CISLOPOPISNE,MESTO_PSC,CISLOORIENTACNI) values ('17','Na Pankráci','1724','14000','34');
Insert into ADRESA (ID_ADRESA,ULICE,CISLOPOPISNE,MESTO_PSC,CISLOORIENTACNI) values ('18','Jeremenkova','88','14000','6');
Insert into ADRESA (ID_ADRESA,ULICE,CISLOPOPISNE,MESTO_PSC,CISLOORIENTACNI) values ('19','Antala Staška','18','14000','3');
Insert into ADRESA (ID_ADRESA,ULICE,CISLOPOPISNE,MESTO_PSC,CISLOORIENTACNI) values ('20','Na Strži','65','14000','4');
Insert into ADRESA (ID_ADRESA,ULICE,CISLOPOPISNE,MESTO_PSC,CISLOORIENTACNI) values ('21','Strossmayerovo náměstí','5','17000','2');
Insert into ADRESA (ID_ADRESA,ULICE,CISLOPOPISNE,MESTO_PSC,CISLOORIENTACNI) values ('22','Dukelských hrdinů','12','17000','6');
Insert into ADRESA (ID_ADRESA,ULICE,CISLOPOPISNE,MESTO_PSC,CISLOORIENTACNI) values ('23','Kostelní','42','17000','11');
Insert into ADRESA (ID_ADRESA,ULICE,CISLOPOPISNE,MESTO_PSC,CISLOORIENTACNI) values ('24','U Průhonu','19','17000','8');
Insert into ADRESA (ID_ADRESA,ULICE,CISLOPOPISNE,MESTO_PSC,CISLOORIENTACNI) values ('25','Jankovcova','53','17000','7');
Insert into ADRESA (ID_ADRESA,ULICE,CISLOPOPISNE,MESTO_PSC,CISLOORIENTACNI) values ('26','Kounicova','67','60200','10');
Insert into ADRESA (ID_ADRESA,ULICE,CISLOPOPISNE,MESTO_PSC,CISLOORIENTACNI) values ('27','Česká','19','60200','2');
Insert into ADRESA (ID_ADRESA,ULICE,CISLOPOPISNE,MESTO_PSC,CISLOORIENTACNI) values ('28','Veveří','112','60200','3');
Insert into ADRESA (ID_ADRESA,ULICE,CISLOPOPISNE,MESTO_PSC,CISLOORIENTACNI) values ('29','Úvoz','45','60200','1');
Insert into ADRESA (ID_ADRESA,ULICE,CISLOPOPISNE,MESTO_PSC,CISLOORIENTACNI) values ('30','Lidická','88','60200','14');
Insert into ADRESA (ID_ADRESA,ULICE,CISLOPOPISNE,MESTO_PSC,CISLOORIENTACNI) values ('31','Tábor','23','60200','7');
Insert into ADRESA (ID_ADRESA,ULICE,CISLOPOPISNE,MESTO_PSC,CISLOORIENTACNI) values ('32','Bayerova','9','60200','2');
Insert into ADRESA (ID_ADRESA,ULICE,CISLOPOPISNE,MESTO_PSC,CISLOORIENTACNI) values ('33','Masarykova','12','60200','5');
Insert into ADRESA (ID_ADRESA,ULICE,CISLOPOPISNE,MESTO_PSC,CISLOORIENTACNI) values ('34','Hybešova','61','60200','8');
Insert into ADRESA (ID_ADRESA,ULICE,CISLOPOPISNE,MESTO_PSC,CISLOORIENTACNI) values ('35','Husova','13','60200','6');
Insert into ADRESA (ID_ADRESA,ULICE,CISLOPOPISNE,MESTO_PSC,CISLOORIENTACNI) values ('36','Klatovská tř.','122','30100','4');
Insert into ADRESA (ID_ADRESA,ULICE,CISLOPOPISNE,MESTO_PSC,CISLOORIENTACNI) values ('37','Americká','32','30100','6');
Insert into ADRESA (ID_ADRESA,ULICE,CISLOPOPISNE,MESTO_PSC,CISLOORIENTACNI) values ('38','Sukova','13','30100','2');
Insert into ADRESA (ID_ADRESA,ULICE,CISLOPOPISNE,MESTO_PSC,CISLOORIENTACNI) values ('39','Rokycanská','117','30100','19');
Insert into ADRESA (ID_ADRESA,ULICE,CISLOPOPISNE,MESTO_PSC,CISLOORIENTACNI) values ('40','U Prazdroje','7','30100','1');
Insert into ADRESA (ID_ADRESA,ULICE,CISLOPOPISNE,MESTO_PSC,CISLOORIENTACNI) values ('41','Borská','45','30100','3');
Insert into ADRESA (ID_ADRESA,ULICE,CISLOPOPISNE,MESTO_PSC,CISLOORIENTACNI) values ('42','Na Roudné','9','30100','4');
Insert into ADRESA (ID_ADRESA,ULICE,CISLOPOPISNE,MESTO_PSC,CISLOORIENTACNI) values ('43','Tylova','18','30100','2');
Insert into ADRESA (ID_ADRESA,ULICE,CISLOPOPISNE,MESTO_PSC,CISLOORIENTACNI) values ('44','Kollárova','11','30100','6');
Insert into ADRESA (ID_ADRESA,ULICE,CISLOPOPISNE,MESTO_PSC,CISLOORIENTACNI) values ('45','Bílá Hora','65','30100','8');
Insert into ADRESA (ID_ADRESA,ULICE,CISLOPOPISNE,MESTO_PSC,CISLOORIENTACNI) values ('46','Karla IV.','291','50002','3');
Insert into ADRESA (ID_ADRESA,ULICE,CISLOPOPISNE,MESTO_PSC,CISLOORIENTACNI) values ('47','Gočárova třída','1105','50002','18');
Insert into ADRESA (ID_ADRESA,ULICE,CISLOPOPISNE,MESTO_PSC,CISLOORIENTACNI) values ('48','Střelecká','578','50002','9');
Insert into ADRESA (ID_ADRESA,ULICE,CISLOPOPISNE,MESTO_PSC,CISLOORIENTACNI) values ('49','Šimkova','1224','50002','5');
Insert into ADRESA (ID_ADRESA,ULICE,CISLOPOPISNE,MESTO_PSC,CISLOORIENTACNI) values ('50','Československé armády','21','50002','6');
Insert into ADRESA (ID_ADRESA,ULICE,CISLOPOPISNE,MESTO_PSC,CISLOORIENTACNI) values ('51','Mostecká','78','50002','3');
Insert into ADRESA (ID_ADRESA,ULICE,CISLOPOPISNE,MESTO_PSC,CISLOORIENTACNI) values ('52','Brněnská','45','13000','1');
Insert into ADRESA (ID_ADRESA,ULICE,CISLOPOPISNE,MESTO_PSC,CISLOORIENTACNI) values ('53','Smetanovo nábřeží','3','50002','1');
Insert into ADRESA (ID_ADRESA,ULICE,CISLOPOPISNE,MESTO_PSC,CISLOORIENTACNI) values ('54','Havlíčkova','17','50002','2');
Insert into ADRESA (ID_ADRESA,ULICE,CISLOPOPISNE,MESTO_PSC,CISLOORIENTACNI) values ('55','Labská kotlina','1014','50002','9');
Insert into ADRESA (ID_ADRESA,ULICE,CISLOPOPISNE,MESTO_PSC,CISLOORIENTACNI) values ('56','Studentská','95','53009','3');
Insert into ADRESA (ID_ADRESA,ULICE,CISLOPOPISNE,MESTO_PSC,CISLOORIENTACNI) values ('57','třída Míru','62','53009','11');
Insert into ADRESA (ID_ADRESA,ULICE,CISLOPOPISNE,MESTO_PSC,CISLOORIENTACNI) values ('58','Sukova třída','155','53009','14');
Insert into ADRESA (ID_ADRESA,ULICE,CISLOPOPISNE,MESTO_PSC,CISLOORIENTACNI) values ('59','Na Spravedlnosti','147','53009','7');
Insert into ADRESA (ID_ADRESA,ULICE,CISLOPOPISNE,MESTO_PSC,CISLOORIENTACNI) values ('60','Hradecká','81','53009','9');
Insert into ADRESA (ID_ADRESA,ULICE,CISLOPOPISNE,MESTO_PSC,CISLOORIENTACNI) values ('61','Polabiny I','450','53009','12');
Insert into ADRESA (ID_ADRESA,ULICE,CISLOPOPISNE,MESTO_PSC,CISLOORIENTACNI) values ('62','Polabiny II','312','53009','4');
Insert into ADRESA (ID_ADRESA,ULICE,CISLOPOPISNE,MESTO_PSC,CISLOORIENTACNI) values ('63','Teplého','52','53009','6');
Insert into ADRESA (ID_ADRESA,ULICE,CISLOPOPISNE,MESTO_PSC,CISLOORIENTACNI) values ('64','17. listopadu','121','53009','8');
Insert into ADRESA (ID_ADRESA,ULICE,CISLOPOPISNE,MESTO_PSC,CISLOORIENTACNI) values ('65','Železniční','27','53009','2');
Insert into ADRESA (ID_ADRESA,ULICE,CISLOPOPISNE,MESTO_PSC,CISLOORIENTACNI) values ('66','Horní náměstí','23','77900','9');
Insert into ADRESA (ID_ADRESA,ULICE,CISLOPOPISNE,MESTO_PSC,CISLOORIENTACNI) values ('67','Litovelská','77','77900','14');
Insert into ADRESA (ID_ADRESA,ULICE,CISLOPOPISNE,MESTO_PSC,CISLOORIENTACNI) values ('68','Holická','55','77900','3');
Insert into ADRESA (ID_ADRESA,ULICE,CISLOPOPISNE,MESTO_PSC,CISLOORIENTACNI) values ('69','Foerstrova','10','77900','2');
Insert into ADRESA (ID_ADRESA,ULICE,CISLOPOPISNE,MESTO_PSC,CISLOORIENTACNI) values ('70','Wolkerova','120','77900','7');
Insert into ADRESA (ID_ADRESA,ULICE,CISLOPOPISNE,MESTO_PSC,CISLOORIENTACNI) values ('71','Masarykova','312','40001','12');
Insert into ADRESA (ID_ADRESA,ULICE,CISLOPOPISNE,MESTO_PSC,CISLOORIENTACNI) values ('72','Hrnčířská','55','40001','7');
Insert into ADRESA (ID_ADRESA,ULICE,CISLOPOPISNE,MESTO_PSC,CISLOORIENTACNI) values ('73','Revoluční','18','40001','4');
Insert into ADRESA (ID_ADRESA,ULICE,CISLOPOPISNE,MESTO_PSC,CISLOORIENTACNI) values ('74','Velká Hradební','121','40001','9');
Insert into ADRESA (ID_ADRESA,ULICE,CISLOPOPISNE,MESTO_PSC,CISLOORIENTACNI) values ('75','Dlouhá','3','40001','1');
Insert into ADRESA (ID_ADRESA,ULICE,CISLOPOPISNE,MESTO_PSC,CISLOORIENTACNI) values ('76','Fryštátsk','212','72802','5');
Insert into ADRESA (ID_ADRESA,ULICE,CISLOPOPISNE,MESTO_PSC,CISLOORIENTACNI) values ('77','Nám. TGM','98','72802','3');
Insert into ADRESA (ID_ADRESA,ULICE,CISLOPOPISNE,MESTO_PSC,CISLOORIENTACNI) values ('78','Borovského','14','72802','1');
Insert into ADRESA (ID_ADRESA,ULICE,CISLOPOPISNE,MESTO_PSC,CISLOORIENTACNI) values ('79','U Bažantnice','45','72802','7');
Insert into ADRESA (ID_ADRESA,ULICE,CISLOPOPISNE,MESTO_PSC,CISLOORIENTACNI) values ('80','Havířská','8','72802','2');
Insert into ADRESA (ID_ADRESA,ULICE,CISLOPOPISNE,MESTO_PSC,CISLOORIENTACNI) values ('81','Jaselská','14','29301','4');
Insert into ADRESA (ID_ADRESA,ULICE,CISLOPOPISNE,MESTO_PSC,CISLOORIENTACNI) values ('82','Laurinova','23','29301','1');
Insert into ADRESA (ID_ADRESA,ULICE,CISLOPOPISNE,MESTO_PSC,CISLOORIENTACNI) values ('83','Václavkova','9','29301','2');
Insert into ADRESA (ID_ADRESA,ULICE,CISLOPOPISNE,MESTO_PSC,CISLOORIENTACNI) values ('84','Jičínská','62','29301','8');
Insert into ADRESA (ID_ADRESA,ULICE,CISLOPOPISNE,MESTO_PSC,CISLOORIENTACNI) values ('85','Tyršova','15','29301','5');
Insert into ADRESA (ID_ADRESA,ULICE,CISLOPOPISNE,MESTO_PSC,CISLOORIENTACNI) values ('103','Studentska','202','53009','2');
Insert into ADRESA (ID_ADRESA,ULICE,CISLOPOPISNE,MESTO_PSC,CISLOORIENTACNI) values ('101','Studenska','201','11000','1');
Insert into ADRESA (ID_ADRESA,ULICE,CISLOPOPISNE,MESTO_PSC,CISLOORIENTACNI) values ('102','Studentska','202','53009','2');
REM INSERTING into APP_ROLE
SET DEFINE OFF;
Insert into APP_ROLE (ID_ROLE,NAZEV) values ('1','ADMIN');
Insert into APP_ROLE (ID_ROLE,NAZEV) values ('2','DODAVATEL');
Insert into APP_ROLE (ID_ROLE,NAZEV) values ('3','ZAKAZNIK');
Insert into APP_ROLE (ID_ROLE,NAZEV) values ('4','MANAZER');
Insert into APP_ROLE (ID_ROLE,NAZEV) values ('5','ANALYTIK');
Insert into APP_ROLE (ID_ROLE,NAZEV) values ('6','SUPERVIZOR');
Insert into APP_ROLE (ID_ROLE,NAZEV) values ('7','NEW_USER');
REM INSERTING into APP_ROLE_PRAVO
SET DEFINE OFF;
Insert into APP_ROLE_PRAVO (ID_PRAVO,ID_ROLE) values ('1','1');
Insert into APP_ROLE_PRAVO (ID_PRAVO,ID_ROLE) values ('1','2');
Insert into APP_ROLE_PRAVO (ID_PRAVO,ID_ROLE) values ('1','3');
Insert into APP_ROLE_PRAVO (ID_PRAVO,ID_ROLE) values ('1','5');
Insert into APP_ROLE_PRAVO (ID_PRAVO,ID_ROLE) values ('1','6');
Insert into APP_ROLE_PRAVO (ID_PRAVO,ID_ROLE) values ('2','1');
Insert into APP_ROLE_PRAVO (ID_PRAVO,ID_ROLE) values ('2','6');
Insert into APP_ROLE_PRAVO (ID_PRAVO,ID_ROLE) values ('3','1');
Insert into APP_ROLE_PRAVO (ID_PRAVO,ID_ROLE) values ('3','3');
Insert into APP_ROLE_PRAVO (ID_PRAVO,ID_ROLE) values ('3','4');
Insert into APP_ROLE_PRAVO (ID_PRAVO,ID_ROLE) values ('3','5');
Insert into APP_ROLE_PRAVO (ID_PRAVO,ID_ROLE) values ('4','1');
Insert into APP_ROLE_PRAVO (ID_PRAVO,ID_ROLE) values ('5','1');
Insert into APP_ROLE_PRAVO (ID_PRAVO,ID_ROLE) values ('5','3');
Insert into APP_ROLE_PRAVO (ID_PRAVO,ID_ROLE) values ('6','1');
Insert into APP_ROLE_PRAVO (ID_PRAVO,ID_ROLE) values ('6','2');
Insert into APP_ROLE_PRAVO (ID_PRAVO,ID_ROLE) values ('6','4');
Insert into APP_ROLE_PRAVO (ID_PRAVO,ID_ROLE) values ('6','5');
Insert into APP_ROLE_PRAVO (ID_PRAVO,ID_ROLE) values ('6','6');
Insert into APP_ROLE_PRAVO (ID_PRAVO,ID_ROLE) values ('7','1');
Insert into APP_ROLE_PRAVO (ID_PRAVO,ID_ROLE) values ('7','5');
Insert into APP_ROLE_PRAVO (ID_PRAVO,ID_ROLE) values ('8','1');
Insert into APP_ROLE_PRAVO (ID_PRAVO,ID_ROLE) values ('8','4');
Insert into APP_ROLE_PRAVO (ID_PRAVO,ID_ROLE) values ('9','1');
Insert into APP_ROLE_PRAVO (ID_PRAVO,ID_ROLE) values ('10','1');
REM INSERTING into ARCHIV
SET DEFINE OFF;
Insert into ARCHIV (ID_ARCHIV,NAZEV,PARENT_ID) values ('2','Supermarket Praha Centrum','1');
Insert into ARCHIV (ID_ARCHIV,NAZEV,PARENT_ID) values ('1','Hlavní Archiv Supermarketu',null);
Insert into ARCHIV (ID_ARCHIV,NAZEV,PARENT_ID) values ('3','Dokumenty','2');
Insert into ARCHIV (ID_ARCHIV,NAZEV,PARENT_ID) values ('4','Reporty','2');
Insert into ARCHIV (ID_ARCHIV,NAZEV,PARENT_ID) values ('5','Inventura','2');
Insert into ARCHIV (ID_ARCHIV,NAZEV,PARENT_ID) values ('6','Log','2');
Insert into ARCHIV (ID_ARCHIV,NAZEV,PARENT_ID) values ('7','Zbozi','6');
Insert into ARCHIV (ID_ARCHIV,NAZEV,PARENT_ID) values ('8','Objednavky','6');
Insert into ARCHIV (ID_ARCHIV,NAZEV,PARENT_ID) values ('9','Platby','6');
Insert into ARCHIV (ID_ARCHIV,NAZEV,PARENT_ID) values ('10','Ostatni','6');
Insert into ARCHIV (ID_ARCHIV,NAZEV,PARENT_ID) values ('11','Supermarket Praha Folimanka','1');
Insert into ARCHIV (ID_ARCHIV,NAZEV,PARENT_ID) values ('12','Dokumenty','11');
Insert into ARCHIV (ID_ARCHIV,NAZEV,PARENT_ID) values ('13','Reporty','11');
Insert into ARCHIV (ID_ARCHIV,NAZEV,PARENT_ID) values ('14','Inventura','11');
Insert into ARCHIV (ID_ARCHIV,NAZEV,PARENT_ID) values ('15','Log','11');
Insert into ARCHIV (ID_ARCHIV,NAZEV,PARENT_ID) values ('16','Zbozi','15');
Insert into ARCHIV (ID_ARCHIV,NAZEV,PARENT_ID) values ('17','Objednavky','15');
Insert into ARCHIV (ID_ARCHIV,NAZEV,PARENT_ID) values ('18','Platby','15');
Insert into ARCHIV (ID_ARCHIV,NAZEV,PARENT_ID) values ('19','Ostatni','15');
Insert into ARCHIV (ID_ARCHIV,NAZEV,PARENT_ID) values ('20','Supermarket Praha Zahrada','1');
Insert into ARCHIV (ID_ARCHIV,NAZEV,PARENT_ID) values ('21','Dokumenty','20');
Insert into ARCHIV (ID_ARCHIV,NAZEV,PARENT_ID) values ('22','Reporty','20');
Insert into ARCHIV (ID_ARCHIV,NAZEV,PARENT_ID) values ('23','Inventura','20');
Insert into ARCHIV (ID_ARCHIV,NAZEV,PARENT_ID) values ('24','Log','20');
Insert into ARCHIV (ID_ARCHIV,NAZEV,PARENT_ID) values ('25','Zbozi','24');
Insert into ARCHIV (ID_ARCHIV,NAZEV,PARENT_ID) values ('26','Objednavky','24');
Insert into ARCHIV (ID_ARCHIV,NAZEV,PARENT_ID) values ('27','Platby','24');
Insert into ARCHIV (ID_ARCHIV,NAZEV,PARENT_ID) values ('28','Ostatni','24');
Insert into ARCHIV (ID_ARCHIV,NAZEV,PARENT_ID) values ('29','Supermarket Praha Jeremenkova','1');
Insert into ARCHIV (ID_ARCHIV,NAZEV,PARENT_ID) values ('30','Dokumenty','29');
Insert into ARCHIV (ID_ARCHIV,NAZEV,PARENT_ID) values ('31','Reporty','29');
Insert into ARCHIV (ID_ARCHIV,NAZEV,PARENT_ID) values ('32','Inventura','29');
Insert into ARCHIV (ID_ARCHIV,NAZEV,PARENT_ID) values ('33','Log','29');
Insert into ARCHIV (ID_ARCHIV,NAZEV,PARENT_ID) values ('34','Zbozi','33');
Insert into ARCHIV (ID_ARCHIV,NAZEV,PARENT_ID) values ('35','Objednavky','33');
Insert into ARCHIV (ID_ARCHIV,NAZEV,PARENT_ID) values ('36','Platby','33');
Insert into ARCHIV (ID_ARCHIV,NAZEV,PARENT_ID) values ('37','Ostatni','33');
Insert into ARCHIV (ID_ARCHIV,NAZEV,PARENT_ID) values ('38','Supermarket Praha Tusarova','1');
Insert into ARCHIV (ID_ARCHIV,NAZEV,PARENT_ID) values ('39','Dokumenty','38');
Insert into ARCHIV (ID_ARCHIV,NAZEV,PARENT_ID) values ('40','Reporty','38');
Insert into ARCHIV (ID_ARCHIV,NAZEV,PARENT_ID) values ('41','Inventura','38');
Insert into ARCHIV (ID_ARCHIV,NAZEV,PARENT_ID) values ('42','Log','38');
Insert into ARCHIV (ID_ARCHIV,NAZEV,PARENT_ID) values ('43','Zbozi','42');
Insert into ARCHIV (ID_ARCHIV,NAZEV,PARENT_ID) values ('44','Objednavky','42');
Insert into ARCHIV (ID_ARCHIV,NAZEV,PARENT_ID) values ('45','Platby','42');
Insert into ARCHIV (ID_ARCHIV,NAZEV,PARENT_ID) values ('46','Ostatni','42');
Insert into ARCHIV (ID_ARCHIV,NAZEV,PARENT_ID) values ('47','Uzivatele','1');
Insert into ARCHIV (ID_ARCHIV,NAZEV,PARENT_ID) values ('48','Global Log','1');
Insert into ARCHIV (ID_ARCHIV,NAZEV,PARENT_ID) values ('50','Zpravy','1');
REM INSERTING into DODAVATEL
SET DEFINE OFF;
Insert into DODAVATEL (ID_UZIVATELU,FIRMA) values ('2','FreshFoods s.r.o.');
Insert into DODAVATEL (ID_UZIVATELU,FIRMA) values ('3','AgroMaster CZ');
Insert into DODAVATEL (ID_UZIVATELU,FIRMA) values ('4','MeatMarket s.r.o.');
Insert into DODAVATEL (ID_UZIVATELU,FIRMA) values ('5','SunFruit Import');
Insert into DODAVATEL (ID_UZIVATELU,FIRMA) values ('6','ChocoFactory');
Insert into DODAVATEL (ID_UZIVATELU,FIRMA) values ('7','AquaTrade CZ');
Insert into DODAVATEL (ID_UZIVATELU,FIRMA) values ('8','VegaGreen s.r.o.');
Insert into DODAVATEL (ID_UZIVATELU,FIRMA) values ('10','NordicFoods');
Insert into DODAVATEL (ID_UZIVATELU,FIRMA) values ('11','BioFreshCZ');
Insert into DODAVATEL (ID_UZIVATELU,FIRMA) values ('12','MeatExpress');
Insert into DODAVATEL (ID_UZIVATELU,FIRMA) values ('13','UrbanFarm Suppliers');
Insert into DODAVATEL (ID_UZIVATELU,FIRMA) values ('14','PrimaPece');
Insert into DODAVATEL (ID_UZIVATELU,FIRMA) values ('15','RoyalDrinks');
Insert into DODAVATEL (ID_UZIVATELU,FIRMA) values ('16','PureMilk Distribution');
Insert into DODAVATEL (ID_UZIVATELU,FIRMA) values ('17','GreenValley Export');
Insert into DODAVATEL (ID_UZIVATELU,FIRMA) values ('18','OvocePlus');
Insert into DODAVATEL (ID_UZIVATELU,FIRMA) values ('19','CukrarnaSupply');
REM INSERTING into HOTOVOST
SET DEFINE OFF;
Insert into HOTOVOST (ID_PLATBA,PRIJATO,VRACENO) values ('4','666','346,4');
Insert into HOTOVOST (ID_PLATBA,PRIJATO,VRACENO) values ('16','0','0');
Insert into HOTOVOST (ID_PLATBA,PRIJATO,VRACENO) values ('14','666','186,6');
Insert into HOTOVOST (ID_PLATBA,PRIJATO,VRACENO) values ('15','0','0');
Insert into HOTOVOST (ID_PLATBA,PRIJATO,VRACENO) values ('6','22','0');
Insert into HOTOVOST (ID_PLATBA,PRIJATO,VRACENO) values ('10','555','155,5');
Insert into HOTOVOST (ID_PLATBA,PRIJATO,VRACENO) values ('13','777','537,3');
Insert into HOTOVOST (ID_PLATBA,PRIJATO,VRACENO) values ('3','0','0');
REM INSERTING into KARTA
SET DEFINE OFF;
Insert into KARTA (ID_PLATBA,CISLOKARTY) values ('5','4141414141414141');
Insert into KARTA (ID_PLATBA,CISLOKARTY) values ('11','4141414141414141');
REM INSERTING into KATEGORIE_ZBOZI
SET DEFINE OFF;
Insert into KATEGORIE_ZBOZI (ID_KATEGORIE,NAZEV,POPIS) values ('1','Mlecne vyrobky','Syry, mleko, jogurty, maslo, tvaroh.');
Insert into KATEGORIE_ZBOZI (ID_KATEGORIE,NAZEV,POPIS) values ('2','Pecivo','Cerstve pecivo, bagety, chleb, housky.');
Insert into KATEGORIE_ZBOZI (ID_KATEGORIE,NAZEV,POPIS) values ('3','Maso a uzeniny','Hovezi, veprove, kureci, salamy, sunky.');
Insert into KATEGORIE_ZBOZI (ID_KATEGORIE,NAZEV,POPIS) values ('4','Ovoce','Cerstve ovoce z CR i dovoz.');
Insert into KATEGORIE_ZBOZI (ID_KATEGORIE,NAZEV,POPIS) values ('5','Zelenina','Cerstva zelenina, bylinky.');
Insert into KATEGORIE_ZBOZI (ID_KATEGORIE,NAZEV,POPIS) values ('6','Napoj','Sodovky, dzusy, vody, energeticke napoje.');
Insert into KATEGORIE_ZBOZI (ID_KATEGORIE,NAZEV,POPIS) values ('7','Sladkosti','Cokolady, susenky, bonbony.');
Insert into KATEGORIE_ZBOZI (ID_KATEGORIE,NAZEV,POPIS) values ('8','Mrazene','Mrazena zelenina, pizza, ryby.');
Insert into KATEGORIE_ZBOZI (ID_KATEGORIE,NAZEV,POPIS) values ('9','Drogerie','Cistici prostredky, kosmetika.');
Insert into KATEGORIE_ZBOZI (ID_KATEGORIE,NAZEV,POPIS) values ('10','Alkohol','Pivo, vino, lihoviny.');
REM INSERTING into LOG
SET DEFINE OFF;
Insert into LOG (ID_LOG,TABULKANAZEV,OPERACE,DATUMZMENY,IDREKORD,ID_ARCHIV) values ('31','ZBOZI','U',to_date('01.12.25','DD.MM.RR'),'Test Produkt','25');
Insert into LOG (ID_LOG,TABULKANAZEV,OPERACE,DATUMZMENY,IDREKORD,ID_ARCHIV) values ('32','ZBOZI','D',to_date('01.12.25','DD.MM.RR'),'Test Produkt','25');
Insert into LOG (ID_LOG,TABULKANAZEV,OPERACE,DATUMZMENY,IDREKORD,ID_ARCHIV) values ('33','OBJEDNAVKA','I',to_date('01.12.25','DD.MM.RR'),'Petr Kral','8');
Insert into LOG (ID_LOG,TABULKANAZEV,OPERACE,DATUMZMENY,IDREKORD,ID_ARCHIV) values ('34','OBJEDNAVKA','U',to_date('01.12.25','DD.MM.RR'),'Petr Kral','8');
Insert into LOG (ID_LOG,TABULKANAZEV,OPERACE,DATUMZMENY,IDREKORD,ID_ARCHIV) values ('35','OBJEDNAVKA','D',to_date('01.12.25','DD.MM.RR'),'Petr Kral','8');
Insert into LOG (ID_LOG,TABULKANAZEV,OPERACE,DATUMZMENY,IDREKORD,ID_ARCHIV) values ('38','PLATBA','D',to_date('01.12.25','DD.MM.RR'),'PLATBA 2025-11-29 15:05 / Supermarket Praha Centrum','9');
Insert into LOG (ID_LOG,TABULKANAZEV,OPERACE,DATUMZMENY,IDREKORD,ID_ARCHIV) values ('39','OBJEDNAVKA','D',to_date('01.12.25','DD.MM.RR'),'Petr Kral','8');
Insert into LOG (ID_LOG,TABULKANAZEV,OPERACE,DATUMZMENY,IDREKORD,ID_ARCHIV) values ('40','UZIVATEL','D',to_date('01.12.25','DD.MM.RR'),'Anna Kirik','47');
Insert into LOG (ID_LOG,TABULKANAZEV,OPERACE,DATUMZMENY,IDREKORD,ID_ARCHIV) values ('41','UZIVATEL','I',to_date('01.12.25','DD.MM.RR'),'Anna Kirik','47');
Insert into LOG (ID_LOG,TABULKANAZEV,OPERACE,DATUMZMENY,IDREKORD,ID_ARCHIV) values ('42','UZIVATEL','U',to_date('01.12.25','DD.MM.RR'),'Anna Kirik','47');
Insert into LOG (ID_LOG,TABULKANAZEV,OPERACE,DATUMZMENY,IDREKORD,ID_ARCHIV) values ('43','UZIVATEL','U',to_date('01.12.25','DD.MM.RR'),'Anna Kirik','47');
Insert into LOG (ID_LOG,TABULKANAZEV,OPERACE,DATUMZMENY,IDREKORD,ID_ARCHIV) values ('44','UZIVATEL','D',to_date('01.12.25','DD.MM.RR'),'Anna Kirik','47');
Insert into LOG (ID_LOG,TABULKANAZEV,OPERACE,DATUMZMENY,IDREKORD,ID_ARCHIV) values ('45','SKLAD','I',to_date('01.12.25','DD.MM.RR'),'Test Sklad','10');
Insert into LOG (ID_LOG,TABULKANAZEV,OPERACE,DATUMZMENY,IDREKORD,ID_ARCHIV) values ('46','SKLAD','U',to_date('01.12.25','DD.MM.RR'),'Test Sklad','10');
Insert into LOG (ID_LOG,TABULKANAZEV,OPERACE,DATUMZMENY,IDREKORD,ID_ARCHIV) values ('47','SKLAD','D',to_date('01.12.25','DD.MM.RR'),'Test Sklad','10');
Insert into LOG (ID_LOG,TABULKANAZEV,OPERACE,DATUMZMENY,IDREKORD,ID_ARCHIV) values ('49','ZAKAZNIK','D',to_date('01.12.25','DD.MM.RR'),'Anna Shabossova','47');
Insert into LOG (ID_LOG,TABULKANAZEV,OPERACE,DATUMZMENY,IDREKORD,ID_ARCHIV) values ('30','ZBOZI','I',to_date('01.12.25','DD.MM.RR'),'Test Produkt','25');
Insert into LOG (ID_LOG,TABULKANAZEV,OPERACE,DATUMZMENY,IDREKORD,ID_ARCHIV) values ('75','UZIVATEL','I',to_date('01.12.25','DD.MM.RR'),'kimi kirik','47');
Insert into LOG (ID_LOG,TABULKANAZEV,OPERACE,DATUMZMENY,IDREKORD,ID_ARCHIV) values ('78','ZAMESTNANEC','D',to_date('01.12.25','DD.MM.RR'),'Anna Shabossova','47');
Insert into LOG (ID_LOG,TABULKANAZEV,OPERACE,DATUMZMENY,IDREKORD,ID_ARCHIV) values ('79','UZIVATEL','U',to_date('01.12.25','DD.MM.RR'),'Anna Shabossova','47');
Insert into LOG (ID_LOG,TABULKANAZEV,OPERACE,DATUMZMENY,IDREKORD,ID_ARCHIV) values ('80','UZIVATEL','U',to_date('01.12.25','DD.MM.RR'),'Anna Shabossova','47');
Insert into LOG (ID_LOG,TABULKANAZEV,OPERACE,DATUMZMENY,IDREKORD,ID_ARCHIV) values ('82','UZIVATEL','U',to_date('01.12.25','DD.MM.RR'),'Anna Shabossova','47');
Insert into LOG (ID_LOG,TABULKANAZEV,OPERACE,DATUMZMENY,IDREKORD,ID_ARCHIV) values ('111','OBJEDNAVKA','I',to_date('05.12.25','DD.MM.RR'),'Denys Tkach','8');
Insert into LOG (ID_LOG,TABULKANAZEV,OPERACE,DATUMZMENY,IDREKORD,ID_ARCHIV) values ('112','PLATBA','I',to_date('05.12.25','DD.MM.RR'),'PLATBA 2025-12-05 03:06 / Supermarket Praha Centrum','9');
Insert into LOG (ID_LOG,TABULKANAZEV,OPERACE,DATUMZMENY,IDREKORD,ID_ARCHIV) values ('125','OBJEDNAVKA','I',to_date('05.12.25','DD.MM.RR'),'Denys Tkach','8');
Insert into LOG (ID_LOG,TABULKANAZEV,OPERACE,DATUMZMENY,IDREKORD,ID_ARCHIV) values ('126','PLATBA','I',to_date('05.12.25','DD.MM.RR'),'PLATBA 2025-12-05 04:52 / Supermarket Praha Centrum','9');
Insert into LOG (ID_LOG,TABULKANAZEV,OPERACE,DATUMZMENY,IDREKORD,ID_ARCHIV) values ('142','PLATBA','I',to_date('05.12.25','DD.MM.RR'),'PLATBA 2025-12-05 06:14 / Supermarket Praha Centrum','9');
Insert into LOG (ID_LOG,TABULKANAZEV,OPERACE,DATUMZMENY,IDREKORD,ID_ARCHIV) values ('143','ZBOZI','U',to_date('05.12.25','DD.MM.RR'),'Avivaz 1L','7');
Insert into LOG (ID_LOG,TABULKANAZEV,OPERACE,DATUMZMENY,IDREKORD,ID_ARCHIV) values ('147','ZAKAZNIK','I',to_date('05.12.25','DD.MM.RR'),'Anna Shabosso','47');
Insert into LOG (ID_LOG,TABULKANAZEV,OPERACE,DATUMZMENY,IDREKORD,ID_ARCHIV) values ('148','UZIVATEL','U',to_date('05.12.25','DD.MM.RR'),'Anna Shabosso','47');
Insert into LOG (ID_LOG,TABULKANAZEV,OPERACE,DATUMZMENY,IDREKORD,ID_ARCHIV) values ('150','PLATBA','I',to_date('05.12.25','DD.MM.RR'),'PLATBA 2025-12-05 21:23 / Supermarket Praha Centrum','9');
Insert into LOG (ID_LOG,TABULKANAZEV,OPERACE,DATUMZMENY,IDREKORD,ID_ARCHIV) values ('83','UZIVATEL','U',to_date('01.12.25','DD.MM.RR'),'Anna Shabossova','47');
Insert into LOG (ID_LOG,TABULKANAZEV,OPERACE,DATUMZMENY,IDREKORD,ID_ARCHIV) values ('85','UZIVATEL','U',to_date('04.12.25','DD.MM.RR'),'Anna Shabosso','47');
Insert into LOG (ID_LOG,TABULKANAZEV,OPERACE,DATUMZMENY,IDREKORD,ID_ARCHIV) values ('86','UZIVATEL','U',to_date('04.12.25','DD.MM.RR'),'Anna Shabosso','47');
Insert into LOG (ID_LOG,TABULKANAZEV,OPERACE,DATUMZMENY,IDREKORD,ID_ARCHIV) values ('87','ZAMESTNANEC','I',to_date('04.12.25','DD.MM.RR'),'Anna Shabosso','47');
Insert into LOG (ID_LOG,TABULKANAZEV,OPERACE,DATUMZMENY,IDREKORD,ID_ARCHIV) values ('108','PLATBA','I',to_date('05.12.25','DD.MM.RR'),'PLATBA 2025-12-05 02:52 / Supermarket Praha Centrum','9');
Insert into LOG (ID_LOG,TABULKANAZEV,OPERACE,DATUMZMENY,IDREKORD,ID_ARCHIV) values ('109','OBJEDNAVKA','I',to_date('05.12.25','DD.MM.RR'),'Denys Tkach','8');
Insert into LOG (ID_LOG,TABULKANAZEV,OPERACE,DATUMZMENY,IDREKORD,ID_ARCHIV) values ('110','PLATBA','I',to_date('05.12.25','DD.MM.RR'),'PLATBA 2025-12-05 03:01 / Supermarket Praha Centrum','9');
Insert into LOG (ID_LOG,TABULKANAZEV,OPERACE,DATUMZMENY,IDREKORD,ID_ARCHIV) values ('113','OBJEDNAVKA','I',to_date('05.12.25','DD.MM.RR'),'Denys Tkach','8');
Insert into LOG (ID_LOG,TABULKANAZEV,OPERACE,DATUMZMENY,IDREKORD,ID_ARCHIV) values ('114','PLATBA','I',to_date('05.12.25','DD.MM.RR'),'PLATBA 2025-12-05 04:05 / Supermarket Praha Centrum','9');
Insert into LOG (ID_LOG,TABULKANAZEV,OPERACE,DATUMZMENY,IDREKORD,ID_ARCHIV) values ('124','SKLAD','U',to_date('05.12.25','DD.MM.RR'),'Sklad Praha Centrum - Hala A','10');
Insert into LOG (ID_LOG,TABULKANAZEV,OPERACE,DATUMZMENY,IDREKORD,ID_ARCHIV) values ('133','SKLAD','U',to_date('05.12.25','DD.MM.RR'),'Sklad Folimanka - Polabiny','19');
Insert into LOG (ID_LOG,TABULKANAZEV,OPERACE,DATUMZMENY,IDREKORD,ID_ARCHIV) values ('134','SKLAD','U',to_date('05.12.25','DD.MM.RR'),'Sklad Folimanka - Rezerva','19');
Insert into LOG (ID_LOG,TABULKANAZEV,OPERACE,DATUMZMENY,IDREKORD,ID_ARCHIV) values ('135','SKLAD','U',to_date('05.12.25','DD.MM.RR'),'Sklad Zahrada - Sever','28');
Insert into LOG (ID_LOG,TABULKANAZEV,OPERACE,DATUMZMENY,IDREKORD,ID_ARCHIV) values ('71','UZIVATEL','U',to_date('01.12.25','DD.MM.RR'),'Denis Tkach','47');
Insert into LOG (ID_LOG,TABULKANAZEV,OPERACE,DATUMZMENY,IDREKORD,ID_ARCHIV) values ('72','UZIVATEL','U',to_date('01.12.25','DD.MM.RR'),'Denis Tkach','47');
Insert into LOG (ID_LOG,TABULKANAZEV,OPERACE,DATUMZMENY,IDREKORD,ID_ARCHIV) values ('73','UZIVATEL','U',to_date('01.12.25','DD.MM.RR'),'Anna Shabossova','47');
Insert into LOG (ID_LOG,TABULKANAZEV,OPERACE,DATUMZMENY,IDREKORD,ID_ARCHIV) values ('74','ZAMESTNANEC','I',to_date('01.12.25','DD.MM.RR'),'Anna Shabossova','47');
Insert into LOG (ID_LOG,TABULKANAZEV,OPERACE,DATUMZMENY,IDREKORD,ID_ARCHIV) values ('81','UZIVATEL','U',to_date('01.12.25','DD.MM.RR'),'Anna Shaboss','47');
Insert into LOG (ID_LOG,TABULKANAZEV,OPERACE,DATUMZMENY,IDREKORD,ID_ARCHIV) values ('127','OBJEDNAVKA','I',to_date('05.12.25','DD.MM.RR'),'Denys Tkach','8');
Insert into LOG (ID_LOG,TABULKANAZEV,OPERACE,DATUMZMENY,IDREKORD,ID_ARCHIV) values ('128','PLATBA','I',to_date('05.12.25','DD.MM.RR'),'PLATBA 2025-12-05 05:16 / Supermarket Praha Centrum','9');
Insert into LOG (ID_LOG,TABULKANAZEV,OPERACE,DATUMZMENY,IDREKORD,ID_ARCHIV) values ('136','SKLAD','U',to_date('05.12.25','DD.MM.RR'),'Sklad Zahrada - Jih','28');
Insert into LOG (ID_LOG,TABULKANAZEV,OPERACE,DATUMZMENY,IDREKORD,ID_ARCHIV) values ('137','SKLAD','U',to_date('05.12.25','DD.MM.RR'),'Sklad Jeremenkova - Central','37');
Insert into LOG (ID_LOG,TABULKANAZEV,OPERACE,DATUMZMENY,IDREKORD,ID_ARCHIV) values ('138','SKLAD','U',to_date('05.12.25','DD.MM.RR'),'Sklad Jeremenkova - Bory','37');
Insert into LOG (ID_LOG,TABULKANAZEV,OPERACE,DATUMZMENY,IDREKORD,ID_ARCHIV) values ('139','SKLAD','U',to_date('05.12.25','DD.MM.RR'),'Sklad Tusarova - Liberec','46');
Insert into LOG (ID_LOG,TABULKANAZEV,OPERACE,DATUMZMENY,IDREKORD,ID_ARCHIV) values ('140','SKLAD','U',to_date('05.12.25','DD.MM.RR'),'Sklad Tusarova - Svermova','46');
Insert into LOG (ID_LOG,TABULKANAZEV,OPERACE,DATUMZMENY,IDREKORD,ID_ARCHIV) values ('144','UZIVATEL','U',to_date('05.12.25','DD.MM.RR'),'Anna Shabosso','47');
Insert into LOG (ID_LOG,TABULKANAZEV,OPERACE,DATUMZMENY,IDREKORD,ID_ARCHIV) values ('66','UZIVATEL','I',to_date('01.12.25','DD.MM.RR'),'Denys Tkach','47');
Insert into LOG (ID_LOG,TABULKANAZEV,OPERACE,DATUMZMENY,IDREKORD,ID_ARCHIV) values ('76','UZIVATEL','I',to_date('01.12.25','DD.MM.RR'),'ivan jorge','47');
Insert into LOG (ID_LOG,TABULKANAZEV,OPERACE,DATUMZMENY,IDREKORD,ID_ARCHIV) values ('50','UZIVATEL','D',to_date('01.12.25','DD.MM.RR'),'Anna Shabossova','47');
Insert into LOG (ID_LOG,TABULKANAZEV,OPERACE,DATUMZMENY,IDREKORD,ID_ARCHIV) values ('51','UZIVATEL','I',to_date('01.12.25','DD.MM.RR'),'Anna Shabossova','47');
Insert into LOG (ID_LOG,TABULKANAZEV,OPERACE,DATUMZMENY,IDREKORD,ID_ARCHIV) values ('52','ZAKAZNIK','I',to_date('01.12.25','DD.MM.RR'),'Anna Shabossova','47');
Insert into LOG (ID_LOG,TABULKANAZEV,OPERACE,DATUMZMENY,IDREKORD,ID_ARCHIV) values ('53','ZAKAZNIK','U',to_date('01.12.25','DD.MM.RR'),'Anna Shabossova','47');
Insert into LOG (ID_LOG,TABULKANAZEV,OPERACE,DATUMZMENY,IDREKORD,ID_ARCHIV) values ('54','ZAKAZNIK','D',to_date('01.12.25','DD.MM.RR'),'Anna Shabossova','47');
Insert into LOG (ID_LOG,TABULKANAZEV,OPERACE,DATUMZMENY,IDREKORD,ID_ARCHIV) values ('55','UZIVATEL','D',to_date('01.12.25','DD.MM.RR'),'Anna Shabossova','47');
Insert into LOG (ID_LOG,TABULKANAZEV,OPERACE,DATUMZMENY,IDREKORD,ID_ARCHIV) values ('56','UZIVATEL','I',to_date('01.12.25','DD.MM.RR'),'Anna Shabossova','47');
Insert into LOG (ID_LOG,TABULKANAZEV,OPERACE,DATUMZMENY,IDREKORD,ID_ARCHIV) values ('57','ZAMESTNANEC','I',to_date('01.12.25','DD.MM.RR'),'Anna Shabossova','47');
Insert into LOG (ID_LOG,TABULKANAZEV,OPERACE,DATUMZMENY,IDREKORD,ID_ARCHIV) values ('58','ZAMESTNANEC','U',to_date('01.12.25','DD.MM.RR'),'Anna Shabossova','47');
Insert into LOG (ID_LOG,TABULKANAZEV,OPERACE,DATUMZMENY,IDREKORD,ID_ARCHIV) values ('59','ZAMESTNANEC','D',to_date('01.12.25','DD.MM.RR'),'Anna Shabossova','47');
Insert into LOG (ID_LOG,TABULKANAZEV,OPERACE,DATUMZMENY,IDREKORD,ID_ARCHIV) values ('60','UZIVATEL','D',to_date('01.12.25','DD.MM.RR'),'Anna Shabossova','47');
Insert into LOG (ID_LOG,TABULKANAZEV,OPERACE,DATUMZMENY,IDREKORD,ID_ARCHIV) values ('61','UZIVATEL','I',to_date('01.12.25','DD.MM.RR'),'Anna Shabossova','47');
Insert into LOG (ID_LOG,TABULKANAZEV,OPERACE,DATUMZMENY,IDREKORD,ID_ARCHIV) values ('62','DODAVATEL','I',to_date('01.12.25','DD.MM.RR'),'FreshFoodz s.r.o.','47');
Insert into LOG (ID_LOG,TABULKANAZEV,OPERACE,DATUMZMENY,IDREKORD,ID_ARCHIV) values ('63','DODAVATEL','U',to_date('01.12.25','DD.MM.RR'),'FreshFoods GROUP','47');
Insert into LOG (ID_LOG,TABULKANAZEV,OPERACE,DATUMZMENY,IDREKORD,ID_ARCHIV) values ('64','DODAVATEL','D',to_date('01.12.25','DD.MM.RR'),'FreshFoods GROUP','47');
Insert into LOG (ID_LOG,TABULKANAZEV,OPERACE,DATUMZMENY,IDREKORD,ID_ARCHIV) values ('65','UZIVATEL','D',to_date('01.12.25','DD.MM.RR'),'Anna Shabossova','47');
Insert into LOG (ID_LOG,TABULKANAZEV,OPERACE,DATUMZMENY,IDREKORD,ID_ARCHIV) values ('77','UZIVATEL','U',to_date('01.12.25','DD.MM.RR'),'David Prochazka','47');
Insert into LOG (ID_LOG,TABULKANAZEV,OPERACE,DATUMZMENY,IDREKORD,ID_ARCHIV) values ('84','UZIVATEL','U',to_date('04.12.25','DD.MM.RR'),'Anna Shabosso','47');
Insert into LOG (ID_LOG,TABULKANAZEV,OPERACE,DATUMZMENY,IDREKORD,ID_ARCHIV) values ('145','ZAMESTNANEC','D',to_date('05.12.25','DD.MM.RR'),'Anna Shabosso','47');
Insert into LOG (ID_LOG,TABULKANAZEV,OPERACE,DATUMZMENY,IDREKORD,ID_ARCHIV) values ('146','UZIVATEL','U',to_date('05.12.25','DD.MM.RR'),'Anna Shabosso','47');
Insert into LOG (ID_LOG,TABULKANAZEV,OPERACE,DATUMZMENY,IDREKORD,ID_ARCHIV) values ('242','UZIVATEL','I',to_date('06.12.25','DD.MM.RR'),'Artur Pirozkov','47');
Insert into LOG (ID_LOG,TABULKANAZEV,OPERACE,DATUMZMENY,IDREKORD,ID_ARCHIV) values ('232','PRAVO','U',to_date('06.12.25','DD.MM.RR'),'CREATE_ORDERS','48');
Insert into LOG (ID_LOG,TABULKANAZEV,OPERACE,DATUMZMENY,IDREKORD,ID_ARCHIV) values ('156','UZIVATEL','U',to_date('05.12.25','DD.MM.RR'),'Kazel Balez','47');
Insert into LOG (ID_LOG,TABULKANAZEV,OPERACE,DATUMZMENY,IDREKORD,ID_ARCHIV) values ('196','PRAVO','I',to_date('06.12.25','DD.MM.RR'),'EDIT_ZBOZI','48');
Insert into LOG (ID_LOG,TABULKANAZEV,OPERACE,DATUMZMENY,IDREKORD,ID_ARCHIV) values ('215','PRAVO','D',to_date('06.12.25','DD.MM.RR'),'EDIT_ZBOZI','48');
Insert into LOG (ID_LOG,TABULKANAZEV,OPERACE,DATUMZMENY,IDREKORD,ID_ARCHIV) values ('233','PRAVO','U',to_date('06.12.25','DD.MM.RR'),'CREATE_ORDERS','48');
Insert into LOG (ID_LOG,TABULKANAZEV,OPERACE,DATUMZMENY,IDREKORD,ID_ARCHIV) values ('152','ZBOZI','U',to_date('05.12.25','DD.MM.RR'),'Avivaz 1L','16');
Insert into LOG (ID_LOG,TABULKANAZEV,OPERACE,DATUMZMENY,IDREKORD,ID_ARCHIV) values ('153','ZAKAZNIK','D',to_date('05.12.25','DD.MM.RR'),'Karelka Balaz','47');
Insert into LOG (ID_LOG,TABULKANAZEV,OPERACE,DATUMZMENY,IDREKORD,ID_ARCHIV) values ('154','UZIVATEL','U',to_date('05.12.25','DD.MM.RR'),'Karelka Balaz','47');
Insert into LOG (ID_LOG,TABULKANAZEV,OPERACE,DATUMZMENY,IDREKORD,ID_ARCHIV) values ('155','UZIVATEL','U',to_date('05.12.25','DD.MM.RR'),'Anna Shabossova','47');
Insert into LOG (ID_LOG,TABULKANAZEV,OPERACE,DATUMZMENY,IDREKORD,ID_ARCHIV) values ('162','OBJEDNAVKA','I',to_date('06.12.25','DD.MM.RR'),'Denys Tkach','8');
Insert into LOG (ID_LOG,TABULKANAZEV,OPERACE,DATUMZMENY,IDREKORD,ID_ARCHIV) values ('163','PLATBA','I',to_date('06.12.25','DD.MM.RR'),'PLATBA 2025-12-06 08:54 / Supermarket Praha Centrum','9');
Insert into LOG (ID_LOG,TABULKANAZEV,OPERACE,DATUMZMENY,IDREKORD,ID_ARCHIV) values ('230','APP_ROLE_PRAVO','I',to_date('06.12.25','DD.MM.RR'),'role=ZAKAZNIK; pravo=EDIT_ORDERS','48');
Insert into LOG (ID_LOG,TABULKANAZEV,OPERACE,DATUMZMENY,IDREKORD,ID_ARCHIV) values ('157','ZAKAZNIK','D',to_date('05.12.25','DD.MM.RR'),'Kazel Balez','47');
Insert into LOG (ID_LOG,TABULKANAZEV,OPERACE,DATUMZMENY,IDREKORD,ID_ARCHIV) values ('158','UZIVATEL','U',to_date('05.12.25','DD.MM.RR'),'Kazel Balez','47');
Insert into LOG (ID_LOG,TABULKANAZEV,OPERACE,DATUMZMENY,IDREKORD,ID_ARCHIV) values ('159','ZAMESTNANEC','I',to_date('05.12.25','DD.MM.RR'),'Kazel Balez','47');
Insert into LOG (ID_LOG,TABULKANAZEV,OPERACE,DATUMZMENY,IDREKORD,ID_ARCHIV) values ('160','UZIVATEL','U',to_date('05.12.25','DD.MM.RR'),'Karel Balez','47');
Insert into LOG (ID_LOG,TABULKANAZEV,OPERACE,DATUMZMENY,IDREKORD,ID_ARCHIV) values ('164','OBJEDNAVKA','I',to_date('06.12.25','DD.MM.RR'),'Denys Tkach','8');
Insert into LOG (ID_LOG,TABULKANAZEV,OPERACE,DATUMZMENY,IDREKORD,ID_ARCHIV) values ('165','PLATBA','I',to_date('06.12.25','DD.MM.RR'),'PLATBA 2025-12-06 08:57 / Supermarket Praha Centrum','9');
Insert into LOG (ID_LOG,TABULKANAZEV,OPERACE,DATUMZMENY,IDREKORD,ID_ARCHIV) values ('166','APP_ROLE_PRAVO','D',to_date('06.12.25','DD.MM.RR'),'role=ZAKAZNIK; pravo=VIEW_PRODUCTS','48');
Insert into LOG (ID_LOG,TABULKANAZEV,OPERACE,DATUMZMENY,IDREKORD,ID_ARCHIV) values ('167','APP_ROLE_PRAVO','D',to_date('06.12.25','DD.MM.RR'),'role=ZAKAZNIK; pravo=VIEW_ORDERS','48');
Insert into LOG (ID_LOG,TABULKANAZEV,OPERACE,DATUMZMENY,IDREKORD,ID_ARCHIV) values ('168','APP_ROLE_PRAVO','D',to_date('06.12.25','DD.MM.RR'),'role=ZAKAZNIK; pravo=CREATE_ORDERS','48');
Insert into LOG (ID_LOG,TABULKANAZEV,OPERACE,DATUMZMENY,IDREKORD,ID_ARCHIV) values ('169','APP_ROLE_PRAVO','I',to_date('06.12.25','DD.MM.RR'),'role=ZAKAZNIK; pravo=VIEW_PRODUCTS','48');
Insert into LOG (ID_LOG,TABULKANAZEV,OPERACE,DATUMZMENY,IDREKORD,ID_ARCHIV) values ('170','APP_ROLE_PRAVO','I',to_date('06.12.25','DD.MM.RR'),'role=ZAKAZNIK; pravo=VIEW_ORDERS','48');
Insert into LOG (ID_LOG,TABULKANAZEV,OPERACE,DATUMZMENY,IDREKORD,ID_ARCHIV) values ('171','APP_ROLE_PRAVO','I',to_date('06.12.25','DD.MM.RR'),'role=ZAKAZNIK; pravo=CREATE_ORDERS','48');
Insert into LOG (ID_LOG,TABULKANAZEV,OPERACE,DATUMZMENY,IDREKORD,ID_ARCHIV) values ('172','APP_ROLE_PRAVO','I',to_date('06.12.25','DD.MM.RR'),'role=ZAKAZNIK; pravo=VIEW_DB_OBJECTS','48');
Insert into LOG (ID_LOG,TABULKANAZEV,OPERACE,DATUMZMENY,IDREKORD,ID_ARCHIV) values ('173','APP_ROLE_PRAVO','D',to_date('06.12.25','DD.MM.RR'),'role=ZAKAZNIK; pravo=VIEW_PRODUCTS','48');
Insert into LOG (ID_LOG,TABULKANAZEV,OPERACE,DATUMZMENY,IDREKORD,ID_ARCHIV) values ('174','APP_ROLE_PRAVO','D',to_date('06.12.25','DD.MM.RR'),'role=ZAKAZNIK; pravo=VIEW_ORDERS','48');
Insert into LOG (ID_LOG,TABULKANAZEV,OPERACE,DATUMZMENY,IDREKORD,ID_ARCHIV) values ('175','APP_ROLE_PRAVO','D',to_date('06.12.25','DD.MM.RR'),'role=ZAKAZNIK; pravo=CREATE_ORDERS','48');
Insert into LOG (ID_LOG,TABULKANAZEV,OPERACE,DATUMZMENY,IDREKORD,ID_ARCHIV) values ('176','APP_ROLE_PRAVO','D',to_date('06.12.25','DD.MM.RR'),'role=ZAKAZNIK; pravo=VIEW_DB_OBJECTS','48');
Insert into LOG (ID_LOG,TABULKANAZEV,OPERACE,DATUMZMENY,IDREKORD,ID_ARCHIV) values ('177','APP_ROLE_PRAVO','I',to_date('06.12.25','DD.MM.RR'),'role=ZAKAZNIK; pravo=VIEW_PRODUCTS','48');
Insert into LOG (ID_LOG,TABULKANAZEV,OPERACE,DATUMZMENY,IDREKORD,ID_ARCHIV) values ('178','APP_ROLE_PRAVO','I',to_date('06.12.25','DD.MM.RR'),'role=ZAKAZNIK; pravo=VIEW_ORDERS','48');
Insert into LOG (ID_LOG,TABULKANAZEV,OPERACE,DATUMZMENY,IDREKORD,ID_ARCHIV) values ('179','APP_ROLE_PRAVO','I',to_date('06.12.25','DD.MM.RR'),'role=ZAKAZNIK; pravo=CREATE_ORDERS','48');
Insert into LOG (ID_LOG,TABULKANAZEV,OPERACE,DATUMZMENY,IDREKORD,ID_ARCHIV) values ('194','PRAVO','U',to_date('06.12.25','DD.MM.RR'),'VIEW_DB_OBJECTS','48');
Insert into LOG (ID_LOG,TABULKANAZEV,OPERACE,DATUMZMENY,IDREKORD,ID_ARCHIV) values ('161','UZIVATEL','U',to_date('05.12.25','DD.MM.RR'),'Anna Shabossova','47');
Insert into LOG (ID_LOG,TABULKANAZEV,OPERACE,DATUMZMENY,IDREKORD,ID_ARCHIV) values ('187','APP_ROLE_PRAVO','D',to_date('06.12.25','DD.MM.RR'),'role=ZAKAZNIK; pravo=VIEW_PRODUCTS','48');
Insert into LOG (ID_LOG,TABULKANAZEV,OPERACE,DATUMZMENY,IDREKORD,ID_ARCHIV) values ('188','APP_ROLE_PRAVO','D',to_date('06.12.25','DD.MM.RR'),'role=ZAKAZNIK; pravo=VIEW_ORDERS','48');
Insert into LOG (ID_LOG,TABULKANAZEV,OPERACE,DATUMZMENY,IDREKORD,ID_ARCHIV) values ('189','APP_ROLE_PRAVO','D',to_date('06.12.25','DD.MM.RR'),'role=ZAKAZNIK; pravo=CREATE_ORDERS','48');
Insert into LOG (ID_LOG,TABULKANAZEV,OPERACE,DATUMZMENY,IDREKORD,ID_ARCHIV) values ('190','APP_ROLE_PRAVO','D',to_date('06.12.25','DD.MM.RR'),'role=ZAKAZNIK; pravo=VIEW_DB_OBJECTS','48');
Insert into LOG (ID_LOG,TABULKANAZEV,OPERACE,DATUMZMENY,IDREKORD,ID_ARCHIV) values ('191','APP_ROLE_PRAVO','I',to_date('06.12.25','DD.MM.RR'),'role=ZAKAZNIK; pravo=VIEW_PRODUCTS','48');
Insert into LOG (ID_LOG,TABULKANAZEV,OPERACE,DATUMZMENY,IDREKORD,ID_ARCHIV) values ('192','APP_ROLE_PRAVO','I',to_date('06.12.25','DD.MM.RR'),'role=ZAKAZNIK; pravo=VIEW_ORDERS','48');
Insert into LOG (ID_LOG,TABULKANAZEV,OPERACE,DATUMZMENY,IDREKORD,ID_ARCHIV) values ('193','APP_ROLE_PRAVO','I',to_date('06.12.25','DD.MM.RR'),'role=ZAKAZNIK; pravo=CREATE_ORDERS','48');
Insert into LOG (ID_LOG,TABULKANAZEV,OPERACE,DATUMZMENY,IDREKORD,ID_ARCHIV) values ('197','APP_ROLE_PRAVO','D',to_date('06.12.25','DD.MM.RR'),'role=ANALYTIK; pravo=VIEW_PRODUCTS','48');
Insert into LOG (ID_LOG,TABULKANAZEV,OPERACE,DATUMZMENY,IDREKORD,ID_ARCHIV) values ('198','APP_ROLE_PRAVO','D',to_date('06.12.25','DD.MM.RR'),'role=ANALYTIK; pravo=VIEW_ORDERS','48');
Insert into LOG (ID_LOG,TABULKANAZEV,OPERACE,DATUMZMENY,IDREKORD,ID_ARCHIV) values ('199','APP_ROLE_PRAVO','D',to_date('06.12.25','DD.MM.RR'),'role=ANALYTIK; pravo=VIEW_WAREHOUSE','48');
Insert into LOG (ID_LOG,TABULKANAZEV,OPERACE,DATUMZMENY,IDREKORD,ID_ARCHIV) values ('200','APP_ROLE_PRAVO','D',to_date('06.12.25','DD.MM.RR'),'role=ANALYTIK; pravo=VIEW_ARCHIVE','48');
Insert into LOG (ID_LOG,TABULKANAZEV,OPERACE,DATUMZMENY,IDREKORD,ID_ARCHIV) values ('201','APP_ROLE_PRAVO','I',to_date('06.12.25','DD.MM.RR'),'role=ANALYTIK; pravo=VIEW_PRODUCTS','48');
Insert into LOG (ID_LOG,TABULKANAZEV,OPERACE,DATUMZMENY,IDREKORD,ID_ARCHIV) values ('202','APP_ROLE_PRAVO','I',to_date('06.12.25','DD.MM.RR'),'role=ANALYTIK; pravo=VIEW_ORDERS','48');
Insert into LOG (ID_LOG,TABULKANAZEV,OPERACE,DATUMZMENY,IDREKORD,ID_ARCHIV) values ('203','APP_ROLE_PRAVO','I',to_date('06.12.25','DD.MM.RR'),'role=ANALYTIK; pravo=VIEW_WAREHOUSE','48');
Insert into LOG (ID_LOG,TABULKANAZEV,OPERACE,DATUMZMENY,IDREKORD,ID_ARCHIV) values ('204','APP_ROLE_PRAVO','I',to_date('06.12.25','DD.MM.RR'),'role=ANALYTIK; pravo=VIEW_ARCHIVE','48');
Insert into LOG (ID_LOG,TABULKANAZEV,OPERACE,DATUMZMENY,IDREKORD,ID_ARCHIV) values ('205','APP_ROLE_PRAVO','I',to_date('06.12.25','DD.MM.RR'),'role=ANALYTIK; pravo=MANAGE_USERS','48');
Insert into LOG (ID_LOG,TABULKANAZEV,OPERACE,DATUMZMENY,IDREKORD,ID_ARCHIV) values ('216','APP_ROLE_PRAVO','D',to_date('06.12.25','DD.MM.RR'),'role=ZAKAZNIK; pravo=VIEW_PRODUCTS','48');
Insert into LOG (ID_LOG,TABULKANAZEV,OPERACE,DATUMZMENY,IDREKORD,ID_ARCHIV) values ('217','APP_ROLE_PRAVO','D',to_date('06.12.25','DD.MM.RR'),'role=ZAKAZNIK; pravo=VIEW_ORDERS','48');
Insert into LOG (ID_LOG,TABULKANAZEV,OPERACE,DATUMZMENY,IDREKORD,ID_ARCHIV) values ('218','APP_ROLE_PRAVO','D',to_date('06.12.25','DD.MM.RR'),'role=ZAKAZNIK; pravo=CREATE_ORDERS','48');
Insert into LOG (ID_LOG,TABULKANAZEV,OPERACE,DATUMZMENY,IDREKORD,ID_ARCHIV) values ('219','APP_ROLE_PRAVO','I',to_date('06.12.25','DD.MM.RR'),'role=ZAKAZNIK; pravo=VIEW_PRODUCTS','48');
Insert into LOG (ID_LOG,TABULKANAZEV,OPERACE,DATUMZMENY,IDREKORD,ID_ARCHIV) values ('220','APP_ROLE_PRAVO','I',to_date('06.12.25','DD.MM.RR'),'role=ZAKAZNIK; pravo=VIEW_ORDERS','48');
Insert into LOG (ID_LOG,TABULKANAZEV,OPERACE,DATUMZMENY,IDREKORD,ID_ARCHIV) values ('221','APP_ROLE_PRAVO','I',to_date('06.12.25','DD.MM.RR'),'role=ZAKAZNIK; pravo=CREATE_ORDERS','48');
Insert into LOG (ID_LOG,TABULKANAZEV,OPERACE,DATUMZMENY,IDREKORD,ID_ARCHIV) values ('222','APP_ROLE_PRAVO','I',to_date('06.12.25','DD.MM.RR'),'role=ZAKAZNIK; pravo=VIEW_DB_OBJECTS','48');
Insert into LOG (ID_LOG,TABULKANAZEV,OPERACE,DATUMZMENY,IDREKORD,ID_ARCHIV) values ('235','UZIVATEL','U',to_date('06.12.25','DD.MM.RR'),'Dominik Barta','47');
Insert into LOG (ID_LOG,TABULKANAZEV,OPERACE,DATUMZMENY,IDREKORD,ID_ARCHIV) values ('180','APP_ROLE_PRAVO','D',to_date('06.12.25','DD.MM.RR'),'role=ZAKAZNIK; pravo=VIEW_PRODUCTS','48');
Insert into LOG (ID_LOG,TABULKANAZEV,OPERACE,DATUMZMENY,IDREKORD,ID_ARCHIV) values ('181','APP_ROLE_PRAVO','D',to_date('06.12.25','DD.MM.RR'),'role=ZAKAZNIK; pravo=VIEW_ORDERS','48');
Insert into LOG (ID_LOG,TABULKANAZEV,OPERACE,DATUMZMENY,IDREKORD,ID_ARCHIV) values ('182','APP_ROLE_PRAVO','D',to_date('06.12.25','DD.MM.RR'),'role=ZAKAZNIK; pravo=CREATE_ORDERS','48');
Insert into LOG (ID_LOG,TABULKANAZEV,OPERACE,DATUMZMENY,IDREKORD,ID_ARCHIV) values ('183','APP_ROLE_PRAVO','I',to_date('06.12.25','DD.MM.RR'),'role=ZAKAZNIK; pravo=VIEW_PRODUCTS','48');
Insert into LOG (ID_LOG,TABULKANAZEV,OPERACE,DATUMZMENY,IDREKORD,ID_ARCHIV) values ('184','APP_ROLE_PRAVO','I',to_date('06.12.25','DD.MM.RR'),'role=ZAKAZNIK; pravo=VIEW_ORDERS','48');
Insert into LOG (ID_LOG,TABULKANAZEV,OPERACE,DATUMZMENY,IDREKORD,ID_ARCHIV) values ('185','APP_ROLE_PRAVO','I',to_date('06.12.25','DD.MM.RR'),'role=ZAKAZNIK; pravo=CREATE_ORDERS','48');
Insert into LOG (ID_LOG,TABULKANAZEV,OPERACE,DATUMZMENY,IDREKORD,ID_ARCHIV) values ('186','APP_ROLE_PRAVO','I',to_date('06.12.25','DD.MM.RR'),'role=ZAKAZNIK; pravo=VIEW_DB_OBJECTS','48');
Insert into LOG (ID_LOG,TABULKANAZEV,OPERACE,DATUMZMENY,IDREKORD,ID_ARCHIV) values ('195','PRAVO','U',to_date('06.12.25','DD.MM.RR'),'VIEW_DB_OBJECTS','48');
Insert into LOG (ID_LOG,TABULKANAZEV,OPERACE,DATUMZMENY,IDREKORD,ID_ARCHIV) values ('223','APP_ROLE_PRAVO','D',to_date('06.12.25','DD.MM.RR'),'role=ZAKAZNIK; pravo=VIEW_PRODUCTS','48');
Insert into LOG (ID_LOG,TABULKANAZEV,OPERACE,DATUMZMENY,IDREKORD,ID_ARCHIV) values ('224','APP_ROLE_PRAVO','D',to_date('06.12.25','DD.MM.RR'),'role=ZAKAZNIK; pravo=VIEW_ORDERS','48');
Insert into LOG (ID_LOG,TABULKANAZEV,OPERACE,DATUMZMENY,IDREKORD,ID_ARCHIV) values ('225','APP_ROLE_PRAVO','D',to_date('06.12.25','DD.MM.RR'),'role=ZAKAZNIK; pravo=CREATE_ORDERS','48');
Insert into LOG (ID_LOG,TABULKANAZEV,OPERACE,DATUMZMENY,IDREKORD,ID_ARCHIV) values ('226','APP_ROLE_PRAVO','D',to_date('06.12.25','DD.MM.RR'),'role=ZAKAZNIK; pravo=VIEW_DB_OBJECTS','48');
Insert into LOG (ID_LOG,TABULKANAZEV,OPERACE,DATUMZMENY,IDREKORD,ID_ARCHIV) values ('227','APP_ROLE_PRAVO','I',to_date('06.12.25','DD.MM.RR'),'role=ZAKAZNIK; pravo=VIEW_PRODUCTS','48');
Insert into LOG (ID_LOG,TABULKANAZEV,OPERACE,DATUMZMENY,IDREKORD,ID_ARCHIV) values ('228','APP_ROLE_PRAVO','I',to_date('06.12.25','DD.MM.RR'),'role=ZAKAZNIK; pravo=VIEW_ORDERS','48');
Insert into LOG (ID_LOG,TABULKANAZEV,OPERACE,DATUMZMENY,IDREKORD,ID_ARCHIV) values ('229','APP_ROLE_PRAVO','I',to_date('06.12.25','DD.MM.RR'),'role=ZAKAZNIK; pravo=CREATE_ORDERS','48');
Insert into LOG (ID_LOG,TABULKANAZEV,OPERACE,DATUMZMENY,IDREKORD,ID_ARCHIV) values ('236','UZIVATEL','U',to_date('06.12.25','DD.MM.RR'),'Karel Balez','47');
Insert into LOG (ID_LOG,TABULKANAZEV,OPERACE,DATUMZMENY,IDREKORD,ID_ARCHIV) values ('237','ZAMESTNANEC','D',to_date('06.12.25','DD.MM.RR'),'Karel Balez','47');
Insert into LOG (ID_LOG,TABULKANAZEV,OPERACE,DATUMZMENY,IDREKORD,ID_ARCHIV) values ('241','UZIVATEL','I',to_date('06.12.25','DD.MM.RR'),'Artur Pirozkov','47');
Insert into LOG (ID_LOG,TABULKANAZEV,OPERACE,DATUMZMENY,IDREKORD,ID_ARCHIV) values ('239','ZPRAVA','I',to_date('06.12.25','DD.MM.RR'),'od=Anna Shabossova; pro=David Prochazka','50');
Insert into LOG (ID_LOG,TABULKANAZEV,OPERACE,DATUMZMENY,IDREKORD,ID_ARCHIV) values ('240','ZPRAVA','I',to_date('06.12.25','DD.MM.RR'),'od=Denys Tkach; pro=Anna Shabossova','50');
Insert into LOG (ID_LOG,TABULKANAZEV,OPERACE,DATUMZMENY,IDREKORD,ID_ARCHIV) values ('243','ZPRAVA','I',to_date('06.12.25','DD.MM.RR'),'od=Artur Pirozkov; pro=David Prochazka','50');
Insert into LOG (ID_LOG,TABULKANAZEV,OPERACE,DATUMZMENY,IDREKORD,ID_ARCHIV) values ('244','ADRESA','U',to_date('06.12.25','DD.MM.RR'),'Fryštátsk 212/5','48');
Insert into LOG (ID_LOG,TABULKANAZEV,OPERACE,DATUMZMENY,IDREKORD,ID_ARCHIV) values ('206','APP_ROLE_PRAVO','D',to_date('06.12.25','DD.MM.RR'),'role=ANALYTIK; pravo=VIEW_PRODUCTS','48');
Insert into LOG (ID_LOG,TABULKANAZEV,OPERACE,DATUMZMENY,IDREKORD,ID_ARCHIV) values ('207','APP_ROLE_PRAVO','D',to_date('06.12.25','DD.MM.RR'),'role=ANALYTIK; pravo=VIEW_ORDERS','48');
Insert into LOG (ID_LOG,TABULKANAZEV,OPERACE,DATUMZMENY,IDREKORD,ID_ARCHIV) values ('208','APP_ROLE_PRAVO','D',to_date('06.12.25','DD.MM.RR'),'role=ANALYTIK; pravo=VIEW_WAREHOUSE','48');
Insert into LOG (ID_LOG,TABULKANAZEV,OPERACE,DATUMZMENY,IDREKORD,ID_ARCHIV) values ('209','APP_ROLE_PRAVO','D',to_date('06.12.25','DD.MM.RR'),'role=ANALYTIK; pravo=VIEW_ARCHIVE','48');
Insert into LOG (ID_LOG,TABULKANAZEV,OPERACE,DATUMZMENY,IDREKORD,ID_ARCHIV) values ('210','APP_ROLE_PRAVO','D',to_date('06.12.25','DD.MM.RR'),'role=ANALYTIK; pravo=MANAGE_USERS','48');
Insert into LOG (ID_LOG,TABULKANAZEV,OPERACE,DATUMZMENY,IDREKORD,ID_ARCHIV) values ('211','APP_ROLE_PRAVO','I',to_date('06.12.25','DD.MM.RR'),'role=ANALYTIK; pravo=VIEW_PRODUCTS','48');
Insert into LOG (ID_LOG,TABULKANAZEV,OPERACE,DATUMZMENY,IDREKORD,ID_ARCHIV) values ('212','APP_ROLE_PRAVO','I',to_date('06.12.25','DD.MM.RR'),'role=ANALYTIK; pravo=VIEW_ORDERS','48');
Insert into LOG (ID_LOG,TABULKANAZEV,OPERACE,DATUMZMENY,IDREKORD,ID_ARCHIV) values ('213','APP_ROLE_PRAVO','I',to_date('06.12.25','DD.MM.RR'),'role=ANALYTIK; pravo=VIEW_WAREHOUSE','48');
Insert into LOG (ID_LOG,TABULKANAZEV,OPERACE,DATUMZMENY,IDREKORD,ID_ARCHIV) values ('214','APP_ROLE_PRAVO','I',to_date('06.12.25','DD.MM.RR'),'role=ANALYTIK; pravo=VIEW_ARCHIVE','48');
Insert into LOG (ID_LOG,TABULKANAZEV,OPERACE,DATUMZMENY,IDREKORD,ID_ARCHIV) values ('231','APP_ROLE_PRAVO','D',to_date('06.12.25','DD.MM.RR'),'role=ZAKAZNIK; pravo=EDIT_ORDERS','48');
Insert into LOG (ID_LOG,TABULKANAZEV,OPERACE,DATUMZMENY,IDREKORD,ID_ARCHIV) values ('245','UZIVATEL','U',to_date('06.12.25','DD.MM.RR'),'Lucie Fialova','47');
Insert into LOG (ID_LOG,TABULKANAZEV,OPERACE,DATUMZMENY,IDREKORD,ID_ARCHIV) values ('246','ZAMESTNANEC','D',to_date('06.12.25','DD.MM.RR'),'Lucie Fialova','47');
Insert into LOG (ID_LOG,TABULKANAZEV,OPERACE,DATUMZMENY,IDREKORD,ID_ARCHIV) values ('247','ADRESA','U',to_date('06.12.25','DD.MM.RR'),'Brněnská 45/1','48');
Insert into LOG (ID_LOG,TABULKANAZEV,OPERACE,DATUMZMENY,IDREKORD,ID_ARCHIV) values ('248','UZIVATEL','U',to_date('06.12.25','DD.MM.RR'),'Dominik Barta','47');
Insert into LOG (ID_LOG,TABULKANAZEV,OPERACE,DATUMZMENY,IDREKORD,ID_ARCHIV) values ('249','ADRESA','U',to_date('06.12.25','DD.MM.RR'),'Teplého 52/6','48');
Insert into LOG (ID_LOG,TABULKANAZEV,OPERACE,DATUMZMENY,IDREKORD,ID_ARCHIV) values ('250','UZIVATEL','U',to_date('06.12.25','DD.MM.RR'),'Jiri Houska','47');
Insert into LOG (ID_LOG,TABULKANAZEV,OPERACE,DATUMZMENY,IDREKORD,ID_ARCHIV) values ('251','ADRESA','U',to_date('06.12.25','DD.MM.RR'),'Politických vězňů 13/3','48');
Insert into LOG (ID_LOG,TABULKANAZEV,OPERACE,DATUMZMENY,IDREKORD,ID_ARCHIV) values ('252','UZIVATEL','U',to_date('06.12.25','DD.MM.RR'),'Jan Novak','47');
REM INSERTING into MESTO
SET DEFINE OFF;
Insert into MESTO (PSC,NAZEV,KRAJ) values ('11000','Praha 1','Hlavní město Praha');
Insert into MESTO (PSC,NAZEV,KRAJ) values ('12000','Praha 2','Hlavní město Praha');
Insert into MESTO (PSC,NAZEV,KRAJ) values ('13000','Praha 3','Hlavní město Praha');
Insert into MESTO (PSC,NAZEV,KRAJ) values ('14000','Praha 4','Hlavní město Praha');
Insert into MESTO (PSC,NAZEV,KRAJ) values ('17000','Praha 7','Hlavní město Praha');
Insert into MESTO (PSC,NAZEV,KRAJ) values ('53009','Pardubice','Pardubický kraj');
Insert into MESTO (PSC,NAZEV,KRAJ) values ('50002','Hradec Králové','Královéhradecký kraj');
Insert into MESTO (PSC,NAZEV,KRAJ) values ('60200','Brno','Jihomoravský kraj');
Insert into MESTO (PSC,NAZEV,KRAJ) values ('30100','Plzeň','Plzeňský kraj');
Insert into MESTO (PSC,NAZEV,KRAJ) values ('70200','Ostrava','Moravskoslezský kraj');
Insert into MESTO (PSC,NAZEV,KRAJ) values ('46001','Liberec','Liberecký kraj');
Insert into MESTO (PSC,NAZEV,KRAJ) values ('37001','České Budějovice','Jihočeský kraj');
Insert into MESTO (PSC,NAZEV,KRAJ) values ('77900','Olomouc','Olomoucký kraj');
Insert into MESTO (PSC,NAZEV,KRAJ) values ('40001','Ústí nad Labem','Ústecký kraj');
Insert into MESTO (PSC,NAZEV,KRAJ) values ('41501','Teplice','Ústecký kraj');
Insert into MESTO (PSC,NAZEV,KRAJ) values ('58601','Jihlava','Kraj Vysočina');
Insert into MESTO (PSC,NAZEV,KRAJ) values ('69002','Břeclav','Jihomoravský kraj');
Insert into MESTO (PSC,NAZEV,KRAJ) values ('29301','Mladá Boleslav','Středočeský kraj');
Insert into MESTO (PSC,NAZEV,KRAJ) values ('72802','Karviná','Moravskoslezský kraj');
REM INSERTING into NOTIFIKACE
SET DEFINE OFF;
Insert into NOTIFIKACE (ID_NOTIFIKACE,AUTHTOKEN,ENDPOINT,P256DH,ADRESAT,ID_ZPRAVA) values ('10','fyUzhd2LZihr2qG6e3/19A==','https://fcm.googleapis.com/fcm/send/fY-2dc6v8FU:APA91bH1C0rTUn8U9z_pJ5tXnPtZrlnBGfgKmoNasrALljFQam6iiQYKDataBfyHL1iquctefmNIs3ZftHhSVpyI9b34yg9S789Y6jJuwCU6bkHA3sSwqxi7rR4PvU_5haAvzV3ku-N5','BAzz8T3LooI8/CnEBsTH2/vfPPXjzxwV4G30Gx733u4fEinWA2OHrqlmiL9edluSiL1JivR/tK+9PP4OY4K07O4=','david.prochazka@admin.cz','131');
Insert into NOTIFIKACE (ID_NOTIFIKACE,AUTHTOKEN,ENDPOINT,P256DH,ADRESAT,ID_ZPRAVA) values ('18','u4mHYAmJZsEDGwkeYrsTGQ==','https://web.push.apple.com/QKzHNIB96tgDPV18HO_LIgBBaYBlSqyd_VzwUop8uWRdY6Gupbs79Ltwf0p0Cgd0VSFTT6dgNLpcbZpCVX3eXcozpURdcXN7KrxlNnD4WYdqoJXkkOk42Bos1LAu-ykMMwAgAjSIEiFsY6u-jdPnhYtDxqrdndOK9sy02TffPAY','BBc7+3+UcHa0R4Wcvw2dsGpFEvml4ElneQl7MGHspr6s9/niYbnDbrlBoEwUQVuyrd+KEN/E4VZOi9BI1BhY5kE=','anna@example.com','16');
Insert into NOTIFIKACE (ID_NOTIFIKACE,AUTHTOKEN,ENDPOINT,P256DH,ADRESAT,ID_ZPRAVA) values ('20','QUilYbfFqmPcFqU3R6/PPA==','https://fcm.googleapis.com/fcm/send/cILzqOvhUOE:APA91bFlCcNTFwxaREACWZSy8cJ5vOEkl3S7tEfbh3XIssoLU9caYRBfuptvrBacmaYnFYe9gCqRv4Gk_vgw5iDTFsMVxAtAKBeqpzdw2FgbOWync-kDYg7F4ey8fvUOyhunULDRvPAa','BJs1BtDAsylJJ16gW+PNFqBDvom0SEntbBlX7bOFVHqv5YUvKsrq3w62BRBt/ycYB+8sdPtFIxpOn3OmHs/iWNY=','tkachden1308@gmail.com','262');
REM INSERTING into OBJEDNAVKA
SET DEFINE OFF;
Insert into OBJEDNAVKA (ID_OBJEDNAVKA,DATUM,ID_STATUS,TYP_OBJEDNAVKA,ID_UZIVATEL,ID_SUPERMARKET) values ('76',to_date('05.12.25','DD.MM.RR'),'1','INTERNI','86','1');
Insert into OBJEDNAVKA (ID_OBJEDNAVKA,DATUM,ID_STATUS,TYP_OBJEDNAVKA,ID_UZIVATEL,ID_SUPERMARKET) values ('88',to_date('06.12.25','DD.MM.RR'),'1','INTERNI','86','1');
Insert into OBJEDNAVKA (ID_OBJEDNAVKA,DATUM,ID_STATUS,TYP_OBJEDNAVKA,ID_UZIVATEL,ID_SUPERMARKET) values ('1',to_date('01.09.25','DD.MM.RR'),'5','ZAKAZNIK','28','1');
Insert into OBJEDNAVKA (ID_OBJEDNAVKA,DATUM,ID_STATUS,TYP_OBJEDNAVKA,ID_UZIVATEL,ID_SUPERMARKET) values ('2',to_date('01.09.25','DD.MM.RR'),'6','DODAVATEL','3','2');
Insert into OBJEDNAVKA (ID_OBJEDNAVKA,DATUM,ID_STATUS,TYP_OBJEDNAVKA,ID_UZIVATEL,ID_SUPERMARKET) values ('3',to_date('02.09.25','DD.MM.RR'),'5','ZAKAZNIK','45','2');
Insert into OBJEDNAVKA (ID_OBJEDNAVKA,DATUM,ID_STATUS,TYP_OBJEDNAVKA,ID_UZIVATEL,ID_SUPERMARKET) values ('4',to_date('03.09.25','DD.MM.RR'),'6','DODAVATEL','15','1');
Insert into OBJEDNAVKA (ID_OBJEDNAVKA,DATUM,ID_STATUS,TYP_OBJEDNAVKA,ID_UZIVATEL,ID_SUPERMARKET) values ('5',to_date('04.09.25','DD.MM.RR'),'5','ZAKAZNIK','22','1');
Insert into OBJEDNAVKA (ID_OBJEDNAVKA,DATUM,ID_STATUS,TYP_OBJEDNAVKA,ID_UZIVATEL,ID_SUPERMARKET) values ('6',to_date('05.09.25','DD.MM.RR'),'5','ZAKAZNIK','33','2');
Insert into OBJEDNAVKA (ID_OBJEDNAVKA,DATUM,ID_STATUS,TYP_OBJEDNAVKA,ID_UZIVATEL,ID_SUPERMARKET) values ('7',to_date('07.09.25','DD.MM.RR'),'6','DODAVATEL','8','1');
Insert into OBJEDNAVKA (ID_OBJEDNAVKA,DATUM,ID_STATUS,TYP_OBJEDNAVKA,ID_UZIVATEL,ID_SUPERMARKET) values ('8',to_date('07.09.25','DD.MM.RR'),'5','ZAKAZNIK','51','2');
Insert into OBJEDNAVKA (ID_OBJEDNAVKA,DATUM,ID_STATUS,TYP_OBJEDNAVKA,ID_UZIVATEL,ID_SUPERMARKET) values ('9',to_date('08.09.25','DD.MM.RR'),'6','ZAKAZNIK','24','1');
Insert into OBJEDNAVKA (ID_OBJEDNAVKA,DATUM,ID_STATUS,TYP_OBJEDNAVKA,ID_UZIVATEL,ID_SUPERMARKET) values ('10',to_date('10.09.25','DD.MM.RR'),'5','DODAVATEL','11','1');
Insert into OBJEDNAVKA (ID_OBJEDNAVKA,DATUM,ID_STATUS,TYP_OBJEDNAVKA,ID_UZIVATEL,ID_SUPERMARKET) values ('11',to_date('12.09.25','DD.MM.RR'),'5','ZAKAZNIK','39','2');
Insert into OBJEDNAVKA (ID_OBJEDNAVKA,DATUM,ID_STATUS,TYP_OBJEDNAVKA,ID_UZIVATEL,ID_SUPERMARKET) values ('12',to_date('14.09.25','DD.MM.RR'),'6','ZAKAZNIK','49','1');
Insert into OBJEDNAVKA (ID_OBJEDNAVKA,DATUM,ID_STATUS,TYP_OBJEDNAVKA,ID_UZIVATEL,ID_SUPERMARKET) values ('13',to_date('15.09.25','DD.MM.RR'),'5','DODAVATEL','4','2');
Insert into OBJEDNAVKA (ID_OBJEDNAVKA,DATUM,ID_STATUS,TYP_OBJEDNAVKA,ID_UZIVATEL,ID_SUPERMARKET) values ('14',to_date('18.09.25','DD.MM.RR'),'5','ZAKAZNIK','31','1');
Insert into OBJEDNAVKA (ID_OBJEDNAVKA,DATUM,ID_STATUS,TYP_OBJEDNAVKA,ID_UZIVATEL,ID_SUPERMARKET) values ('15',to_date('20.09.25','DD.MM.RR'),'6','DODAVATEL','17','2');
Insert into OBJEDNAVKA (ID_OBJEDNAVKA,DATUM,ID_STATUS,TYP_OBJEDNAVKA,ID_UZIVATEL,ID_SUPERMARKET) values ('16',to_date('21.09.25','DD.MM.RR'),'5','ZAKAZNIK','31','1');
Insert into OBJEDNAVKA (ID_OBJEDNAVKA,DATUM,ID_STATUS,TYP_OBJEDNAVKA,ID_UZIVATEL,ID_SUPERMARKET) values ('17',to_date('22.09.25','DD.MM.RR'),'6','DODAVATEL','6','2');
Insert into OBJEDNAVKA (ID_OBJEDNAVKA,DATUM,ID_STATUS,TYP_OBJEDNAVKA,ID_UZIVATEL,ID_SUPERMARKET) values ('18',to_date('24.09.25','DD.MM.RR'),'5','ZAKAZNIK','41','2');
Insert into OBJEDNAVKA (ID_OBJEDNAVKA,DATUM,ID_STATUS,TYP_OBJEDNAVKA,ID_UZIVATEL,ID_SUPERMARKET) values ('19',to_date('25.09.25','DD.MM.RR'),'5','ZAKAZNIK','46','1');
Insert into OBJEDNAVKA (ID_OBJEDNAVKA,DATUM,ID_STATUS,TYP_OBJEDNAVKA,ID_UZIVATEL,ID_SUPERMARKET) values ('20',to_date('27.09.25','DD.MM.RR'),'6','DODAVATEL','12','1');
Insert into OBJEDNAVKA (ID_OBJEDNAVKA,DATUM,ID_STATUS,TYP_OBJEDNAVKA,ID_UZIVATEL,ID_SUPERMARKET) values ('21',to_date('29.09.25','DD.MM.RR'),'5','ZAKAZNIK','51','2');
Insert into OBJEDNAVKA (ID_OBJEDNAVKA,DATUM,ID_STATUS,TYP_OBJEDNAVKA,ID_UZIVATEL,ID_SUPERMARKET) values ('22',to_date('30.09.25','DD.MM.RR'),'5','ZAKAZNIK','33','1');
Insert into OBJEDNAVKA (ID_OBJEDNAVKA,DATUM,ID_STATUS,TYP_OBJEDNAVKA,ID_UZIVATEL,ID_SUPERMARKET) values ('23',to_date('02.10.25','DD.MM.RR'),'6','DODAVATEL','7','2');
Insert into OBJEDNAVKA (ID_OBJEDNAVKA,DATUM,ID_STATUS,TYP_OBJEDNAVKA,ID_UZIVATEL,ID_SUPERMARKET) values ('24',to_date('03.10.25','DD.MM.RR'),'5','ZAKAZNIK','25','1');
Insert into OBJEDNAVKA (ID_OBJEDNAVKA,DATUM,ID_STATUS,TYP_OBJEDNAVKA,ID_UZIVATEL,ID_SUPERMARKET) values ('25',to_date('05.10.25','DD.MM.RR'),'5','ZAKAZNIK','37','2');
Insert into OBJEDNAVKA (ID_OBJEDNAVKA,DATUM,ID_STATUS,TYP_OBJEDNAVKA,ID_UZIVATEL,ID_SUPERMARKET) values ('26',to_date('06.10.25','DD.MM.RR'),'6','DODAVATEL','18','1');
Insert into OBJEDNAVKA (ID_OBJEDNAVKA,DATUM,ID_STATUS,TYP_OBJEDNAVKA,ID_UZIVATEL,ID_SUPERMARKET) values ('27',to_date('08.10.25','DD.MM.RR'),'5','ZAKAZNIK','28','1');
Insert into OBJEDNAVKA (ID_OBJEDNAVKA,DATUM,ID_STATUS,TYP_OBJEDNAVKA,ID_UZIVATEL,ID_SUPERMARKET) values ('28',to_date('10.10.25','DD.MM.RR'),'6','ZAKAZNIK','22','2');
Insert into OBJEDNAVKA (ID_OBJEDNAVKA,DATUM,ID_STATUS,TYP_OBJEDNAVKA,ID_UZIVATEL,ID_SUPERMARKET) values ('29',to_date('15.10.25','DD.MM.RR'),'6','DODAVATEL','10','1');
Insert into OBJEDNAVKA (ID_OBJEDNAVKA,DATUM,ID_STATUS,TYP_OBJEDNAVKA,ID_UZIVATEL,ID_SUPERMARKET) values ('30',to_date('12.10.25','DD.MM.RR'),'5','ZAKAZNIK','44','2');
Insert into OBJEDNAVKA (ID_OBJEDNAVKA,DATUM,ID_STATUS,TYP_OBJEDNAVKA,ID_UZIVATEL,ID_SUPERMARKET) values ('31',to_date('16.10.25','DD.MM.RR'),'5','ZAKAZNIK','32','2');
Insert into OBJEDNAVKA (ID_OBJEDNAVKA,DATUM,ID_STATUS,TYP_OBJEDNAVKA,ID_UZIVATEL,ID_SUPERMARKET) values ('32',to_date('17.10.25','DD.MM.RR'),'6','DODAVATEL','5','1');
Insert into OBJEDNAVKA (ID_OBJEDNAVKA,DATUM,ID_STATUS,TYP_OBJEDNAVKA,ID_UZIVATEL,ID_SUPERMARKET) values ('33',to_date('18.10.25','DD.MM.RR'),'5','ZAKAZNIK','49','1');
Insert into OBJEDNAVKA (ID_OBJEDNAVKA,DATUM,ID_STATUS,TYP_OBJEDNAVKA,ID_UZIVATEL,ID_SUPERMARKET) values ('34',to_date('20.10.25','DD.MM.RR'),'5','ZAKAZNIK','26','2');
Insert into OBJEDNAVKA (ID_OBJEDNAVKA,DATUM,ID_STATUS,TYP_OBJEDNAVKA,ID_UZIVATEL,ID_SUPERMARKET) values ('35',to_date('21.10.25','DD.MM.RR'),'6','DODAVATEL','14','2');
Insert into OBJEDNAVKA (ID_OBJEDNAVKA,DATUM,ID_STATUS,TYP_OBJEDNAVKA,ID_UZIVATEL,ID_SUPERMARKET) values ('36',to_date('23.10.25','DD.MM.RR'),'5','ZAKAZNIK','33','1');
Insert into OBJEDNAVKA (ID_OBJEDNAVKA,DATUM,ID_STATUS,TYP_OBJEDNAVKA,ID_UZIVATEL,ID_SUPERMARKET) values ('37',to_date('24.10.25','DD.MM.RR'),'5','ZAKAZNIK','42','1');
Insert into OBJEDNAVKA (ID_OBJEDNAVKA,DATUM,ID_STATUS,TYP_OBJEDNAVKA,ID_UZIVATEL,ID_SUPERMARKET) values ('38',to_date('26.10.25','DD.MM.RR'),'6','ZAKAZNIK','23','2');
Insert into OBJEDNAVKA (ID_OBJEDNAVKA,DATUM,ID_STATUS,TYP_OBJEDNAVKA,ID_UZIVATEL,ID_SUPERMARKET) values ('39',to_date('27.10.25','DD.MM.RR'),'5','DODAVATEL','16','1');
Insert into OBJEDNAVKA (ID_OBJEDNAVKA,DATUM,ID_STATUS,TYP_OBJEDNAVKA,ID_UZIVATEL,ID_SUPERMARKET) values ('40',to_date('29.10.25','DD.MM.RR'),'5','ZAKAZNIK','45','2');
Insert into OBJEDNAVKA (ID_OBJEDNAVKA,DATUM,ID_STATUS,TYP_OBJEDNAVKA,ID_UZIVATEL,ID_SUPERMARKET) values ('41',to_date('02.11.25','DD.MM.RR'),'5','ZAKAZNIK','24','1');
Insert into OBJEDNAVKA (ID_OBJEDNAVKA,DATUM,ID_STATUS,TYP_OBJEDNAVKA,ID_UZIVATEL,ID_SUPERMARKET) values ('42',to_date('30.10.25','DD.MM.RR'),'6','DODAVATEL','8','1');
Insert into OBJEDNAVKA (ID_OBJEDNAVKA,DATUM,ID_STATUS,TYP_OBJEDNAVKA,ID_UZIVATEL,ID_SUPERMARKET) values ('43',to_date('03.11.25','DD.MM.RR'),'6','ZAKAZNIK','50','2');
Insert into OBJEDNAVKA (ID_OBJEDNAVKA,DATUM,ID_STATUS,TYP_OBJEDNAVKA,ID_UZIVATEL,ID_SUPERMARKET) values ('44',to_date('07.11.25','DD.MM.RR'),'5','DODAVATEL','11','2');
Insert into OBJEDNAVKA (ID_OBJEDNAVKA,DATUM,ID_STATUS,TYP_OBJEDNAVKA,ID_UZIVATEL,ID_SUPERMARKET) values ('45',to_date('10.11.25','DD.MM.RR'),'5','ZAKAZNIK','39','1');
Insert into OBJEDNAVKA (ID_OBJEDNAVKA,DATUM,ID_STATUS,TYP_OBJEDNAVKA,ID_UZIVATEL,ID_SUPERMARKET) values ('46',to_date('21.11.25','DD.MM.RR'),'3','ZAKAZNIK','34','1');
Insert into OBJEDNAVKA (ID_OBJEDNAVKA,DATUM,ID_STATUS,TYP_OBJEDNAVKA,ID_UZIVATEL,ID_SUPERMARKET) values ('47',to_date('21.11.25','DD.MM.RR'),'1','DODAVATEL','7','2');
Insert into OBJEDNAVKA (ID_OBJEDNAVKA,DATUM,ID_STATUS,TYP_OBJEDNAVKA,ID_UZIVATEL,ID_SUPERMARKET) values ('48',to_date('22.11.25','DD.MM.RR'),'4','ZAKAZNIK','47','2');
Insert into OBJEDNAVKA (ID_OBJEDNAVKA,DATUM,ID_STATUS,TYP_OBJEDNAVKA,ID_UZIVATEL,ID_SUPERMARKET) values ('49',to_date('22.11.25','DD.MM.RR'),'6','ZAKAZNIK','24','1');
Insert into OBJEDNAVKA (ID_OBJEDNAVKA,DATUM,ID_STATUS,TYP_OBJEDNAVKA,ID_UZIVATEL,ID_SUPERMARKET) values ('50',to_date('23.11.25','DD.MM.RR'),'2','DODAVATEL','12','1');
Insert into OBJEDNAVKA (ID_OBJEDNAVKA,DATUM,ID_STATUS,TYP_OBJEDNAVKA,ID_UZIVATEL,ID_SUPERMARKET) values ('51',to_date('23.11.25','DD.MM.RR'),'5','ZAKAZNIK','38','2');
Insert into OBJEDNAVKA (ID_OBJEDNAVKA,DATUM,ID_STATUS,TYP_OBJEDNAVKA,ID_UZIVATEL,ID_SUPERMARKET) values ('52',to_date('24.11.25','DD.MM.RR'),'3','ZAKAZNIK','51','1');
Insert into OBJEDNAVKA (ID_OBJEDNAVKA,DATUM,ID_STATUS,TYP_OBJEDNAVKA,ID_UZIVATEL,ID_SUPERMARKET) values ('53',to_date('24.11.25','DD.MM.RR'),'1','DODAVATEL','4','2');
Insert into OBJEDNAVKA (ID_OBJEDNAVKA,DATUM,ID_STATUS,TYP_OBJEDNAVKA,ID_UZIVATEL,ID_SUPERMARKET) values ('54',to_date('25.11.25','DD.MM.RR'),'2','ZAKAZNIK','45','1');
Insert into OBJEDNAVKA (ID_OBJEDNAVKA,DATUM,ID_STATUS,TYP_OBJEDNAVKA,ID_UZIVATEL,ID_SUPERMARKET) values ('55',to_date('25.11.25','DD.MM.RR'),'6','ZAKAZNIK','23','2');
Insert into OBJEDNAVKA (ID_OBJEDNAVKA,DATUM,ID_STATUS,TYP_OBJEDNAVKA,ID_UZIVATEL,ID_SUPERMARKET) values ('56',to_date('26.11.25','DD.MM.RR'),'1','DODAVATEL','16','1');
Insert into OBJEDNAVKA (ID_OBJEDNAVKA,DATUM,ID_STATUS,TYP_OBJEDNAVKA,ID_UZIVATEL,ID_SUPERMARKET) values ('57',to_date('26.11.25','DD.MM.RR'),'4','ZAKAZNIK','33','1');
Insert into OBJEDNAVKA (ID_OBJEDNAVKA,DATUM,ID_STATUS,TYP_OBJEDNAVKA,ID_UZIVATEL,ID_SUPERMARKET) values ('58',to_date('27.11.25','DD.MM.RR'),'2','ZAKAZNIK','40','2');
Insert into OBJEDNAVKA (ID_OBJEDNAVKA,DATUM,ID_STATUS,TYP_OBJEDNAVKA,ID_UZIVATEL,ID_SUPERMARKET) values ('59',to_date('27.11.25','DD.MM.RR'),'5','DODAVATEL','3','2');
Insert into OBJEDNAVKA (ID_OBJEDNAVKA,DATUM,ID_STATUS,TYP_OBJEDNAVKA,ID_UZIVATEL,ID_SUPERMARKET) values ('60',to_date('28.11.25','DD.MM.RR'),'1','ZAKAZNIK','49','1');
Insert into OBJEDNAVKA (ID_OBJEDNAVKA,DATUM,ID_STATUS,TYP_OBJEDNAVKA,ID_UZIVATEL,ID_SUPERMARKET) values ('86',to_date('05.12.25','DD.MM.RR'),'1','INTERNI','86','1');
Insert into OBJEDNAVKA (ID_OBJEDNAVKA,DATUM,ID_STATUS,TYP_OBJEDNAVKA,ID_UZIVATEL,ID_SUPERMARKET) values ('61',to_date('29.11.25','DD.MM.RR'),'1','DODAVATEL','19','1');
Insert into OBJEDNAVKA (ID_OBJEDNAVKA,DATUM,ID_STATUS,TYP_OBJEDNAVKA,ID_UZIVATEL,ID_SUPERMARKET) values ('87',to_date('06.12.25','DD.MM.RR'),'1','INTERNI','86','1');
Insert into OBJEDNAVKA (ID_OBJEDNAVKA,DATUM,ID_STATUS,TYP_OBJEDNAVKA,ID_UZIVATEL,ID_SUPERMARKET) values ('77',to_date('05.12.25','DD.MM.RR'),'1','INTERNI','86','1');
Insert into OBJEDNAVKA (ID_OBJEDNAVKA,DATUM,ID_STATUS,TYP_OBJEDNAVKA,ID_UZIVATEL,ID_SUPERMARKET) values ('78',to_date('05.12.25','DD.MM.RR'),'1','INTERNI','86','1');
Insert into OBJEDNAVKA (ID_OBJEDNAVKA,DATUM,ID_STATUS,TYP_OBJEDNAVKA,ID_UZIVATEL,ID_SUPERMARKET) values ('82',to_date('05.12.25','DD.MM.RR'),'1','INTERNI','86','1');
Insert into OBJEDNAVKA (ID_OBJEDNAVKA,DATUM,ID_STATUS,TYP_OBJEDNAVKA,ID_UZIVATEL,ID_SUPERMARKET) values ('85',to_date('05.12.25','DD.MM.RR'),'1','INTERNI','86','1');
Insert into OBJEDNAVKA (ID_OBJEDNAVKA,DATUM,ID_STATUS,TYP_OBJEDNAVKA,ID_UZIVATEL,ID_SUPERMARKET) values ('83',to_date('05.12.25','DD.MM.RR'),'1','INTERNI','86','1');
REM INSERTING into OBJEDNAVKA_ZBOZI
SET DEFINE OFF;
Insert into OBJEDNAVKA_ZBOZI (POCET,ID_OBJEDNAVKA,ID_ZBOZI) values ('1','76','167');
Insert into OBJEDNAVKA_ZBOZI (POCET,ID_OBJEDNAVKA,ID_ZBOZI) values ('3','76','157');
Insert into OBJEDNAVKA_ZBOZI (POCET,ID_OBJEDNAVKA,ID_ZBOZI) values ('2','1','145');
Insert into OBJEDNAVKA_ZBOZI (POCET,ID_OBJEDNAVKA,ID_ZBOZI) values ('1','1','32');
Insert into OBJEDNAVKA_ZBOZI (POCET,ID_OBJEDNAVKA,ID_ZBOZI) values ('3','1','88');
Insert into OBJEDNAVKA_ZBOZI (POCET,ID_OBJEDNAVKA,ID_ZBOZI) values ('25','2','11');
Insert into OBJEDNAVKA_ZBOZI (POCET,ID_OBJEDNAVKA,ID_ZBOZI) values ('40','2','74');
Insert into OBJEDNAVKA_ZBOZI (POCET,ID_OBJEDNAVKA,ID_ZBOZI) values ('1','3','53');
Insert into OBJEDNAVKA_ZBOZI (POCET,ID_OBJEDNAVKA,ID_ZBOZI) values ('4','3','122');
Insert into OBJEDNAVKA_ZBOZI (POCET,ID_OBJEDNAVKA,ID_ZBOZI) values ('30','4','15');
Insert into OBJEDNAVKA_ZBOZI (POCET,ID_OBJEDNAVKA,ID_ZBOZI) values ('18','4','98');
Insert into OBJEDNAVKA_ZBOZI (POCET,ID_OBJEDNAVKA,ID_ZBOZI) values ('2','5','7');
Insert into OBJEDNAVKA_ZBOZI (POCET,ID_OBJEDNAVKA,ID_ZBOZI) values ('1','5','66');
Insert into OBJEDNAVKA_ZBOZI (POCET,ID_OBJEDNAVKA,ID_ZBOZI) values ('3','6','49');
Insert into OBJEDNAVKA_ZBOZI (POCET,ID_OBJEDNAVKA,ID_ZBOZI) values ('1','6','141');
Insert into OBJEDNAVKA_ZBOZI (POCET,ID_OBJEDNAVKA,ID_ZBOZI) values ('22','7','63');
Insert into OBJEDNAVKA_ZBOZI (POCET,ID_OBJEDNAVKA,ID_ZBOZI) values ('15','7','130');
Insert into OBJEDNAVKA_ZBOZI (POCET,ID_OBJEDNAVKA,ID_ZBOZI) values ('28','7','81');
Insert into OBJEDNAVKA_ZBOZI (POCET,ID_OBJEDNAVKA,ID_ZBOZI) values ('1','8','17');
Insert into OBJEDNAVKA_ZBOZI (POCET,ID_OBJEDNAVKA,ID_ZBOZI) values ('4','8','152');
Insert into OBJEDNAVKA_ZBOZI (POCET,ID_OBJEDNAVKA,ID_ZBOZI) values ('3','9','109');
Insert into OBJEDNAVKA_ZBOZI (POCET,ID_OBJEDNAVKA,ID_ZBOZI) values ('2','9','41');
Insert into OBJEDNAVKA_ZBOZI (POCET,ID_OBJEDNAVKA,ID_ZBOZI) values ('33','10','27');
Insert into OBJEDNAVKA_ZBOZI (POCET,ID_OBJEDNAVKA,ID_ZBOZI) values ('20','10','99');
Insert into OBJEDNAVKA_ZBOZI (POCET,ID_OBJEDNAVKA,ID_ZBOZI) values ('2','11','61');
Insert into OBJEDNAVKA_ZBOZI (POCET,ID_OBJEDNAVKA,ID_ZBOZI) values ('5','11','135');
Insert into OBJEDNAVKA_ZBOZI (POCET,ID_OBJEDNAVKA,ID_ZBOZI) values ('1','12','14');
Insert into OBJEDNAVKA_ZBOZI (POCET,ID_OBJEDNAVKA,ID_ZBOZI) values ('3','12','120');
Insert into OBJEDNAVKA_ZBOZI (POCET,ID_OBJEDNAVKA,ID_ZBOZI) values ('40','13','45');
Insert into OBJEDNAVKA_ZBOZI (POCET,ID_OBJEDNAVKA,ID_ZBOZI) values ('22','13','86');
Insert into OBJEDNAVKA_ZBOZI (POCET,ID_OBJEDNAVKA,ID_ZBOZI) values ('2','14','104');
Insert into OBJEDNAVKA_ZBOZI (POCET,ID_OBJEDNAVKA,ID_ZBOZI) values ('3','14','75');
Insert into OBJEDNAVKA_ZBOZI (POCET,ID_OBJEDNAVKA,ID_ZBOZI) values ('18','15','12');
Insert into OBJEDNAVKA_ZBOZI (POCET,ID_OBJEDNAVKA,ID_ZBOZI) values ('35','15','134');
Insert into OBJEDNAVKA_ZBOZI (POCET,ID_OBJEDNAVKA,ID_ZBOZI) values ('2','16','58');
Insert into OBJEDNAVKA_ZBOZI (POCET,ID_OBJEDNAVKA,ID_ZBOZI) values ('1','16','143');
Insert into OBJEDNAVKA_ZBOZI (POCET,ID_OBJEDNAVKA,ID_ZBOZI) values ('4','16','27');
Insert into OBJEDNAVKA_ZBOZI (POCET,ID_OBJEDNAVKA,ID_ZBOZI) values ('22','17','12');
Insert into OBJEDNAVKA_ZBOZI (POCET,ID_OBJEDNAVKA,ID_ZBOZI) values ('34','17','77');
Insert into OBJEDNAVKA_ZBOZI (POCET,ID_OBJEDNAVKA,ID_ZBOZI) values ('3','18','41');
Insert into OBJEDNAVKA_ZBOZI (POCET,ID_OBJEDNAVKA,ID_ZBOZI) values ('2','18','119');
Insert into OBJEDNAVKA_ZBOZI (POCET,ID_OBJEDNAVKA,ID_ZBOZI) values ('1','19','68');
Insert into OBJEDNAVKA_ZBOZI (POCET,ID_OBJEDNAVKA,ID_ZBOZI) values ('2','19','155');
Insert into OBJEDNAVKA_ZBOZI (POCET,ID_OBJEDNAVKA,ID_ZBOZI) values ('4','19','98');
Insert into OBJEDNAVKA_ZBOZI (POCET,ID_OBJEDNAVKA,ID_ZBOZI) values ('15','20','26');
Insert into OBJEDNAVKA_ZBOZI (POCET,ID_OBJEDNAVKA,ID_ZBOZI) values ('28','20','114');
Insert into OBJEDNAVKA_ZBOZI (POCET,ID_OBJEDNAVKA,ID_ZBOZI) values ('4','21','73');
Insert into OBJEDNAVKA_ZBOZI (POCET,ID_OBJEDNAVKA,ID_ZBOZI) values ('1','21','131');
Insert into OBJEDNAVKA_ZBOZI (POCET,ID_OBJEDNAVKA,ID_ZBOZI) values ('3','22','36');
Insert into OBJEDNAVKA_ZBOZI (POCET,ID_OBJEDNAVKA,ID_ZBOZI) values ('5','22','147');
Insert into OBJEDNAVKA_ZBOZI (POCET,ID_OBJEDNAVKA,ID_ZBOZI) values ('40','23','16');
Insert into OBJEDNAVKA_ZBOZI (POCET,ID_OBJEDNAVKA,ID_ZBOZI) values ('12','23','89');
Insert into OBJEDNAVKA_ZBOZI (POCET,ID_OBJEDNAVKA,ID_ZBOZI) values ('24','23','102');
Insert into OBJEDNAVKA_ZBOZI (POCET,ID_OBJEDNAVKA,ID_ZBOZI) values ('2','24','55');
Insert into OBJEDNAVKA_ZBOZI (POCET,ID_OBJEDNAVKA,ID_ZBOZI) values ('3','24','162');
Insert into OBJEDNAVKA_ZBOZI (POCET,ID_OBJEDNAVKA,ID_ZBOZI) values ('1','25','12');
Insert into OBJEDNAVKA_ZBOZI (POCET,ID_OBJEDNAVKA,ID_ZBOZI) values ('4','25','180');
Insert into OBJEDNAVKA_ZBOZI (POCET,ID_OBJEDNAVKA,ID_ZBOZI) values ('20','26','77');
Insert into OBJEDNAVKA_ZBOZI (POCET,ID_OBJEDNAVKA,ID_ZBOZI) values ('45','26','133');
Insert into OBJEDNAVKA_ZBOZI (POCET,ID_OBJEDNAVKA,ID_ZBOZI) values ('3','27','111');
Insert into OBJEDNAVKA_ZBOZI (POCET,ID_OBJEDNAVKA,ID_ZBOZI) values ('2','27','108');
Insert into OBJEDNAVKA_ZBOZI (POCET,ID_OBJEDNAVKA,ID_ZBOZI) values ('5','28','54');
Insert into OBJEDNAVKA_ZBOZI (POCET,ID_OBJEDNAVKA,ID_ZBOZI) values ('1','28','123');
Insert into OBJEDNAVKA_ZBOZI (POCET,ID_OBJEDNAVKA,ID_ZBOZI) values ('4','28','165');
Insert into OBJEDNAVKA_ZBOZI (POCET,ID_OBJEDNAVKA,ID_ZBOZI) values ('2','29','64');
Insert into OBJEDNAVKA_ZBOZI (POCET,ID_OBJEDNAVKA,ID_ZBOZI) values ('1','29','87');
Insert into OBJEDNAVKA_ZBOZI (POCET,ID_OBJEDNAVKA,ID_ZBOZI) values ('32','30','19');
Insert into OBJEDNAVKA_ZBOZI (POCET,ID_OBJEDNAVKA,ID_ZBOZI) values ('18','30','142');
Insert into OBJEDNAVKA_ZBOZI (POCET,ID_OBJEDNAVKA,ID_ZBOZI) values ('2','31','57');
Insert into OBJEDNAVKA_ZBOZI (POCET,ID_OBJEDNAVKA,ID_ZBOZI) values ('4','31','101');
Insert into OBJEDNAVKA_ZBOZI (POCET,ID_OBJEDNAVKA,ID_ZBOZI) values ('1','31','133');
Insert into OBJEDNAVKA_ZBOZI (POCET,ID_OBJEDNAVKA,ID_ZBOZI) values ('28','32','18');
Insert into OBJEDNAVKA_ZBOZI (POCET,ID_OBJEDNAVKA,ID_ZBOZI) values ('16','32','92');
Insert into OBJEDNAVKA_ZBOZI (POCET,ID_OBJEDNAVKA,ID_ZBOZI) values ('3','33','76');
Insert into OBJEDNAVKA_ZBOZI (POCET,ID_OBJEDNAVKA,ID_ZBOZI) values ('2','33','145');
Insert into OBJEDNAVKA_ZBOZI (POCET,ID_OBJEDNAVKA,ID_ZBOZI) values ('1','34','25');
Insert into OBJEDNAVKA_ZBOZI (POCET,ID_OBJEDNAVKA,ID_ZBOZI) values ('3','34','172');
Insert into OBJEDNAVKA_ZBOZI (POCET,ID_OBJEDNAVKA,ID_ZBOZI) values ('34','35','14');
Insert into OBJEDNAVKA_ZBOZI (POCET,ID_OBJEDNAVKA,ID_ZBOZI) values ('21','35','89');
Insert into OBJEDNAVKA_ZBOZI (POCET,ID_OBJEDNAVKA,ID_ZBOZI) values ('4','36','68');
Insert into OBJEDNAVKA_ZBOZI (POCET,ID_OBJEDNAVKA,ID_ZBOZI) values ('2','36','137');
Insert into OBJEDNAVKA_ZBOZI (POCET,ID_OBJEDNAVKA,ID_ZBOZI) values ('3','37','42');
Insert into OBJEDNAVKA_ZBOZI (POCET,ID_OBJEDNAVKA,ID_ZBOZI) values ('1','37','119');
Insert into OBJEDNAVKA_ZBOZI (POCET,ID_OBJEDNAVKA,ID_ZBOZI) values ('2','38','97');
Insert into OBJEDNAVKA_ZBOZI (POCET,ID_OBJEDNAVKA,ID_ZBOZI) values ('5','38','156');
Insert into OBJEDNAVKA_ZBOZI (POCET,ID_OBJEDNAVKA,ID_ZBOZI) values ('1','38','61');
Insert into OBJEDNAVKA_ZBOZI (POCET,ID_OBJEDNAVKA,ID_ZBOZI) values ('25','39','88');
Insert into OBJEDNAVKA_ZBOZI (POCET,ID_OBJEDNAVKA,ID_ZBOZI) values ('12','39','140');
Insert into OBJEDNAVKA_ZBOZI (POCET,ID_OBJEDNAVKA,ID_ZBOZI) values ('3','40','11');
Insert into OBJEDNAVKA_ZBOZI (POCET,ID_OBJEDNAVKA,ID_ZBOZI) values ('2','40','134');
Insert into OBJEDNAVKA_ZBOZI (POCET,ID_OBJEDNAVKA,ID_ZBOZI) values ('40','41','55');
Insert into OBJEDNAVKA_ZBOZI (POCET,ID_OBJEDNAVKA,ID_ZBOZI) values ('18','41','101');
Insert into OBJEDNAVKA_ZBOZI (POCET,ID_OBJEDNAVKA,ID_ZBOZI) values ('1','42','19');
Insert into OBJEDNAVKA_ZBOZI (POCET,ID_OBJEDNAVKA,ID_ZBOZI) values ('5','42','147');
Insert into OBJEDNAVKA_ZBOZI (POCET,ID_OBJEDNAVKA,ID_ZBOZI) values ('3','43','78');
Insert into OBJEDNAVKA_ZBOZI (POCET,ID_OBJEDNAVKA,ID_ZBOZI) values ('2','43','131');
Insert into OBJEDNAVKA_ZBOZI (POCET,ID_OBJEDNAVKA,ID_ZBOZI) values ('32','44','17');
Insert into OBJEDNAVKA_ZBOZI (POCET,ID_OBJEDNAVKA,ID_ZBOZI) values ('15','44','99');
Insert into OBJEDNAVKA_ZBOZI (POCET,ID_OBJEDNAVKA,ID_ZBOZI) values ('22','44','154');
Insert into OBJEDNAVKA_ZBOZI (POCET,ID_OBJEDNAVKA,ID_ZBOZI) values ('2','45','63');
Insert into OBJEDNAVKA_ZBOZI (POCET,ID_OBJEDNAVKA,ID_ZBOZI) values ('4','45','140');
Insert into OBJEDNAVKA_ZBOZI (POCET,ID_OBJEDNAVKA,ID_ZBOZI) values ('3','46','77');
Insert into OBJEDNAVKA_ZBOZI (POCET,ID_OBJEDNAVKA,ID_ZBOZI) values ('1','46','145');
Insert into OBJEDNAVKA_ZBOZI (POCET,ID_OBJEDNAVKA,ID_ZBOZI) values ('4','46','52');
Insert into OBJEDNAVKA_ZBOZI (POCET,ID_OBJEDNAVKA,ID_ZBOZI) values ('28','47','19');
Insert into OBJEDNAVKA_ZBOZI (POCET,ID_OBJEDNAVKA,ID_ZBOZI) values ('14','47','63');
Insert into OBJEDNAVKA_ZBOZI (POCET,ID_OBJEDNAVKA,ID_ZBOZI) values ('22','47','138');
Insert into OBJEDNAVKA_ZBOZI (POCET,ID_OBJEDNAVKA,ID_ZBOZI) values ('2','48','48');
Insert into OBJEDNAVKA_ZBOZI (POCET,ID_OBJEDNAVKA,ID_ZBOZI) values ('5','48','169');
Insert into OBJEDNAVKA_ZBOZI (POCET,ID_OBJEDNAVKA,ID_ZBOZI) values ('3','49','33');
Insert into OBJEDNAVKA_ZBOZI (POCET,ID_OBJEDNAVKA,ID_ZBOZI) values ('1','49','110');
Insert into OBJEDNAVKA_ZBOZI (POCET,ID_OBJEDNAVKA,ID_ZBOZI) values ('32','50','72');
Insert into OBJEDNAVKA_ZBOZI (POCET,ID_OBJEDNAVKA,ID_ZBOZI) values ('18','50','152');
Insert into OBJEDNAVKA_ZBOZI (POCET,ID_OBJEDNAVKA,ID_ZBOZI) values ('4','51','14');
Insert into OBJEDNAVKA_ZBOZI (POCET,ID_OBJEDNAVKA,ID_ZBOZI) values ('2','51','127');
Insert into OBJEDNAVKA_ZBOZI (POCET,ID_OBJEDNAVKA,ID_ZBOZI) values ('1','52','65');
Insert into OBJEDNAVKA_ZBOZI (POCET,ID_OBJEDNAVKA,ID_ZBOZI) values ('5','52','144');
Insert into OBJEDNAVKA_ZBOZI (POCET,ID_OBJEDNAVKA,ID_ZBOZI) values ('20','53','91');
Insert into OBJEDNAVKA_ZBOZI (POCET,ID_OBJEDNAVKA,ID_ZBOZI) values ('28','53','119');
Insert into OBJEDNAVKA_ZBOZI (POCET,ID_OBJEDNAVKA,ID_ZBOZI) values ('13','53','167');
Insert into OBJEDNAVKA_ZBOZI (POCET,ID_OBJEDNAVKA,ID_ZBOZI) values ('3','54','101');
Insert into OBJEDNAVKA_ZBOZI (POCET,ID_OBJEDNAVKA,ID_ZBOZI) values ('2','54','34');
Insert into OBJEDNAVKA_ZBOZI (POCET,ID_OBJEDNAVKA,ID_ZBOZI) values ('4','55','22');
Insert into OBJEDNAVKA_ZBOZI (POCET,ID_OBJEDNAVKA,ID_ZBOZI) values ('1','55','150');
Insert into OBJEDNAVKA_ZBOZI (POCET,ID_OBJEDNAVKA,ID_ZBOZI) values ('5','55','89');
Insert into OBJEDNAVKA_ZBOZI (POCET,ID_OBJEDNAVKA,ID_ZBOZI) values ('31','56','71');
Insert into OBJEDNAVKA_ZBOZI (POCET,ID_OBJEDNAVKA,ID_ZBOZI) values ('45','56','128');
Insert into OBJEDNAVKA_ZBOZI (POCET,ID_OBJEDNAVKA,ID_ZBOZI) values ('2','57','44');
Insert into OBJEDNAVKA_ZBOZI (POCET,ID_OBJEDNAVKA,ID_ZBOZI) values ('3','57','109');
Insert into OBJEDNAVKA_ZBOZI (POCET,ID_OBJEDNAVKA,ID_ZBOZI) values ('1','58','18');
Insert into OBJEDNAVKA_ZBOZI (POCET,ID_OBJEDNAVKA,ID_ZBOZI) values ('4','58','83');
Insert into OBJEDNAVKA_ZBOZI (POCET,ID_OBJEDNAVKA,ID_ZBOZI) values ('26','59','29');
Insert into OBJEDNAVKA_ZBOZI (POCET,ID_OBJEDNAVKA,ID_ZBOZI) values ('19','59','101');
Insert into OBJEDNAVKA_ZBOZI (POCET,ID_OBJEDNAVKA,ID_ZBOZI) values ('14','59','146');
Insert into OBJEDNAVKA_ZBOZI (POCET,ID_OBJEDNAVKA,ID_ZBOZI) values ('5','60','53');
Insert into OBJEDNAVKA_ZBOZI (POCET,ID_OBJEDNAVKA,ID_ZBOZI) values ('1','60','130');
Insert into OBJEDNAVKA_ZBOZI (POCET,ID_OBJEDNAVKA,ID_ZBOZI) values ('3','86','157');
Insert into OBJEDNAVKA_ZBOZI (POCET,ID_OBJEDNAVKA,ID_ZBOZI) values ('3','86','167');
Insert into OBJEDNAVKA_ZBOZI (POCET,ID_OBJEDNAVKA,ID_ZBOZI) values ('1','77','167');
Insert into OBJEDNAVKA_ZBOZI (POCET,ID_OBJEDNAVKA,ID_ZBOZI) values ('2','78','39');
Insert into OBJEDNAVKA_ZBOZI (POCET,ID_OBJEDNAVKA,ID_ZBOZI) values ('2','78','40');
Insert into OBJEDNAVKA_ZBOZI (POCET,ID_OBJEDNAVKA,ID_ZBOZI) values ('5','82','157');
Insert into OBJEDNAVKA_ZBOZI (POCET,ID_OBJEDNAVKA,ID_ZBOZI) values ('3','85','157');
Insert into OBJEDNAVKA_ZBOZI (POCET,ID_OBJEDNAVKA,ID_ZBOZI) values ('3','83','157');
REM INSERTING into PLATBA
SET DEFINE OFF;
Insert into PLATBA (ID_PLATBA,CASTKA,DATUM,ID_OBJEDNAVKA,PLATBATYP) values ('4','319,6',to_date('05.12.25','DD.MM.RR'),'76','H ');
Insert into PLATBA (ID_PLATBA,CASTKA,DATUM,ID_OBJEDNAVKA,PLATBATYP) values ('16','38,7',to_date('06.12.25','DD.MM.RR'),'88','H ');
Insert into PLATBA (ID_PLATBA,CASTKA,DATUM,ID_OBJEDNAVKA,PLATBATYP) values ('14','479,4',to_date('05.12.25','DD.MM.RR'),'86','H ');
Insert into PLATBA (ID_PLATBA,CASTKA,DATUM,ID_OBJEDNAVKA,PLATBATYP) values ('15','239,7',to_date('06.12.25','DD.MM.RR'),'87','H ');
Insert into PLATBA (ID_PLATBA,CASTKA,DATUM,ID_OBJEDNAVKA,PLATBATYP) values ('5','79,9',to_date('05.12.25','DD.MM.RR'),'77','K ');
Insert into PLATBA (ID_PLATBA,CASTKA,DATUM,ID_OBJEDNAVKA,PLATBATYP) values ('6','119,6',to_date('05.12.25','DD.MM.RR'),'78','H ');
Insert into PLATBA (ID_PLATBA,CASTKA,DATUM,ID_OBJEDNAVKA,PLATBATYP) values ('10','399,5',to_date('05.12.25','DD.MM.RR'),'82','H ');
Insert into PLATBA (ID_PLATBA,CASTKA,DATUM,ID_OBJEDNAVKA,PLATBATYP) values ('13','239,7',to_date('05.12.25','DD.MM.RR'),'85','H ');
Insert into PLATBA (ID_PLATBA,CASTKA,DATUM,ID_OBJEDNAVKA,PLATBATYP) values ('3','123,45',to_date('05.12.25','DD.MM.RR'),'10','H ');
Insert into PLATBA (ID_PLATBA,CASTKA,DATUM,ID_OBJEDNAVKA,PLATBATYP) values ('11','239,7',to_date('05.12.25','DD.MM.RR'),'83','K ');
REM INSERTING into PRAVO
SET DEFINE OFF;
Insert into PRAVO (ID_PRAVO,NAZEV,KOD) values ('1','Prehled zboží','VIEW_PRODUCTS');
Insert into PRAVO (ID_PRAVO,NAZEV,KOD) values ('2','Úprava zboží','EDIT_PRODUCTS');
Insert into PRAVO (ID_PRAVO,NAZEV,KOD) values ('3','Zobrazení objednávek','VIEW_ORDERS');
Insert into PRAVO (ID_PRAVO,NAZEV,KOD) values ('4','Úprava objednávek','EDIT_ORDERS');
Insert into PRAVO (ID_PRAVO,NAZEV,KOD) values ('5','Vytvoření objednávky','CREATE_ORDERS');
Insert into PRAVO (ID_PRAVO,NAZEV,KOD) values ('6','Zobrazení skladů','VIEW_WAREHOUSE');
Insert into PRAVO (ID_PRAVO,NAZEV,KOD) values ('7','Zobrazení archivu','VIEW_ARCHIVE');
Insert into PRAVO (ID_PRAVO,NAZEV,KOD) values ('8','Správa uživatelů','MANAGE_USERS');
Insert into PRAVO (ID_PRAVO,NAZEV,KOD) values ('9','Výpis DB objektů','VIEW_DB_OBJECTS');
Insert into PRAVO (ID_PRAVO,NAZEV,KOD) values ('10','Plná administrace','FULL_ADMIN');
REM INSERTING into SKLAD
SET DEFINE OFF;
Insert into SKLAD (ID_SKLAD,NAZEV,KAPACITA,TELEFONNICISLO,ID_SUPERMARKET) values ('1','Sklad Praha Centrum - Hala A','10000','+420221900101','1');
Insert into SKLAD (ID_SKLAD,NAZEV,KAPACITA,TELEFONNICISLO,ID_SUPERMARKET) values ('2','Sklad Praha Centrum - Hala B','10000','+420221900102','1');
Insert into SKLAD (ID_SKLAD,NAZEV,KAPACITA,TELEFONNICISLO,ID_SUPERMARKET) values ('3','Sklad Folimanka - Polabiny','10000','+420466777201','2');
Insert into SKLAD (ID_SKLAD,NAZEV,KAPACITA,TELEFONNICISLO,ID_SUPERMARKET) values ('4','Sklad Folimanka - Rezerva','10000','+420466777202','2');
Insert into SKLAD (ID_SKLAD,NAZEV,KAPACITA,TELEFONNICISLO,ID_SUPERMARKET) values ('5','Sklad Zahrada - Sever','10000','+420389501301','3');
Insert into SKLAD (ID_SKLAD,NAZEV,KAPACITA,TELEFONNICISLO,ID_SUPERMARKET) values ('6','Sklad Zahrada - Jih','10000','+420389501302','3');
Insert into SKLAD (ID_SKLAD,NAZEV,KAPACITA,TELEFONNICISLO,ID_SUPERMARKET) values ('7','Sklad Jeremenkova - Central','10000','+420377445401','4');
Insert into SKLAD (ID_SKLAD,NAZEV,KAPACITA,TELEFONNICISLO,ID_SUPERMARKET) values ('8','Sklad Jeremenkova - Bory','10000','+420377445402','4');
Insert into SKLAD (ID_SKLAD,NAZEV,KAPACITA,TELEFONNICISLO,ID_SUPERMARKET) values ('9','Sklad Tusarova - Liberec','10000','+420485123501','5');
Insert into SKLAD (ID_SKLAD,NAZEV,KAPACITA,TELEFONNICISLO,ID_SUPERMARKET) values ('10','Sklad Tusarova - Svermova','10000','+420485123502','5');
REM INSERTING into SKLAD_CAPACITY_TMP
SET DEFINE OFF;
REM INSERTING into SOUBOR
SET DEFINE OFF;
Insert into SOUBOR (ID_SOUBOR,NAZEV,TYP,PRIPONA,DATUMNAHRANI,DATUMMODIFIKACE,ID_UZIVATELU,ID_ARCHIV) values ('8','anime-style-mythical-dragon-creature','image/jpeg','jpg',to_date('30.11.25','DD.MM.RR'),to_date('30.11.25','DD.MM.RR'),'82','3');
Insert into SOUBOR (ID_SOUBOR,NAZEV,TYP,PRIPONA,DATUMNAHRANI,DATUMMODIFIKACE,ID_UZIVATELU,ID_ARCHIV) values ('7','%D0%A1%D0%BD%D0%B8%D0%BC%D0%BE%D0%BA%20%D1%8D%D0%BA%D1%80%D0%B0%D0%BD%D0%B0%202025-11-08%20%D0%B2%2023.04.04','image/png','png',to_date('30.11.25','DD.MM.RR'),to_date('30.11.25','DD.MM.RR'),'82','3');
REM INSERTING into STATUS
SET DEFINE OFF;
Insert into STATUS (ID_STATUS,NAZEV) values ('1','Vytvorena');
Insert into STATUS (ID_STATUS,NAZEV) values ('2','Potvrzena');
Insert into STATUS (ID_STATUS,NAZEV) values ('3','Pripravuje se');
Insert into STATUS (ID_STATUS,NAZEV) values ('4','Odeslana');
Insert into STATUS (ID_STATUS,NAZEV) values ('5','Dokoncena');
Insert into STATUS (ID_STATUS,NAZEV) values ('6','Zrusena');
REM INSERTING into SUPERMARKET
SET DEFINE OFF;
Insert into SUPERMARKET (ID_SUPERMARKET,NAZEV,TELEFON,EMAIL,ID_ADRESA) values ('1','Supermarket Praha Centrum','720111111','praha.centrum@shop.cz','86');
Insert into SUPERMARKET (ID_SUPERMARKET,NAZEV,TELEFON,EMAIL,ID_ADRESA) values ('2','Supermarket Praha Folimanka','720222222','praha.folimanka@shop.cz','87');
Insert into SUPERMARKET (ID_SUPERMARKET,NAZEV,TELEFON,EMAIL,ID_ADRESA) values ('3','Supermarket Praha Zahrada','720333333','praha.zahrada@shop.cz','88');
Insert into SUPERMARKET (ID_SUPERMARKET,NAZEV,TELEFON,EMAIL,ID_ADRESA) values ('4','Supermarket Praha Jeremenkova','720444444','praha.jeremenkova@shop.cz','89');
Insert into SUPERMARKET (ID_SUPERMARKET,NAZEV,TELEFON,EMAIL,ID_ADRESA) values ('5','Supermarket Praha Tusarova','720555555','praha.tusarova@shop.cz','90');
REM INSERTING into UZIVATEL
SET DEFINE OFF;
Insert into UZIVATEL (ID_UZIVATEL,JMENO,PRIJMENI,EMAIL,HESLO,TELEFONNICISLO,ID_ADRESA,ID_ROLE) values ('82','Karel','Balez','balez@example.com','$2a$10$j1057CO.NRJm200dnsL3IeCdw8Gap1pf3JaKIcJl07HLdYR9GfOcS','420705991','101','6');
Insert into UZIVATEL (ID_UZIVATEL,JMENO,PRIJMENI,EMAIL,HESLO,TELEFONNICISLO,ID_ADRESA,ID_ROLE) values ('43','Pavel','Jurik','pavel.jurik@customers.cz','$2a$10$w1TiQtwDLEAXsbvaFSY.gueryTlH7FRS/EW213nEW3Lv6HYu3Fp8m','724222333','30','7');
Insert into UZIVATEL (ID_UZIVATEL,JMENO,PRIJMENI,EMAIL,HESLO,TELEFONNICISLO,ID_ADRESA,ID_ROLE) values ('46','Milan','Chladek','milan.chladek@customers.cz','$2a$10$pBIL7Ed/cJUX3Xdtl8Nlu.6JvXjavIDD/Ka/JG08gpC/Sb7kWc0Zm','724555666','34','3');
Insert into UZIVATEL (ID_UZIVATEL,JMENO,PRIJMENI,EMAIL,HESLO,TELEFONNICISLO,ID_ADRESA,ID_ROLE) values ('48','Leo','Klement','leo.klement@customers.cz','$2a$10$8j45kvMRhvoDl8EChx6qyuj.9gQDMMLMb8K6LqDz3v0JJTylvJaJS','725222333','37','6');
Insert into UZIVATEL (ID_UZIVATEL,JMENO,PRIJMENI,EMAIL,HESLO,TELEFONNICISLO,ID_ADRESA,ID_ROLE) values ('50','Igor','Sladky','igor.sladky@customers.cz','$2a$10$4EvigC8fysbjxPougqMqyewcPsoWMQcfyCgpKAQp7DMxpFeHiEkYe','725444555','39','3');
Insert into UZIVATEL (ID_UZIVATEL,JMENO,PRIJMENI,EMAIL,HESLO,TELEFONNICISLO,ID_ADRESA,ID_ROLE) values ('52','Jan','Prokop','jan.prokop@management.cz','$2a$10$QYOJ.P7EwKHMFc7BR1F53.rDdbGnCGHgjn.IdfnbI.2Ea5RbJtQb6','730111222','42','3');
Insert into UZIVATEL (ID_UZIVATEL,JMENO,PRIJMENI,EMAIL,HESLO,TELEFONNICISLO,ID_ADRESA,ID_ROLE) values ('55','Lukas','Bohac','lukas.bohac@management.cz','$2a$10$Ixir5Ra38fu/LoyBCHHF9urhJBB.Dy38Zr0jf.BOXEcImrOboNaVu','730444555','47','4');
Insert into UZIVATEL (ID_UZIVATEL,JMENO,PRIJMENI,EMAIL,HESLO,TELEFONNICISLO,ID_ADRESA,ID_ROLE) values ('57','David','Moravec','david.moravec@management.cz','$2a$10$/eFv55NLWTxrk0cNHceLVezN/eUh.pC.JKlWfG4Qbr86CbWo8jQWC','731111222','50','4');
Insert into UZIVATEL (ID_UZIVATEL,JMENO,PRIJMENI,EMAIL,HESLO,TELEFONNICISLO,ID_ADRESA,ID_ROLE) values ('59','Roman','Machacek','roman.machacek@management.cz','$2a$10$Hqq3WMpl759aFh76Sz6R7.4Zi5rkd3tuk1BAYdkh/9wr48EMsDeCi','731333444','55','4');
Insert into UZIVATEL (ID_UZIVATEL,JMENO,PRIJMENI,EMAIL,HESLO,TELEFONNICISLO,ID_ADRESA,ID_ROLE) values ('62','Michal','Kralik','michal.kralik@analytics.cz','$2a$10$gF8OyesmA4XWJrs3e1utXOIHusjFC/0I60ijEqvxESXTSVKtSBeVq','732111222','61','5');
Insert into UZIVATEL (ID_UZIVATEL,JMENO,PRIJMENI,EMAIL,HESLO,TELEFONNICISLO,ID_ADRESA,ID_ROLE) values ('64','Adam','Studeny','adam.studeny@analytics.cz','$2a$10$TVWcOcUerTbm2.F.kWNpXOYxvzgvaPxcz7aMn3z1I8nPMo3PEqi/O','732333444','63','5');
Insert into UZIVATEL (ID_UZIVATEL,JMENO,PRIJMENI,EMAIL,HESLO,TELEFONNICISLO,ID_ADRESA,ID_ROLE) values ('67','Igor','Novotny','igor.novotny@analytics.cz','$2a$10$CR22cJhYVj4i5HLBJ4INH.Hb06cZ2gM1lvB5h1VIR7wJ3QYOurANy','733111222','67','5');
Insert into UZIVATEL (ID_UZIVATEL,JMENO,PRIJMENI,EMAIL,HESLO,TELEFONNICISLO,ID_ADRESA,ID_ROLE) values ('69','Tomas','Pavlicek','tomas.pavlicek@analytics.cz','$2a$10$TLgbuEbTEgBsmGRi3XxBwu.Cg983poHg7tCwuW0N6ncntU6ZeTNxy','733333444','70','5');
Insert into UZIVATEL (ID_UZIVATEL,JMENO,PRIJMENI,EMAIL,HESLO,TELEFONNICISLO,ID_ADRESA,ID_ROLE) values ('71','Dominik','Slavik','dominik.slavik@analytics.cz','$2a$10$5dWInPzMAofAbDH0nH4vie8B9Q5Th8slLZ37lHEnmkusEtHA82WJy','733555666','74','5');
Insert into UZIVATEL (ID_UZIVATEL,JMENO,PRIJMENI,EMAIL,HESLO,TELEFONNICISLO,ID_ADRESA,ID_ROLE) values ('74','Jana','Sedlackova','jana.sedlackova@supervision.cz','$2a$10$gC7s269P32iunyqlQxPepOrNYRdEjUbg1nn01GjX1VTCfGrOWY3Hy','734333444','77','6');
Insert into UZIVATEL (ID_UZIVATEL,JMENO,PRIJMENI,EMAIL,HESLO,TELEFONNICISLO,ID_ADRESA,ID_ROLE) values ('76','Monika','Reznikova','monika.reznikova@supervision.cz','$2a$10$q7zXKXsrnakLb3GlDw027.KeK9BRr2QsgbLXzgZU3jAUYt5GkoYg.','734555666','79','6');
Insert into UZIVATEL (ID_UZIVATEL,JMENO,PRIJMENI,EMAIL,HESLO,TELEFONNICISLO,ID_ADRESA,ID_ROLE) values ('79','Veronika','Ulrichova','veronika.ulrichova@supervision.cz','$2a$10$I8qAP1fi9j0RN6/.OpQzIeEXAuRWlimGBRTrtnojC2vQf2yNDeaYW','735333444','83','6');
Insert into UZIVATEL (ID_UZIVATEL,JMENO,PRIJMENI,EMAIL,HESLO,TELEFONNICISLO,ID_ADRESA,ID_ROLE) values ('90','Artur','Pirozkov','artur.pirozkov@zakaznik.cz','$2a$10$E4izRZxBygdA1o3i/6olruL3G8PzL2oI5gZqG6t38.TIb9DvbhNbm','705998254',null,'7');
Insert into UZIVATEL (ID_UZIVATEL,JMENO,PRIJMENI,EMAIL,HESLO,TELEFONNICISLO,ID_ADRESA,ID_ROLE) values ('91','Artur','Pirozkov','lada@zakaznik.cz','$2a$10$Tg/m9xqrnxLdW6HK2cQel.Wm/IHwrULTcalkZKxPtAT91/LVglWnq','708543254',null,'7');
Insert into UZIVATEL (ID_UZIVATEL,JMENO,PRIJMENI,EMAIL,HESLO,TELEFONNICISLO,ID_ADRESA,ID_ROLE) values ('88','kimi','kirik','kimi@example.com','$2a$10$PLDVjWPl1lSwPsHxqS5.kuxJXuGc14TDgVxzfNbLGZgem.2XhhkbO','+420705991167',null,'7');
Insert into UZIVATEL (ID_UZIVATEL,JMENO,PRIJMENI,EMAIL,HESLO,TELEFONNICISLO,ID_ADRESA,ID_ROLE) values ('1','David','Prochazka','david.prochazka@admin.cz','$2a$10$rz3Z0FUNnM1VzgQ5HOQY3elIVPcUvwd0KoKqJ2GLt4XPYyu29M0ly','701123456','1','1');
Insert into UZIVATEL (ID_UZIVATEL,JMENO,PRIJMENI,EMAIL,HESLO,TELEFONNICISLO,ID_ADRESA,ID_ROLE) values ('2','Jan','Novak','jan.novak@suppliers.cz','$2a$10$kkSUUG0VbmbGMgijA.l3f.M5d6tGqjmi1u0b2gb5QXYSlgVxDLipm','702111222','5','3');
Insert into UZIVATEL (ID_UZIVATEL,JMENO,PRIJMENI,EMAIL,HESLO,TELEFONNICISLO,ID_ADRESA,ID_ROLE) values ('3','Petr','Svoboda','petr.svoboda@suppliers.cz','$2a$10$nU3Z/4YcYgHCbWoOczQufeGg.iEykchUC36wdoHFo3WYgxCWB.yRS','702333444','7','2');
Insert into UZIVATEL (ID_UZIVATEL,JMENO,PRIJMENI,EMAIL,HESLO,TELEFONNICISLO,ID_ADRESA,ID_ROLE) values ('4','Martin','Dolezal','martin.dolezal@suppliers.cz','$2a$10$GAgI/oEv93FPOTMByUk/vuBypjyYNRNUDJ3lneSjszHTLqWn1Ojpm','703555666','12','2');
Insert into UZIVATEL (ID_UZIVATEL,JMENO,PRIJMENI,EMAIL,HESLO,TELEFONNICISLO,ID_ADRESA,ID_ROLE) values ('5','Lukas','Krivda','lukas.krivda@suppliers.cz','$2a$10$pDoCqLVL.I6pniYZTFcDH.JAqCPBsYVosI7k9DpIMOAz2/vxDFOYq','704101010','18','2');
Insert into UZIVATEL (ID_UZIVATEL,JMENO,PRIJMENI,EMAIL,HESLO,TELEFONNICISLO,ID_ADRESA,ID_ROLE) values ('6','Adam','Benes','adam.benes@suppliers.cz','$2a$10$0HzYa69ulEMvhW0LhOt7zuJj4PlPEEovcb63IhMxqDlDIIklv621u','704999888','22','2');
Insert into UZIVATEL (ID_UZIVATEL,JMENO,PRIJMENI,EMAIL,HESLO,TELEFONNICISLO,ID_ADRESA,ID_ROLE) values ('7','Tomas','Holik','tomas.holik@suppliers.cz','$2a$10$m8ILK0EIHE3QRyxz.7nUn.rAZ0Q.sMiOPvtw6MCRKVLSdUHcVSnp6','705222333','27','2');
Insert into UZIVATEL (ID_UZIVATEL,JMENO,PRIJMENI,EMAIL,HESLO,TELEFONNICISLO,ID_ADRESA,ID_ROLE) values ('8','Viktor','Kovar','viktor.kovar@suppliers.cz','$2a$10$SWAl9eT3CcbR.2qfVzJvY.hX589lSzx.r9pogGWPzHy0yDuTkE8ze','705444555','31','2');
Insert into UZIVATEL (ID_UZIVATEL,JMENO,PRIJMENI,EMAIL,HESLO,TELEFONNICISLO,ID_ADRESA,ID_ROLE) values ('9','Jaroslav','Rada','jaroslav.rada@suppliers.cz','$2a$10$rn6yPhCBWZlYFCm5gD7iZOTGBTZzctxoqx4hgkRRt/V6jEPpANbPu','706121212','36','6');
Insert into UZIVATEL (ID_UZIVATEL,JMENO,PRIJMENI,EMAIL,HESLO,TELEFONNICISLO,ID_ADRESA,ID_ROLE) values ('10','Michal','Simek','michal.simek@suppliers.cz','$2a$10$KDkRoLC21p20VcfRrmeUcuGtUX/OiIHRWzy.vh45tBR9PZiNNBgLi','706454545','41','2');
Insert into UZIVATEL (ID_UZIVATEL,JMENO,PRIJMENI,EMAIL,HESLO,TELEFONNICISLO,ID_ADRESA,ID_ROLE) values ('11','Karel','Zima','karel.zima@suppliers.cz','$2a$10$mVPqVAhh163qWBtM.GzQ8OkBPOjmUeXiDL4umYXRkb8VGfMp9KNyy','706787878','44','2');
Insert into UZIVATEL (ID_UZIVATEL,JMENO,PRIJMENI,EMAIL,HESLO,TELEFONNICISLO,ID_ADRESA,ID_ROLE) values ('12','Radek','Pokorny','radek.pokorny@suppliers.cz','$2a$10$pK4exwqqTPcq.hk8Psrd4OHOiyhcuEj7jej2EG4XXUkQ90027qsbS','707333222','49','2');
Insert into UZIVATEL (ID_UZIVATEL,JMENO,PRIJMENI,EMAIL,HESLO,TELEFONNICISLO,ID_ADRESA,ID_ROLE) values ('13','Dominik','Barta','dominik.barta@suppliers.cz','$2a$10$wHKWBmSpHS7.XeyVfaBSY.e0lKNYGtY2PORbQ0xh4L4SnwA7qbZZe','70755544','52','6');
Insert into UZIVATEL (ID_UZIVATEL,JMENO,PRIJMENI,EMAIL,HESLO,TELEFONNICISLO,ID_ADRESA,ID_ROLE) values ('14','Roman','Trnka','roman.trnka@suppliers.cz','$2a$10$Q8W9dU4y1nlRXL9IM9j8ZOTmX1fWggJCB7QRJvhxD/CoEtP0./hGK','708101099','57','2');
Insert into UZIVATEL (ID_UZIVATEL,JMENO,PRIJMENI,EMAIL,HESLO,TELEFONNICISLO,ID_ADRESA,ID_ROLE) values ('15','Daniel','Kubicek','daniel.kubicek@suppliers.cz','$2a$10$pa9y5bUn9HIaojcqVjqjpOI.iPj2FRUzIbwcSaJmxWGN.ifLV4jTu','708202233','60','2');
Insert into UZIVATEL (ID_UZIVATEL,JMENO,PRIJMENI,EMAIL,HESLO,TELEFONNICISLO,ID_ADRESA,ID_ROLE) values ('16','Jiri','Houska','jiri.houska@suppliers.cz','$2a$10$UJ2Y1ikBqQ6YmBCfkz4FQunW68gMD9NlZBDGqOQRm1sxZINjdmmqu','708858585','63','3');
Insert into UZIVATEL (ID_UZIVATEL,JMENO,PRIJMENI,EMAIL,HESLO,TELEFONNICISLO,ID_ADRESA,ID_ROLE) values ('17','Libor','Kostal','libor.kostal@suppliers.cz','$2a$10$ezL8GIzDoZ.pHvOk9JCb9eS682XP.9GBLiqeaDiMIkfZLfAfx0JLu','709444222','68','2');
Insert into UZIVATEL (ID_UZIVATEL,JMENO,PRIJMENI,EMAIL,HESLO,TELEFONNICISLO,ID_ADRESA,ID_ROLE) values ('18','Marek','Suchy','marek.suchy@suppliers.cz','$2a$10$uKi34d2H2Yd6.WipcU..2eTsTZwuPVdKdhpq2iDwsPrH8m.IT4biG','709666333','73','2');
Insert into UZIVATEL (ID_UZIVATEL,JMENO,PRIJMENI,EMAIL,HESLO,TELEFONNICISLO,ID_ADRESA,ID_ROLE) values ('19','Ondrej','Racek','ondrej.racek@suppliers.cz','$2a$10$KmTO48RCkEUuJ5hT7OuB2uCj53ZfZMMM76Cj2jLq/8QBNQrKQHI5.','709787878','81','2');
Insert into UZIVATEL (ID_UZIVATEL,JMENO,PRIJMENI,EMAIL,HESLO,TELEFONNICISLO,ID_ADRESA,ID_ROLE) values ('22','Petr','Kral','petr.kral@customers.cz','$2a$10$uPOZYflNhl7kz5tWSFLy7.ZQexbyuAg114jzso4adp.032VInZMZG','720111222','2','3');
Insert into UZIVATEL (ID_UZIVATEL,JMENO,PRIJMENI,EMAIL,HESLO,TELEFONNICISLO,ID_ADRESA,ID_ROLE) values ('23','Marek','Horak','marek.horak@customers.cz','$2a$10$eOhtLQ0dRz0KALx.VWCunOmsgw0.sDK.7XMwiESW4SwFn1ec3zugW','720222333','3','3');
Insert into UZIVATEL (ID_UZIVATEL,JMENO,PRIJMENI,EMAIL,HESLO,TELEFONNICISLO,ID_ADRESA,ID_ROLE) values ('24','Ondrej','Kalina','ondrej.kalina@customers.cz','$2a$10$2OvaSuvEA0fYdT2fETpqjObsuMC.eB2ZzUecDy72Eg5bf6ULiU4MG','720333444','4','3');
Insert into UZIVATEL (ID_UZIVATEL,JMENO,PRIJMENI,EMAIL,HESLO,TELEFONNICISLO,ID_ADRESA,ID_ROLE) values ('25','Tomas','Vecera','tomas.vecera@customers.cz','$2a$10$HQCygRyFnfMlZrtJXornmuYEqur9Ns9ThNihDr.HtfmNE16xgxWJG','720444555','6','3');
Insert into UZIVATEL (ID_UZIVATEL,JMENO,PRIJMENI,EMAIL,HESLO,TELEFONNICISLO,ID_ADRESA,ID_ROLE) values ('26','Lukas','Pavelka','lukas.pavelka@customers.cz','$2a$10$XETWtEXWm9k.VqRTB1vl8Oj/5Vt5iNW5p91aZ8Xxmw6Y7PGHuU9JO','720555666','8','3');
Insert into UZIVATEL (ID_UZIVATEL,JMENO,PRIJMENI,EMAIL,HESLO,TELEFONNICISLO,ID_ADRESA,ID_ROLE) values ('27','Jan','Herda','jan.herda@customers.cz','$2a$10$VTeWARxVidBf.69OfBLzgOLkyI.epAoJI4.lGV/b/VD18CKfQiJGa','721111222','9','4');
Insert into UZIVATEL (ID_UZIVATEL,JMENO,PRIJMENI,EMAIL,HESLO,TELEFONNICISLO,ID_ADRESA,ID_ROLE) values ('28','Daniel','Slama','daniel.slama@customers.cz','$2a$10$TLMjFe6w3XJmdnYlFoCgX.lGrmN2MycNWSSAHDBWeViQkewf.k0oK','721222333','10','3');
Insert into UZIVATEL (ID_UZIVATEL,JMENO,PRIJMENI,EMAIL,HESLO,TELEFONNICISLO,ID_ADRESA,ID_ROLE) values ('29','Adam','Richter','adam.richter@customers.cz','$2a$10$NGYLbW/Ib5uID8OExVlLPuBL7z4T6Te4UGez6xbxJAgU/qBsTywTK','721333444','11','4');
Insert into UZIVATEL (ID_UZIVATEL,JMENO,PRIJMENI,EMAIL,HESLO,TELEFONNICISLO,ID_ADRESA,ID_ROLE) values ('30','Jiri','Kopecky','jiri.kopecky@customers.cz','$2a$10$yo2c2J3ZBl4iRS0luMVuoOWxWgQx6azICTnHwAXaM0Uq3xx0EYu7u','721444555','13','6');
Insert into UZIVATEL (ID_UZIVATEL,JMENO,PRIJMENI,EMAIL,HESLO,TELEFONNICISLO,ID_ADRESA,ID_ROLE) values ('31','David','Toth','david.toth@customers.cz','$2a$10$c2jkihv6V2YHZPymUNEg8e0ZjSXkP9egTBxT0vJc8QmAHMlrVFNli','721555666','14','3');
Insert into UZIVATEL (ID_UZIVATEL,JMENO,PRIJMENI,EMAIL,HESLO,TELEFONNICISLO,ID_ADRESA,ID_ROLE) values ('32','Michal','Valek','michal.valek@customers.cz','$2a$10$JbVVyATW4BK1xB9IglrCm.79zpeQeLccloNQecfxKN2INBwzpeGWa','722111222','15','3');
Insert into UZIVATEL (ID_UZIVATEL,JMENO,PRIJMENI,EMAIL,HESLO,TELEFONNICISLO,ID_ADRESA,ID_ROLE) values ('33','Radek','Janda','radek.janda@customers.cz','$2a$10$DCZ4KxcRKMhhL6cGHeThsOMnfqhQr.Uqy2lgosvT1mySm2x3mLYEW','722222333','16','3');
Insert into UZIVATEL (ID_UZIVATEL,JMENO,PRIJMENI,EMAIL,HESLO,TELEFONNICISLO,ID_ADRESA,ID_ROLE) values ('34','Jaroslav','Blazek','jaroslav.blazek@customers.cz','$2a$10$7A8VYwdSu.emFzWkxfX.We/2GnzSydmglbgQdvw6LLo58Z0mVqIwi','722333444','17','3');
Insert into UZIVATEL (ID_UZIVATEL,JMENO,PRIJMENI,EMAIL,HESLO,TELEFONNICISLO,ID_ADRESA,ID_ROLE) values ('35','Filip','Lanik','filip.lanik@customers.cz','$2a$10$Y3QthkmyBBETsVyyxoTag.GtA1y0fVUBojVXws9wPVuq070lsEToW','722444555','19','3');
Insert into UZIVATEL (ID_UZIVATEL,JMENO,PRIJMENI,EMAIL,HESLO,TELEFONNICISLO,ID_ADRESA,ID_ROLE) values ('36','Roman','Stehlik','roman.stehlik@customers.cz','$2a$10$4eMfNzeze2PBR1Adj5Zk4eOL3uwD4b78mVXl4Jx5bTjNQHkXoyXbi','722555666','20','3');
Insert into UZIVATEL (ID_UZIVATEL,JMENO,PRIJMENI,EMAIL,HESLO,TELEFONNICISLO,ID_ADRESA,ID_ROLE) values ('37','Patrik','Navratil','patrik.navratil@customers.cz','$2a$10$bW2LqP8TMEekyk/rwZjRFeqhjn6SkJNoNbxUVQqUb2kCWrd7DbK2G','723111222','23','3');
Insert into UZIVATEL (ID_UZIVATEL,JMENO,PRIJMENI,EMAIL,HESLO,TELEFONNICISLO,ID_ADRESA,ID_ROLE) values ('38','Kamil','Sykora','kamil.sykora@customers.cz','$2a$10$2I/p3WZ25zKsptfz4t2o1ujOmo.21ej9FDrwdbpJlx/Wh9nrqxPdS','723222333','24','3');
Insert into UZIVATEL (ID_UZIVATEL,JMENO,PRIJMENI,EMAIL,HESLO,TELEFONNICISLO,ID_ADRESA,ID_ROLE) values ('39','Dominik','Krupa','dominik.krupa@customers.cz','$2a$10$FeY4qSAPwtvsBLMAFGxBSOSLlDxMtOD0ZCMResgr5QUD4eGjqwG/W','723333444','25','3');
Insert into UZIVATEL (ID_UZIVATEL,JMENO,PRIJMENI,EMAIL,HESLO,TELEFONNICISLO,ID_ADRESA,ID_ROLE) values ('40','Rene','Sedlak','rene.sedlak@customers.cz','$2a$10$JOmHdyXN7iDVdWVzyv3gUeqkNRvsZ/8PN5VFp8btJFVTzn.euqTW2','723444555','26','3');
Insert into UZIVATEL (ID_UZIVATEL,JMENO,PRIJMENI,EMAIL,HESLO,TELEFONNICISLO,ID_ADRESA,ID_ROLE) values ('41','Anna','Shabossova','shabossova@admin.cz','$2a$10$hQ4nsqcEgWPlg0iQnOnDqOJE/5uMQ3uw91EydGlDZm37s05FdHC7.','723555666','28','1');
Insert into UZIVATEL (ID_UZIVATEL,JMENO,PRIJMENI,EMAIL,HESLO,TELEFONNICISLO,ID_ADRESA,ID_ROLE) values ('42','Matej','Stary','matej.stary@customers.cz','$2a$10$NxOLM/LGz1sgJltyCYls1eLC7LZy6BRTGz3doQkbIPx4VM6BrL4ES','724111222','29','3');
Insert into UZIVATEL (ID_UZIVATEL,JMENO,PRIJMENI,EMAIL,HESLO,TELEFONNICISLO,ID_ADRESA,ID_ROLE) values ('44','Robert','Dolansky','robert.dolansky@customers.cz','$2a$10$in0EgeXaO00wJqiH1pi9POJNChP.iMufBMEgGbAOALSzSjxVOlTVG','724333444','32','3');
Insert into UZIVATEL (ID_UZIVATEL,JMENO,PRIJMENI,EMAIL,HESLO,TELEFONNICISLO,ID_ADRESA,ID_ROLE) values ('45','Vojtech','Zabka','vojtech.zabka@customers.cz','$2a$10$ai.vGPxzLxIg.MhSjwO0l.F1Ne5LqmGCxgDEUO21.ZjFbarrrs0yW','724444555','33','3');
Insert into UZIVATEL (ID_UZIVATEL,JMENO,PRIJMENI,EMAIL,HESLO,TELEFONNICISLO,ID_ADRESA,ID_ROLE) values ('47','Stanislav','Prokop','stanislav.prokop@customers.cz','$2a$10$5mwpbmbC7mjz4BD3EnTQmOi/FpGHpX9zxgIzdWdIhFG.IeJXEEkE2','725111222','35','3');
Insert into UZIVATEL (ID_UZIVATEL,JMENO,PRIJMENI,EMAIL,HESLO,TELEFONNICISLO,ID_ADRESA,ID_ROLE) values ('49','Erik','Cerny','erik.cerny@customers.cz','$2a$10$8b2lBQFmNy4W0RjlUKdBj.DgTzGwGJDP26uusSIEsmxmQyXtQYVuq','725333444','38','3');
Insert into UZIVATEL (ID_UZIVATEL,JMENO,PRIJMENI,EMAIL,HESLO,TELEFONNICISLO,ID_ADRESA,ID_ROLE) values ('51','Alan','Bartunek','alan.bartunek@customers.cz','$2a$10$YOWmPT.KqL0rHJjTOPh6j.KCKkk7VY8lwYOFjNR29MipilkUT7n9W','725555666','40','3');
Insert into UZIVATEL (ID_UZIVATEL,JMENO,PRIJMENI,EMAIL,HESLO,TELEFONNICISLO,ID_ADRESA,ID_ROLE) values ('53','Tomas','Vesely','tomas.vesely@management.cz','$2a$10$MnhdyObQYD54CEEO.GZwvOMIeuELxSt/QePuPEtz/NxNPGeSzoRjG','730222333','44','4');
Insert into UZIVATEL (ID_UZIVATEL,JMENO,PRIJMENI,EMAIL,HESLO,TELEFONNICISLO,ID_ADRESA,ID_ROLE) values ('54','Pavel','Salek','pavel.salek@management.cz','$2a$10$vQ/NGpFgRawL.T4C.hb4I.Nf0uMVWjwEeCstuBG3kT2W5jLVkhhM2','730333444','46','4');
Insert into UZIVATEL (ID_UZIVATEL,JMENO,PRIJMENI,EMAIL,HESLO,TELEFONNICISLO,ID_ADRESA,ID_ROLE) values ('56','Radek','Kuchar','radek.kuchar@management.cz','$2a$10$okcOAOv2y8PQ/UNHEqw3W.f62z3ECsR89B0GTuuRAYSJyYY/CjtEi','730555666','48','4');
Insert into UZIVATEL (ID_UZIVATEL,JMENO,PRIJMENI,EMAIL,HESLO,TELEFONNICISLO,ID_ADRESA,ID_ROLE) values ('58','Milan','Kopecek','milan.kopecek@management.cz','$2a$10$lWRdOTQdsPa/dVXwnUSFAuVo8zkE7iAJPORMvUNzS7vj84BKzbgni','731222333','52','4');
Insert into UZIVATEL (ID_UZIVATEL,JMENO,PRIJMENI,EMAIL,HESLO,TELEFONNICISLO,ID_ADRESA,ID_ROLE) values ('60','Vladimir','Hruska','vladimir.hruska@management.cz','$2a$10$nhQX0rF5pz1Rl7Jg/9FeUOSrHM7CH6im7QGHhkrvmy5V/w4FrXxQi','731444555','57','4');
Insert into UZIVATEL (ID_UZIVATEL,JMENO,PRIJMENI,EMAIL,HESLO,TELEFONNICISLO,ID_ADRESA,ID_ROLE) values ('61','Karel','Sedivy','karel.sedivy@management.cz','$2a$10$.WdQOihWUmr7PPntyB8r6.G1FTBsjRS3jf7nUDlNyqatR8sZgb.l6','731555666','59','4');
Insert into UZIVATEL (ID_UZIVATEL,JMENO,PRIJMENI,EMAIL,HESLO,TELEFONNICISLO,ID_ADRESA,ID_ROLE) values ('63','Daniel','Zeleny','daniel.zeleny@analytics.cz','$2a$10$MFfZaJQQ/GPu/yrQ7vue5OHY0tBWcjISXt4w.fXKfT6rJgkPb85by','732222333','62','5');
Insert into UZIVATEL (ID_UZIVATEL,JMENO,PRIJMENI,EMAIL,HESLO,TELEFONNICISLO,ID_ADRESA,ID_ROLE) values ('65','Jaroslav','Vorel','jaroslav.vorel@analytics.cz','$2a$10$AvhyJNvOGYKnRvSUizH4oeJOuR9scV0laOpyjm1c47GzkZ6aW0Upu','732444555','65','5');
Insert into UZIVATEL (ID_UZIVATEL,JMENO,PRIJMENI,EMAIL,HESLO,TELEFONNICISLO,ID_ADRESA,ID_ROLE) values ('66','Marek','Rychly','marek.rychly@analytics.cz','$2a$10$4tJ3UAeSEWtdjJDShkdeG.04UuHpSNI2WmByyh9.z6GW6BOwJgoMe','732555666','66','5');
Insert into UZIVATEL (ID_UZIVATEL,JMENO,PRIJMENI,EMAIL,HESLO,TELEFONNICISLO,ID_ADRESA,ID_ROLE) values ('68','Petr','Zdrahal','petr.zdrahal@analytics.cz','$2a$10$XtWzqS80O27i4i7WqoDoUeMd7lEJFycNrmXvGwJrvoeMKtgZdeZja','733222333','69','5');
Insert into UZIVATEL (ID_UZIVATEL,JMENO,PRIJMENI,EMAIL,HESLO,TELEFONNICISLO,ID_ADRESA,ID_ROLE) values ('70','Jan','Sykor','jan.sykor@analytics.cz','$2a$10$Pv0eF30q2V3rQBESyEtuAuoROw/Q7o3GhVWKjqnTflFX.vSNHVZR6','733444555','72','5');
Insert into UZIVATEL (ID_UZIVATEL,JMENO,PRIJMENI,EMAIL,HESLO,TELEFONNICISLO,ID_ADRESA,ID_ROLE) values ('72','Katerina','Benesova','katerina.benesova@supervision.cz','$2a$10$370RCmwlgbd7TLg0.dNLF./Iiw0ch6PLpoID12nwzBl32VBipNBmS','734111222','75','6');
Insert into UZIVATEL (ID_UZIVATEL,JMENO,PRIJMENI,EMAIL,HESLO,TELEFONNICISLO,ID_ADRESA,ID_ROLE) values ('73','Lucie','Fialova','lucie.fialova@supervision.cz','$2a$10$l22oSGfAe1SubbYWgxj5XejfY5KlElYJE/47IKb3NskGMUr28nMsK','734222333','76','6');
Insert into UZIVATEL (ID_UZIVATEL,JMENO,PRIJMENI,EMAIL,HESLO,TELEFONNICISLO,ID_ADRESA,ID_ROLE) values ('75','Eva','Kovarova','eva.kovarova@supervision.cz','$2a$10$EuNsXh3uHMC13IodVf8u6uXpXnyUdz7EgpbQJYrXIctKke/9Wvwuu','734444555','78','6');
Insert into UZIVATEL (ID_UZIVATEL,JMENO,PRIJMENI,EMAIL,HESLO,TELEFONNICISLO,ID_ADRESA,ID_ROLE) values ('77','Adela','Liskova','adela.liskova@supervision.cz','$2a$10$4kUiuq4GWwfYGrom1dK3muL1kR9mWkaXv/RYYb9wfBo/Vfos5VYGi','735111222','80','6');
Insert into UZIVATEL (ID_UZIVATEL,JMENO,PRIJMENI,EMAIL,HESLO,TELEFONNICISLO,ID_ADRESA,ID_ROLE) values ('78','Hana','Kubesova','hana.kubesova@supervision.cz','$2a$10$JkGo/N6m4Glfvr0pLEMSmeLin0D6bmPMiSQYdqgdeJeGhSJmOEa1y','735222333','82','6');
Insert into UZIVATEL (ID_UZIVATEL,JMENO,PRIJMENI,EMAIL,HESLO,TELEFONNICISLO,ID_ADRESA,ID_ROLE) values ('80','Barbora','Michalikova','barbora.michalikova@supervision.cz','$2a$10$IdaYhuFfVo8NjSKOJEYicOE5ay/ktn2iSuBgvMM8hoe/NpTogdQxO','735444555','84','6');
Insert into UZIVATEL (ID_UZIVATEL,JMENO,PRIJMENI,EMAIL,HESLO,TELEFONNICISLO,ID_ADRESA,ID_ROLE) values ('81','Tereza','Doubkova','tereza.doubkova@supervision.cz','$2a$10$3SlwZkDattxxPRdlLlla/.XRHSlCL8Ofk9O2R20UXGVtJjdZp.qDO','735555666','85','6');
Insert into UZIVATEL (ID_UZIVATEL,JMENO,PRIJMENI,EMAIL,HESLO,TELEFONNICISLO,ID_ADRESA,ID_ROLE) values ('83','Kiki','Kikovic','kiki.kikovic@example.com','$2a$10$QiXxXMye9NTWw46ccTVHEu0Pd5Hd1jHAtn4medZjfEOKkL/Mhvqv6','705991163',null,'7');
Insert into UZIVATEL (ID_UZIVATEL,JMENO,PRIJMENI,EMAIL,HESLO,TELEFONNICISLO,ID_ADRESA,ID_ROLE) values ('84','Denis','Tkach','denictkach@admin.com','$2a$10$06W227GNmdFzeoy/9xf82eTr0ncetK/jY.1GYhvVoX4R.V65kbfRK','+420998756321','102','6');
Insert into UZIVATEL (ID_UZIVATEL,JMENO,PRIJMENI,EMAIL,HESLO,TELEFONNICISLO,ID_ADRESA,ID_ROLE) values ('85','Sisi','sisi','sisi@example.com','$2a$10$9.iyUGr.dNEahFcOIBB./uex9zSqh8PPc13jUAzy/H6FjP3IA.Ruu','+4209876543212',null,'7');
Insert into UZIVATEL (ID_UZIVATEL,JMENO,PRIJMENI,EMAIL,HESLO,TELEFONNICISLO,ID_ADRESA,ID_ROLE) values ('86','Denys','Tkach','tkachden1308@gmail.com','$2a$10$RrgXN6uGxu.u2//b3jpf6OELUyf.1XuHNi3iIHar.Mdtgv/os/vHW','+420606988506','103','1');
Insert into UZIVATEL (ID_UZIVATEL,JMENO,PRIJMENI,EMAIL,HESLO,TELEFONNICISLO,ID_ADRESA,ID_ROLE) values ('89','ivan','jorge','ivan@example.com','$2a$10$ZOvc9KRP22DIP6yurq4yT.8u3bKvkm8gd/cAeTAI673B38sO8ggoG','705991143',null,'7');
Insert into UZIVATEL (ID_UZIVATEL,JMENO,PRIJMENI,EMAIL,HESLO,TELEFONNICISLO,ID_ADRESA,ID_ROLE) values ('87','Denys','Tkach','denictkach123@admin.com','$2a$10$UB6eLTYBN72.CnlbabV51.6KkPj11EHk7jH/.kEQzRYSZxN3iA1F.','+4206069458506',null,'7');
REM INSERTING into ZAKAZNIK
SET DEFINE OFF;
Insert into ZAKAZNIK (ID_UZIVATELU,KARTAVERNOSTI) values ('22','LTC10001');
Insert into ZAKAZNIK (ID_UZIVATELU,KARTAVERNOSTI) values ('23','LTC10002');
Insert into ZAKAZNIK (ID_UZIVATELU,KARTAVERNOSTI) values ('24','LTC10003');
Insert into ZAKAZNIK (ID_UZIVATELU,KARTAVERNOSTI) values ('25','LTC10004');
Insert into ZAKAZNIK (ID_UZIVATELU,KARTAVERNOSTI) values ('26','LTC10005');
Insert into ZAKAZNIK (ID_UZIVATELU,KARTAVERNOSTI) values ('28','LTC10007');
Insert into ZAKAZNIK (ID_UZIVATELU,KARTAVERNOSTI) values ('31','LTC10010');
Insert into ZAKAZNIK (ID_UZIVATELU,KARTAVERNOSTI) values ('32','LTC10011');
Insert into ZAKAZNIK (ID_UZIVATELU,KARTAVERNOSTI) values ('33','LTC10012');
Insert into ZAKAZNIK (ID_UZIVATELU,KARTAVERNOSTI) values ('34','LTC10013');
Insert into ZAKAZNIK (ID_UZIVATELU,KARTAVERNOSTI) values ('35','LTC10014');
Insert into ZAKAZNIK (ID_UZIVATELU,KARTAVERNOSTI) values ('36','LTC10015');
Insert into ZAKAZNIK (ID_UZIVATELU,KARTAVERNOSTI) values ('37','LTC10016');
Insert into ZAKAZNIK (ID_UZIVATELU,KARTAVERNOSTI) values ('38','LTC10017');
Insert into ZAKAZNIK (ID_UZIVATELU,KARTAVERNOSTI) values ('39','LTC10018');
Insert into ZAKAZNIK (ID_UZIVATELU,KARTAVERNOSTI) values ('40','LTC10019');
Insert into ZAKAZNIK (ID_UZIVATELU,KARTAVERNOSTI) values ('42','LTC10021');
Insert into ZAKAZNIK (ID_UZIVATELU,KARTAVERNOSTI) values ('44','LTC10023');
Insert into ZAKAZNIK (ID_UZIVATELU,KARTAVERNOSTI) values ('45','LTC10024');
Insert into ZAKAZNIK (ID_UZIVATELU,KARTAVERNOSTI) values ('46','LTC10025');
Insert into ZAKAZNIK (ID_UZIVATELU,KARTAVERNOSTI) values ('47','LTC10026');
Insert into ZAKAZNIK (ID_UZIVATELU,KARTAVERNOSTI) values ('49','LTC10028');
Insert into ZAKAZNIK (ID_UZIVATELU,KARTAVERNOSTI) values ('50','LTC10029');
Insert into ZAKAZNIK (ID_UZIVATELU,KARTAVERNOSTI) values ('51','LTC10030');
REM INSERTING into ZAMESTNANEC
SET DEFINE OFF;
Insert into ZAMESTNANEC (ID_UZIVATELU,MZDA,DATUMNASTUPA,POZICE) values ('53','47000',to_date('10.09.21','DD.MM.RR'),'MANAZER');
Insert into ZAMESTNANEC (ID_UZIVATELU,MZDA,DATUMNASTUPA,POZICE) values ('54','48000',to_date('01.05.20','DD.MM.RR'),'MANAZER');
Insert into ZAMESTNANEC (ID_UZIVATELU,MZDA,DATUMNASTUPA,POZICE) values ('55','45500',to_date('19.08.22','DD.MM.RR'),'MANAZER');
Insert into ZAMESTNANEC (ID_UZIVATELU,MZDA,DATUMNASTUPA,POZICE) values ('56','46000',to_date('12.02.23','DD.MM.RR'),'MANAZER');
Insert into ZAMESTNANEC (ID_UZIVATELU,MZDA,DATUMNASTUPA,POZICE) values ('57','49500',to_date('21.04.21','DD.MM.RR'),'MANAZER');
Insert into ZAMESTNANEC (ID_UZIVATELU,MZDA,DATUMNASTUPA,POZICE) values ('58','52000',to_date('30.11.20','DD.MM.RR'),'MANAZER');
Insert into ZAMESTNANEC (ID_UZIVATELU,MZDA,DATUMNASTUPA,POZICE) values ('59','51000',to_date('14.01.23','DD.MM.RR'),'MANAZER');
Insert into ZAMESTNANEC (ID_UZIVATELU,MZDA,DATUMNASTUPA,POZICE) values ('60','47000',to_date('07.07.22','DD.MM.RR'),'MANAZER');
Insert into ZAMESTNANEC (ID_UZIVATELU,MZDA,DATUMNASTUPA,POZICE) values ('61','46500',to_date('05.12.20','DD.MM.RR'),'MANAZER');
Insert into ZAMESTNANEC (ID_UZIVATELU,MZDA,DATUMNASTUPA,POZICE) values ('62','53000',to_date('10.03.23','DD.MM.RR'),'ANALYTIK');
Insert into ZAMESTNANEC (ID_UZIVATELU,MZDA,DATUMNASTUPA,POZICE) values ('63','54000',to_date('01.10.22','DD.MM.RR'),'ANALYTIK');
Insert into ZAMESTNANEC (ID_UZIVATELU,MZDA,DATUMNASTUPA,POZICE) values ('64','56000',to_date('11.06.21','DD.MM.RR'),'ANALYTIK');
Insert into ZAMESTNANEC (ID_UZIVATELU,MZDA,DATUMNASTUPA,POZICE) values ('65','57000',to_date('28.09.20','DD.MM.RR'),'ANALYTIK');
Insert into ZAMESTNANEC (ID_UZIVATELU,MZDA,DATUMNASTUPA,POZICE) values ('66','59000',to_date('05.05.23','DD.MM.RR'),'ANALYTIK');
Insert into ZAMESTNANEC (ID_UZIVATELU,MZDA,DATUMNASTUPA,POZICE) values ('67','60000',to_date('18.02.22','DD.MM.RR'),'ANALYTIK');
Insert into ZAMESTNANEC (ID_UZIVATELU,MZDA,DATUMNASTUPA,POZICE) values ('68','58000',to_date('14.03.20','DD.MM.RR'),'ANALYTIK');
Insert into ZAMESTNANEC (ID_UZIVATELU,MZDA,DATUMNASTUPA,POZICE) values ('69','55000',to_date('23.07.23','DD.MM.RR'),'ANALYTIK');
Insert into ZAMESTNANEC (ID_UZIVATELU,MZDA,DATUMNASTUPA,POZICE) values ('70','56500',to_date('09.11.21','DD.MM.RR'),'ANALYTIK');
Insert into ZAMESTNANEC (ID_UZIVATELU,MZDA,DATUMNASTUPA,POZICE) values ('71','57500',to_date('02.02.20','DD.MM.RR'),'ANALYTIK');
Insert into ZAMESTNANEC (ID_UZIVATELU,MZDA,DATUMNASTUPA,POZICE) values ('72','38000',to_date('01.04.22','DD.MM.RR'),'SUPERVIZOR');
Insert into ZAMESTNANEC (ID_UZIVATELU,MZDA,DATUMNASTUPA,POZICE) values ('74','37000',to_date('30.01.23','DD.MM.RR'),'SUPERVIZOR');
Insert into ZAMESTNANEC (ID_UZIVATELU,MZDA,DATUMNASTUPA,POZICE) values ('75','38500',to_date('12.10.20','DD.MM.RR'),'SUPERVIZOR');
Insert into ZAMESTNANEC (ID_UZIVATELU,MZDA,DATUMNASTUPA,POZICE) values ('76','40000',to_date('03.12.22','DD.MM.RR'),'SUPERVIZOR');
Insert into ZAMESTNANEC (ID_UZIVATELU,MZDA,DATUMNASTUPA,POZICE) values ('77','39000',to_date('18.03.21','DD.MM.RR'),'SUPERVIZOR');
Insert into ZAMESTNANEC (ID_UZIVATELU,MZDA,DATUMNASTUPA,POZICE) values ('78','36500',to_date('14.06.23','DD.MM.RR'),'SUPERVIZOR');
Insert into ZAMESTNANEC (ID_UZIVATELU,MZDA,DATUMNASTUPA,POZICE) values ('79','37500',to_date('25.04.20','DD.MM.RR'),'SUPERVIZOR');
Insert into ZAMESTNANEC (ID_UZIVATELU,MZDA,DATUMNASTUPA,POZICE) values ('80','40500',to_date('09.09.22','DD.MM.RR'),'SUPERVIZOR');
Insert into ZAMESTNANEC (ID_UZIVATELU,MZDA,DATUMNASTUPA,POZICE) values ('81','39800',to_date('01.12.21','DD.MM.RR'),'SUPERVIZOR');
REM INSERTING into ZBOZI
SET DEFINE OFF;
Insert into ZBOZI (ID_ZBOZI,NAZEV,CENA,MNOZSTVI,MINMNOZSTVI,SKLAD_ID_SKLAD,ID_KATEGORIE) values ('55','Mozzarella 125g','22,9','210','20','1','1');
Insert into ZBOZI (ID_ZBOZI,NAZEV,CENA,MNOZSTVI,MINMNOZSTVI,SKLAD_ID_SKLAD,ID_KATEGORIE) values ('56','Mozzarella 125g','22,9','180','20','3','1');
Insert into ZBOZI (ID_ZBOZI,NAZEV,CENA,MNOZSTVI,MINMNOZSTVI,SKLAD_ID_SKLAD,ID_KATEGORIE) values ('57','Jogurt vanilkovy 150g','12,9','350','30','1','1');
Insert into ZBOZI (ID_ZBOZI,NAZEV,CENA,MNOZSTVI,MINMNOZSTVI,SKLAD_ID_SKLAD,ID_KATEGORIE) values ('58','Jogurt vanilkovy 150g','12,9','310','30','3','1');
Insert into ZBOZI (ID_ZBOZI,NAZEV,CENA,MNOZSTVI,MINMNOZSTVI,SKLAD_ID_SKLAD,ID_KATEGORIE) values ('59','Kureci stehno 1kg','89,9','200','20','1','3');
Insert into ZBOZI (ID_ZBOZI,NAZEV,CENA,MNOZSTVI,MINMNOZSTVI,SKLAD_ID_SKLAD,ID_KATEGORIE) values ('60','Kureci stehno 1kg','89,9','160','20','3','3');
Insert into ZBOZI (ID_ZBOZI,NAZEV,CENA,MNOZSTVI,MINMNOZSTVI,SKLAD_ID_SKLAD,ID_KATEGORIE) values ('61','Mlete hovezi 500g','79,9','180','20','1','3');
Insert into ZBOZI (ID_ZBOZI,NAZEV,CENA,MNOZSTVI,MINMNOZSTVI,SKLAD_ID_SKLAD,ID_KATEGORIE) values ('62','Mlete hovezi 500g','79,9','150','20','3','3');
Insert into ZBOZI (ID_ZBOZI,NAZEV,CENA,MNOZSTVI,MINMNOZSTVI,SKLAD_ID_SKLAD,ID_KATEGORIE) values ('63','Veprove koleno 1kg','119,9','140','15','1','3');
Insert into ZBOZI (ID_ZBOZI,NAZEV,CENA,MNOZSTVI,MINMNOZSTVI,SKLAD_ID_SKLAD,ID_KATEGORIE) values ('1','Mleko polotucne 1L','24,9','320','30','1','1');
Insert into ZBOZI (ID_ZBOZI,NAZEV,CENA,MNOZSTVI,MINMNOZSTVI,SKLAD_ID_SKLAD,ID_KATEGORIE) values ('2','Mleko polotucne 1L','24,9','280','30','3','1');
Insert into ZBOZI (ID_ZBOZI,NAZEV,CENA,MNOZSTVI,MINMNOZSTVI,SKLAD_ID_SKLAD,ID_KATEGORIE) values ('3','Mleko plnotucne 1L','26,9','300','30','1','1');
Insert into ZBOZI (ID_ZBOZI,NAZEV,CENA,MNOZSTVI,MINMNOZSTVI,SKLAD_ID_SKLAD,ID_KATEGORIE) values ('4','Mleko plnotucne 1L','26,9','250','30','3','1');
Insert into ZBOZI (ID_ZBOZI,NAZEV,CENA,MNOZSTVI,MINMNOZSTVI,SKLAD_ID_SKLAD,ID_KATEGORIE) values ('5','Maslo 250g','54,9','220','20','1','1');
Insert into ZBOZI (ID_ZBOZI,NAZEV,CENA,MNOZSTVI,MINMNOZSTVI,SKLAD_ID_SKLAD,ID_KATEGORIE) values ('6','Maslo 250g','54,9','180','20','3','1');
Insert into ZBOZI (ID_ZBOZI,NAZEV,CENA,MNOZSTVI,MINMNOZSTVI,SKLAD_ID_SKLAD,ID_KATEGORIE) values ('7','Tvaroh jemny 250g','32,9','200','20','1','1');
Insert into ZBOZI (ID_ZBOZI,NAZEV,CENA,MNOZSTVI,MINMNOZSTVI,SKLAD_ID_SKLAD,ID_KATEGORIE) values ('8','Tvaroh jemny 250g','32,9','170','20','3','1');
Insert into ZBOZI (ID_ZBOZI,NAZEV,CENA,MNOZSTVI,MINMNOZSTVI,SKLAD_ID_SKLAD,ID_KATEGORIE) values ('9','Jogurt bily 150g','11,9','450','40','1','1');
Insert into ZBOZI (ID_ZBOZI,NAZEV,CENA,MNOZSTVI,MINMNOZSTVI,SKLAD_ID_SKLAD,ID_KATEGORIE) values ('10','Jogurt bily 150g','11,9','390','40','3','1');
Insert into ZBOZI (ID_ZBOZI,NAZEV,CENA,MNOZSTVI,MINMNOZSTVI,SKLAD_ID_SKLAD,ID_KATEGORIE) values ('11','Jogurt ovocny jahoda 150g','13,9','430','40','1','1');
Insert into ZBOZI (ID_ZBOZI,NAZEV,CENA,MNOZSTVI,MINMNOZSTVI,SKLAD_ID_SKLAD,ID_KATEGORIE) values ('12','Jogurt ovocny jahoda 150g','13,9','380','40','3','1');
Insert into ZBOZI (ID_ZBOZI,NAZEV,CENA,MNOZSTVI,MINMNOZSTVI,SKLAD_ID_SKLAD,ID_KATEGORIE) values ('13','Syr Eidam 30% 100g','19,9','260','25','1','1');
Insert into ZBOZI (ID_ZBOZI,NAZEV,CENA,MNOZSTVI,MINMNOZSTVI,SKLAD_ID_SKLAD,ID_KATEGORIE) values ('14','Syr Eidam 30% 100g','19,9','230','25','3','1');
Insert into ZBOZI (ID_ZBOZI,NAZEV,CENA,MNOZSTVI,MINMNOZSTVI,SKLAD_ID_SKLAD,ID_KATEGORIE) values ('15','Syr Gouda 45% 100g','23,9','245','25','1','1');
Insert into ZBOZI (ID_ZBOZI,NAZEV,CENA,MNOZSTVI,MINMNOZSTVI,SKLAD_ID_SKLAD,ID_KATEGORIE) values ('16','Syr Gouda 45% 100g','23,9','220','25','3','1');
Insert into ZBOZI (ID_ZBOZI,NAZEV,CENA,MNOZSTVI,MINMNOZSTVI,SKLAD_ID_SKLAD,ID_KATEGORIE) values ('17','Cottage syr 200g','29,9','160','15','1','1');
Insert into ZBOZI (ID_ZBOZI,NAZEV,CENA,MNOZSTVI,MINMNOZSTVI,SKLAD_ID_SKLAD,ID_KATEGORIE) values ('18','Cottage syr 200g','29,9','135','15','3','1');
Insert into ZBOZI (ID_ZBOZI,NAZEV,CENA,MNOZSTVI,MINMNOZSTVI,SKLAD_ID_SKLAD,ID_KATEGORIE) values ('19','Kefir 500ml','21,9','210','15','1','1');
Insert into ZBOZI (ID_ZBOZI,NAZEV,CENA,MNOZSTVI,MINMNOZSTVI,SKLAD_ID_SKLAD,ID_KATEGORIE) values ('20','Kefir 500ml','21,9','190','15','3','1');
Insert into ZBOZI (ID_ZBOZI,NAZEV,CENA,MNOZSTVI,MINMNOZSTVI,SKLAD_ID_SKLAD,ID_KATEGORIE) values ('21','Kureci prsa 1kg','129,9','150','20','1','3');
Insert into ZBOZI (ID_ZBOZI,NAZEV,CENA,MNOZSTVI,MINMNOZSTVI,SKLAD_ID_SKLAD,ID_KATEGORIE) values ('22','Kureci prsa 1kg','129,9','110','20','3','3');
Insert into ZBOZI (ID_ZBOZI,NAZEV,CENA,MNOZSTVI,MINMNOZSTVI,SKLAD_ID_SKLAD,ID_KATEGORIE) values ('23','Veprove kare 1kg','149,9','140','20','1','3');
Insert into ZBOZI (ID_ZBOZI,NAZEV,CENA,MNOZSTVI,MINMNOZSTVI,SKLAD_ID_SKLAD,ID_KATEGORIE) values ('24','Veprove kare 1kg','149,9','120','20','3','3');
Insert into ZBOZI (ID_ZBOZI,NAZEV,CENA,MNOZSTVI,MINMNOZSTVI,SKLAD_ID_SKLAD,ID_KATEGORIE) values ('25','Hovezi predni 1kg','179,9','130','20','1','3');
Insert into ZBOZI (ID_ZBOZI,NAZEV,CENA,MNOZSTVI,MINMNOZSTVI,SKLAD_ID_SKLAD,ID_KATEGORIE) values ('26','Hovezi predni 1kg','179,9','90','20','3','3');
Insert into ZBOZI (ID_ZBOZI,NAZEV,CENA,MNOZSTVI,MINMNOZSTVI,SKLAD_ID_SKLAD,ID_KATEGORIE) values ('27','Sekana pecena 500g','59,9','200','20','1','3');
Insert into ZBOZI (ID_ZBOZI,NAZEV,CENA,MNOZSTVI,MINMNOZSTVI,SKLAD_ID_SKLAD,ID_KATEGORIE) values ('28','Sekana pecena 500g','59,9','160','20','3','3');
Insert into ZBOZI (ID_ZBOZI,NAZEV,CENA,MNOZSTVI,MINMNOZSTVI,SKLAD_ID_SKLAD,ID_KATEGORIE) values ('29','Sunka standard 100g','19,9','300','20','1','3');
Insert into ZBOZI (ID_ZBOZI,NAZEV,CENA,MNOZSTVI,MINMNOZSTVI,SKLAD_ID_SKLAD,ID_KATEGORIE) values ('30','Sunka standard 100g','19,9','240','20','3','3');
Insert into ZBOZI (ID_ZBOZI,NAZEV,CENA,MNOZSTVI,MINMNOZSTVI,SKLAD_ID_SKLAD,ID_KATEGORIE) values ('31','Klobasy domaci 300g','49,9','180','15','1','3');
Insert into ZBOZI (ID_ZBOZI,NAZEV,CENA,MNOZSTVI,MINMNOZSTVI,SKLAD_ID_SKLAD,ID_KATEGORIE) values ('32','Klobasy domaci 300g','49,9','140','15','3','3');
Insert into ZBOZI (ID_ZBOZI,NAZEV,CENA,MNOZSTVI,MINMNOZSTVI,SKLAD_ID_SKLAD,ID_KATEGORIE) values ('33','Salam herkules 100g','24,9','230','15','1','3');
Insert into ZBOZI (ID_ZBOZI,NAZEV,CENA,MNOZSTVI,MINMNOZSTVI,SKLAD_ID_SKLAD,ID_KATEGORIE) values ('34','Salam herkules 100g','24,9','190','15','3','3');
Insert into ZBOZI (ID_ZBOZI,NAZEV,CENA,MNOZSTVI,MINMNOZSTVI,SKLAD_ID_SKLAD,ID_KATEGORIE) values ('35','Parizsky salat 150g','17,9','170','15','1','3');
Insert into ZBOZI (ID_ZBOZI,NAZEV,CENA,MNOZSTVI,MINMNOZSTVI,SKLAD_ID_SKLAD,ID_KATEGORIE) values ('36','Parizsky salat 150g','17,9','135','15','3','3');
Insert into ZBOZI (ID_ZBOZI,NAZEV,CENA,MNOZSTVI,MINMNOZSTVI,SKLAD_ID_SKLAD,ID_KATEGORIE) values ('37','Mrazena pizza Mozzarella','59,9','180','20','1','8');
Insert into ZBOZI (ID_ZBOZI,NAZEV,CENA,MNOZSTVI,MINMNOZSTVI,SKLAD_ID_SKLAD,ID_KATEGORIE) values ('38','Mrazena pizza Mozzarella','59,9','140','20','3','8');
Insert into ZBOZI (ID_ZBOZI,NAZEV,CENA,MNOZSTVI,MINMNOZSTVI,SKLAD_ID_SKLAD,ID_KATEGORIE) values ('39','Mrazena brokolice 350g','29,9','160','20','1','8');
Insert into ZBOZI (ID_ZBOZI,NAZEV,CENA,MNOZSTVI,MINMNOZSTVI,SKLAD_ID_SKLAD,ID_KATEGORIE) values ('40','Mrazena brokolice 350g','29,9','130','20','3','8');
Insert into ZBOZI (ID_ZBOZI,NAZEV,CENA,MNOZSTVI,MINMNOZSTVI,SKLAD_ID_SKLAD,ID_KATEGORIE) values ('41','Mrazena kukurice 400g','26,9','170','20','1','8');
Insert into ZBOZI (ID_ZBOZI,NAZEV,CENA,MNOZSTVI,MINMNOZSTVI,SKLAD_ID_SKLAD,ID_KATEGORIE) values ('42','Mrazena kukurice 400g','26,9','130','20','3','8');
Insert into ZBOZI (ID_ZBOZI,NAZEV,CENA,MNOZSTVI,MINMNOZSTVI,SKLAD_ID_SKLAD,ID_KATEGORIE) values ('43','Zmrzlina vanilkova 1L','89,9','140','20','1','8');
Insert into ZBOZI (ID_ZBOZI,NAZEV,CENA,MNOZSTVI,MINMNOZSTVI,SKLAD_ID_SKLAD,ID_KATEGORIE) values ('44','Zmrzlina vanilkova 1L','89,9','120','20','3','8');
Insert into ZBOZI (ID_ZBOZI,NAZEV,CENA,MNOZSTVI,MINMNOZSTVI,SKLAD_ID_SKLAD,ID_KATEGORIE) values ('45','Mrazene rybi prsty 300g','54,9','150','15','1','8');
Insert into ZBOZI (ID_ZBOZI,NAZEV,CENA,MNOZSTVI,MINMNOZSTVI,SKLAD_ID_SKLAD,ID_KATEGORIE) values ('46','Mrazene rybi prsty 300g','54,9','130','15','3','8');
Insert into ZBOZI (ID_ZBOZI,NAZEV,CENA,MNOZSTVI,MINMNOZSTVI,SKLAD_ID_SKLAD,ID_KATEGORIE) values ('47','Mrazena zelenina mix 350g','24,9','150','15','1','8');
Insert into ZBOZI (ID_ZBOZI,NAZEV,CENA,MNOZSTVI,MINMNOZSTVI,SKLAD_ID_SKLAD,ID_KATEGORIE) values ('48','Mrazena zelenina mix 350g','24,9','120','15','3','8');
Insert into ZBOZI (ID_ZBOZI,NAZEV,CENA,MNOZSTVI,MINMNOZSTVI,SKLAD_ID_SKLAD,ID_KATEGORIE) values ('49','Skyr bily 140g','18,9','220','20','1','1');
Insert into ZBOZI (ID_ZBOZI,NAZEV,CENA,MNOZSTVI,MINMNOZSTVI,SKLAD_ID_SKLAD,ID_KATEGORIE) values ('50','Skyr bily 140g','18,9','180','20','3','1');
Insert into ZBOZI (ID_ZBOZI,NAZEV,CENA,MNOZSTVI,MINMNOZSTVI,SKLAD_ID_SKLAD,ID_KATEGORIE) values ('51','Syr hermelin 120g','34,9','160','15','1','1');
Insert into ZBOZI (ID_ZBOZI,NAZEV,CENA,MNOZSTVI,MINMNOZSTVI,SKLAD_ID_SKLAD,ID_KATEGORIE) values ('52','Syr hermelin 120g','34,9','130','15','3','1');
Insert into ZBOZI (ID_ZBOZI,NAZEV,CENA,MNOZSTVI,MINMNOZSTVI,SKLAD_ID_SKLAD,ID_KATEGORIE) values ('53','Syr niva 100g','29,9','140','12','1','1');
Insert into ZBOZI (ID_ZBOZI,NAZEV,CENA,MNOZSTVI,MINMNOZSTVI,SKLAD_ID_SKLAD,ID_KATEGORIE) values ('54','Syr niva 100g','29,9','110','12','3','1');
Insert into ZBOZI (ID_ZBOZI,NAZEV,CENA,MNOZSTVI,MINMNOZSTVI,SKLAD_ID_SKLAD,ID_KATEGORIE) values ('64','Veprove koleno 1kg','119,9','110','15','3','3');
Insert into ZBOZI (ID_ZBOZI,NAZEV,CENA,MNOZSTVI,MINMNOZSTVI,SKLAD_ID_SKLAD,ID_KATEGORIE) values ('65','Kureci srdicka 500g','54,9','160','15','1','3');
Insert into ZBOZI (ID_ZBOZI,NAZEV,CENA,MNOZSTVI,MINMNOZSTVI,SKLAD_ID_SKLAD,ID_KATEGORIE) values ('66','Kureci srdicka 500g','54,9','130','15','3','3');
Insert into ZBOZI (ID_ZBOZI,NAZEV,CENA,MNOZSTVI,MINMNOZSTVI,SKLAD_ID_SKLAD,ID_KATEGORIE) values ('67','Sunka premium 100g','24,9','260','20','1','3');
Insert into ZBOZI (ID_ZBOZI,NAZEV,CENA,MNOZSTVI,MINMNOZSTVI,SKLAD_ID_SKLAD,ID_KATEGORIE) values ('68','Sunka premium 100g','24,9','210','20','3','3');
Insert into ZBOZI (ID_ZBOZI,NAZEV,CENA,MNOZSTVI,MINMNOZSTVI,SKLAD_ID_SKLAD,ID_KATEGORIE) values ('69','Mrazene hranolky 1kg','49,9','190','20','1','8');
Insert into ZBOZI (ID_ZBOZI,NAZEV,CENA,MNOZSTVI,MINMNOZSTVI,SKLAD_ID_SKLAD,ID_KATEGORIE) values ('70','Mrazene hranolky 1kg','49,9','160','20','3','8');
Insert into ZBOZI (ID_ZBOZI,NAZEV,CENA,MNOZSTVI,MINMNOZSTVI,SKLAD_ID_SKLAD,ID_KATEGORIE) values ('71','Mrazene maliny 300g','69,9','170','20','1','8');
Insert into ZBOZI (ID_ZBOZI,NAZEV,CENA,MNOZSTVI,MINMNOZSTVI,SKLAD_ID_SKLAD,ID_KATEGORIE) values ('72','Mrazene maliny 300g','69,9','140','20','3','8');
Insert into ZBOZI (ID_ZBOZI,NAZEV,CENA,MNOZSTVI,MINMNOZSTVI,SKLAD_ID_SKLAD,ID_KATEGORIE) values ('73','Mrazene krevety 400g','149,9','130','15','1','8');
Insert into ZBOZI (ID_ZBOZI,NAZEV,CENA,MNOZSTVI,MINMNOZSTVI,SKLAD_ID_SKLAD,ID_KATEGORIE) values ('74','Mrazene krevety 400g','149,9','110','15','3','8');
Insert into ZBOZI (ID_ZBOZI,NAZEV,CENA,MNOZSTVI,MINMNOZSTVI,SKLAD_ID_SKLAD,ID_KATEGORIE) values ('75','Zmrzlina cokoladova 1L','89,9','150','15','1','8');
Insert into ZBOZI (ID_ZBOZI,NAZEV,CENA,MNOZSTVI,MINMNOZSTVI,SKLAD_ID_SKLAD,ID_KATEGORIE) values ('76','Zmrzlina cokoladova 1L','89,9','130','15','3','8');
Insert into ZBOZI (ID_ZBOZI,NAZEV,CENA,MNOZSTVI,MINMNOZSTVI,SKLAD_ID_SKLAD,ID_KATEGORIE) values ('77','Mrazena treska 500g','89,9','140','15','1','8');
Insert into ZBOZI (ID_ZBOZI,NAZEV,CENA,MNOZSTVI,MINMNOZSTVI,SKLAD_ID_SKLAD,ID_KATEGORIE) values ('78','Mrazena treska 500g','89,9','120','15','3','8');
Insert into ZBOZI (ID_ZBOZI,NAZEV,CENA,MNOZSTVI,MINMNOZSTVI,SKLAD_ID_SKLAD,ID_KATEGORIE) values ('79','Chleb toustovy 500g','32,9','180','20','2','2');
Insert into ZBOZI (ID_ZBOZI,NAZEV,CENA,MNOZSTVI,MINMNOZSTVI,SKLAD_ID_SKLAD,ID_KATEGORIE) values ('80','Bageta francouzska 250g','12,9','150','20','2','2');
Insert into ZBOZI (ID_ZBOZI,NAZEV,CENA,MNOZSTVI,MINMNOZSTVI,SKLAD_ID_SKLAD,ID_KATEGORIE) values ('81','Croissant maslovy 60g','9,9','200','30','2','2');
Insert into ZBOZI (ID_ZBOZI,NAZEV,CENA,MNOZSTVI,MINMNOZSTVI,SKLAD_ID_SKLAD,ID_KATEGORIE) values ('82','Celozrnna houska 50g','4,9','220','30','2','2');
Insert into ZBOZI (ID_ZBOZI,NAZEV,CENA,MNOZSTVI,MINMNOZSTVI,SKLAD_ID_SKLAD,ID_KATEGORIE) values ('83','Slany rohlik 40g','3,9','300','40','2','2');
Insert into ZBOZI (ID_ZBOZI,NAZEV,CENA,MNOZSTVI,MINMNOZSTVI,SKLAD_ID_SKLAD,ID_KATEGORIE) values ('84','Chleb toustovy 500g','32,9','160','20','4','2');
Insert into ZBOZI (ID_ZBOZI,NAZEV,CENA,MNOZSTVI,MINMNOZSTVI,SKLAD_ID_SKLAD,ID_KATEGORIE) values ('85','Bageta francouzska 250g','12,9','130','20','4','2');
Insert into ZBOZI (ID_ZBOZI,NAZEV,CENA,MNOZSTVI,MINMNOZSTVI,SKLAD_ID_SKLAD,ID_KATEGORIE) values ('86','Croissant maslovy 60g','9,9','180','30','4','2');
Insert into ZBOZI (ID_ZBOZI,NAZEV,CENA,MNOZSTVI,MINMNOZSTVI,SKLAD_ID_SKLAD,ID_KATEGORIE) values ('87','Celozrnna houska 50g','4,9','200','30','4','2');
Insert into ZBOZI (ID_ZBOZI,NAZEV,CENA,MNOZSTVI,MINMNOZSTVI,SKLAD_ID_SKLAD,ID_KATEGORIE) values ('88','Slany rohlik 40g','3,9','270','40','4','2');
Insert into ZBOZI (ID_ZBOZI,NAZEV,CENA,MNOZSTVI,MINMNOZSTVI,SKLAD_ID_SKLAD,ID_KATEGORIE) values ('89','Jablka cervena 1kg','39,9','200','20','2','4');
Insert into ZBOZI (ID_ZBOZI,NAZEV,CENA,MNOZSTVI,MINMNOZSTVI,SKLAD_ID_SKLAD,ID_KATEGORIE) values ('90','Jablka zelena 1kg','42,9','180','20','2','4');
Insert into ZBOZI (ID_ZBOZI,NAZEV,CENA,MNOZSTVI,MINMNOZSTVI,SKLAD_ID_SKLAD,ID_KATEGORIE) values ('91','Hrusek konferencnich 1kg','49,9','160','20','2','4');
Insert into ZBOZI (ID_ZBOZI,NAZEV,CENA,MNOZSTVI,MINMNOZSTVI,SKLAD_ID_SKLAD,ID_KATEGORIE) values ('92','Pomerance velke 1kg','39,9','140','20','2','4');
Insert into ZBOZI (ID_ZBOZI,NAZEV,CENA,MNOZSTVI,MINMNOZSTVI,SKLAD_ID_SKLAD,ID_KATEGORIE) values ('93','Mandarinky sladke 1kg','44,9','130','20','2','4');
Insert into ZBOZI (ID_ZBOZI,NAZEV,CENA,MNOZSTVI,MINMNOZSTVI,SKLAD_ID_SKLAD,ID_KATEGORIE) values ('94','Jablka cervena 1kg','39,9','170','20','4','4');
Insert into ZBOZI (ID_ZBOZI,NAZEV,CENA,MNOZSTVI,MINMNOZSTVI,SKLAD_ID_SKLAD,ID_KATEGORIE) values ('95','Jablka zelena 1kg','42,9','160','20','4','4');
Insert into ZBOZI (ID_ZBOZI,NAZEV,CENA,MNOZSTVI,MINMNOZSTVI,SKLAD_ID_SKLAD,ID_KATEGORIE) values ('96','Hrusek konferencnich 1kg','49,9','140','20','4','4');
Insert into ZBOZI (ID_ZBOZI,NAZEV,CENA,MNOZSTVI,MINMNOZSTVI,SKLAD_ID_SKLAD,ID_KATEGORIE) values ('97','Pomerance velke 1kg','39,9','120','20','4','4');
Insert into ZBOZI (ID_ZBOZI,NAZEV,CENA,MNOZSTVI,MINMNOZSTVI,SKLAD_ID_SKLAD,ID_KATEGORIE) values ('98','Mandarinky sladke 1kg','44,9','115','20','4','4');
Insert into ZBOZI (ID_ZBOZI,NAZEV,CENA,MNOZSTVI,MINMNOZSTVI,SKLAD_ID_SKLAD,ID_KATEGORIE) values ('99','Rajcata cervena 1kg','54,9','180','20','2','5');
Insert into ZBOZI (ID_ZBOZI,NAZEV,CENA,MNOZSTVI,MINMNOZSTVI,SKLAD_ID_SKLAD,ID_KATEGORIE) values ('100','Okurky salatkove 1kg','39,9','160','20','2','5');
Insert into ZBOZI (ID_ZBOZI,NAZEV,CENA,MNOZSTVI,MINMNOZSTVI,SKLAD_ID_SKLAD,ID_KATEGORIE) values ('101','Paprika cervena 1kg','69,9','140','20','2','5');
Insert into ZBOZI (ID_ZBOZI,NAZEV,CENA,MNOZSTVI,MINMNOZSTVI,SKLAD_ID_SKLAD,ID_KATEGORIE) values ('102','Mrkev 1kg','29,9','200','20','2','5');
Insert into ZBOZI (ID_ZBOZI,NAZEV,CENA,MNOZSTVI,MINMNOZSTVI,SKLAD_ID_SKLAD,ID_KATEGORIE) values ('103','Brambory konzumní 5kg','69,9','120','20','2','5');
Insert into ZBOZI (ID_ZBOZI,NAZEV,CENA,MNOZSTVI,MINMNOZSTVI,SKLAD_ID_SKLAD,ID_KATEGORIE) values ('104','Rajcata cervena 1kg','54,9','160','20','4','5');
Insert into ZBOZI (ID_ZBOZI,NAZEV,CENA,MNOZSTVI,MINMNOZSTVI,SKLAD_ID_SKLAD,ID_KATEGORIE) values ('105','Okurky salatkove 1kg','39,9','150','20','4','5');
Insert into ZBOZI (ID_ZBOZI,NAZEV,CENA,MNOZSTVI,MINMNOZSTVI,SKLAD_ID_SKLAD,ID_KATEGORIE) values ('106','Paprika cervena 1kg','69,9','120','20','4','5');
Insert into ZBOZI (ID_ZBOZI,NAZEV,CENA,MNOZSTVI,MINMNOZSTVI,SKLAD_ID_SKLAD,ID_KATEGORIE) values ('107','Mrkev 1kg','29,9','180','20','4','5');
Insert into ZBOZI (ID_ZBOZI,NAZEV,CENA,MNOZSTVI,MINMNOZSTVI,SKLAD_ID_SKLAD,ID_KATEGORIE) values ('108','Brambory konzumní 5kg','69,9','100','20','4','5');
Insert into ZBOZI (ID_ZBOZI,NAZEV,CENA,MNOZSTVI,MINMNOZSTVI,SKLAD_ID_SKLAD,ID_KATEGORIE) values ('109','Voda neperliva 1.5L','9,9','300','30','2','6');
Insert into ZBOZI (ID_ZBOZI,NAZEV,CENA,MNOZSTVI,MINMNOZSTVI,SKLAD_ID_SKLAD,ID_KATEGORIE) values ('110','Voda perliva 1.5L','10,9','280','30','2','6');
Insert into ZBOZI (ID_ZBOZI,NAZEV,CENA,MNOZSTVI,MINMNOZSTVI,SKLAD_ID_SKLAD,ID_KATEGORIE) values ('111','Cola 2L','32,9','180','20','2','6');
Insert into ZBOZI (ID_ZBOZI,NAZEV,CENA,MNOZSTVI,MINMNOZSTVI,SKLAD_ID_SKLAD,ID_KATEGORIE) values ('112','Fanta pomeranc 2L','31,9','150','20','2','6');
Insert into ZBOZI (ID_ZBOZI,NAZEV,CENA,MNOZSTVI,MINMNOZSTVI,SKLAD_ID_SKLAD,ID_KATEGORIE) values ('113','Sprite 2L','31,9','150','20','2','6');
Insert into ZBOZI (ID_ZBOZI,NAZEV,CENA,MNOZSTVI,MINMNOZSTVI,SKLAD_ID_SKLAD,ID_KATEGORIE) values ('114','Jablecny dzus 1L','19,9','200','25','2','6');
Insert into ZBOZI (ID_ZBOZI,NAZEV,CENA,MNOZSTVI,MINMNOZSTVI,SKLAD_ID_SKLAD,ID_KATEGORIE) values ('115','Pomerancovy dzus 1L','22,9','180','25','2','6');
Insert into ZBOZI (ID_ZBOZI,NAZEV,CENA,MNOZSTVI,MINMNOZSTVI,SKLAD_ID_SKLAD,ID_KATEGORIE) values ('116','Energeticky napoj 500ml','29,9','160','20','2','6');
Insert into ZBOZI (ID_ZBOZI,NAZEV,CENA,MNOZSTVI,MINMNOZSTVI,SKLAD_ID_SKLAD,ID_KATEGORIE) values ('117','Iced tea broskev 1.5L','24,9','170','20','2','6');
Insert into ZBOZI (ID_ZBOZI,NAZEV,CENA,MNOZSTVI,MINMNOZSTVI,SKLAD_ID_SKLAD,ID_KATEGORIE) values ('118','Iced tea citron 1.5L','24,9','160','20','2','6');
Insert into ZBOZI (ID_ZBOZI,NAZEV,CENA,MNOZSTVI,MINMNOZSTVI,SKLAD_ID_SKLAD,ID_KATEGORIE) values ('119','Voda neperliva 1.5L','9,9','270','30','4','6');
Insert into ZBOZI (ID_ZBOZI,NAZEV,CENA,MNOZSTVI,MINMNOZSTVI,SKLAD_ID_SKLAD,ID_KATEGORIE) values ('120','Voda perliva 1.5L','10,9','260','30','4','6');
Insert into ZBOZI (ID_ZBOZI,NAZEV,CENA,MNOZSTVI,MINMNOZSTVI,SKLAD_ID_SKLAD,ID_KATEGORIE) values ('121','Cola 2L','32,9','160','20','4','6');
Insert into ZBOZI (ID_ZBOZI,NAZEV,CENA,MNOZSTVI,MINMNOZSTVI,SKLAD_ID_SKLAD,ID_KATEGORIE) values ('122','Fanta pomeranc 2L','31,9','130','20','4','6');
Insert into ZBOZI (ID_ZBOZI,NAZEV,CENA,MNOZSTVI,MINMNOZSTVI,SKLAD_ID_SKLAD,ID_KATEGORIE) values ('123','Sprite 2L','31,9','130','20','4','6');
Insert into ZBOZI (ID_ZBOZI,NAZEV,CENA,MNOZSTVI,MINMNOZSTVI,SKLAD_ID_SKLAD,ID_KATEGORIE) values ('124','Jablecny dzus 1L','19,9','170','25','4','6');
Insert into ZBOZI (ID_ZBOZI,NAZEV,CENA,MNOZSTVI,MINMNOZSTVI,SKLAD_ID_SKLAD,ID_KATEGORIE) values ('125','Pomerancovy dzus 1L','22,9','160','25','4','6');
Insert into ZBOZI (ID_ZBOZI,NAZEV,CENA,MNOZSTVI,MINMNOZSTVI,SKLAD_ID_SKLAD,ID_KATEGORIE) values ('126','Energeticky napoj 500ml','29,9','140','20','4','6');
Insert into ZBOZI (ID_ZBOZI,NAZEV,CENA,MNOZSTVI,MINMNOZSTVI,SKLAD_ID_SKLAD,ID_KATEGORIE) values ('127','Iced tea broskev 1.5L','24,9','150','20','4','6');
Insert into ZBOZI (ID_ZBOZI,NAZEV,CENA,MNOZSTVI,MINMNOZSTVI,SKLAD_ID_SKLAD,ID_KATEGORIE) values ('128','Iced tea citron 1.5L','24,9','140','20','4','6');
Insert into ZBOZI (ID_ZBOZI,NAZEV,CENA,MNOZSTVI,MINMNOZSTVI,SKLAD_ID_SKLAD,ID_KATEGORIE) values ('129','Cokolada mlečna 100g','24,9','220','20','2','7');
Insert into ZBOZI (ID_ZBOZI,NAZEV,CENA,MNOZSTVI,MINMNOZSTVI,SKLAD_ID_SKLAD,ID_KATEGORIE) values ('130','Cokolada horka 100g','26,9','200','20','2','7');
Insert into ZBOZI (ID_ZBOZI,NAZEV,CENA,MNOZSTVI,MINMNOZSTVI,SKLAD_ID_SKLAD,ID_KATEGORIE) values ('131','Bonbony ovocne 90g','14,9','250','25','2','7');
Insert into ZBOZI (ID_ZBOZI,NAZEV,CENA,MNOZSTVI,MINMNOZSTVI,SKLAD_ID_SKLAD,ID_KATEGORIE) values ('132','Bonbony karamelove 90g','12,9','230','25','2','7');
Insert into ZBOZI (ID_ZBOZI,NAZEV,CENA,MNOZSTVI,MINMNOZSTVI,SKLAD_ID_SKLAD,ID_KATEGORIE) values ('133','Cokoladove susenky 150g','29,9','180','20','2','7');
Insert into ZBOZI (ID_ZBOZI,NAZEV,CENA,MNOZSTVI,MINMNOZSTVI,SKLAD_ID_SKLAD,ID_KATEGORIE) values ('134','Mandle v cokolade 100g','39,9','140','15','2','7');
Insert into ZBOZI (ID_ZBOZI,NAZEV,CENA,MNOZSTVI,MINMNOZSTVI,SKLAD_ID_SKLAD,ID_KATEGORIE) values ('135','Marcipan 100g','34,9','130','15','2','7');
Insert into ZBOZI (ID_ZBOZI,NAZEV,CENA,MNOZSTVI,MINMNOZSTVI,SKLAD_ID_SKLAD,ID_KATEGORIE) values ('136','Lentilky 80g','29,9','210','20','2','7');
Insert into ZBOZI (ID_ZBOZI,NAZEV,CENA,MNOZSTVI,MINMNOZSTVI,SKLAD_ID_SKLAD,ID_KATEGORIE) values ('137','Zmrzlinova tycinka 60g','19,9','170','15','2','7');
Insert into ZBOZI (ID_ZBOZI,NAZEV,CENA,MNOZSTVI,MINMNOZSTVI,SKLAD_ID_SKLAD,ID_KATEGORIE) values ('138','Wafle vanilkove 150g','21,9','190','15','2','7');
Insert into ZBOZI (ID_ZBOZI,NAZEV,CENA,MNOZSTVI,MINMNOZSTVI,SKLAD_ID_SKLAD,ID_KATEGORIE) values ('139','Cokolada mlečna 100g','24,9','200','20','4','7');
Insert into ZBOZI (ID_ZBOZI,NAZEV,CENA,MNOZSTVI,MINMNOZSTVI,SKLAD_ID_SKLAD,ID_KATEGORIE) values ('140','Cokolada horka 100g','26,9','180','20','4','7');
Insert into ZBOZI (ID_ZBOZI,NAZEV,CENA,MNOZSTVI,MINMNOZSTVI,SKLAD_ID_SKLAD,ID_KATEGORIE) values ('141','Bonbony ovocne 90g','14,9','230','25','4','7');
Insert into ZBOZI (ID_ZBOZI,NAZEV,CENA,MNOZSTVI,MINMNOZSTVI,SKLAD_ID_SKLAD,ID_KATEGORIE) values ('142','Bonbony karamelove 90g','12,9','210','25','4','7');
Insert into ZBOZI (ID_ZBOZI,NAZEV,CENA,MNOZSTVI,MINMNOZSTVI,SKLAD_ID_SKLAD,ID_KATEGORIE) values ('143','Cokoladove susenky 150g','29,9','160','20','4','7');
Insert into ZBOZI (ID_ZBOZI,NAZEV,CENA,MNOZSTVI,MINMNOZSTVI,SKLAD_ID_SKLAD,ID_KATEGORIE) values ('144','Mandle v cokolade 100g','39,9','120','15','4','7');
Insert into ZBOZI (ID_ZBOZI,NAZEV,CENA,MNOZSTVI,MINMNOZSTVI,SKLAD_ID_SKLAD,ID_KATEGORIE) values ('145','Marcipan 100g','34,9','120','15','4','7');
Insert into ZBOZI (ID_ZBOZI,NAZEV,CENA,MNOZSTVI,MINMNOZSTVI,SKLAD_ID_SKLAD,ID_KATEGORIE) values ('146','Lentilky 80g','29,9','190','20','4','7');
Insert into ZBOZI (ID_ZBOZI,NAZEV,CENA,MNOZSTVI,MINMNOZSTVI,SKLAD_ID_SKLAD,ID_KATEGORIE) values ('147','Zmrzlinova tycinka 60g','19,9','150','15','4','7');
Insert into ZBOZI (ID_ZBOZI,NAZEV,CENA,MNOZSTVI,MINMNOZSTVI,SKLAD_ID_SKLAD,ID_KATEGORIE) values ('148','Wafle vanilkove 150g','21,9','170','15','4','7');
Insert into ZBOZI (ID_ZBOZI,NAZEV,CENA,MNOZSTVI,MINMNOZSTVI,SKLAD_ID_SKLAD,ID_KATEGORIE) values ('149','Sprchovy gel 250ml','39,9','140','20','2','9');
Insert into ZBOZI (ID_ZBOZI,NAZEV,CENA,MNOZSTVI,MINMNOZSTVI,SKLAD_ID_SKLAD,ID_KATEGORIE) values ('150','Sampon 400ml','59,9','130','20','2','9');
Insert into ZBOZI (ID_ZBOZI,NAZEV,CENA,MNOZSTVI,MINMNOZSTVI,SKLAD_ID_SKLAD,ID_KATEGORIE) values ('151','Toaletni papir 8ks','74,9','180','20','2','9');
Insert into ZBOZI (ID_ZBOZI,NAZEV,CENA,MNOZSTVI,MINMNOZSTVI,SKLAD_ID_SKLAD,ID_KATEGORIE) values ('152','Kapesnicky 10x10','29,9','160','20','2','9');
Insert into ZBOZI (ID_ZBOZI,NAZEV,CENA,MNOZSTVI,MINMNOZSTVI,SKLAD_ID_SKLAD,ID_KATEGORIE) values ('153','Tekute mydlo 500ml','34,9','120','20','2','9');
Insert into ZBOZI (ID_ZBOZI,NAZEV,CENA,MNOZSTVI,MINMNOZSTVI,SKLAD_ID_SKLAD,ID_KATEGORIE) values ('154','Kartacek na zuby','29,9','140','20','2','9');
Insert into ZBOZI (ID_ZBOZI,NAZEV,CENA,MNOZSTVI,MINMNOZSTVI,SKLAD_ID_SKLAD,ID_KATEGORIE) values ('155','Zubni pasta 100ml','44,9','110','20','2','9');
Insert into ZBOZI (ID_ZBOZI,NAZEV,CENA,MNOZSTVI,MINMNOZSTVI,SKLAD_ID_SKLAD,ID_KATEGORIE) values ('156','Praci prasek 1.5kg','99,9','90','10','2','9');
Insert into ZBOZI (ID_ZBOZI,NAZEV,CENA,MNOZSTVI,MINMNOZSTVI,SKLAD_ID_SKLAD,ID_KATEGORIE) values ('157','Avivaz 1L','79,9','74','10','2','9');
Insert into ZBOZI (ID_ZBOZI,NAZEV,CENA,MNOZSTVI,MINMNOZSTVI,SKLAD_ID_SKLAD,ID_KATEGORIE) values ('158','Uklidovy sprej 500ml','49,9','100','10','2','9');
Insert into ZBOZI (ID_ZBOZI,NAZEV,CENA,MNOZSTVI,MINMNOZSTVI,SKLAD_ID_SKLAD,ID_KATEGORIE) values ('159','Sprchovy gel 250ml','39,9','120','20','4','9');
Insert into ZBOZI (ID_ZBOZI,NAZEV,CENA,MNOZSTVI,MINMNOZSTVI,SKLAD_ID_SKLAD,ID_KATEGORIE) values ('160','Sampon 400ml','59,9','115','20','4','9');
Insert into ZBOZI (ID_ZBOZI,NAZEV,CENA,MNOZSTVI,MINMNOZSTVI,SKLAD_ID_SKLAD,ID_KATEGORIE) values ('161','Toaletni papir 8ks','74,9','160','20','4','9');
Insert into ZBOZI (ID_ZBOZI,NAZEV,CENA,MNOZSTVI,MINMNOZSTVI,SKLAD_ID_SKLAD,ID_KATEGORIE) values ('162','Kapesnicky 10x10','29,9','140','20','4','9');
Insert into ZBOZI (ID_ZBOZI,NAZEV,CENA,MNOZSTVI,MINMNOZSTVI,SKLAD_ID_SKLAD,ID_KATEGORIE) values ('163','Tekute mydlo 500ml','34,9','110','20','4','9');
Insert into ZBOZI (ID_ZBOZI,NAZEV,CENA,MNOZSTVI,MINMNOZSTVI,SKLAD_ID_SKLAD,ID_KATEGORIE) values ('164','Kartacek na zuby','29,9','130','20','4','9');
Insert into ZBOZI (ID_ZBOZI,NAZEV,CENA,MNOZSTVI,MINMNOZSTVI,SKLAD_ID_SKLAD,ID_KATEGORIE) values ('165','Zubni pasta 100ml','44,9','95','20','4','9');
Insert into ZBOZI (ID_ZBOZI,NAZEV,CENA,MNOZSTVI,MINMNOZSTVI,SKLAD_ID_SKLAD,ID_KATEGORIE) values ('166','Praci prasek 1.5kg','99,9','85','10','4','9');
Insert into ZBOZI (ID_ZBOZI,NAZEV,CENA,MNOZSTVI,MINMNOZSTVI,SKLAD_ID_SKLAD,ID_KATEGORIE) values ('167','Avivaz 1L','79,9','67','10','4','9');
Insert into ZBOZI (ID_ZBOZI,NAZEV,CENA,MNOZSTVI,MINMNOZSTVI,SKLAD_ID_SKLAD,ID_KATEGORIE) values ('168','Uklidovy sprej 500ml','49,9','90','10','4','9');
Insert into ZBOZI (ID_ZBOZI,NAZEV,CENA,MNOZSTVI,MINMNOZSTVI,SKLAD_ID_SKLAD,ID_KATEGORIE) values ('169','Pilsner Urquell 0.5L','22,9','200','20','2','10');
Insert into ZBOZI (ID_ZBOZI,NAZEV,CENA,MNOZSTVI,MINMNOZSTVI,SKLAD_ID_SKLAD,ID_KATEGORIE) values ('170','Gambrinus 0.5L','17,9','220','20','2','10');
Insert into ZBOZI (ID_ZBOZI,NAZEV,CENA,MNOZSTVI,MINMNOZSTVI,SKLAD_ID_SKLAD,ID_KATEGORIE) values ('171','Kozel 11 0.5L','19,9','210','20','2','10');
Insert into ZBOZI (ID_ZBOZI,NAZEV,CENA,MNOZSTVI,MINMNOZSTVI,SKLAD_ID_SKLAD,ID_KATEGORIE) values ('172','Cerne pivo 0.5L','21,9','150','15','2','10');
Insert into ZBOZI (ID_ZBOZI,NAZEV,CENA,MNOZSTVI,MINMNOZSTVI,SKLAD_ID_SKLAD,ID_KATEGORIE) values ('173','Vino cervene 0.75L','69,9','120','10','2','10');
Insert into ZBOZI (ID_ZBOZI,NAZEV,CENA,MNOZSTVI,MINMNOZSTVI,SKLAD_ID_SKLAD,ID_KATEGORIE) values ('174','Vino bile 0.75L','64,9','110','10','2','10');
Insert into ZBOZI (ID_ZBOZI,NAZEV,CENA,MNOZSTVI,MINMNOZSTVI,SKLAD_ID_SKLAD,ID_KATEGORIE) values ('175','Sekt Bohemia 0.75L','99,9','90','10','2','10');
Insert into ZBOZI (ID_ZBOZI,NAZEV,CENA,MNOZSTVI,MINMNOZSTVI,SKLAD_ID_SKLAD,ID_KATEGORIE) values ('176','Rum Tuzemsky 0.5L','129,9','80','10','2','10');
Insert into ZBOZI (ID_ZBOZI,NAZEV,CENA,MNOZSTVI,MINMNOZSTVI,SKLAD_ID_SKLAD,ID_KATEGORIE) values ('177','Vodka 0.5L','139,9','85','10','2','10');
Insert into ZBOZI (ID_ZBOZI,NAZEV,CENA,MNOZSTVI,MINMNOZSTVI,SKLAD_ID_SKLAD,ID_KATEGORIE) values ('178','Whisky 0.7L','249,9','60','10','2','10');
Insert into ZBOZI (ID_ZBOZI,NAZEV,CENA,MNOZSTVI,MINMNOZSTVI,SKLAD_ID_SKLAD,ID_KATEGORIE) values ('179','Pilsner Urquell 0.5L','22,9','180','20','4','10');
Insert into ZBOZI (ID_ZBOZI,NAZEV,CENA,MNOZSTVI,MINMNOZSTVI,SKLAD_ID_SKLAD,ID_KATEGORIE) values ('180','Gambrinus 0.5L','17,9','200','20','4','10');
Insert into ZBOZI (ID_ZBOZI,NAZEV,CENA,MNOZSTVI,MINMNOZSTVI,SKLAD_ID_SKLAD,ID_KATEGORIE) values ('181','Kozel 11 0.5L','19,9','190','20','4','10');
Insert into ZBOZI (ID_ZBOZI,NAZEV,CENA,MNOZSTVI,MINMNOZSTVI,SKLAD_ID_SKLAD,ID_KATEGORIE) values ('182','Cerne pivo 0.5L','21,9','130','15','4','10');
Insert into ZBOZI (ID_ZBOZI,NAZEV,CENA,MNOZSTVI,MINMNOZSTVI,SKLAD_ID_SKLAD,ID_KATEGORIE) values ('183','Vino cervene 0.75L','69,9','105','10','4','10');
Insert into ZBOZI (ID_ZBOZI,NAZEV,CENA,MNOZSTVI,MINMNOZSTVI,SKLAD_ID_SKLAD,ID_KATEGORIE) values ('184','Vino bile 0.75L','64,9','100','10','4','10');
Insert into ZBOZI (ID_ZBOZI,NAZEV,CENA,MNOZSTVI,MINMNOZSTVI,SKLAD_ID_SKLAD,ID_KATEGORIE) values ('185','Sekt Bohemia 0.75L','99,9','80','10','4','10');
Insert into ZBOZI (ID_ZBOZI,NAZEV,CENA,MNOZSTVI,MINMNOZSTVI,SKLAD_ID_SKLAD,ID_KATEGORIE) values ('186','Rum Tuzemsky 0.5L','129,9','70','10','4','10');
Insert into ZBOZI (ID_ZBOZI,NAZEV,CENA,MNOZSTVI,MINMNOZSTVI,SKLAD_ID_SKLAD,ID_KATEGORIE) values ('187','Vodka 0.5L','139,9','75','10','4','10');
Insert into ZBOZI (ID_ZBOZI,NAZEV,CENA,MNOZSTVI,MINMNOZSTVI,SKLAD_ID_SKLAD,ID_KATEGORIE) values ('188','Whisky 0.7L','249,9','55','10','4','10');
REM INSERTING into ZBOZI_DODAVATEL
SET DEFINE OFF;
Insert into ZBOZI_DODAVATEL (ID_UZIVATELU,ID_ZBOZI) values ('2','89');
Insert into ZBOZI_DODAVATEL (ID_UZIVATELU,ID_ZBOZI) values ('2','90');
Insert into ZBOZI_DODAVATEL (ID_UZIVATELU,ID_ZBOZI) values ('2','91');
Insert into ZBOZI_DODAVATEL (ID_UZIVATELU,ID_ZBOZI) values ('2','92');
Insert into ZBOZI_DODAVATEL (ID_UZIVATELU,ID_ZBOZI) values ('2','93');
Insert into ZBOZI_DODAVATEL (ID_UZIVATELU,ID_ZBOZI) values ('2','99');
Insert into ZBOZI_DODAVATEL (ID_UZIVATELU,ID_ZBOZI) values ('2','100');
Insert into ZBOZI_DODAVATEL (ID_UZIVATELU,ID_ZBOZI) values ('2','101');
Insert into ZBOZI_DODAVATEL (ID_UZIVATELU,ID_ZBOZI) values ('2','102');
Insert into ZBOZI_DODAVATEL (ID_UZIVATELU,ID_ZBOZI) values ('2','103');
Insert into ZBOZI_DODAVATEL (ID_UZIVATELU,ID_ZBOZI) values ('3','79');
Insert into ZBOZI_DODAVATEL (ID_UZIVATELU,ID_ZBOZI) values ('3','80');
Insert into ZBOZI_DODAVATEL (ID_UZIVATELU,ID_ZBOZI) values ('3','81');
Insert into ZBOZI_DODAVATEL (ID_UZIVATELU,ID_ZBOZI) values ('3','82');
Insert into ZBOZI_DODAVATEL (ID_UZIVATELU,ID_ZBOZI) values ('3','83');
Insert into ZBOZI_DODAVATEL (ID_UZIVATELU,ID_ZBOZI) values ('3','84');
Insert into ZBOZI_DODAVATEL (ID_UZIVATELU,ID_ZBOZI) values ('3','85');
Insert into ZBOZI_DODAVATEL (ID_UZIVATELU,ID_ZBOZI) values ('3','86');
Insert into ZBOZI_DODAVATEL (ID_UZIVATELU,ID_ZBOZI) values ('3','87');
Insert into ZBOZI_DODAVATEL (ID_UZIVATELU,ID_ZBOZI) values ('3','88');
Insert into ZBOZI_DODAVATEL (ID_UZIVATELU,ID_ZBOZI) values ('4','21');
Insert into ZBOZI_DODAVATEL (ID_UZIVATELU,ID_ZBOZI) values ('4','22');
Insert into ZBOZI_DODAVATEL (ID_UZIVATELU,ID_ZBOZI) values ('4','23');
Insert into ZBOZI_DODAVATEL (ID_UZIVATELU,ID_ZBOZI) values ('4','24');
Insert into ZBOZI_DODAVATEL (ID_UZIVATELU,ID_ZBOZI) values ('4','25');
Insert into ZBOZI_DODAVATEL (ID_UZIVATELU,ID_ZBOZI) values ('4','26');
Insert into ZBOZI_DODAVATEL (ID_UZIVATELU,ID_ZBOZI) values ('4','27');
Insert into ZBOZI_DODAVATEL (ID_UZIVATELU,ID_ZBOZI) values ('4','28');
Insert into ZBOZI_DODAVATEL (ID_UZIVATELU,ID_ZBOZI) values ('4','29');
Insert into ZBOZI_DODAVATEL (ID_UZIVATELU,ID_ZBOZI) values ('4','30');
Insert into ZBOZI_DODAVATEL (ID_UZIVATELU,ID_ZBOZI) values ('4','31');
Insert into ZBOZI_DODAVATEL (ID_UZIVATELU,ID_ZBOZI) values ('4','32');
Insert into ZBOZI_DODAVATEL (ID_UZIVATELU,ID_ZBOZI) values ('4','33');
Insert into ZBOZI_DODAVATEL (ID_UZIVATELU,ID_ZBOZI) values ('4','34');
Insert into ZBOZI_DODAVATEL (ID_UZIVATELU,ID_ZBOZI) values ('4','35');
Insert into ZBOZI_DODAVATEL (ID_UZIVATELU,ID_ZBOZI) values ('4','36');
Insert into ZBOZI_DODAVATEL (ID_UZIVATELU,ID_ZBOZI) values ('4','59');
Insert into ZBOZI_DODAVATEL (ID_UZIVATELU,ID_ZBOZI) values ('4','60');
Insert into ZBOZI_DODAVATEL (ID_UZIVATELU,ID_ZBOZI) values ('4','61');
Insert into ZBOZI_DODAVATEL (ID_UZIVATELU,ID_ZBOZI) values ('4','62');
Insert into ZBOZI_DODAVATEL (ID_UZIVATELU,ID_ZBOZI) values ('4','63');
Insert into ZBOZI_DODAVATEL (ID_UZIVATELU,ID_ZBOZI) values ('4','64');
Insert into ZBOZI_DODAVATEL (ID_UZIVATELU,ID_ZBOZI) values ('4','65');
Insert into ZBOZI_DODAVATEL (ID_UZIVATELU,ID_ZBOZI) values ('4','66');
Insert into ZBOZI_DODAVATEL (ID_UZIVATELU,ID_ZBOZI) values ('4','67');
Insert into ZBOZI_DODAVATEL (ID_UZIVATELU,ID_ZBOZI) values ('4','68');
Insert into ZBOZI_DODAVATEL (ID_UZIVATELU,ID_ZBOZI) values ('5','89');
Insert into ZBOZI_DODAVATEL (ID_UZIVATELU,ID_ZBOZI) values ('5','90');
Insert into ZBOZI_DODAVATEL (ID_UZIVATELU,ID_ZBOZI) values ('5','91');
Insert into ZBOZI_DODAVATEL (ID_UZIVATELU,ID_ZBOZI) values ('5','92');
Insert into ZBOZI_DODAVATEL (ID_UZIVATELU,ID_ZBOZI) values ('5','93');
Insert into ZBOZI_DODAVATEL (ID_UZIVATELU,ID_ZBOZI) values ('5','94');
Insert into ZBOZI_DODAVATEL (ID_UZIVATELU,ID_ZBOZI) values ('5','95');
Insert into ZBOZI_DODAVATEL (ID_UZIVATELU,ID_ZBOZI) values ('5','96');
Insert into ZBOZI_DODAVATEL (ID_UZIVATELU,ID_ZBOZI) values ('5','97');
Insert into ZBOZI_DODAVATEL (ID_UZIVATELU,ID_ZBOZI) values ('5','98');
Insert into ZBOZI_DODAVATEL (ID_UZIVATELU,ID_ZBOZI) values ('6','129');
Insert into ZBOZI_DODAVATEL (ID_UZIVATELU,ID_ZBOZI) values ('6','130');
Insert into ZBOZI_DODAVATEL (ID_UZIVATELU,ID_ZBOZI) values ('6','131');
Insert into ZBOZI_DODAVATEL (ID_UZIVATELU,ID_ZBOZI) values ('6','132');
Insert into ZBOZI_DODAVATEL (ID_UZIVATELU,ID_ZBOZI) values ('6','133');
Insert into ZBOZI_DODAVATEL (ID_UZIVATELU,ID_ZBOZI) values ('6','134');
Insert into ZBOZI_DODAVATEL (ID_UZIVATELU,ID_ZBOZI) values ('6','135');
Insert into ZBOZI_DODAVATEL (ID_UZIVATELU,ID_ZBOZI) values ('6','136');
Insert into ZBOZI_DODAVATEL (ID_UZIVATELU,ID_ZBOZI) values ('6','137');
Insert into ZBOZI_DODAVATEL (ID_UZIVATELU,ID_ZBOZI) values ('6','138');
Insert into ZBOZI_DODAVATEL (ID_UZIVATELU,ID_ZBOZI) values ('6','139');
Insert into ZBOZI_DODAVATEL (ID_UZIVATELU,ID_ZBOZI) values ('6','140');
Insert into ZBOZI_DODAVATEL (ID_UZIVATELU,ID_ZBOZI) values ('6','141');
Insert into ZBOZI_DODAVATEL (ID_UZIVATELU,ID_ZBOZI) values ('6','142');
Insert into ZBOZI_DODAVATEL (ID_UZIVATELU,ID_ZBOZI) values ('6','143');
Insert into ZBOZI_DODAVATEL (ID_UZIVATELU,ID_ZBOZI) values ('6','144');
Insert into ZBOZI_DODAVATEL (ID_UZIVATELU,ID_ZBOZI) values ('6','145');
Insert into ZBOZI_DODAVATEL (ID_UZIVATELU,ID_ZBOZI) values ('6','146');
Insert into ZBOZI_DODAVATEL (ID_UZIVATELU,ID_ZBOZI) values ('6','147');
Insert into ZBOZI_DODAVATEL (ID_UZIVATELU,ID_ZBOZI) values ('6','148');
Insert into ZBOZI_DODAVATEL (ID_UZIVATELU,ID_ZBOZI) values ('7','109');
Insert into ZBOZI_DODAVATEL (ID_UZIVATELU,ID_ZBOZI) values ('7','110');
Insert into ZBOZI_DODAVATEL (ID_UZIVATELU,ID_ZBOZI) values ('7','111');
Insert into ZBOZI_DODAVATEL (ID_UZIVATELU,ID_ZBOZI) values ('7','112');
Insert into ZBOZI_DODAVATEL (ID_UZIVATELU,ID_ZBOZI) values ('7','113');
Insert into ZBOZI_DODAVATEL (ID_UZIVATELU,ID_ZBOZI) values ('7','114');
Insert into ZBOZI_DODAVATEL (ID_UZIVATELU,ID_ZBOZI) values ('7','115');
Insert into ZBOZI_DODAVATEL (ID_UZIVATELU,ID_ZBOZI) values ('7','116');
Insert into ZBOZI_DODAVATEL (ID_UZIVATELU,ID_ZBOZI) values ('7','117');
Insert into ZBOZI_DODAVATEL (ID_UZIVATELU,ID_ZBOZI) values ('7','118');
Insert into ZBOZI_DODAVATEL (ID_UZIVATELU,ID_ZBOZI) values ('7','119');
Insert into ZBOZI_DODAVATEL (ID_UZIVATELU,ID_ZBOZI) values ('7','120');
Insert into ZBOZI_DODAVATEL (ID_UZIVATELU,ID_ZBOZI) values ('7','121');
Insert into ZBOZI_DODAVATEL (ID_UZIVATELU,ID_ZBOZI) values ('7','122');
Insert into ZBOZI_DODAVATEL (ID_UZIVATELU,ID_ZBOZI) values ('7','123');
Insert into ZBOZI_DODAVATEL (ID_UZIVATELU,ID_ZBOZI) values ('7','124');
Insert into ZBOZI_DODAVATEL (ID_UZIVATELU,ID_ZBOZI) values ('7','125');
Insert into ZBOZI_DODAVATEL (ID_UZIVATELU,ID_ZBOZI) values ('7','126');
Insert into ZBOZI_DODAVATEL (ID_UZIVATELU,ID_ZBOZI) values ('7','127');
Insert into ZBOZI_DODAVATEL (ID_UZIVATELU,ID_ZBOZI) values ('7','128');
Insert into ZBOZI_DODAVATEL (ID_UZIVATELU,ID_ZBOZI) values ('8','99');
Insert into ZBOZI_DODAVATEL (ID_UZIVATELU,ID_ZBOZI) values ('8','100');
Insert into ZBOZI_DODAVATEL (ID_UZIVATELU,ID_ZBOZI) values ('8','101');
Insert into ZBOZI_DODAVATEL (ID_UZIVATELU,ID_ZBOZI) values ('8','102');
Insert into ZBOZI_DODAVATEL (ID_UZIVATELU,ID_ZBOZI) values ('8','103');
Insert into ZBOZI_DODAVATEL (ID_UZIVATELU,ID_ZBOZI) values ('8','104');
Insert into ZBOZI_DODAVATEL (ID_UZIVATELU,ID_ZBOZI) values ('8','105');
Insert into ZBOZI_DODAVATEL (ID_UZIVATELU,ID_ZBOZI) values ('8','106');
Insert into ZBOZI_DODAVATEL (ID_UZIVATELU,ID_ZBOZI) values ('8','107');
Insert into ZBOZI_DODAVATEL (ID_UZIVATELU,ID_ZBOZI) values ('8','108');
Insert into ZBOZI_DODAVATEL (ID_UZIVATELU,ID_ZBOZI) values ('10','1');
Insert into ZBOZI_DODAVATEL (ID_UZIVATELU,ID_ZBOZI) values ('10','2');
Insert into ZBOZI_DODAVATEL (ID_UZIVATELU,ID_ZBOZI) values ('10','3');
Insert into ZBOZI_DODAVATEL (ID_UZIVATELU,ID_ZBOZI) values ('10','10');
Insert into ZBOZI_DODAVATEL (ID_UZIVATELU,ID_ZBOZI) values ('10','15');
Insert into ZBOZI_DODAVATEL (ID_UZIVATELU,ID_ZBOZI) values ('10','21');
Insert into ZBOZI_DODAVATEL (ID_UZIVATELU,ID_ZBOZI) values ('10','24');
Insert into ZBOZI_DODAVATEL (ID_UZIVATELU,ID_ZBOZI) values ('10','27');
Insert into ZBOZI_DODAVATEL (ID_UZIVATELU,ID_ZBOZI) values ('10','30');
Insert into ZBOZI_DODAVATEL (ID_UZIVATELU,ID_ZBOZI) values ('10','33');
Insert into ZBOZI_DODAVATEL (ID_UZIVATELU,ID_ZBOZI) values ('10','60');
Insert into ZBOZI_DODAVATEL (ID_UZIVATELU,ID_ZBOZI) values ('10','63');
Insert into ZBOZI_DODAVATEL (ID_UZIVATELU,ID_ZBOZI) values ('10','66');
Insert into ZBOZI_DODAVATEL (ID_UZIVATELU,ID_ZBOZI) values ('11','37');
Insert into ZBOZI_DODAVATEL (ID_UZIVATELU,ID_ZBOZI) values ('11','38');
Insert into ZBOZI_DODAVATEL (ID_UZIVATELU,ID_ZBOZI) values ('11','39');
Insert into ZBOZI_DODAVATEL (ID_UZIVATELU,ID_ZBOZI) values ('11','40');
Insert into ZBOZI_DODAVATEL (ID_UZIVATELU,ID_ZBOZI) values ('11','41');
Insert into ZBOZI_DODAVATEL (ID_UZIVATELU,ID_ZBOZI) values ('11','42');
Insert into ZBOZI_DODAVATEL (ID_UZIVATELU,ID_ZBOZI) values ('11','43');
Insert into ZBOZI_DODAVATEL (ID_UZIVATELU,ID_ZBOZI) values ('11','44');
Insert into ZBOZI_DODAVATEL (ID_UZIVATELU,ID_ZBOZI) values ('11','45');
Insert into ZBOZI_DODAVATEL (ID_UZIVATELU,ID_ZBOZI) values ('11','46');
Insert into ZBOZI_DODAVATEL (ID_UZIVATELU,ID_ZBOZI) values ('11','47');
Insert into ZBOZI_DODAVATEL (ID_UZIVATELU,ID_ZBOZI) values ('11','48');
Insert into ZBOZI_DODAVATEL (ID_UZIVATELU,ID_ZBOZI) values ('11','49');
Insert into ZBOZI_DODAVATEL (ID_UZIVATELU,ID_ZBOZI) values ('11','50');
Insert into ZBOZI_DODAVATEL (ID_UZIVATELU,ID_ZBOZI) values ('11','51');
Insert into ZBOZI_DODAVATEL (ID_UZIVATELU,ID_ZBOZI) values ('11','52');
Insert into ZBOZI_DODAVATEL (ID_UZIVATELU,ID_ZBOZI) values ('11','53');
Insert into ZBOZI_DODAVATEL (ID_UZIVATELU,ID_ZBOZI) values ('11','54');
Insert into ZBOZI_DODAVATEL (ID_UZIVATELU,ID_ZBOZI) values ('11','55');
Insert into ZBOZI_DODAVATEL (ID_UZIVATELU,ID_ZBOZI) values ('11','56');
Insert into ZBOZI_DODAVATEL (ID_UZIVATELU,ID_ZBOZI) values ('11','57');
Insert into ZBOZI_DODAVATEL (ID_UZIVATELU,ID_ZBOZI) values ('11','58');
Insert into ZBOZI_DODAVATEL (ID_UZIVATELU,ID_ZBOZI) values ('12','21');
Insert into ZBOZI_DODAVATEL (ID_UZIVATELU,ID_ZBOZI) values ('12','22');
Insert into ZBOZI_DODAVATEL (ID_UZIVATELU,ID_ZBOZI) values ('12','25');
Insert into ZBOZI_DODAVATEL (ID_UZIVATELU,ID_ZBOZI) values ('12','28');
Insert into ZBOZI_DODAVATEL (ID_UZIVATELU,ID_ZBOZI) values ('12','31');
Insert into ZBOZI_DODAVATEL (ID_UZIVATELU,ID_ZBOZI) values ('12','35');
Insert into ZBOZI_DODAVATEL (ID_UZIVATELU,ID_ZBOZI) values ('12','59');
Insert into ZBOZI_DODAVATEL (ID_UZIVATELU,ID_ZBOZI) values ('12','60');
Insert into ZBOZI_DODAVATEL (ID_UZIVATELU,ID_ZBOZI) values ('12','63');
Insert into ZBOZI_DODAVATEL (ID_UZIVATELU,ID_ZBOZI) values ('12','65');
Insert into ZBOZI_DODAVATEL (ID_UZIVATELU,ID_ZBOZI) values ('12','67');
Insert into ZBOZI_DODAVATEL (ID_UZIVATELU,ID_ZBOZI) values ('13','99');
Insert into ZBOZI_DODAVATEL (ID_UZIVATELU,ID_ZBOZI) values ('13','101');
Insert into ZBOZI_DODAVATEL (ID_UZIVATELU,ID_ZBOZI) values ('13','102');
Insert into ZBOZI_DODAVATEL (ID_UZIVATELU,ID_ZBOZI) values ('13','105');
Insert into ZBOZI_DODAVATEL (ID_UZIVATELU,ID_ZBOZI) values ('13','108');
Insert into ZBOZI_DODAVATEL (ID_UZIVATELU,ID_ZBOZI) values ('14','79');
Insert into ZBOZI_DODAVATEL (ID_UZIVATELU,ID_ZBOZI) values ('14','80');
Insert into ZBOZI_DODAVATEL (ID_UZIVATELU,ID_ZBOZI) values ('14','82');
Insert into ZBOZI_DODAVATEL (ID_UZIVATELU,ID_ZBOZI) values ('14','85');
Insert into ZBOZI_DODAVATEL (ID_UZIVATELU,ID_ZBOZI) values ('14','87');
Insert into ZBOZI_DODAVATEL (ID_UZIVATELU,ID_ZBOZI) values ('15','110');
Insert into ZBOZI_DODAVATEL (ID_UZIVATELU,ID_ZBOZI) values ('15','112');
Insert into ZBOZI_DODAVATEL (ID_UZIVATELU,ID_ZBOZI) values ('15','118');
Insert into ZBOZI_DODAVATEL (ID_UZIVATELU,ID_ZBOZI) values ('15','120');
Insert into ZBOZI_DODAVATEL (ID_UZIVATELU,ID_ZBOZI) values ('15','169');
Insert into ZBOZI_DODAVATEL (ID_UZIVATELU,ID_ZBOZI) values ('15','170');
Insert into ZBOZI_DODAVATEL (ID_UZIVATELU,ID_ZBOZI) values ('15','175');
Insert into ZBOZI_DODAVATEL (ID_UZIVATELU,ID_ZBOZI) values ('15','178');
Insert into ZBOZI_DODAVATEL (ID_UZIVATELU,ID_ZBOZI) values ('15','183');
Insert into ZBOZI_DODAVATEL (ID_UZIVATELU,ID_ZBOZI) values ('15','187');
Insert into ZBOZI_DODAVATEL (ID_UZIVATELU,ID_ZBOZI) values ('16','1');
Insert into ZBOZI_DODAVATEL (ID_UZIVATELU,ID_ZBOZI) values ('16','3');
Insert into ZBOZI_DODAVATEL (ID_UZIVATELU,ID_ZBOZI) values ('16','5');
Insert into ZBOZI_DODAVATEL (ID_UZIVATELU,ID_ZBOZI) values ('16','8');
Insert into ZBOZI_DODAVATEL (ID_UZIVATELU,ID_ZBOZI) values ('16','11');
Insert into ZBOZI_DODAVATEL (ID_UZIVATELU,ID_ZBOZI) values ('16','14');
Insert into ZBOZI_DODAVATEL (ID_UZIVATELU,ID_ZBOZI) values ('16','17');
Insert into ZBOZI_DODAVATEL (ID_UZIVATELU,ID_ZBOZI) values ('16','19');
Insert into ZBOZI_DODAVATEL (ID_UZIVATELU,ID_ZBOZI) values ('17','89');
Insert into ZBOZI_DODAVATEL (ID_UZIVATELU,ID_ZBOZI) values ('17','92');
Insert into ZBOZI_DODAVATEL (ID_UZIVATELU,ID_ZBOZI) values ('17','93');
Insert into ZBOZI_DODAVATEL (ID_UZIVATELU,ID_ZBOZI) values ('17','96');
Insert into ZBOZI_DODAVATEL (ID_UZIVATELU,ID_ZBOZI) values ('17','98');
Insert into ZBOZI_DODAVATEL (ID_UZIVATELU,ID_ZBOZI) values ('18','90');
Insert into ZBOZI_DODAVATEL (ID_UZIVATELU,ID_ZBOZI) values ('18','91');
Insert into ZBOZI_DODAVATEL (ID_UZIVATELU,ID_ZBOZI) values ('18','94');
Insert into ZBOZI_DODAVATEL (ID_UZIVATELU,ID_ZBOZI) values ('18','97');
Insert into ZBOZI_DODAVATEL (ID_UZIVATELU,ID_ZBOZI) values ('19','129');
Insert into ZBOZI_DODAVATEL (ID_UZIVATELU,ID_ZBOZI) values ('19','131');
Insert into ZBOZI_DODAVATEL (ID_UZIVATELU,ID_ZBOZI) values ('19','133');
Insert into ZBOZI_DODAVATEL (ID_UZIVATELU,ID_ZBOZI) values ('19','135');
Insert into ZBOZI_DODAVATEL (ID_UZIVATELU,ID_ZBOZI) values ('19','137');
Insert into ZBOZI_DODAVATEL (ID_UZIVATELU,ID_ZBOZI) values ('19','140');
Insert into ZBOZI_DODAVATEL (ID_UZIVATELU,ID_ZBOZI) values ('19','142');
Insert into ZBOZI_DODAVATEL (ID_UZIVATELU,ID_ZBOZI) values ('19','146');
REM INSERTING into ZPRAVA
SET DEFINE OFF;
Insert into ZPRAVA (ID_ZPRAVA,DATUMZASILANI,PRIJIMAC_ID,ODESILATEL_ID) values ('112',to_date('26.11.25','DD.MM.RR'),'82','43');
Insert into ZPRAVA (ID_ZPRAVA,DATUMZASILANI,PRIJIMAC_ID,ODESILATEL_ID) values ('115',to_date('26.11.25','DD.MM.RR'),'82','43');
Insert into ZPRAVA (ID_ZPRAVA,DATUMZASILANI,PRIJIMAC_ID,ODESILATEL_ID) values ('129',to_date('26.11.25','DD.MM.RR'),'82','43');
Insert into ZPRAVA (ID_ZPRAVA,DATUMZASILANI,PRIJIMAC_ID,ODESILATEL_ID) values ('130',to_date('26.11.25','DD.MM.RR'),'31','1');
Insert into ZPRAVA (ID_ZPRAVA,DATUMZASILANI,PRIJIMAC_ID,ODESILATEL_ID) values ('132',to_date('26.11.25','DD.MM.RR'),'1','31');
Insert into ZPRAVA (ID_ZPRAVA,DATUMZASILANI,PRIJIMAC_ID,ODESILATEL_ID) values ('133',to_date('26.11.25','DD.MM.RR'),'1','31');
Insert into ZPRAVA (ID_ZPRAVA,DATUMZASILANI,PRIJIMAC_ID,ODESILATEL_ID) values ('135',to_date('26.11.25','DD.MM.RR'),'1','31');
Insert into ZPRAVA (ID_ZPRAVA,DATUMZASILANI,PRIJIMAC_ID,ODESILATEL_ID) values ('136',to_date('26.11.25','DD.MM.RR'),'1','31');
Insert into ZPRAVA (ID_ZPRAVA,DATUMZASILANI,PRIJIMAC_ID,ODESILATEL_ID) values ('137',to_date('26.11.25','DD.MM.RR'),'1','31');
Insert into ZPRAVA (ID_ZPRAVA,DATUMZASILANI,PRIJIMAC_ID,ODESILATEL_ID) values ('138',to_date('26.11.25','DD.MM.RR'),'1','31');
Insert into ZPRAVA (ID_ZPRAVA,DATUMZASILANI,PRIJIMAC_ID,ODESILATEL_ID) values ('139',to_date('26.11.25','DD.MM.RR'),'1','31');
Insert into ZPRAVA (ID_ZPRAVA,DATUMZASILANI,PRIJIMAC_ID,ODESILATEL_ID) values ('140',to_date('26.11.25','DD.MM.RR'),'1','31');
Insert into ZPRAVA (ID_ZPRAVA,DATUMZASILANI,PRIJIMAC_ID,ODESILATEL_ID) values ('141',to_date('26.11.25','DD.MM.RR'),'1','31');
Insert into ZPRAVA (ID_ZPRAVA,DATUMZASILANI,PRIJIMAC_ID,ODESILATEL_ID) values ('142',to_date('26.11.25','DD.MM.RR'),'1','31');
Insert into ZPRAVA (ID_ZPRAVA,DATUMZASILANI,PRIJIMAC_ID,ODESILATEL_ID) values ('143',to_date('26.11.25','DD.MM.RR'),'1','31');
Insert into ZPRAVA (ID_ZPRAVA,DATUMZASILANI,PRIJIMAC_ID,ODESILATEL_ID) values ('144',to_date('26.11.25','DD.MM.RR'),'31','1');
Insert into ZPRAVA (ID_ZPRAVA,DATUMZASILANI,PRIJIMAC_ID,ODESILATEL_ID) values ('145',to_date('26.11.25','DD.MM.RR'),'1','31');
Insert into ZPRAVA (ID_ZPRAVA,DATUMZASILANI,PRIJIMAC_ID,ODESILATEL_ID) values ('146',to_date('26.11.25','DD.MM.RR'),'31','1');
Insert into ZPRAVA (ID_ZPRAVA,DATUMZASILANI,PRIJIMAC_ID,ODESILATEL_ID) values ('147',to_date('26.11.25','DD.MM.RR'),'1','31');
Insert into ZPRAVA (ID_ZPRAVA,DATUMZASILANI,PRIJIMAC_ID,ODESILATEL_ID) values ('148',to_date('26.11.25','DD.MM.RR'),'1','31');
Insert into ZPRAVA (ID_ZPRAVA,DATUMZASILANI,PRIJIMAC_ID,ODESILATEL_ID) values ('149',to_date('26.11.25','DD.MM.RR'),'1','31');
Insert into ZPRAVA (ID_ZPRAVA,DATUMZASILANI,PRIJIMAC_ID,ODESILATEL_ID) values ('150',to_date('26.11.25','DD.MM.RR'),'31','1');
Insert into ZPRAVA (ID_ZPRAVA,DATUMZASILANI,PRIJIMAC_ID,ODESILATEL_ID) values ('151',to_date('26.11.25','DD.MM.RR'),'31','1');
Insert into ZPRAVA (ID_ZPRAVA,DATUMZASILANI,PRIJIMAC_ID,ODESILATEL_ID) values ('152',to_date('26.11.25','DD.MM.RR'),'31','1');
Insert into ZPRAVA (ID_ZPRAVA,DATUMZASILANI,PRIJIMAC_ID,ODESILATEL_ID) values ('153',to_date('26.11.25','DD.MM.RR'),'31','1');
Insert into ZPRAVA (ID_ZPRAVA,DATUMZASILANI,PRIJIMAC_ID,ODESILATEL_ID) values ('154',to_date('26.11.25','DD.MM.RR'),'31','1');
Insert into ZPRAVA (ID_ZPRAVA,DATUMZASILANI,PRIJIMAC_ID,ODESILATEL_ID) values ('155',to_date('26.11.25','DD.MM.RR'),'31','1');
Insert into ZPRAVA (ID_ZPRAVA,DATUMZASILANI,PRIJIMAC_ID,ODESILATEL_ID) values ('156',to_date('26.11.25','DD.MM.RR'),'31','1');
Insert into ZPRAVA (ID_ZPRAVA,DATUMZASILANI,PRIJIMAC_ID,ODESILATEL_ID) values ('157',to_date('26.11.25','DD.MM.RR'),'31','1');
Insert into ZPRAVA (ID_ZPRAVA,DATUMZASILANI,PRIJIMAC_ID,ODESILATEL_ID) values ('158',to_date('26.11.25','DD.MM.RR'),'31','1');
Insert into ZPRAVA (ID_ZPRAVA,DATUMZASILANI,PRIJIMAC_ID,ODESILATEL_ID) values ('159',to_date('26.11.25','DD.MM.RR'),'1','31');
Insert into ZPRAVA (ID_ZPRAVA,DATUMZASILANI,PRIJIMAC_ID,ODESILATEL_ID) values ('160',to_date('26.11.25','DD.MM.RR'),'1','31');
Insert into ZPRAVA (ID_ZPRAVA,DATUMZASILANI,PRIJIMAC_ID,ODESILATEL_ID) values ('161',to_date('26.11.25','DD.MM.RR'),'1','31');
Insert into ZPRAVA (ID_ZPRAVA,DATUMZASILANI,PRIJIMAC_ID,ODESILATEL_ID) values ('162',to_date('26.11.25','DD.MM.RR'),'1','31');
Insert into ZPRAVA (ID_ZPRAVA,DATUMZASILANI,PRIJIMAC_ID,ODESILATEL_ID) values ('163',to_date('26.11.25','DD.MM.RR'),'1','31');
Insert into ZPRAVA (ID_ZPRAVA,DATUMZASILANI,PRIJIMAC_ID,ODESILATEL_ID) values ('164',to_date('26.11.25','DD.MM.RR'),'1','31');
Insert into ZPRAVA (ID_ZPRAVA,DATUMZASILANI,PRIJIMAC_ID,ODESILATEL_ID) values ('165',to_date('26.11.25','DD.MM.RR'),'1','31');
Insert into ZPRAVA (ID_ZPRAVA,DATUMZASILANI,PRIJIMAC_ID,ODESILATEL_ID) values ('168',to_date('26.11.25','DD.MM.RR'),'7','1');
Insert into ZPRAVA (ID_ZPRAVA,DATUMZASILANI,PRIJIMAC_ID,ODESILATEL_ID) values ('169',to_date('26.11.25','DD.MM.RR'),'31','1');
Insert into ZPRAVA (ID_ZPRAVA,DATUMZASILANI,PRIJIMAC_ID,ODESILATEL_ID) values ('170',to_date('26.11.25','DD.MM.RR'),'82','1');
Insert into ZPRAVA (ID_ZPRAVA,DATUMZASILANI,PRIJIMAC_ID,ODESILATEL_ID) values ('171',to_date('27.11.25','DD.MM.RR'),'31','1');
Insert into ZPRAVA (ID_ZPRAVA,DATUMZASILANI,PRIJIMAC_ID,ODESILATEL_ID) values ('172',to_date('27.11.25','DD.MM.RR'),'82','1');
Insert into ZPRAVA (ID_ZPRAVA,DATUMZASILANI,PRIJIMAC_ID,ODESILATEL_ID) values ('173',to_date('27.11.25','DD.MM.RR'),'31','1');
Insert into ZPRAVA (ID_ZPRAVA,DATUMZASILANI,PRIJIMAC_ID,ODESILATEL_ID) values ('174',to_date('27.11.25','DD.MM.RR'),'82','1');
Insert into ZPRAVA (ID_ZPRAVA,DATUMZASILANI,PRIJIMAC_ID,ODESILATEL_ID) values ('181',to_date('27.11.25','DD.MM.RR'),'82','83');
Insert into ZPRAVA (ID_ZPRAVA,DATUMZASILANI,PRIJIMAC_ID,ODESILATEL_ID) values ('257',to_date('29.11.25','DD.MM.RR'),'86','82');
Insert into ZPRAVA (ID_ZPRAVA,DATUMZASILANI,PRIJIMAC_ID,ODESILATEL_ID) values ('259',to_date('29.11.25','DD.MM.RR'),'86','82');
Insert into ZPRAVA (ID_ZPRAVA,DATUMZASILANI,PRIJIMAC_ID,ODESILATEL_ID) values ('260',to_date('29.11.25','DD.MM.RR'),'86','82');
Insert into ZPRAVA (ID_ZPRAVA,DATUMZASILANI,PRIJIMAC_ID,ODESILATEL_ID) values ('263',to_date('01.12.25','DD.MM.RR'),'82','87');
Insert into ZPRAVA (ID_ZPRAVA,DATUMZASILANI,PRIJIMAC_ID,ODESILATEL_ID) values ('264',to_date('01.12.25','DD.MM.RR'),'82','87');
Insert into ZPRAVA (ID_ZPRAVA,DATUMZASILANI,PRIJIMAC_ID,ODESILATEL_ID) values ('265',to_date('01.12.25','DD.MM.RR'),'82','87');
Insert into ZPRAVA (ID_ZPRAVA,DATUMZASILANI,PRIJIMAC_ID,ODESILATEL_ID) values ('266',to_date('01.12.25','DD.MM.RR'),'86','89');
Insert into ZPRAVA (ID_ZPRAVA,DATUMZASILANI,PRIJIMAC_ID,ODESILATEL_ID) values ('270',to_date('05.12.25','DD.MM.RR'),'82','86');
Insert into ZPRAVA (ID_ZPRAVA,DATUMZASILANI,PRIJIMAC_ID,ODESILATEL_ID) values ('273',to_date('06.12.25','DD.MM.RR'),'86','41');
Insert into ZPRAVA (ID_ZPRAVA,DATUMZASILANI,PRIJIMAC_ID,ODESILATEL_ID) values ('276',to_date('06.12.25','DD.MM.RR'),'1','91');
Insert into ZPRAVA (ID_ZPRAVA,DATUMZASILANI,PRIJIMAC_ID,ODESILATEL_ID) values ('1',to_date('26.11.25','DD.MM.RR'),'51','82');
Insert into ZPRAVA (ID_ZPRAVA,DATUMZASILANI,PRIJIMAC_ID,ODESILATEL_ID) values ('2',to_date('26.11.25','DD.MM.RR'),'51','82');
Insert into ZPRAVA (ID_ZPRAVA,DATUMZASILANI,PRIJIMAC_ID,ODESILATEL_ID) values ('3',to_date('26.11.25','DD.MM.RR'),'51','82');
Insert into ZPRAVA (ID_ZPRAVA,DATUMZASILANI,PRIJIMAC_ID,ODESILATEL_ID) values ('4',to_date('26.11.25','DD.MM.RR'),'51','82');
Insert into ZPRAVA (ID_ZPRAVA,DATUMZASILANI,PRIJIMAC_ID,ODESILATEL_ID) values ('5',to_date('26.11.25','DD.MM.RR'),'51','82');
Insert into ZPRAVA (ID_ZPRAVA,DATUMZASILANI,PRIJIMAC_ID,ODESILATEL_ID) values ('7',to_date('26.11.25','DD.MM.RR'),'51','82');
Insert into ZPRAVA (ID_ZPRAVA,DATUMZASILANI,PRIJIMAC_ID,ODESILATEL_ID) values ('8',to_date('26.11.25','DD.MM.RR'),'51','82');
Insert into ZPRAVA (ID_ZPRAVA,DATUMZASILANI,PRIJIMAC_ID,ODESILATEL_ID) values ('9',to_date('26.11.25','DD.MM.RR'),'51','82');
Insert into ZPRAVA (ID_ZPRAVA,DATUMZASILANI,PRIJIMAC_ID,ODESILATEL_ID) values ('10',to_date('26.11.25','DD.MM.RR'),'51','82');
Insert into ZPRAVA (ID_ZPRAVA,DATUMZASILANI,PRIJIMAC_ID,ODESILATEL_ID) values ('11',to_date('26.11.25','DD.MM.RR'),'51','82');
Insert into ZPRAVA (ID_ZPRAVA,DATUMZASILANI,PRIJIMAC_ID,ODESILATEL_ID) values ('13',to_date('26.11.25','DD.MM.RR'),'51','82');
Insert into ZPRAVA (ID_ZPRAVA,DATUMZASILANI,PRIJIMAC_ID,ODESILATEL_ID) values ('14',to_date('26.11.25','DD.MM.RR'),'82','51');
Insert into ZPRAVA (ID_ZPRAVA,DATUMZASILANI,PRIJIMAC_ID,ODESILATEL_ID) values ('15',to_date('26.11.25','DD.MM.RR'),'51','82');
Insert into ZPRAVA (ID_ZPRAVA,DATUMZASILANI,PRIJIMAC_ID,ODESILATEL_ID) values ('17',to_date('26.11.25','DD.MM.RR'),'82','51');
Insert into ZPRAVA (ID_ZPRAVA,DATUMZASILANI,PRIJIMAC_ID,ODESILATEL_ID) values ('18',to_date('26.11.25','DD.MM.RR'),'6','82');
Insert into ZPRAVA (ID_ZPRAVA,DATUMZASILANI,PRIJIMAC_ID,ODESILATEL_ID) values ('19',to_date('26.11.25','DD.MM.RR'),'6','82');
Insert into ZPRAVA (ID_ZPRAVA,DATUMZASILANI,PRIJIMAC_ID,ODESILATEL_ID) values ('20',to_date('26.11.25','DD.MM.RR'),'6','82');
Insert into ZPRAVA (ID_ZPRAVA,DATUMZASILANI,PRIJIMAC_ID,ODESILATEL_ID) values ('21',to_date('26.11.25','DD.MM.RR'),'6','82');
Insert into ZPRAVA (ID_ZPRAVA,DATUMZASILANI,PRIJIMAC_ID,ODESILATEL_ID) values ('22',to_date('26.11.25','DD.MM.RR'),'6','82');
Insert into ZPRAVA (ID_ZPRAVA,DATUMZASILANI,PRIJIMAC_ID,ODESILATEL_ID) values ('23',to_date('26.11.25','DD.MM.RR'),'6','82');
Insert into ZPRAVA (ID_ZPRAVA,DATUMZASILANI,PRIJIMAC_ID,ODESILATEL_ID) values ('31',to_date('26.11.25','DD.MM.RR'),'82','43');
Insert into ZPRAVA (ID_ZPRAVA,DATUMZASILANI,PRIJIMAC_ID,ODESILATEL_ID) values ('32',to_date('26.11.25','DD.MM.RR'),'82','43');
Insert into ZPRAVA (ID_ZPRAVA,DATUMZASILANI,PRIJIMAC_ID,ODESILATEL_ID) values ('33',to_date('26.11.25','DD.MM.RR'),'82','43');
Insert into ZPRAVA (ID_ZPRAVA,DATUMZASILANI,PRIJIMAC_ID,ODESILATEL_ID) values ('34',to_date('26.11.25','DD.MM.RR'),'43','82');
Insert into ZPRAVA (ID_ZPRAVA,DATUMZASILANI,PRIJIMAC_ID,ODESILATEL_ID) values ('35',to_date('26.11.25','DD.MM.RR'),'43','82');
Insert into ZPRAVA (ID_ZPRAVA,DATUMZASILANI,PRIJIMAC_ID,ODESILATEL_ID) values ('36',to_date('26.11.25','DD.MM.RR'),'43','82');
Insert into ZPRAVA (ID_ZPRAVA,DATUMZASILANI,PRIJIMAC_ID,ODESILATEL_ID) values ('37',to_date('26.11.25','DD.MM.RR'),'43','82');
Insert into ZPRAVA (ID_ZPRAVA,DATUMZASILANI,PRIJIMAC_ID,ODESILATEL_ID) values ('38',to_date('26.11.25','DD.MM.RR'),'43','82');
Insert into ZPRAVA (ID_ZPRAVA,DATUMZASILANI,PRIJIMAC_ID,ODESILATEL_ID) values ('39',to_date('26.11.25','DD.MM.RR'),'82','43');
Insert into ZPRAVA (ID_ZPRAVA,DATUMZASILANI,PRIJIMAC_ID,ODESILATEL_ID) values ('40',to_date('26.11.25','DD.MM.RR'),'82','43');
Insert into ZPRAVA (ID_ZPRAVA,DATUMZASILANI,PRIJIMAC_ID,ODESILATEL_ID) values ('41',to_date('26.11.25','DD.MM.RR'),'43','82');
Insert into ZPRAVA (ID_ZPRAVA,DATUMZASILANI,PRIJIMAC_ID,ODESILATEL_ID) values ('42',to_date('26.11.25','DD.MM.RR'),'82','43');
Insert into ZPRAVA (ID_ZPRAVA,DATUMZASILANI,PRIJIMAC_ID,ODESILATEL_ID) values ('43',to_date('26.11.25','DD.MM.RR'),'82','43');
Insert into ZPRAVA (ID_ZPRAVA,DATUMZASILANI,PRIJIMAC_ID,ODESILATEL_ID) values ('44',to_date('26.11.25','DD.MM.RR'),'82','43');
Insert into ZPRAVA (ID_ZPRAVA,DATUMZASILANI,PRIJIMAC_ID,ODESILATEL_ID) values ('45',to_date('26.11.25','DD.MM.RR'),'82','43');
Insert into ZPRAVA (ID_ZPRAVA,DATUMZASILANI,PRIJIMAC_ID,ODESILATEL_ID) values ('46',to_date('26.11.25','DD.MM.RR'),'82','43');
Insert into ZPRAVA (ID_ZPRAVA,DATUMZASILANI,PRIJIMAC_ID,ODESILATEL_ID) values ('166',to_date('26.11.25','DD.MM.RR'),'1','82');
Insert into ZPRAVA (ID_ZPRAVA,DATUMZASILANI,PRIJIMAC_ID,ODESILATEL_ID) values ('167',to_date('26.11.25','DD.MM.RR'),'82','1');
Insert into ZPRAVA (ID_ZPRAVA,DATUMZASILANI,PRIJIMAC_ID,ODESILATEL_ID) values ('177',to_date('27.11.25','DD.MM.RR'),'82','83');
Insert into ZPRAVA (ID_ZPRAVA,DATUMZASILANI,PRIJIMAC_ID,ODESILATEL_ID) values ('178',to_date('27.11.25','DD.MM.RR'),'82','83');
Insert into ZPRAVA (ID_ZPRAVA,DATUMZASILANI,PRIJIMAC_ID,ODESILATEL_ID) values ('180',to_date('27.11.25','DD.MM.RR'),'82','83');
Insert into ZPRAVA (ID_ZPRAVA,DATUMZASILANI,PRIJIMAC_ID,ODESILATEL_ID) values ('187',to_date('27.11.25','DD.MM.RR'),'82','84');
Insert into ZPRAVA (ID_ZPRAVA,DATUMZASILANI,PRIJIMAC_ID,ODESILATEL_ID) values ('242',to_date('29.11.25','DD.MM.RR'),'82','86');
Insert into ZPRAVA (ID_ZPRAVA,DATUMZASILANI,PRIJIMAC_ID,ODESILATEL_ID) values ('243',to_date('29.11.25','DD.MM.RR'),'82','86');
Insert into ZPRAVA (ID_ZPRAVA,DATUMZASILANI,PRIJIMAC_ID,ODESILATEL_ID) values ('244',to_date('29.11.25','DD.MM.RR'),'82','86');
Insert into ZPRAVA (ID_ZPRAVA,DATUMZASILANI,PRIJIMAC_ID,ODESILATEL_ID) values ('245',to_date('29.11.25','DD.MM.RR'),'82','86');
Insert into ZPRAVA (ID_ZPRAVA,DATUMZASILANI,PRIJIMAC_ID,ODESILATEL_ID) values ('246',to_date('29.11.25','DD.MM.RR'),'82','86');
Insert into ZPRAVA (ID_ZPRAVA,DATUMZASILANI,PRIJIMAC_ID,ODESILATEL_ID) values ('247',to_date('29.11.25','DD.MM.RR'),'82','86');
Insert into ZPRAVA (ID_ZPRAVA,DATUMZASILANI,PRIJIMAC_ID,ODESILATEL_ID) values ('248',to_date('29.11.25','DD.MM.RR'),'82','86');
Insert into ZPRAVA (ID_ZPRAVA,DATUMZASILANI,PRIJIMAC_ID,ODESILATEL_ID) values ('249',to_date('29.11.25','DD.MM.RR'),'82','86');
Insert into ZPRAVA (ID_ZPRAVA,DATUMZASILANI,PRIJIMAC_ID,ODESILATEL_ID) values ('250',to_date('29.11.25','DD.MM.RR'),'82','86');
Insert into ZPRAVA (ID_ZPRAVA,DATUMZASILANI,PRIJIMAC_ID,ODESILATEL_ID) values ('251',to_date('29.11.25','DD.MM.RR'),'82','86');
Insert into ZPRAVA (ID_ZPRAVA,DATUMZASILANI,PRIJIMAC_ID,ODESILATEL_ID) values ('252',to_date('29.11.25','DD.MM.RR'),'82','86');
Insert into ZPRAVA (ID_ZPRAVA,DATUMZASILANI,PRIJIMAC_ID,ODESILATEL_ID) values ('253',to_date('29.11.25','DD.MM.RR'),'82','86');
Insert into ZPRAVA (ID_ZPRAVA,DATUMZASILANI,PRIJIMAC_ID,ODESILATEL_ID) values ('254',to_date('29.11.25','DD.MM.RR'),'82','86');
Insert into ZPRAVA (ID_ZPRAVA,DATUMZASILANI,PRIJIMAC_ID,ODESILATEL_ID) values ('256',to_date('29.11.25','DD.MM.RR'),'82','86');
Insert into ZPRAVA (ID_ZPRAVA,DATUMZASILANI,PRIJIMAC_ID,ODESILATEL_ID) values ('261',to_date('29.11.25','DD.MM.RR'),'82','86');
Insert into ZPRAVA (ID_ZPRAVA,DATUMZASILANI,PRIJIMAC_ID,ODESILATEL_ID) values ('262',to_date('29.11.25','DD.MM.RR'),'86','86');
Insert into ZPRAVA (ID_ZPRAVA,DATUMZASILANI,PRIJIMAC_ID,ODESILATEL_ID) values ('26',to_date('26.11.25','DD.MM.RR'),'43','82');
Insert into ZPRAVA (ID_ZPRAVA,DATUMZASILANI,PRIJIMAC_ID,ODESILATEL_ID) values ('27',to_date('26.11.25','DD.MM.RR'),'43','82');
Insert into ZPRAVA (ID_ZPRAVA,DATUMZASILANI,PRIJIMAC_ID,ODESILATEL_ID) values ('28',to_date('26.11.25','DD.MM.RR'),'82','43');
Insert into ZPRAVA (ID_ZPRAVA,DATUMZASILANI,PRIJIMAC_ID,ODESILATEL_ID) values ('29',to_date('26.11.25','DD.MM.RR'),'43','82');
Insert into ZPRAVA (ID_ZPRAVA,DATUMZASILANI,PRIJIMAC_ID,ODESILATEL_ID) values ('30',to_date('26.11.25','DD.MM.RR'),'82','43');
Insert into ZPRAVA (ID_ZPRAVA,DATUMZASILANI,PRIJIMAC_ID,ODESILATEL_ID) values ('258',to_date('29.11.25','DD.MM.RR'),'86','86');
Insert into ZPRAVA (ID_ZPRAVA,DATUMZASILANI,PRIJIMAC_ID,ODESILATEL_ID) values ('268',to_date('04.12.25','DD.MM.RR'),'86','82');
Insert into ZPRAVA (ID_ZPRAVA,DATUMZASILANI,PRIJIMAC_ID,ODESILATEL_ID) values ('269',to_date('05.12.25','DD.MM.RR'),'82','86');
Insert into ZPRAVA (ID_ZPRAVA,DATUMZASILANI,PRIJIMAC_ID,ODESILATEL_ID) values ('274',to_date('06.12.25','DD.MM.RR'),'1','41');
Insert into ZPRAVA (ID_ZPRAVA,DATUMZASILANI,PRIJIMAC_ID,ODESILATEL_ID) values ('6',to_date('26.11.25','DD.MM.RR'),'51','82');
Insert into ZPRAVA (ID_ZPRAVA,DATUMZASILANI,PRIJIMAC_ID,ODESILATEL_ID) values ('12',to_date('26.11.25','DD.MM.RR'),'51','82');
Insert into ZPRAVA (ID_ZPRAVA,DATUMZASILANI,PRIJIMAC_ID,ODESILATEL_ID) values ('24',to_date('26.11.25','DD.MM.RR'),'82','51');
Insert into ZPRAVA (ID_ZPRAVA,DATUMZASILANI,PRIJIMAC_ID,ODESILATEL_ID) values ('25',to_date('26.11.25','DD.MM.RR'),'51','82');
Insert into ZPRAVA (ID_ZPRAVA,DATUMZASILANI,PRIJIMAC_ID,ODESILATEL_ID) values ('131',to_date('26.11.25','DD.MM.RR'),'1','1');
Insert into ZPRAVA (ID_ZPRAVA,DATUMZASILANI,PRIJIMAC_ID,ODESILATEL_ID) values ('186',to_date('27.11.25','DD.MM.RR'),'82','84');
Insert into ZPRAVA (ID_ZPRAVA,DATUMZASILANI,PRIJIMAC_ID,ODESILATEL_ID) values ('190',to_date('27.11.25','DD.MM.RR'),'82','84');
Insert into ZPRAVA (ID_ZPRAVA,DATUMZASILANI,PRIJIMAC_ID,ODESILATEL_ID) values ('191',to_date('27.11.25','DD.MM.RR'),'82','84');
Insert into ZPRAVA (ID_ZPRAVA,DATUMZASILANI,PRIJIMAC_ID,ODESILATEL_ID) values ('192',to_date('27.11.25','DD.MM.RR'),'84','82');
Insert into ZPRAVA (ID_ZPRAVA,DATUMZASILANI,PRIJIMAC_ID,ODESILATEL_ID) values ('193',to_date('27.11.25','DD.MM.RR'),'84','82');
Insert into ZPRAVA (ID_ZPRAVA,DATUMZASILANI,PRIJIMAC_ID,ODESILATEL_ID) values ('194',to_date('27.11.25','DD.MM.RR'),'82','84');
Insert into ZPRAVA (ID_ZPRAVA,DATUMZASILANI,PRIJIMAC_ID,ODESILATEL_ID) values ('195',to_date('27.11.25','DD.MM.RR'),'82','84');
Insert into ZPRAVA (ID_ZPRAVA,DATUMZASILANI,PRIJIMAC_ID,ODESILATEL_ID) values ('196',to_date('27.11.25','DD.MM.RR'),'82','84');
Insert into ZPRAVA (ID_ZPRAVA,DATUMZASILANI,PRIJIMAC_ID,ODESILATEL_ID) values ('197',to_date('27.11.25','DD.MM.RR'),'82','84');
Insert into ZPRAVA (ID_ZPRAVA,DATUMZASILANI,PRIJIMAC_ID,ODESILATEL_ID) values ('198',to_date('27.11.25','DD.MM.RR'),'82','84');
Insert into ZPRAVA (ID_ZPRAVA,DATUMZASILANI,PRIJIMAC_ID,ODESILATEL_ID) values ('199',to_date('27.11.25','DD.MM.RR'),'82','84');
Insert into ZPRAVA (ID_ZPRAVA,DATUMZASILANI,PRIJIMAC_ID,ODESILATEL_ID) values ('200',to_date('27.11.25','DD.MM.RR'),'82','84');
Insert into ZPRAVA (ID_ZPRAVA,DATUMZASILANI,PRIJIMAC_ID,ODESILATEL_ID) values ('214',to_date('27.11.25','DD.MM.RR'),'82','84');
Insert into ZPRAVA (ID_ZPRAVA,DATUMZASILANI,PRIJIMAC_ID,ODESILATEL_ID) values ('215',to_date('27.11.25','DD.MM.RR'),'82','84');
Insert into ZPRAVA (ID_ZPRAVA,DATUMZASILANI,PRIJIMAC_ID,ODESILATEL_ID) values ('216',to_date('27.11.25','DD.MM.RR'),'82','84');
Insert into ZPRAVA (ID_ZPRAVA,DATUMZASILANI,PRIJIMAC_ID,ODESILATEL_ID) values ('217',to_date('27.11.25','DD.MM.RR'),'84','82');
Insert into ZPRAVA (ID_ZPRAVA,DATUMZASILANI,PRIJIMAC_ID,ODESILATEL_ID) values ('218',to_date('27.11.25','DD.MM.RR'),'82','84');
Insert into ZPRAVA (ID_ZPRAVA,DATUMZASILANI,PRIJIMAC_ID,ODESILATEL_ID) values ('219',to_date('27.11.25','DD.MM.RR'),'82','84');
Insert into ZPRAVA (ID_ZPRAVA,DATUMZASILANI,PRIJIMAC_ID,ODESILATEL_ID) values ('220',to_date('27.11.25','DD.MM.RR'),'82','84');
Insert into ZPRAVA (ID_ZPRAVA,DATUMZASILANI,PRIJIMAC_ID,ODESILATEL_ID) values ('221',to_date('27.11.25','DD.MM.RR'),'82','84');
Insert into ZPRAVA (ID_ZPRAVA,DATUMZASILANI,PRIJIMAC_ID,ODESILATEL_ID) values ('222',to_date('27.11.25','DD.MM.RR'),'82','84');
Insert into ZPRAVA (ID_ZPRAVA,DATUMZASILANI,PRIJIMAC_ID,ODESILATEL_ID) values ('223',to_date('27.11.25','DD.MM.RR'),'82','84');
Insert into ZPRAVA (ID_ZPRAVA,DATUMZASILANI,PRIJIMAC_ID,ODESILATEL_ID) values ('224',to_date('27.11.25','DD.MM.RR'),'82','84');
Insert into ZPRAVA (ID_ZPRAVA,DATUMZASILANI,PRIJIMAC_ID,ODESILATEL_ID) values ('225',to_date('27.11.25','DD.MM.RR'),'82','84');
Insert into ZPRAVA (ID_ZPRAVA,DATUMZASILANI,PRIJIMAC_ID,ODESILATEL_ID) values ('226',to_date('27.11.25','DD.MM.RR'),'82','84');
Insert into ZPRAVA (ID_ZPRAVA,DATUMZASILANI,PRIJIMAC_ID,ODESILATEL_ID) values ('227',to_date('27.11.25','DD.MM.RR'),'82','84');
Insert into ZPRAVA (ID_ZPRAVA,DATUMZASILANI,PRIJIMAC_ID,ODESILATEL_ID) values ('228',to_date('27.11.25','DD.MM.RR'),'82','84');
Insert into ZPRAVA (ID_ZPRAVA,DATUMZASILANI,PRIJIMAC_ID,ODESILATEL_ID) values ('229',to_date('27.11.25','DD.MM.RR'),'82','84');
Insert into ZPRAVA (ID_ZPRAVA,DATUMZASILANI,PRIJIMAC_ID,ODESILATEL_ID) values ('230',to_date('27.11.25','DD.MM.RR'),'82','1');
Insert into ZPRAVA (ID_ZPRAVA,DATUMZASILANI,PRIJIMAC_ID,ODESILATEL_ID) values ('231',to_date('27.11.25','DD.MM.RR'),'82','1');
Insert into ZPRAVA (ID_ZPRAVA,DATUMZASILANI,PRIJIMAC_ID,ODESILATEL_ID) values ('232',to_date('27.11.25','DD.MM.RR'),'82','1');
Insert into ZPRAVA (ID_ZPRAVA,DATUMZASILANI,PRIJIMAC_ID,ODESILATEL_ID) values ('233',to_date('27.11.25','DD.MM.RR'),'82','1');
Insert into ZPRAVA (ID_ZPRAVA,DATUMZASILANI,PRIJIMAC_ID,ODESILATEL_ID) values ('234',to_date('27.11.25','DD.MM.RR'),'82','1');
Insert into ZPRAVA (ID_ZPRAVA,DATUMZASILANI,PRIJIMAC_ID,ODESILATEL_ID) values ('235',to_date('27.11.25','DD.MM.RR'),'82','1');
Insert into ZPRAVA (ID_ZPRAVA,DATUMZASILANI,PRIJIMAC_ID,ODESILATEL_ID) values ('236',to_date('27.11.25','DD.MM.RR'),'82','1');
Insert into ZPRAVA (ID_ZPRAVA,DATUMZASILANI,PRIJIMAC_ID,ODESILATEL_ID) values ('237',to_date('27.11.25','DD.MM.RR'),'82','1');
Insert into ZPRAVA (ID_ZPRAVA,DATUMZASILANI,PRIJIMAC_ID,ODESILATEL_ID) values ('238',to_date('27.11.25','DD.MM.RR'),'82','1');
Insert into ZPRAVA (ID_ZPRAVA,DATUMZASILANI,PRIJIMAC_ID,ODESILATEL_ID) values ('239',to_date('27.11.25','DD.MM.RR'),'82','1');
Insert into ZPRAVA (ID_ZPRAVA,DATUMZASILANI,PRIJIMAC_ID,ODESILATEL_ID) values ('240',to_date('27.11.25','DD.MM.RR'),'82','1');
Insert into ZPRAVA (ID_ZPRAVA,DATUMZASILANI,PRIJIMAC_ID,ODESILATEL_ID) values ('267',to_date('01.12.25','DD.MM.RR'),'86','89');
Insert into ZPRAVA (ID_ZPRAVA,DATUMZASILANI,PRIJIMAC_ID,ODESILATEL_ID) values ('275',to_date('06.12.25','DD.MM.RR'),'41','86');
Insert into ZPRAVA (ID_ZPRAVA,DATUMZASILANI,PRIJIMAC_ID,ODESILATEL_ID) values ('16',to_date('26.11.25','DD.MM.RR'),'82','82');
Insert into ZPRAVA (ID_ZPRAVA,DATUMZASILANI,PRIJIMAC_ID,ODESILATEL_ID) values ('47',to_date('26.11.25','DD.MM.RR'),'82','43');
Insert into ZPRAVA (ID_ZPRAVA,DATUMZASILANI,PRIJIMAC_ID,ODESILATEL_ID) values ('48',to_date('26.11.25','DD.MM.RR'),'82','43');
Insert into ZPRAVA (ID_ZPRAVA,DATUMZASILANI,PRIJIMAC_ID,ODESILATEL_ID) values ('49',to_date('26.11.25','DD.MM.RR'),'82','43');
Insert into ZPRAVA (ID_ZPRAVA,DATUMZASILANI,PRIJIMAC_ID,ODESILATEL_ID) values ('50',to_date('26.11.25','DD.MM.RR'),'82','43');
Insert into ZPRAVA (ID_ZPRAVA,DATUMZASILANI,PRIJIMAC_ID,ODESILATEL_ID) values ('51',to_date('26.11.25','DD.MM.RR'),'82','43');
Insert into ZPRAVA (ID_ZPRAVA,DATUMZASILANI,PRIJIMAC_ID,ODESILATEL_ID) values ('52',to_date('26.11.25','DD.MM.RR'),'82','43');
Insert into ZPRAVA (ID_ZPRAVA,DATUMZASILANI,PRIJIMAC_ID,ODESILATEL_ID) values ('53',to_date('26.11.25','DD.MM.RR'),'82','43');
Insert into ZPRAVA (ID_ZPRAVA,DATUMZASILANI,PRIJIMAC_ID,ODESILATEL_ID) values ('54',to_date('26.11.25','DD.MM.RR'),'82','43');
Insert into ZPRAVA (ID_ZPRAVA,DATUMZASILANI,PRIJIMAC_ID,ODESILATEL_ID) values ('55',to_date('26.11.25','DD.MM.RR'),'82','43');
Insert into ZPRAVA (ID_ZPRAVA,DATUMZASILANI,PRIJIMAC_ID,ODESILATEL_ID) values ('56',to_date('26.11.25','DD.MM.RR'),'82','43');
Insert into ZPRAVA (ID_ZPRAVA,DATUMZASILANI,PRIJIMAC_ID,ODESILATEL_ID) values ('57',to_date('26.11.25','DD.MM.RR'),'82','43');
Insert into ZPRAVA (ID_ZPRAVA,DATUMZASILANI,PRIJIMAC_ID,ODESILATEL_ID) values ('58',to_date('26.11.25','DD.MM.RR'),'82','43');
Insert into ZPRAVA (ID_ZPRAVA,DATUMZASILANI,PRIJIMAC_ID,ODESILATEL_ID) values ('59',to_date('26.11.25','DD.MM.RR'),'82','43');
Insert into ZPRAVA (ID_ZPRAVA,DATUMZASILANI,PRIJIMAC_ID,ODESILATEL_ID) values ('60',to_date('26.11.25','DD.MM.RR'),'82','43');
Insert into ZPRAVA (ID_ZPRAVA,DATUMZASILANI,PRIJIMAC_ID,ODESILATEL_ID) values ('61',to_date('26.11.25','DD.MM.RR'),'82','43');
Insert into ZPRAVA (ID_ZPRAVA,DATUMZASILANI,PRIJIMAC_ID,ODESILATEL_ID) values ('62',to_date('26.11.25','DD.MM.RR'),'82','43');
Insert into ZPRAVA (ID_ZPRAVA,DATUMZASILANI,PRIJIMAC_ID,ODESILATEL_ID) values ('63',to_date('26.11.25','DD.MM.RR'),'82','43');
Insert into ZPRAVA (ID_ZPRAVA,DATUMZASILANI,PRIJIMAC_ID,ODESILATEL_ID) values ('64',to_date('26.11.25','DD.MM.RR'),'82','43');
Insert into ZPRAVA (ID_ZPRAVA,DATUMZASILANI,PRIJIMAC_ID,ODESILATEL_ID) values ('65',to_date('26.11.25','DD.MM.RR'),'82','43');
Insert into ZPRAVA (ID_ZPRAVA,DATUMZASILANI,PRIJIMAC_ID,ODESILATEL_ID) values ('66',to_date('26.11.25','DD.MM.RR'),'82','43');
Insert into ZPRAVA (ID_ZPRAVA,DATUMZASILANI,PRIJIMAC_ID,ODESILATEL_ID) values ('67',to_date('26.11.25','DD.MM.RR'),'82','43');
Insert into ZPRAVA (ID_ZPRAVA,DATUMZASILANI,PRIJIMAC_ID,ODESILATEL_ID) values ('68',to_date('26.11.25','DD.MM.RR'),'82','43');
Insert into ZPRAVA (ID_ZPRAVA,DATUMZASILANI,PRIJIMAC_ID,ODESILATEL_ID) values ('69',to_date('26.11.25','DD.MM.RR'),'82','43');
Insert into ZPRAVA (ID_ZPRAVA,DATUMZASILANI,PRIJIMAC_ID,ODESILATEL_ID) values ('70',to_date('26.11.25','DD.MM.RR'),'82','43');
Insert into ZPRAVA (ID_ZPRAVA,DATUMZASILANI,PRIJIMAC_ID,ODESILATEL_ID) values ('71',to_date('26.11.25','DD.MM.RR'),'82','43');
Insert into ZPRAVA (ID_ZPRAVA,DATUMZASILANI,PRIJIMAC_ID,ODESILATEL_ID) values ('72',to_date('26.11.25','DD.MM.RR'),'82','43');
Insert into ZPRAVA (ID_ZPRAVA,DATUMZASILANI,PRIJIMAC_ID,ODESILATEL_ID) values ('73',to_date('26.11.25','DD.MM.RR'),'82','43');
Insert into ZPRAVA (ID_ZPRAVA,DATUMZASILANI,PRIJIMAC_ID,ODESILATEL_ID) values ('74',to_date('26.11.25','DD.MM.RR'),'82','43');
Insert into ZPRAVA (ID_ZPRAVA,DATUMZASILANI,PRIJIMAC_ID,ODESILATEL_ID) values ('75',to_date('26.11.25','DD.MM.RR'),'82','43');
Insert into ZPRAVA (ID_ZPRAVA,DATUMZASILANI,PRIJIMAC_ID,ODESILATEL_ID) values ('76',to_date('26.11.25','DD.MM.RR'),'82','43');
Insert into ZPRAVA (ID_ZPRAVA,DATUMZASILANI,PRIJIMAC_ID,ODESILATEL_ID) values ('77',to_date('26.11.25','DD.MM.RR'),'82','43');
Insert into ZPRAVA (ID_ZPRAVA,DATUMZASILANI,PRIJIMAC_ID,ODESILATEL_ID) values ('78',to_date('26.11.25','DD.MM.RR'),'82','43');
Insert into ZPRAVA (ID_ZPRAVA,DATUMZASILANI,PRIJIMAC_ID,ODESILATEL_ID) values ('79',to_date('26.11.25','DD.MM.RR'),'82','43');
Insert into ZPRAVA (ID_ZPRAVA,DATUMZASILANI,PRIJIMAC_ID,ODESILATEL_ID) values ('80',to_date('26.11.25','DD.MM.RR'),'82','43');
Insert into ZPRAVA (ID_ZPRAVA,DATUMZASILANI,PRIJIMAC_ID,ODESILATEL_ID) values ('81',to_date('26.11.25','DD.MM.RR'),'82','43');
Insert into ZPRAVA (ID_ZPRAVA,DATUMZASILANI,PRIJIMAC_ID,ODESILATEL_ID) values ('82',to_date('26.11.25','DD.MM.RR'),'82','43');
Insert into ZPRAVA (ID_ZPRAVA,DATUMZASILANI,PRIJIMAC_ID,ODESILATEL_ID) values ('83',to_date('26.11.25','DD.MM.RR'),'82','43');
Insert into ZPRAVA (ID_ZPRAVA,DATUMZASILANI,PRIJIMAC_ID,ODESILATEL_ID) values ('84',to_date('26.11.25','DD.MM.RR'),'82','43');
Insert into ZPRAVA (ID_ZPRAVA,DATUMZASILANI,PRIJIMAC_ID,ODESILATEL_ID) values ('85',to_date('26.11.25','DD.MM.RR'),'82','43');
Insert into ZPRAVA (ID_ZPRAVA,DATUMZASILANI,PRIJIMAC_ID,ODESILATEL_ID) values ('86',to_date('26.11.25','DD.MM.RR'),'82','43');
Insert into ZPRAVA (ID_ZPRAVA,DATUMZASILANI,PRIJIMAC_ID,ODESILATEL_ID) values ('87',to_date('26.11.25','DD.MM.RR'),'82','43');
Insert into ZPRAVA (ID_ZPRAVA,DATUMZASILANI,PRIJIMAC_ID,ODESILATEL_ID) values ('88',to_date('26.11.25','DD.MM.RR'),'82','43');
Insert into ZPRAVA (ID_ZPRAVA,DATUMZASILANI,PRIJIMAC_ID,ODESILATEL_ID) values ('89',to_date('26.11.25','DD.MM.RR'),'82','43');
Insert into ZPRAVA (ID_ZPRAVA,DATUMZASILANI,PRIJIMAC_ID,ODESILATEL_ID) values ('90',to_date('26.11.25','DD.MM.RR'),'43','82');
Insert into ZPRAVA (ID_ZPRAVA,DATUMZASILANI,PRIJIMAC_ID,ODESILATEL_ID) values ('91',to_date('26.11.25','DD.MM.RR'),'82','43');
Insert into ZPRAVA (ID_ZPRAVA,DATUMZASILANI,PRIJIMAC_ID,ODESILATEL_ID) values ('92',to_date('26.11.25','DD.MM.RR'),'82','43');
Insert into ZPRAVA (ID_ZPRAVA,DATUMZASILANI,PRIJIMAC_ID,ODESILATEL_ID) values ('93',to_date('26.11.25','DD.MM.RR'),'82','43');
Insert into ZPRAVA (ID_ZPRAVA,DATUMZASILANI,PRIJIMAC_ID,ODESILATEL_ID) values ('94',to_date('26.11.25','DD.MM.RR'),'82','43');
Insert into ZPRAVA (ID_ZPRAVA,DATUMZASILANI,PRIJIMAC_ID,ODESILATEL_ID) values ('95',to_date('26.11.25','DD.MM.RR'),'82','43');
Insert into ZPRAVA (ID_ZPRAVA,DATUMZASILANI,PRIJIMAC_ID,ODESILATEL_ID) values ('96',to_date('26.11.25','DD.MM.RR'),'82','43');
Insert into ZPRAVA (ID_ZPRAVA,DATUMZASILANI,PRIJIMAC_ID,ODESILATEL_ID) values ('97',to_date('26.11.25','DD.MM.RR'),'82','43');
Insert into ZPRAVA (ID_ZPRAVA,DATUMZASILANI,PRIJIMAC_ID,ODESILATEL_ID) values ('98',to_date('26.11.25','DD.MM.RR'),'82','43');
Insert into ZPRAVA (ID_ZPRAVA,DATUMZASILANI,PRIJIMAC_ID,ODESILATEL_ID) values ('99',to_date('26.11.25','DD.MM.RR'),'82','43');
Insert into ZPRAVA (ID_ZPRAVA,DATUMZASILANI,PRIJIMAC_ID,ODESILATEL_ID) values ('100',to_date('26.11.25','DD.MM.RR'),'82','43');
Insert into ZPRAVA (ID_ZPRAVA,DATUMZASILANI,PRIJIMAC_ID,ODESILATEL_ID) values ('101',to_date('26.11.25','DD.MM.RR'),'82','43');
Insert into ZPRAVA (ID_ZPRAVA,DATUMZASILANI,PRIJIMAC_ID,ODESILATEL_ID) values ('102',to_date('26.11.25','DD.MM.RR'),'82','43');
Insert into ZPRAVA (ID_ZPRAVA,DATUMZASILANI,PRIJIMAC_ID,ODESILATEL_ID) values ('103',to_date('26.11.25','DD.MM.RR'),'82','43');
Insert into ZPRAVA (ID_ZPRAVA,DATUMZASILANI,PRIJIMAC_ID,ODESILATEL_ID) values ('104',to_date('26.11.25','DD.MM.RR'),'82','43');
Insert into ZPRAVA (ID_ZPRAVA,DATUMZASILANI,PRIJIMAC_ID,ODESILATEL_ID) values ('105',to_date('26.11.25','DD.MM.RR'),'82','43');
Insert into ZPRAVA (ID_ZPRAVA,DATUMZASILANI,PRIJIMAC_ID,ODESILATEL_ID) values ('106',to_date('26.11.25','DD.MM.RR'),'82','43');
Insert into ZPRAVA (ID_ZPRAVA,DATUMZASILANI,PRIJIMAC_ID,ODESILATEL_ID) values ('107',to_date('26.11.25','DD.MM.RR'),'82','43');
Insert into ZPRAVA (ID_ZPRAVA,DATUMZASILANI,PRIJIMAC_ID,ODESILATEL_ID) values ('108',to_date('26.11.25','DD.MM.RR'),'82','43');
Insert into ZPRAVA (ID_ZPRAVA,DATUMZASILANI,PRIJIMAC_ID,ODESILATEL_ID) values ('109',to_date('26.11.25','DD.MM.RR'),'82','43');
Insert into ZPRAVA (ID_ZPRAVA,DATUMZASILANI,PRIJIMAC_ID,ODESILATEL_ID) values ('110',to_date('26.11.25','DD.MM.RR'),'82','43');
Insert into ZPRAVA (ID_ZPRAVA,DATUMZASILANI,PRIJIMAC_ID,ODESILATEL_ID) values ('111',to_date('26.11.25','DD.MM.RR'),'82','43');
Insert into ZPRAVA (ID_ZPRAVA,DATUMZASILANI,PRIJIMAC_ID,ODESILATEL_ID) values ('113',to_date('26.11.25','DD.MM.RR'),'82','43');
Insert into ZPRAVA (ID_ZPRAVA,DATUMZASILANI,PRIJIMAC_ID,ODESILATEL_ID) values ('114',to_date('26.11.25','DD.MM.RR'),'82','43');
Insert into ZPRAVA (ID_ZPRAVA,DATUMZASILANI,PRIJIMAC_ID,ODESILATEL_ID) values ('116',to_date('26.11.25','DD.MM.RR'),'82','43');
Insert into ZPRAVA (ID_ZPRAVA,DATUMZASILANI,PRIJIMAC_ID,ODESILATEL_ID) values ('117',to_date('26.11.25','DD.MM.RR'),'43','82');
Insert into ZPRAVA (ID_ZPRAVA,DATUMZASILANI,PRIJIMAC_ID,ODESILATEL_ID) values ('118',to_date('26.11.25','DD.MM.RR'),'43','82');
Insert into ZPRAVA (ID_ZPRAVA,DATUMZASILANI,PRIJIMAC_ID,ODESILATEL_ID) values ('119',to_date('26.11.25','DD.MM.RR'),'82','43');
Insert into ZPRAVA (ID_ZPRAVA,DATUMZASILANI,PRIJIMAC_ID,ODESILATEL_ID) values ('120',to_date('26.11.25','DD.MM.RR'),'82','43');
Insert into ZPRAVA (ID_ZPRAVA,DATUMZASILANI,PRIJIMAC_ID,ODESILATEL_ID) values ('121',to_date('26.11.25','DD.MM.RR'),'82','43');
Insert into ZPRAVA (ID_ZPRAVA,DATUMZASILANI,PRIJIMAC_ID,ODESILATEL_ID) values ('122',to_date('26.11.25','DD.MM.RR'),'82','43');
Insert into ZPRAVA (ID_ZPRAVA,DATUMZASILANI,PRIJIMAC_ID,ODESILATEL_ID) values ('123',to_date('26.11.25','DD.MM.RR'),'82','43');
Insert into ZPRAVA (ID_ZPRAVA,DATUMZASILANI,PRIJIMAC_ID,ODESILATEL_ID) values ('124',to_date('26.11.25','DD.MM.RR'),'82','43');
Insert into ZPRAVA (ID_ZPRAVA,DATUMZASILANI,PRIJIMAC_ID,ODESILATEL_ID) values ('125',to_date('26.11.25','DD.MM.RR'),'43','82');
Insert into ZPRAVA (ID_ZPRAVA,DATUMZASILANI,PRIJIMAC_ID,ODESILATEL_ID) values ('126',to_date('26.11.25','DD.MM.RR'),'43','82');
Insert into ZPRAVA (ID_ZPRAVA,DATUMZASILANI,PRIJIMAC_ID,ODESILATEL_ID) values ('127',to_date('26.11.25','DD.MM.RR'),'82','43');
Insert into ZPRAVA (ID_ZPRAVA,DATUMZASILANI,PRIJIMAC_ID,ODESILATEL_ID) values ('128',to_date('26.11.25','DD.MM.RR'),'82','43');
Insert into ZPRAVA (ID_ZPRAVA,DATUMZASILANI,PRIJIMAC_ID,ODESILATEL_ID) values ('134',to_date('26.11.25','DD.MM.RR'),'1','31');
Insert into ZPRAVA (ID_ZPRAVA,DATUMZASILANI,PRIJIMAC_ID,ODESILATEL_ID) values ('175',to_date('27.11.25','DD.MM.RR'),'29','82');
Insert into ZPRAVA (ID_ZPRAVA,DATUMZASILANI,PRIJIMAC_ID,ODESILATEL_ID) values ('176',to_date('27.11.25','DD.MM.RR'),'50','82');
Insert into ZPRAVA (ID_ZPRAVA,DATUMZASILANI,PRIJIMAC_ID,ODESILATEL_ID) values ('179',to_date('27.11.25','DD.MM.RR'),'82','83');
Insert into ZPRAVA (ID_ZPRAVA,DATUMZASILANI,PRIJIMAC_ID,ODESILATEL_ID) values ('182',to_date('27.11.25','DD.MM.RR'),'82','83');
Insert into ZPRAVA (ID_ZPRAVA,DATUMZASILANI,PRIJIMAC_ID,ODESILATEL_ID) values ('183',to_date('27.11.25','DD.MM.RR'),'82','83');
Insert into ZPRAVA (ID_ZPRAVA,DATUMZASILANI,PRIJIMAC_ID,ODESILATEL_ID) values ('184',to_date('27.11.25','DD.MM.RR'),'1','82');
Insert into ZPRAVA (ID_ZPRAVA,DATUMZASILANI,PRIJIMAC_ID,ODESILATEL_ID) values ('185',to_date('27.11.25','DD.MM.RR'),'1','82');
Insert into ZPRAVA (ID_ZPRAVA,DATUMZASILANI,PRIJIMAC_ID,ODESILATEL_ID) values ('188',to_date('27.11.25','DD.MM.RR'),'82','84');
Insert into ZPRAVA (ID_ZPRAVA,DATUMZASILANI,PRIJIMAC_ID,ODESILATEL_ID) values ('189',to_date('27.11.25','DD.MM.RR'),'82','84');
Insert into ZPRAVA (ID_ZPRAVA,DATUMZASILANI,PRIJIMAC_ID,ODESILATEL_ID) values ('201',to_date('27.11.25','DD.MM.RR'),'82','84');
Insert into ZPRAVA (ID_ZPRAVA,DATUMZASILANI,PRIJIMAC_ID,ODESILATEL_ID) values ('202',to_date('27.11.25','DD.MM.RR'),'82','84');
Insert into ZPRAVA (ID_ZPRAVA,DATUMZASILANI,PRIJIMAC_ID,ODESILATEL_ID) values ('203',to_date('27.11.25','DD.MM.RR'),'82','84');
Insert into ZPRAVA (ID_ZPRAVA,DATUMZASILANI,PRIJIMAC_ID,ODESILATEL_ID) values ('204',to_date('27.11.25','DD.MM.RR'),'82','84');
Insert into ZPRAVA (ID_ZPRAVA,DATUMZASILANI,PRIJIMAC_ID,ODESILATEL_ID) values ('205',to_date('27.11.25','DD.MM.RR'),'82','84');
Insert into ZPRAVA (ID_ZPRAVA,DATUMZASILANI,PRIJIMAC_ID,ODESILATEL_ID) values ('206',to_date('27.11.25','DD.MM.RR'),'82','84');
Insert into ZPRAVA (ID_ZPRAVA,DATUMZASILANI,PRIJIMAC_ID,ODESILATEL_ID) values ('207',to_date('27.11.25','DD.MM.RR'),'82','84');
Insert into ZPRAVA (ID_ZPRAVA,DATUMZASILANI,PRIJIMAC_ID,ODESILATEL_ID) values ('208',to_date('27.11.25','DD.MM.RR'),'84','82');
Insert into ZPRAVA (ID_ZPRAVA,DATUMZASILANI,PRIJIMAC_ID,ODESILATEL_ID) values ('209',to_date('27.11.25','DD.MM.RR'),'84','82');
Insert into ZPRAVA (ID_ZPRAVA,DATUMZASILANI,PRIJIMAC_ID,ODESILATEL_ID) values ('210',to_date('27.11.25','DD.MM.RR'),'84','82');
Insert into ZPRAVA (ID_ZPRAVA,DATUMZASILANI,PRIJIMAC_ID,ODESILATEL_ID) values ('211',to_date('27.11.25','DD.MM.RR'),'82','84');
Insert into ZPRAVA (ID_ZPRAVA,DATUMZASILANI,PRIJIMAC_ID,ODESILATEL_ID) values ('212',to_date('27.11.25','DD.MM.RR'),'82','84');
Insert into ZPRAVA (ID_ZPRAVA,DATUMZASILANI,PRIJIMAC_ID,ODESILATEL_ID) values ('213',to_date('27.11.25','DD.MM.RR'),'82','84');
Insert into ZPRAVA (ID_ZPRAVA,DATUMZASILANI,PRIJIMAC_ID,ODESILATEL_ID) values ('241',to_date('27.11.25','DD.MM.RR'),'82','85');
Insert into ZPRAVA (ID_ZPRAVA,DATUMZASILANI,PRIJIMAC_ID,ODESILATEL_ID) values ('255',to_date('29.11.25','DD.MM.RR'),'86','82');
REM INSERTING into V_OBJEDNAVKY_DETAIL
SET DEFINE OFF;
Insert into V_OBJEDNAVKY_DETAIL (ID_OBJEDNAVKA,DATUM,STATUS,ZAKAZNIK,CELKOVA_CENA) values ('24',to_date('03.10.25','DD.MM.RR'),'Dokoncena','Tomas Vecera','135,5');
Insert into V_OBJEDNAVKY_DETAIL (ID_OBJEDNAVKA,DATUM,STATUS,ZAKAZNIK,CELKOVA_CENA) values ('5',to_date('04.09.25','DD.MM.RR'),'Dokoncena','Petr Kral','120,7');
Insert into V_OBJEDNAVKY_DETAIL (ID_OBJEDNAVKA,DATUM,STATUS,ZAKAZNIK,CELKOVA_CENA) values ('51',to_date('23.11.25','DD.MM.RR'),'Dokoncena','Kamil Sykora','129,4');
Insert into V_OBJEDNAVKY_DETAIL (ID_OBJEDNAVKA,DATUM,STATUS,ZAKAZNIK,CELKOVA_CENA) values ('3',to_date('02.09.25','DD.MM.RR'),'Dokoncena','Vojtech Zabka','157,5');
Insert into V_OBJEDNAVKY_DETAIL (ID_OBJEDNAVKA,DATUM,STATUS,ZAKAZNIK,CELKOVA_CENA) values ('43',to_date('03.11.25','DD.MM.RR'),'Zrusena','Igor Sladky','299,5');
Insert into V_OBJEDNAVKY_DETAIL (ID_OBJEDNAVKA,DATUM,STATUS,ZAKAZNIK,CELKOVA_CENA) values ('27',to_date('08.10.25','DD.MM.RR'),'Dokoncena','Daniel Slama','238,5');
Insert into V_OBJEDNAVKY_DETAIL (ID_OBJEDNAVKA,DATUM,STATUS,ZAKAZNIK,CELKOVA_CENA) values ('11',to_date('12.09.25','DD.MM.RR'),'Dokoncena','Dominik Krupa','334,3');
Insert into V_OBJEDNAVKY_DETAIL (ID_OBJEDNAVKA,DATUM,STATUS,ZAKAZNIK,CELKOVA_CENA) values ('40',to_date('29.10.25','DD.MM.RR'),'Dokoncena','Vojtech Zabka','121,5');
Insert into V_OBJEDNAVKY_DETAIL (ID_OBJEDNAVKA,DATUM,STATUS,ZAKAZNIK,CELKOVA_CENA) values ('22',to_date('30.09.25','DD.MM.RR'),'Dokoncena','Radek Janda','153,2');
Insert into V_OBJEDNAVKY_DETAIL (ID_OBJEDNAVKA,DATUM,STATUS,ZAKAZNIK,CELKOVA_CENA) values ('25',to_date('05.10.25','DD.MM.RR'),'Dokoncena','Patrik Navratil','85,5');
Insert into V_OBJEDNAVKY_DETAIL (ID_OBJEDNAVKA,DATUM,STATUS,ZAKAZNIK,CELKOVA_CENA) values ('12',to_date('14.09.25','DD.MM.RR'),'Zrusena','Erik Cerny','52,6');
Insert into V_OBJEDNAVKY_DETAIL (ID_OBJEDNAVKA,DATUM,STATUS,ZAKAZNIK,CELKOVA_CENA) values ('8',to_date('07.09.25','DD.MM.RR'),'Dokoncena','Alan Bartunek','149,5');
Insert into V_OBJEDNAVKY_DETAIL (ID_OBJEDNAVKA,DATUM,STATUS,ZAKAZNIK,CELKOVA_CENA) values ('1',to_date('01.09.25','DD.MM.RR'),'Dokoncena','Daniel Slama','131,4');
Insert into V_OBJEDNAVKY_DETAIL (ID_OBJEDNAVKA,DATUM,STATUS,ZAKAZNIK,CELKOVA_CENA) values ('54',to_date('25.11.25','DD.MM.RR'),'Potvrzena','Vojtech Zabka','259,5');
Insert into V_OBJEDNAVKY_DETAIL (ID_OBJEDNAVKA,DATUM,STATUS,ZAKAZNIK,CELKOVA_CENA) values ('33',to_date('18.10.25','DD.MM.RR'),'Dokoncena','Erik Cerny','339,5');
Insert into V_OBJEDNAVKY_DETAIL (ID_OBJEDNAVKA,DATUM,STATUS,ZAKAZNIK,CELKOVA_CENA) values ('41',to_date('02.11.25','DD.MM.RR'),'Dokoncena','Ondrej Kalina','2174,2');
Insert into V_OBJEDNAVKY_DETAIL (ID_OBJEDNAVKA,DATUM,STATUS,ZAKAZNIK,CELKOVA_CENA) values ('58',to_date('27.11.25','DD.MM.RR'),'Potvrzena','Rene Sedlak','45,5');
Insert into V_OBJEDNAVKY_DETAIL (ID_OBJEDNAVKA,DATUM,STATUS,ZAKAZNIK,CELKOVA_CENA) values ('55',to_date('25.11.25','DD.MM.RR'),'Zrusena','Marek Horak','779');
Insert into V_OBJEDNAVKY_DETAIL (ID_OBJEDNAVKA,DATUM,STATUS,ZAKAZNIK,CELKOVA_CENA) values ('34',to_date('20.10.25','DD.MM.RR'),'Dokoncena','Lukas Pavelka','245,6');
Insert into V_OBJEDNAVKY_DETAIL (ID_OBJEDNAVKA,DATUM,STATUS,ZAKAZNIK,CELKOVA_CENA) values ('48',to_date('22.11.25','DD.MM.RR'),'Odeslana','Stanislav Prokop','164,3');
Insert into V_OBJEDNAVKY_DETAIL (ID_OBJEDNAVKA,DATUM,STATUS,ZAKAZNIK,CELKOVA_CENA) values ('46',to_date('21.11.25','DD.MM.RR'),'Pripravuje se','Jaroslav Blazek','444,2');
Insert into V_OBJEDNAVKY_DETAIL (ID_OBJEDNAVKA,DATUM,STATUS,ZAKAZNIK,CELKOVA_CENA) values ('36',to_date('23.10.25','DD.MM.RR'),'Dokoncena','Radek Janda','139,4');
Insert into V_OBJEDNAVKY_DETAIL (ID_OBJEDNAVKA,DATUM,STATUS,ZAKAZNIK,CELKOVA_CENA) values ('9',to_date('08.09.25','DD.MM.RR'),'Zrusena','Ondrej Kalina','83,5');
Insert into V_OBJEDNAVKY_DETAIL (ID_OBJEDNAVKA,DATUM,STATUS,ZAKAZNIK,CELKOVA_CENA) values ('37',to_date('24.10.25','DD.MM.RR'),'Dokoncena','Matej Stary','90,6');
Insert into V_OBJEDNAVKY_DETAIL (ID_OBJEDNAVKA,DATUM,STATUS,ZAKAZNIK,CELKOVA_CENA) values ('28',to_date('10.10.25','DD.MM.RR'),'Zrusena','Petr Kral','361');
Insert into V_OBJEDNAVKY_DETAIL (ID_OBJEDNAVKA,DATUM,STATUS,ZAKAZNIK,CELKOVA_CENA) values ('16',to_date('21.09.25','DD.MM.RR'),'Dokoncena','David Toth','295,3');
Insert into V_OBJEDNAVKY_DETAIL (ID_OBJEDNAVKA,DATUM,STATUS,ZAKAZNIK,CELKOVA_CENA) values ('45',to_date('10.11.25','DD.MM.RR'),'Dokoncena','Dominik Krupa','347,4');
Insert into V_OBJEDNAVKY_DETAIL (ID_OBJEDNAVKA,DATUM,STATUS,ZAKAZNIK,CELKOVA_CENA) values ('49',to_date('22.11.25','DD.MM.RR'),'Zrusena','Ondrej Kalina','85,6');
Insert into V_OBJEDNAVKY_DETAIL (ID_OBJEDNAVKA,DATUM,STATUS,ZAKAZNIK,CELKOVA_CENA) values ('6',to_date('05.09.25','DD.MM.RR'),'Dokoncena','Radek Janda','71,6');
Insert into V_OBJEDNAVKY_DETAIL (ID_OBJEDNAVKA,DATUM,STATUS,ZAKAZNIK,CELKOVA_CENA) values ('60',to_date('28.11.25','DD.MM.RR'),'Vytvorena','Erik Cerny','176,4');
Insert into V_OBJEDNAVKY_DETAIL (ID_OBJEDNAVKA,DATUM,STATUS,ZAKAZNIK,CELKOVA_CENA) values ('52',to_date('24.11.25','DD.MM.RR'),'Pripravuje se','Alan Bartunek','254,4');
Insert into V_OBJEDNAVKY_DETAIL (ID_OBJEDNAVKA,DATUM,STATUS,ZAKAZNIK,CELKOVA_CENA) values ('31',to_date('16.10.25','DD.MM.RR'),'Dokoncena','Michal Valek','335,3');
Insert into V_OBJEDNAVKY_DETAIL (ID_OBJEDNAVKA,DATUM,STATUS,ZAKAZNIK,CELKOVA_CENA) values ('30',to_date('12.10.25','DD.MM.RR'),'Dokoncena','Robert Dolansky','933');
Insert into V_OBJEDNAVKY_DETAIL (ID_OBJEDNAVKA,DATUM,STATUS,ZAKAZNIK,CELKOVA_CENA) values ('57',to_date('26.11.25','DD.MM.RR'),'Odeslana','Radek Janda','209,5');
Insert into V_OBJEDNAVKY_DETAIL (ID_OBJEDNAVKA,DATUM,STATUS,ZAKAZNIK,CELKOVA_CENA) values ('19',to_date('25.09.25','DD.MM.RR'),'Dokoncena','Milan Chladek','294,3');
Insert into V_OBJEDNAVKY_DETAIL (ID_OBJEDNAVKA,DATUM,STATUS,ZAKAZNIK,CELKOVA_CENA) values ('21',to_date('29.09.25','DD.MM.RR'),'Dokoncena','Alan Bartunek','614,5');
Insert into V_OBJEDNAVKY_DETAIL (ID_OBJEDNAVKA,DATUM,STATUS,ZAKAZNIK,CELKOVA_CENA) values ('38',to_date('26.10.25','DD.MM.RR'),'Zrusena','Marek Horak','659,2');
Insert into V_OBJEDNAVKY_DETAIL (ID_OBJEDNAVKA,DATUM,STATUS,ZAKAZNIK,CELKOVA_CENA) values ('14',to_date('18.09.25','DD.MM.RR'),'Dokoncena','David Toth','379,5');
REM INSERTING into V_SUPERMARKET_TRZBY
SET DEFINE OFF;
Insert into V_SUPERMARKET_TRZBY (ID_SUPERMARKET,SUPERMARKET_NAZEV,ADRESA,MESTO,TRZBA) values ('4','Supermarket Praha Jeremenkova','Jeremenkova 282/9','Praha 4',null);
Insert into V_SUPERMARKET_TRZBY (ID_SUPERMARKET,SUPERMARKET_NAZEV,ADRESA,MESTO,TRZBA) values ('3','Supermarket Praha Zahrada','U Rajske zahrady 14/10','Praha 3',null);
Insert into V_SUPERMARKET_TRZBY (ID_SUPERMARKET,SUPERMARKET_NAZEV,ADRESA,MESTO,TRZBA) values ('1','Supermarket Praha Centrum','U Trojice 27/5','Praha 1','30924,6');
Insert into V_SUPERMARKET_TRZBY (ID_SUPERMARKET,SUPERMARKET_NAZEV,ADRESA,MESTO,TRZBA) values ('5','Supermarket Praha Tusarova','Tusarova 21/4','Praha 7',null);
Insert into V_SUPERMARKET_TRZBY (ID_SUPERMARKET,SUPERMARKET_NAZEV,ADRESA,MESTO,TRZBA) values ('2','Supermarket Praha Folimanka','Na Folimance 13/2','Praha 2','32809,7');
REM INSERTING into V_ZAKAZNIK_SUPERMARKET_ANALYZA
SET DEFINE OFF;
Insert into V_ZAKAZNIK_SUPERMARKET_ANALYZA (ID_UZIVATEL,JMENO,PRIJMENI,KARTAVERNOSTI,ID_SUPERMARKET,SUPERMARKET_NAZEV,MESTO,POCET_OBJEDNAVEK,PRVNI_OBJEDNAVKA,POSLEDNI_OBJEDNAVKA,CELKOVA_UTRATA,PRUMERNA_OBJEDNAVKA,PORADI_V_SUPERMARKETU,SEGMENT) values ('39','Dominik','Krupa','LTC10018','1','Supermarket Praha Centrum','Praha 1','1',to_date('10.11.25','DD.MM.RR'),to_date('10.11.25','DD.MM.RR'),null,null,'1','ZAKLADNI');
Insert into V_ZAKAZNIK_SUPERMARKET_ANALYZA (ID_UZIVATEL,JMENO,PRIJMENI,KARTAVERNOSTI,ID_SUPERMARKET,SUPERMARKET_NAZEV,MESTO,POCET_OBJEDNAVEK,PRVNI_OBJEDNAVKA,POSLEDNI_OBJEDNAVKA,CELKOVA_UTRATA,PRUMERNA_OBJEDNAVKA,PORADI_V_SUPERMARKETU,SEGMENT) values ('46','Milan','Chladek','LTC10025','1','Supermarket Praha Centrum','Praha 1','1',to_date('25.09.25','DD.MM.RR'),to_date('25.09.25','DD.MM.RR'),null,null,'1','ZAKLADNI');
Insert into V_ZAKAZNIK_SUPERMARKET_ANALYZA (ID_UZIVATEL,JMENO,PRIJMENI,KARTAVERNOSTI,ID_SUPERMARKET,SUPERMARKET_NAZEV,MESTO,POCET_OBJEDNAVEK,PRVNI_OBJEDNAVKA,POSLEDNI_OBJEDNAVKA,CELKOVA_UTRATA,PRUMERNA_OBJEDNAVKA,PORADI_V_SUPERMARKETU,SEGMENT) values ('49','Erik','Cerny','LTC10028','1','Supermarket Praha Centrum','Praha 1','3',to_date('14.09.25','DD.MM.RR'),to_date('28.11.25','DD.MM.RR'),null,null,'1','ZAKLADNI');
Insert into V_ZAKAZNIK_SUPERMARKET_ANALYZA (ID_UZIVATEL,JMENO,PRIJMENI,KARTAVERNOSTI,ID_SUPERMARKET,SUPERMARKET_NAZEV,MESTO,POCET_OBJEDNAVEK,PRVNI_OBJEDNAVKA,POSLEDNI_OBJEDNAVKA,CELKOVA_UTRATA,PRUMERNA_OBJEDNAVKA,PORADI_V_SUPERMARKETU,SEGMENT) values ('45','Vojtech','Zabka','LTC10024','1','Supermarket Praha Centrum','Praha 1','1',to_date('25.11.25','DD.MM.RR'),to_date('25.11.25','DD.MM.RR'),null,null,'1','ZAKLADNI');
Insert into V_ZAKAZNIK_SUPERMARKET_ANALYZA (ID_UZIVATEL,JMENO,PRIJMENI,KARTAVERNOSTI,ID_SUPERMARKET,SUPERMARKET_NAZEV,MESTO,POCET_OBJEDNAVEK,PRVNI_OBJEDNAVKA,POSLEDNI_OBJEDNAVKA,CELKOVA_UTRATA,PRUMERNA_OBJEDNAVKA,PORADI_V_SUPERMARKETU,SEGMENT) values ('28','Daniel','Slama','LTC10007','1','Supermarket Praha Centrum','Praha 1','2',to_date('01.09.25','DD.MM.RR'),to_date('08.10.25','DD.MM.RR'),null,null,'1','ZAKLADNI');
Insert into V_ZAKAZNIK_SUPERMARKET_ANALYZA (ID_UZIVATEL,JMENO,PRIJMENI,KARTAVERNOSTI,ID_SUPERMARKET,SUPERMARKET_NAZEV,MESTO,POCET_OBJEDNAVEK,PRVNI_OBJEDNAVKA,POSLEDNI_OBJEDNAVKA,CELKOVA_UTRATA,PRUMERNA_OBJEDNAVKA,PORADI_V_SUPERMARKETU,SEGMENT) values ('22','Petr','Kral','LTC10001','1','Supermarket Praha Centrum','Praha 1','1',to_date('04.09.25','DD.MM.RR'),to_date('04.09.25','DD.MM.RR'),null,null,'1','ZAKLADNI');
Insert into V_ZAKAZNIK_SUPERMARKET_ANALYZA (ID_UZIVATEL,JMENO,PRIJMENI,KARTAVERNOSTI,ID_SUPERMARKET,SUPERMARKET_NAZEV,MESTO,POCET_OBJEDNAVEK,PRVNI_OBJEDNAVKA,POSLEDNI_OBJEDNAVKA,CELKOVA_UTRATA,PRUMERNA_OBJEDNAVKA,PORADI_V_SUPERMARKETU,SEGMENT) values ('25','Tomas','Vecera','LTC10004','1','Supermarket Praha Centrum','Praha 1','1',to_date('03.10.25','DD.MM.RR'),to_date('03.10.25','DD.MM.RR'),null,null,'1','ZAKLADNI');
Insert into V_ZAKAZNIK_SUPERMARKET_ANALYZA (ID_UZIVATEL,JMENO,PRIJMENI,KARTAVERNOSTI,ID_SUPERMARKET,SUPERMARKET_NAZEV,MESTO,POCET_OBJEDNAVEK,PRVNI_OBJEDNAVKA,POSLEDNI_OBJEDNAVKA,CELKOVA_UTRATA,PRUMERNA_OBJEDNAVKA,PORADI_V_SUPERMARKETU,SEGMENT) values ('51','Alan','Bartunek','LTC10030','1','Supermarket Praha Centrum','Praha 1','1',to_date('24.11.25','DD.MM.RR'),to_date('24.11.25','DD.MM.RR'),null,null,'1','ZAKLADNI');
Insert into V_ZAKAZNIK_SUPERMARKET_ANALYZA (ID_UZIVATEL,JMENO,PRIJMENI,KARTAVERNOSTI,ID_SUPERMARKET,SUPERMARKET_NAZEV,MESTO,POCET_OBJEDNAVEK,PRVNI_OBJEDNAVKA,POSLEDNI_OBJEDNAVKA,CELKOVA_UTRATA,PRUMERNA_OBJEDNAVKA,PORADI_V_SUPERMARKETU,SEGMENT) values ('33','Radek','Janda','LTC10012','1','Supermarket Praha Centrum','Praha 1','3',to_date('30.09.25','DD.MM.RR'),to_date('26.11.25','DD.MM.RR'),null,null,'1','ZAKLADNI');
Insert into V_ZAKAZNIK_SUPERMARKET_ANALYZA (ID_UZIVATEL,JMENO,PRIJMENI,KARTAVERNOSTI,ID_SUPERMARKET,SUPERMARKET_NAZEV,MESTO,POCET_OBJEDNAVEK,PRVNI_OBJEDNAVKA,POSLEDNI_OBJEDNAVKA,CELKOVA_UTRATA,PRUMERNA_OBJEDNAVKA,PORADI_V_SUPERMARKETU,SEGMENT) values ('24','Ondrej','Kalina','LTC10003','1','Supermarket Praha Centrum','Praha 1','3',to_date('08.09.25','DD.MM.RR'),to_date('22.11.25','DD.MM.RR'),null,null,'1','ZAKLADNI');
Insert into V_ZAKAZNIK_SUPERMARKET_ANALYZA (ID_UZIVATEL,JMENO,PRIJMENI,KARTAVERNOSTI,ID_SUPERMARKET,SUPERMARKET_NAZEV,MESTO,POCET_OBJEDNAVEK,PRVNI_OBJEDNAVKA,POSLEDNI_OBJEDNAVKA,CELKOVA_UTRATA,PRUMERNA_OBJEDNAVKA,PORADI_V_SUPERMARKETU,SEGMENT) values ('31','David','Toth','LTC10010','1','Supermarket Praha Centrum','Praha 1','2',to_date('18.09.25','DD.MM.RR'),to_date('21.09.25','DD.MM.RR'),null,null,'1','ZAKLADNI');
Insert into V_ZAKAZNIK_SUPERMARKET_ANALYZA (ID_UZIVATEL,JMENO,PRIJMENI,KARTAVERNOSTI,ID_SUPERMARKET,SUPERMARKET_NAZEV,MESTO,POCET_OBJEDNAVEK,PRVNI_OBJEDNAVKA,POSLEDNI_OBJEDNAVKA,CELKOVA_UTRATA,PRUMERNA_OBJEDNAVKA,PORADI_V_SUPERMARKETU,SEGMENT) values ('42','Matej','Stary','LTC10021','1','Supermarket Praha Centrum','Praha 1','1',to_date('24.10.25','DD.MM.RR'),to_date('24.10.25','DD.MM.RR'),null,null,'1','ZAKLADNI');
Insert into V_ZAKAZNIK_SUPERMARKET_ANALYZA (ID_UZIVATEL,JMENO,PRIJMENI,KARTAVERNOSTI,ID_SUPERMARKET,SUPERMARKET_NAZEV,MESTO,POCET_OBJEDNAVEK,PRVNI_OBJEDNAVKA,POSLEDNI_OBJEDNAVKA,CELKOVA_UTRATA,PRUMERNA_OBJEDNAVKA,PORADI_V_SUPERMARKETU,SEGMENT) values ('34','Jaroslav','Blazek','LTC10013','1','Supermarket Praha Centrum','Praha 1','1',to_date('21.11.25','DD.MM.RR'),to_date('21.11.25','DD.MM.RR'),null,null,'1','ZAKLADNI');
Insert into V_ZAKAZNIK_SUPERMARKET_ANALYZA (ID_UZIVATEL,JMENO,PRIJMENI,KARTAVERNOSTI,ID_SUPERMARKET,SUPERMARKET_NAZEV,MESTO,POCET_OBJEDNAVEK,PRVNI_OBJEDNAVKA,POSLEDNI_OBJEDNAVKA,CELKOVA_UTRATA,PRUMERNA_OBJEDNAVKA,PORADI_V_SUPERMARKETU,SEGMENT) values ('33','Radek','Janda','LTC10012','2','Supermarket Praha Folimanka','Praha 2','1',to_date('05.09.25','DD.MM.RR'),to_date('05.09.25','DD.MM.RR'),null,null,'1','ZAKLADNI');
Insert into V_ZAKAZNIK_SUPERMARKET_ANALYZA (ID_UZIVATEL,JMENO,PRIJMENI,KARTAVERNOSTI,ID_SUPERMARKET,SUPERMARKET_NAZEV,MESTO,POCET_OBJEDNAVEK,PRVNI_OBJEDNAVKA,POSLEDNI_OBJEDNAVKA,CELKOVA_UTRATA,PRUMERNA_OBJEDNAVKA,PORADI_V_SUPERMARKETU,SEGMENT) values ('44','Robert','Dolansky','LTC10023','2','Supermarket Praha Folimanka','Praha 2','1',to_date('12.10.25','DD.MM.RR'),to_date('12.10.25','DD.MM.RR'),null,null,'1','ZAKLADNI');
Insert into V_ZAKAZNIK_SUPERMARKET_ANALYZA (ID_UZIVATEL,JMENO,PRIJMENI,KARTAVERNOSTI,ID_SUPERMARKET,SUPERMARKET_NAZEV,MESTO,POCET_OBJEDNAVEK,PRVNI_OBJEDNAVKA,POSLEDNI_OBJEDNAVKA,CELKOVA_UTRATA,PRUMERNA_OBJEDNAVKA,PORADI_V_SUPERMARKETU,SEGMENT) values ('32','Michal','Valek','LTC10011','2','Supermarket Praha Folimanka','Praha 2','1',to_date('16.10.25','DD.MM.RR'),to_date('16.10.25','DD.MM.RR'),null,null,'1','ZAKLADNI');
Insert into V_ZAKAZNIK_SUPERMARKET_ANALYZA (ID_UZIVATEL,JMENO,PRIJMENI,KARTAVERNOSTI,ID_SUPERMARKET,SUPERMARKET_NAZEV,MESTO,POCET_OBJEDNAVEK,PRVNI_OBJEDNAVKA,POSLEDNI_OBJEDNAVKA,CELKOVA_UTRATA,PRUMERNA_OBJEDNAVKA,PORADI_V_SUPERMARKETU,SEGMENT) values ('39','Dominik','Krupa','LTC10018','2','Supermarket Praha Folimanka','Praha 2','1',to_date('12.09.25','DD.MM.RR'),to_date('12.09.25','DD.MM.RR'),null,null,'1','ZAKLADNI');
Insert into V_ZAKAZNIK_SUPERMARKET_ANALYZA (ID_UZIVATEL,JMENO,PRIJMENI,KARTAVERNOSTI,ID_SUPERMARKET,SUPERMARKET_NAZEV,MESTO,POCET_OBJEDNAVEK,PRVNI_OBJEDNAVKA,POSLEDNI_OBJEDNAVKA,CELKOVA_UTRATA,PRUMERNA_OBJEDNAVKA,PORADI_V_SUPERMARKETU,SEGMENT) values ('38','Kamil','Sykora','LTC10017','2','Supermarket Praha Folimanka','Praha 2','1',to_date('23.11.25','DD.MM.RR'),to_date('23.11.25','DD.MM.RR'),null,null,'1','ZAKLADNI');
Insert into V_ZAKAZNIK_SUPERMARKET_ANALYZA (ID_UZIVATEL,JMENO,PRIJMENI,KARTAVERNOSTI,ID_SUPERMARKET,SUPERMARKET_NAZEV,MESTO,POCET_OBJEDNAVEK,PRVNI_OBJEDNAVKA,POSLEDNI_OBJEDNAVKA,CELKOVA_UTRATA,PRUMERNA_OBJEDNAVKA,PORADI_V_SUPERMARKETU,SEGMENT) values ('26','Lukas','Pavelka','LTC10005','2','Supermarket Praha Folimanka','Praha 2','1',to_date('20.10.25','DD.MM.RR'),to_date('20.10.25','DD.MM.RR'),null,null,'1','ZAKLADNI');
Insert into V_ZAKAZNIK_SUPERMARKET_ANALYZA (ID_UZIVATEL,JMENO,PRIJMENI,KARTAVERNOSTI,ID_SUPERMARKET,SUPERMARKET_NAZEV,MESTO,POCET_OBJEDNAVEK,PRVNI_OBJEDNAVKA,POSLEDNI_OBJEDNAVKA,CELKOVA_UTRATA,PRUMERNA_OBJEDNAVKA,PORADI_V_SUPERMARKETU,SEGMENT) values ('45','Vojtech','Zabka','LTC10024','2','Supermarket Praha Folimanka','Praha 2','2',to_date('02.09.25','DD.MM.RR'),to_date('29.10.25','DD.MM.RR'),null,null,'1','ZAKLADNI');
Insert into V_ZAKAZNIK_SUPERMARKET_ANALYZA (ID_UZIVATEL,JMENO,PRIJMENI,KARTAVERNOSTI,ID_SUPERMARKET,SUPERMARKET_NAZEV,MESTO,POCET_OBJEDNAVEK,PRVNI_OBJEDNAVKA,POSLEDNI_OBJEDNAVKA,CELKOVA_UTRATA,PRUMERNA_OBJEDNAVKA,PORADI_V_SUPERMARKETU,SEGMENT) values ('51','Alan','Bartunek','LTC10030','2','Supermarket Praha Folimanka','Praha 2','2',to_date('07.09.25','DD.MM.RR'),to_date('29.09.25','DD.MM.RR'),null,null,'1','ZAKLADNI');
Insert into V_ZAKAZNIK_SUPERMARKET_ANALYZA (ID_UZIVATEL,JMENO,PRIJMENI,KARTAVERNOSTI,ID_SUPERMARKET,SUPERMARKET_NAZEV,MESTO,POCET_OBJEDNAVEK,PRVNI_OBJEDNAVKA,POSLEDNI_OBJEDNAVKA,CELKOVA_UTRATA,PRUMERNA_OBJEDNAVKA,PORADI_V_SUPERMARKETU,SEGMENT) values ('37','Patrik','Navratil','LTC10016','2','Supermarket Praha Folimanka','Praha 2','1',to_date('05.10.25','DD.MM.RR'),to_date('05.10.25','DD.MM.RR'),null,null,'1','ZAKLADNI');
Insert into V_ZAKAZNIK_SUPERMARKET_ANALYZA (ID_UZIVATEL,JMENO,PRIJMENI,KARTAVERNOSTI,ID_SUPERMARKET,SUPERMARKET_NAZEV,MESTO,POCET_OBJEDNAVEK,PRVNI_OBJEDNAVKA,POSLEDNI_OBJEDNAVKA,CELKOVA_UTRATA,PRUMERNA_OBJEDNAVKA,PORADI_V_SUPERMARKETU,SEGMENT) values ('47','Stanislav','Prokop','LTC10026','2','Supermarket Praha Folimanka','Praha 2','1',to_date('22.11.25','DD.MM.RR'),to_date('22.11.25','DD.MM.RR'),null,null,'1','ZAKLADNI');
Insert into V_ZAKAZNIK_SUPERMARKET_ANALYZA (ID_UZIVATEL,JMENO,PRIJMENI,KARTAVERNOSTI,ID_SUPERMARKET,SUPERMARKET_NAZEV,MESTO,POCET_OBJEDNAVEK,PRVNI_OBJEDNAVKA,POSLEDNI_OBJEDNAVKA,CELKOVA_UTRATA,PRUMERNA_OBJEDNAVKA,PORADI_V_SUPERMARKETU,SEGMENT) values ('22','Petr','Kral','LTC10001','2','Supermarket Praha Folimanka','Praha 2','1',to_date('10.10.25','DD.MM.RR'),to_date('10.10.25','DD.MM.RR'),null,null,'1','ZAKLADNI');
Insert into V_ZAKAZNIK_SUPERMARKET_ANALYZA (ID_UZIVATEL,JMENO,PRIJMENI,KARTAVERNOSTI,ID_SUPERMARKET,SUPERMARKET_NAZEV,MESTO,POCET_OBJEDNAVEK,PRVNI_OBJEDNAVKA,POSLEDNI_OBJEDNAVKA,CELKOVA_UTRATA,PRUMERNA_OBJEDNAVKA,PORADI_V_SUPERMARKETU,SEGMENT) values ('50','Igor','Sladky','LTC10029','2','Supermarket Praha Folimanka','Praha 2','1',to_date('03.11.25','DD.MM.RR'),to_date('03.11.25','DD.MM.RR'),null,null,'1','ZAKLADNI');
Insert into V_ZAKAZNIK_SUPERMARKET_ANALYZA (ID_UZIVATEL,JMENO,PRIJMENI,KARTAVERNOSTI,ID_SUPERMARKET,SUPERMARKET_NAZEV,MESTO,POCET_OBJEDNAVEK,PRVNI_OBJEDNAVKA,POSLEDNI_OBJEDNAVKA,CELKOVA_UTRATA,PRUMERNA_OBJEDNAVKA,PORADI_V_SUPERMARKETU,SEGMENT) values ('40','Rene','Sedlak','LTC10019','2','Supermarket Praha Folimanka','Praha 2','1',to_date('27.11.25','DD.MM.RR'),to_date('27.11.25','DD.MM.RR'),null,null,'1','ZAKLADNI');
Insert into V_ZAKAZNIK_SUPERMARKET_ANALYZA (ID_UZIVATEL,JMENO,PRIJMENI,KARTAVERNOSTI,ID_SUPERMARKET,SUPERMARKET_NAZEV,MESTO,POCET_OBJEDNAVEK,PRVNI_OBJEDNAVKA,POSLEDNI_OBJEDNAVKA,CELKOVA_UTRATA,PRUMERNA_OBJEDNAVKA,PORADI_V_SUPERMARKETU,SEGMENT) values ('23','Marek','Horak','LTC10002','2','Supermarket Praha Folimanka','Praha 2','2',to_date('26.10.25','DD.MM.RR'),to_date('25.11.25','DD.MM.RR'),null,null,'1','ZAKLADNI');
REM INSERTING into V_ZBOZI_STAT
SET DEFINE OFF;
Insert into V_ZBOZI_STAT (ID_ZBOZI,NAZEV_ZBOZI,CENA,KATEGORIE,POCET_DODAVATELU,AVG_CENA_CATEGORY) values ('53','Syr niva 100g','29,9','Mlecne vyrobky','1','25,36666666666666666666666666666666666667');
Insert into V_ZBOZI_STAT (ID_ZBOZI,NAZEV_ZBOZI,CENA,KATEGORIE,POCET_DODAVATELU,AVG_CENA_CATEGORY) values ('5','Maslo 250g','54,9','Mlecne vyrobky','1','25,36666666666666666666666666666666666667');
Insert into V_ZBOZI_STAT (ID_ZBOZI,NAZEV_ZBOZI,CENA,KATEGORIE,POCET_DODAVATELU,AVG_CENA_CATEGORY) values ('7','Tvaroh jemny 250g','32,9','Mlecne vyrobky','0','25,36666666666666666666666666666666666667');
Insert into V_ZBOZI_STAT (ID_ZBOZI,NAZEV_ZBOZI,CENA,KATEGORIE,POCET_DODAVATELU,AVG_CENA_CATEGORY) values ('4','Mleko plnotucne 1L','26,9','Mlecne vyrobky','0','25,36666666666666666666666666666666666667');
Insert into V_ZBOZI_STAT (ID_ZBOZI,NAZEV_ZBOZI,CENA,KATEGORIE,POCET_DODAVATELU,AVG_CENA_CATEGORY) values ('6','Maslo 250g','54,9','Mlecne vyrobky','0','25,36666666666666666666666666666666666667');
Insert into V_ZBOZI_STAT (ID_ZBOZI,NAZEV_ZBOZI,CENA,KATEGORIE,POCET_DODAVATELU,AVG_CENA_CATEGORY) values ('12','Jogurt ovocny jahoda 150g','13,9','Mlecne vyrobky','0','25,36666666666666666666666666666666666667');
Insert into V_ZBOZI_STAT (ID_ZBOZI,NAZEV_ZBOZI,CENA,KATEGORIE,POCET_DODAVATELU,AVG_CENA_CATEGORY) values ('20','Kefir 500ml','21,9','Mlecne vyrobky','0','25,36666666666666666666666666666666666667');
Insert into V_ZBOZI_STAT (ID_ZBOZI,NAZEV_ZBOZI,CENA,KATEGORIE,POCET_DODAVATELU,AVG_CENA_CATEGORY) values ('50','Skyr bily 140g','18,9','Mlecne vyrobky','1','25,36666666666666666666666666666666666667');
Insert into V_ZBOZI_STAT (ID_ZBOZI,NAZEV_ZBOZI,CENA,KATEGORIE,POCET_DODAVATELU,AVG_CENA_CATEGORY) values ('49','Skyr bily 140g','18,9','Mlecne vyrobky','1','25,36666666666666666666666666666666666667');
Insert into V_ZBOZI_STAT (ID_ZBOZI,NAZEV_ZBOZI,CENA,KATEGORIE,POCET_DODAVATELU,AVG_CENA_CATEGORY) values ('8','Tvaroh jemny 250g','32,9','Mlecne vyrobky','1','25,36666666666666666666666666666666666667');
Insert into V_ZBOZI_STAT (ID_ZBOZI,NAZEV_ZBOZI,CENA,KATEGORIE,POCET_DODAVATELU,AVG_CENA_CATEGORY) values ('10','Jogurt bily 150g','11,9','Mlecne vyrobky','1','25,36666666666666666666666666666666666667');
Insert into V_ZBOZI_STAT (ID_ZBOZI,NAZEV_ZBOZI,CENA,KATEGORIE,POCET_DODAVATELU,AVG_CENA_CATEGORY) values ('15','Syr Gouda 45% 100g','23,9','Mlecne vyrobky','1','25,36666666666666666666666666666666666667');
Insert into V_ZBOZI_STAT (ID_ZBOZI,NAZEV_ZBOZI,CENA,KATEGORIE,POCET_DODAVATELU,AVG_CENA_CATEGORY) values ('51','Syr hermelin 120g','34,9','Mlecne vyrobky','1','25,36666666666666666666666666666666666667');
Insert into V_ZBOZI_STAT (ID_ZBOZI,NAZEV_ZBOZI,CENA,KATEGORIE,POCET_DODAVATELU,AVG_CENA_CATEGORY) values ('9','Jogurt bily 150g','11,9','Mlecne vyrobky','0','25,36666666666666666666666666666666666667');
Insert into V_ZBOZI_STAT (ID_ZBOZI,NAZEV_ZBOZI,CENA,KATEGORIE,POCET_DODAVATELU,AVG_CENA_CATEGORY) values ('55','Mozzarella 125g','22,9','Mlecne vyrobky','1','25,36666666666666666666666666666666666667');
Insert into V_ZBOZI_STAT (ID_ZBOZI,NAZEV_ZBOZI,CENA,KATEGORIE,POCET_DODAVATELU,AVG_CENA_CATEGORY) values ('58','Jogurt vanilkovy 150g','12,9','Mlecne vyrobky','1','25,36666666666666666666666666666666666667');
Insert into V_ZBOZI_STAT (ID_ZBOZI,NAZEV_ZBOZI,CENA,KATEGORIE,POCET_DODAVATELU,AVG_CENA_CATEGORY) values ('17','Cottage syr 200g','29,9','Mlecne vyrobky','1','25,36666666666666666666666666666666666667');
Insert into V_ZBOZI_STAT (ID_ZBOZI,NAZEV_ZBOZI,CENA,KATEGORIE,POCET_DODAVATELU,AVG_CENA_CATEGORY) values ('16','Syr Gouda 45% 100g','23,9','Mlecne vyrobky','0','25,36666666666666666666666666666666666667');
Insert into V_ZBOZI_STAT (ID_ZBOZI,NAZEV_ZBOZI,CENA,KATEGORIE,POCET_DODAVATELU,AVG_CENA_CATEGORY) values ('3','Mleko plnotucne 1L','26,9','Mlecne vyrobky','2','25,36666666666666666666666666666666666667');
Insert into V_ZBOZI_STAT (ID_ZBOZI,NAZEV_ZBOZI,CENA,KATEGORIE,POCET_DODAVATELU,AVG_CENA_CATEGORY) values ('54','Syr niva 100g','29,9','Mlecne vyrobky','1','25,36666666666666666666666666666666666667');
Insert into V_ZBOZI_STAT (ID_ZBOZI,NAZEV_ZBOZI,CENA,KATEGORIE,POCET_DODAVATELU,AVG_CENA_CATEGORY) values ('57','Jogurt vanilkovy 150g','12,9','Mlecne vyrobky','1','25,36666666666666666666666666666666666667');
Insert into V_ZBOZI_STAT (ID_ZBOZI,NAZEV_ZBOZI,CENA,KATEGORIE,POCET_DODAVATELU,AVG_CENA_CATEGORY) values ('14','Syr Eidam 30% 100g','19,9','Mlecne vyrobky','1','25,36666666666666666666666666666666666667');
Insert into V_ZBOZI_STAT (ID_ZBOZI,NAZEV_ZBOZI,CENA,KATEGORIE,POCET_DODAVATELU,AVG_CENA_CATEGORY) values ('1','Mleko polotucne 1L','24,9','Mlecne vyrobky','2','25,36666666666666666666666666666666666667');
Insert into V_ZBOZI_STAT (ID_ZBOZI,NAZEV_ZBOZI,CENA,KATEGORIE,POCET_DODAVATELU,AVG_CENA_CATEGORY) values ('2','Mleko polotucne 1L','24,9','Mlecne vyrobky','1','25,36666666666666666666666666666666666667');
Insert into V_ZBOZI_STAT (ID_ZBOZI,NAZEV_ZBOZI,CENA,KATEGORIE,POCET_DODAVATELU,AVG_CENA_CATEGORY) values ('52','Syr hermelin 120g','34,9','Mlecne vyrobky','1','25,36666666666666666666666666666666666667');
Insert into V_ZBOZI_STAT (ID_ZBOZI,NAZEV_ZBOZI,CENA,KATEGORIE,POCET_DODAVATELU,AVG_CENA_CATEGORY) values ('56','Mozzarella 125g','22,9','Mlecne vyrobky','1','25,36666666666666666666666666666666666667');
Insert into V_ZBOZI_STAT (ID_ZBOZI,NAZEV_ZBOZI,CENA,KATEGORIE,POCET_DODAVATELU,AVG_CENA_CATEGORY) values ('11','Jogurt ovocny jahoda 150g','13,9','Mlecne vyrobky','1','25,36666666666666666666666666666666666667');
Insert into V_ZBOZI_STAT (ID_ZBOZI,NAZEV_ZBOZI,CENA,KATEGORIE,POCET_DODAVATELU,AVG_CENA_CATEGORY) values ('19','Kefir 500ml','21,9','Mlecne vyrobky','1','25,36666666666666666666666666666666666667');
Insert into V_ZBOZI_STAT (ID_ZBOZI,NAZEV_ZBOZI,CENA,KATEGORIE,POCET_DODAVATELU,AVG_CENA_CATEGORY) values ('18','Cottage syr 200g','29,9','Mlecne vyrobky','0','25,36666666666666666666666666666666666667');
Insert into V_ZBOZI_STAT (ID_ZBOZI,NAZEV_ZBOZI,CENA,KATEGORIE,POCET_DODAVATELU,AVG_CENA_CATEGORY) values ('13','Syr Eidam 30% 100g','19,9','Mlecne vyrobky','0','25,36666666666666666666666666666666666667');
Insert into V_ZBOZI_STAT (ID_ZBOZI,NAZEV_ZBOZI,CENA,KATEGORIE,POCET_DODAVATELU,AVG_CENA_CATEGORY) values ('81','Croissant maslovy 60g','9,9','Pecivo','1','12,9');
Insert into V_ZBOZI_STAT (ID_ZBOZI,NAZEV_ZBOZI,CENA,KATEGORIE,POCET_DODAVATELU,AVG_CENA_CATEGORY) values ('85','Bageta francouzska 250g','12,9','Pecivo','2','12,9');
Insert into V_ZBOZI_STAT (ID_ZBOZI,NAZEV_ZBOZI,CENA,KATEGORIE,POCET_DODAVATELU,AVG_CENA_CATEGORY) values ('86','Croissant maslovy 60g','9,9','Pecivo','1','12,9');
Insert into V_ZBOZI_STAT (ID_ZBOZI,NAZEV_ZBOZI,CENA,KATEGORIE,POCET_DODAVATELU,AVG_CENA_CATEGORY) values ('87','Celozrnna houska 50g','4,9','Pecivo','2','12,9');
Insert into V_ZBOZI_STAT (ID_ZBOZI,NAZEV_ZBOZI,CENA,KATEGORIE,POCET_DODAVATELU,AVG_CENA_CATEGORY) values ('79','Chleb toustovy 500g','32,9','Pecivo','2','12,9');
Insert into V_ZBOZI_STAT (ID_ZBOZI,NAZEV_ZBOZI,CENA,KATEGORIE,POCET_DODAVATELU,AVG_CENA_CATEGORY) values ('80','Bageta francouzska 250g','12,9','Pecivo','2','12,9');
Insert into V_ZBOZI_STAT (ID_ZBOZI,NAZEV_ZBOZI,CENA,KATEGORIE,POCET_DODAVATELU,AVG_CENA_CATEGORY) values ('82','Celozrnna houska 50g','4,9','Pecivo','2','12,9');
Insert into V_ZBOZI_STAT (ID_ZBOZI,NAZEV_ZBOZI,CENA,KATEGORIE,POCET_DODAVATELU,AVG_CENA_CATEGORY) values ('84','Chleb toustovy 500g','32,9','Pecivo','1','12,9');
Insert into V_ZBOZI_STAT (ID_ZBOZI,NAZEV_ZBOZI,CENA,KATEGORIE,POCET_DODAVATELU,AVG_CENA_CATEGORY) values ('88','Slany rohlik 40g','3,9','Pecivo','1','12,9');
Insert into V_ZBOZI_STAT (ID_ZBOZI,NAZEV_ZBOZI,CENA,KATEGORIE,POCET_DODAVATELU,AVG_CENA_CATEGORY) values ('83','Slany rohlik 40g','3,9','Pecivo','1','12,9');
Insert into V_ZBOZI_STAT (ID_ZBOZI,NAZEV_ZBOZI,CENA,KATEGORIE,POCET_DODAVATELU,AVG_CENA_CATEGORY) values ('22','Kureci prsa 1kg','129,9','Maso a uzeniny','2','77,05384615384615384615384615384615384615');
Insert into V_ZBOZI_STAT (ID_ZBOZI,NAZEV_ZBOZI,CENA,KATEGORIE,POCET_DODAVATELU,AVG_CENA_CATEGORY) values ('26','Hovezi predni 1kg','179,9','Maso a uzeniny','1','77,05384615384615384615384615384615384615');
Insert into V_ZBOZI_STAT (ID_ZBOZI,NAZEV_ZBOZI,CENA,KATEGORIE,POCET_DODAVATELU,AVG_CENA_CATEGORY) values ('36','Parizsky salat 150g','17,9','Maso a uzeniny','1','77,05384615384615384615384615384615384615');
Insert into V_ZBOZI_STAT (ID_ZBOZI,NAZEV_ZBOZI,CENA,KATEGORIE,POCET_DODAVATELU,AVG_CENA_CATEGORY) values ('64','Veprove koleno 1kg','119,9','Maso a uzeniny','1','77,05384615384615384615384615384615384615');
Insert into V_ZBOZI_STAT (ID_ZBOZI,NAZEV_ZBOZI,CENA,KATEGORIE,POCET_DODAVATELU,AVG_CENA_CATEGORY) values ('32','Klobasy domaci 300g','49,9','Maso a uzeniny','1','77,05384615384615384615384615384615384615');
Insert into V_ZBOZI_STAT (ID_ZBOZI,NAZEV_ZBOZI,CENA,KATEGORIE,POCET_DODAVATELU,AVG_CENA_CATEGORY) values ('63','Veprove koleno 1kg','119,9','Maso a uzeniny','3','77,05384615384615384615384615384615384615');
Insert into V_ZBOZI_STAT (ID_ZBOZI,NAZEV_ZBOZI,CENA,KATEGORIE,POCET_DODAVATELU,AVG_CENA_CATEGORY) values ('67','Sunka premium 100g','24,9','Maso a uzeniny','2','77,05384615384615384615384615384615384615');
Insert into V_ZBOZI_STAT (ID_ZBOZI,NAZEV_ZBOZI,CENA,KATEGORIE,POCET_DODAVATELU,AVG_CENA_CATEGORY) values ('27','Sekana pecena 500g','59,9','Maso a uzeniny','2','77,05384615384615384615384615384615384615');
Insert into V_ZBOZI_STAT (ID_ZBOZI,NAZEV_ZBOZI,CENA,KATEGORIE,POCET_DODAVATELU,AVG_CENA_CATEGORY) values ('60','Kureci stehno 1kg','89,9','Maso a uzeniny','3','77,05384615384615384615384615384615384615');
Insert into V_ZBOZI_STAT (ID_ZBOZI,NAZEV_ZBOZI,CENA,KATEGORIE,POCET_DODAVATELU,AVG_CENA_CATEGORY) values ('65','Kureci srdicka 500g','54,9','Maso a uzeniny','2','77,05384615384615384615384615384615384615');
Insert into V_ZBOZI_STAT (ID_ZBOZI,NAZEV_ZBOZI,CENA,KATEGORIE,POCET_DODAVATELU,AVG_CENA_CATEGORY) values ('33','Salam herkules 100g','24,9','Maso a uzeniny','2','77,05384615384615384615384615384615384615');
Insert into V_ZBOZI_STAT (ID_ZBOZI,NAZEV_ZBOZI,CENA,KATEGORIE,POCET_DODAVATELU,AVG_CENA_CATEGORY) values ('24','Veprove kare 1kg','149,9','Maso a uzeniny','2','77,05384615384615384615384615384615384615');
Insert into V_ZBOZI_STAT (ID_ZBOZI,NAZEV_ZBOZI,CENA,KATEGORIE,POCET_DODAVATELU,AVG_CENA_CATEGORY) values ('28','Sekana pecena 500g','59,9','Maso a uzeniny','2','77,05384615384615384615384615384615384615');
Insert into V_ZBOZI_STAT (ID_ZBOZI,NAZEV_ZBOZI,CENA,KATEGORIE,POCET_DODAVATELU,AVG_CENA_CATEGORY) values ('62','Mlete hovezi 500g','79,9','Maso a uzeniny','1','77,05384615384615384615384615384615384615');
Insert into V_ZBOZI_STAT (ID_ZBOZI,NAZEV_ZBOZI,CENA,KATEGORIE,POCET_DODAVATELU,AVG_CENA_CATEGORY) values ('21','Kureci prsa 1kg','129,9','Maso a uzeniny','3','77,05384615384615384615384615384615384615');
Insert into V_ZBOZI_STAT (ID_ZBOZI,NAZEV_ZBOZI,CENA,KATEGORIE,POCET_DODAVATELU,AVG_CENA_CATEGORY) values ('25','Hovezi predni 1kg','179,9','Maso a uzeniny','2','77,05384615384615384615384615384615384615');
Insert into V_ZBOZI_STAT (ID_ZBOZI,NAZEV_ZBOZI,CENA,KATEGORIE,POCET_DODAVATELU,AVG_CENA_CATEGORY) values ('29','Sunka standard 100g','19,9','Maso a uzeniny','1','77,05384615384615384615384615384615384615');
Insert into V_ZBOZI_STAT (ID_ZBOZI,NAZEV_ZBOZI,CENA,KATEGORIE,POCET_DODAVATELU,AVG_CENA_CATEGORY) values ('31','Klobasy domaci 300g','49,9','Maso a uzeniny','2','77,05384615384615384615384615384615384615');
Insert into V_ZBOZI_STAT (ID_ZBOZI,NAZEV_ZBOZI,CENA,KATEGORIE,POCET_DODAVATELU,AVG_CENA_CATEGORY) values ('59','Kureci stehno 1kg','89,9','Maso a uzeniny','2','77,05384615384615384615384615384615384615');
Insert into V_ZBOZI_STAT (ID_ZBOZI,NAZEV_ZBOZI,CENA,KATEGORIE,POCET_DODAVATELU,AVG_CENA_CATEGORY) values ('66','Kureci srdicka 500g','54,9','Maso a uzeniny','2','77,05384615384615384615384615384615384615');
Insert into V_ZBOZI_STAT (ID_ZBOZI,NAZEV_ZBOZI,CENA,KATEGORIE,POCET_DODAVATELU,AVG_CENA_CATEGORY) values ('68','Sunka premium 100g','24,9','Maso a uzeniny','1','77,05384615384615384615384615384615384615');
Insert into V_ZBOZI_STAT (ID_ZBOZI,NAZEV_ZBOZI,CENA,KATEGORIE,POCET_DODAVATELU,AVG_CENA_CATEGORY) values ('30','Sunka standard 100g','19,9','Maso a uzeniny','2','77,05384615384615384615384615384615384615');
Insert into V_ZBOZI_STAT (ID_ZBOZI,NAZEV_ZBOZI,CENA,KATEGORIE,POCET_DODAVATELU,AVG_CENA_CATEGORY) values ('34','Salam herkules 100g','24,9','Maso a uzeniny','1','77,05384615384615384615384615384615384615');
Insert into V_ZBOZI_STAT (ID_ZBOZI,NAZEV_ZBOZI,CENA,KATEGORIE,POCET_DODAVATELU,AVG_CENA_CATEGORY) values ('35','Parizsky salat 150g','17,9','Maso a uzeniny','2','77,05384615384615384615384615384615384615');
Insert into V_ZBOZI_STAT (ID_ZBOZI,NAZEV_ZBOZI,CENA,KATEGORIE,POCET_DODAVATELU,AVG_CENA_CATEGORY) values ('23','Veprove kare 1kg','149,9','Maso a uzeniny','1','77,05384615384615384615384615384615384615');
Insert into V_ZBOZI_STAT (ID_ZBOZI,NAZEV_ZBOZI,CENA,KATEGORIE,POCET_DODAVATELU,AVG_CENA_CATEGORY) values ('61','Mlete hovezi 500g','79,9','Maso a uzeniny','1','77,05384615384615384615384615384615384615');
Insert into V_ZBOZI_STAT (ID_ZBOZI,NAZEV_ZBOZI,CENA,KATEGORIE,POCET_DODAVATELU,AVG_CENA_CATEGORY) values ('89','Jablka cervena 1kg','39,9','Ovoce','3','43,5');
Insert into V_ZBOZI_STAT (ID_ZBOZI,NAZEV_ZBOZI,CENA,KATEGORIE,POCET_DODAVATELU,AVG_CENA_CATEGORY) values ('91','Hrusek konferencnich 1kg','49,9','Ovoce','3','43,5');
Insert into V_ZBOZI_STAT (ID_ZBOZI,NAZEV_ZBOZI,CENA,KATEGORIE,POCET_DODAVATELU,AVG_CENA_CATEGORY) values ('95','Jablka zelena 1kg','42,9','Ovoce','1','43,5');
Insert into V_ZBOZI_STAT (ID_ZBOZI,NAZEV_ZBOZI,CENA,KATEGORIE,POCET_DODAVATELU,AVG_CENA_CATEGORY) values ('98','Mandarinky sladke 1kg','44,9','Ovoce','2','43,5');
Insert into V_ZBOZI_STAT (ID_ZBOZI,NAZEV_ZBOZI,CENA,KATEGORIE,POCET_DODAVATELU,AVG_CENA_CATEGORY) values ('90','Jablka zelena 1kg','42,9','Ovoce','3','43,5');
Insert into V_ZBOZI_STAT (ID_ZBOZI,NAZEV_ZBOZI,CENA,KATEGORIE,POCET_DODAVATELU,AVG_CENA_CATEGORY) values ('94','Jablka cervena 1kg','39,9','Ovoce','2','43,5');
Insert into V_ZBOZI_STAT (ID_ZBOZI,NAZEV_ZBOZI,CENA,KATEGORIE,POCET_DODAVATELU,AVG_CENA_CATEGORY) values ('96','Hrusek konferencnich 1kg','49,9','Ovoce','2','43,5');
Insert into V_ZBOZI_STAT (ID_ZBOZI,NAZEV_ZBOZI,CENA,KATEGORIE,POCET_DODAVATELU,AVG_CENA_CATEGORY) values ('97','Pomerance velke 1kg','39,9','Ovoce','2','43,5');
Insert into V_ZBOZI_STAT (ID_ZBOZI,NAZEV_ZBOZI,CENA,KATEGORIE,POCET_DODAVATELU,AVG_CENA_CATEGORY) values ('93','Mandarinky sladke 1kg','44,9','Ovoce','3','43,5');
Insert into V_ZBOZI_STAT (ID_ZBOZI,NAZEV_ZBOZI,CENA,KATEGORIE,POCET_DODAVATELU,AVG_CENA_CATEGORY) values ('92','Pomerance velke 1kg','39,9','Ovoce','3','43,5');
Insert into V_ZBOZI_STAT (ID_ZBOZI,NAZEV_ZBOZI,CENA,KATEGORIE,POCET_DODAVATELU,AVG_CENA_CATEGORY) values ('108','Brambory konzumní 5kg','69,9','Zelenina','2','52,9');
Insert into V_ZBOZI_STAT (ID_ZBOZI,NAZEV_ZBOZI,CENA,KATEGORIE,POCET_DODAVATELU,AVG_CENA_CATEGORY) values ('105','Okurky salatkove 1kg','39,9','Zelenina','2','52,9');
Insert into V_ZBOZI_STAT (ID_ZBOZI,NAZEV_ZBOZI,CENA,KATEGORIE,POCET_DODAVATELU,AVG_CENA_CATEGORY) values ('107','Mrkev 1kg','29,9','Zelenina','1','52,9');
Insert into V_ZBOZI_STAT (ID_ZBOZI,NAZEV_ZBOZI,CENA,KATEGORIE,POCET_DODAVATELU,AVG_CENA_CATEGORY) values ('100','Okurky salatkove 1kg','39,9','Zelenina','2','52,9');
Insert into V_ZBOZI_STAT (ID_ZBOZI,NAZEV_ZBOZI,CENA,KATEGORIE,POCET_DODAVATELU,AVG_CENA_CATEGORY) values ('106','Paprika cervena 1kg','69,9','Zelenina','1','52,9');
Insert into V_ZBOZI_STAT (ID_ZBOZI,NAZEV_ZBOZI,CENA,KATEGORIE,POCET_DODAVATELU,AVG_CENA_CATEGORY) values ('101','Paprika cervena 1kg','69,9','Zelenina','3','52,9');
Insert into V_ZBOZI_STAT (ID_ZBOZI,NAZEV_ZBOZI,CENA,KATEGORIE,POCET_DODAVATELU,AVG_CENA_CATEGORY) values ('99','Rajcata cervena 1kg','54,9','Zelenina','3','52,9');
Insert into V_ZBOZI_STAT (ID_ZBOZI,NAZEV_ZBOZI,CENA,KATEGORIE,POCET_DODAVATELU,AVG_CENA_CATEGORY) values ('102','Mrkev 1kg','29,9','Zelenina','3','52,9');
Insert into V_ZBOZI_STAT (ID_ZBOZI,NAZEV_ZBOZI,CENA,KATEGORIE,POCET_DODAVATELU,AVG_CENA_CATEGORY) values ('103','Brambory konzumní 5kg','69,9','Zelenina','2','52,9');
Insert into V_ZBOZI_STAT (ID_ZBOZI,NAZEV_ZBOZI,CENA,KATEGORIE,POCET_DODAVATELU,AVG_CENA_CATEGORY) values ('104','Rajcata cervena 1kg','54,9','Zelenina','1','52,9');
Insert into V_ZBOZI_STAT (ID_ZBOZI,NAZEV_ZBOZI,CENA,KATEGORIE,POCET_DODAVATELU,AVG_CENA_CATEGORY) values ('113','Sprite 2L','31,9','Napoj','1','24');
Insert into V_ZBOZI_STAT (ID_ZBOZI,NAZEV_ZBOZI,CENA,KATEGORIE,POCET_DODAVATELU,AVG_CENA_CATEGORY) values ('116','Energeticky napoj 500ml','29,9','Napoj','1','24');
Insert into V_ZBOZI_STAT (ID_ZBOZI,NAZEV_ZBOZI,CENA,KATEGORIE,POCET_DODAVATELU,AVG_CENA_CATEGORY) values ('125','Pomerancovy dzus 1L','22,9','Napoj','1','24');
Insert into V_ZBOZI_STAT (ID_ZBOZI,NAZEV_ZBOZI,CENA,KATEGORIE,POCET_DODAVATELU,AVG_CENA_CATEGORY) values ('109','Voda neperliva 1.5L','9,9','Napoj','1','24');
Insert into V_ZBOZI_STAT (ID_ZBOZI,NAZEV_ZBOZI,CENA,KATEGORIE,POCET_DODAVATELU,AVG_CENA_CATEGORY) values ('110','Voda perliva 1.5L','10,9','Napoj','2','24');
Insert into V_ZBOZI_STAT (ID_ZBOZI,NAZEV_ZBOZI,CENA,KATEGORIE,POCET_DODAVATELU,AVG_CENA_CATEGORY) values ('121','Cola 2L','32,9','Napoj','1','24');
Insert into V_ZBOZI_STAT (ID_ZBOZI,NAZEV_ZBOZI,CENA,KATEGORIE,POCET_DODAVATELU,AVG_CENA_CATEGORY) values ('122','Fanta pomeranc 2L','31,9','Napoj','1','24');
Insert into V_ZBOZI_STAT (ID_ZBOZI,NAZEV_ZBOZI,CENA,KATEGORIE,POCET_DODAVATELU,AVG_CENA_CATEGORY) values ('124','Jablecny dzus 1L','19,9','Napoj','1','24');
Insert into V_ZBOZI_STAT (ID_ZBOZI,NAZEV_ZBOZI,CENA,KATEGORIE,POCET_DODAVATELU,AVG_CENA_CATEGORY) values ('118','Iced tea citron 1.5L','24,9','Napoj','2','24');
Insert into V_ZBOZI_STAT (ID_ZBOZI,NAZEV_ZBOZI,CENA,KATEGORIE,POCET_DODAVATELU,AVG_CENA_CATEGORY) values ('112','Fanta pomeranc 2L','31,9','Napoj','2','24');
Insert into V_ZBOZI_STAT (ID_ZBOZI,NAZEV_ZBOZI,CENA,KATEGORIE,POCET_DODAVATELU,AVG_CENA_CATEGORY) values ('114','Jablecny dzus 1L','19,9','Napoj','1','24');
Insert into V_ZBOZI_STAT (ID_ZBOZI,NAZEV_ZBOZI,CENA,KATEGORIE,POCET_DODAVATELU,AVG_CENA_CATEGORY) values ('117','Iced tea broskev 1.5L','24,9','Napoj','1','24');
Insert into V_ZBOZI_STAT (ID_ZBOZI,NAZEV_ZBOZI,CENA,KATEGORIE,POCET_DODAVATELU,AVG_CENA_CATEGORY) values ('111','Cola 2L','32,9','Napoj','1','24');
Insert into V_ZBOZI_STAT (ID_ZBOZI,NAZEV_ZBOZI,CENA,KATEGORIE,POCET_DODAVATELU,AVG_CENA_CATEGORY) values ('115','Pomerancovy dzus 1L','22,9','Napoj','1','24');
Insert into V_ZBOZI_STAT (ID_ZBOZI,NAZEV_ZBOZI,CENA,KATEGORIE,POCET_DODAVATELU,AVG_CENA_CATEGORY) values ('119','Voda neperliva 1.5L','9,9','Napoj','1','24');
Insert into V_ZBOZI_STAT (ID_ZBOZI,NAZEV_ZBOZI,CENA,KATEGORIE,POCET_DODAVATELU,AVG_CENA_CATEGORY) values ('120','Voda perliva 1.5L','10,9','Napoj','2','24');
Insert into V_ZBOZI_STAT (ID_ZBOZI,NAZEV_ZBOZI,CENA,KATEGORIE,POCET_DODAVATELU,AVG_CENA_CATEGORY) values ('123','Sprite 2L','31,9','Napoj','1','24');
Insert into V_ZBOZI_STAT (ID_ZBOZI,NAZEV_ZBOZI,CENA,KATEGORIE,POCET_DODAVATELU,AVG_CENA_CATEGORY) values ('126','Energeticky napoj 500ml','29,9','Napoj','1','24');
Insert into V_ZBOZI_STAT (ID_ZBOZI,NAZEV_ZBOZI,CENA,KATEGORIE,POCET_DODAVATELU,AVG_CENA_CATEGORY) values ('127','Iced tea broskev 1.5L','24,9','Napoj','1','24');
Insert into V_ZBOZI_STAT (ID_ZBOZI,NAZEV_ZBOZI,CENA,KATEGORIE,POCET_DODAVATELU,AVG_CENA_CATEGORY) values ('128','Iced tea citron 1.5L','24,9','Napoj','1','24');
Insert into V_ZBOZI_STAT (ID_ZBOZI,NAZEV_ZBOZI,CENA,KATEGORIE,POCET_DODAVATELU,AVG_CENA_CATEGORY) values ('131','Bonbony ovocne 90g','14,9','Sladkosti','2','25,6');
Insert into V_ZBOZI_STAT (ID_ZBOZI,NAZEV_ZBOZI,CENA,KATEGORIE,POCET_DODAVATELU,AVG_CENA_CATEGORY) values ('140','Cokolada horka 100g','26,9','Sladkosti','2','25,6');
Insert into V_ZBOZI_STAT (ID_ZBOZI,NAZEV_ZBOZI,CENA,KATEGORIE,POCET_DODAVATELU,AVG_CENA_CATEGORY) values ('145','Marcipan 100g','34,9','Sladkosti','1','25,6');
Insert into V_ZBOZI_STAT (ID_ZBOZI,NAZEV_ZBOZI,CENA,KATEGORIE,POCET_DODAVATELU,AVG_CENA_CATEGORY) values ('146','Lentilky 80g','29,9','Sladkosti','2','25,6');
Insert into V_ZBOZI_STAT (ID_ZBOZI,NAZEV_ZBOZI,CENA,KATEGORIE,POCET_DODAVATELU,AVG_CENA_CATEGORY) values ('148','Wafle vanilkove 150g','21,9','Sladkosti','1','25,6');
Insert into V_ZBOZI_STAT (ID_ZBOZI,NAZEV_ZBOZI,CENA,KATEGORIE,POCET_DODAVATELU,AVG_CENA_CATEGORY) values ('132','Bonbony karamelove 90g','12,9','Sladkosti','1','25,6');
Insert into V_ZBOZI_STAT (ID_ZBOZI,NAZEV_ZBOZI,CENA,KATEGORIE,POCET_DODAVATELU,AVG_CENA_CATEGORY) values ('139','Cokolada mlečna 100g','24,9','Sladkosti','1','25,6');
Insert into V_ZBOZI_STAT (ID_ZBOZI,NAZEV_ZBOZI,CENA,KATEGORIE,POCET_DODAVATELU,AVG_CENA_CATEGORY) values ('144','Mandle v cokolade 100g','39,9','Sladkosti','1','25,6');
Insert into V_ZBOZI_STAT (ID_ZBOZI,NAZEV_ZBOZI,CENA,KATEGORIE,POCET_DODAVATELU,AVG_CENA_CATEGORY) values ('147','Zmrzlinova tycinka 60g','19,9','Sladkosti','1','25,6');
Insert into V_ZBOZI_STAT (ID_ZBOZI,NAZEV_ZBOZI,CENA,KATEGORIE,POCET_DODAVATELU,AVG_CENA_CATEGORY) values ('129','Cokolada mlečna 100g','24,9','Sladkosti','2','25,6');
Insert into V_ZBOZI_STAT (ID_ZBOZI,NAZEV_ZBOZI,CENA,KATEGORIE,POCET_DODAVATELU,AVG_CENA_CATEGORY) values ('130','Cokolada horka 100g','26,9','Sladkosti','1','25,6');
Insert into V_ZBOZI_STAT (ID_ZBOZI,NAZEV_ZBOZI,CENA,KATEGORIE,POCET_DODAVATELU,AVG_CENA_CATEGORY) values ('134','Mandle v cokolade 100g','39,9','Sladkosti','1','25,6');
Insert into V_ZBOZI_STAT (ID_ZBOZI,NAZEV_ZBOZI,CENA,KATEGORIE,POCET_DODAVATELU,AVG_CENA_CATEGORY) values ('136','Lentilky 80g','29,9','Sladkosti','1','25,6');
Insert into V_ZBOZI_STAT (ID_ZBOZI,NAZEV_ZBOZI,CENA,KATEGORIE,POCET_DODAVATELU,AVG_CENA_CATEGORY) values ('137','Zmrzlinova tycinka 60g','19,9','Sladkosti','2','25,6');
Insert into V_ZBOZI_STAT (ID_ZBOZI,NAZEV_ZBOZI,CENA,KATEGORIE,POCET_DODAVATELU,AVG_CENA_CATEGORY) values ('138','Wafle vanilkove 150g','21,9','Sladkosti','1','25,6');
Insert into V_ZBOZI_STAT (ID_ZBOZI,NAZEV_ZBOZI,CENA,KATEGORIE,POCET_DODAVATELU,AVG_CENA_CATEGORY) values ('133','Cokoladove susenky 150g','29,9','Sladkosti','2','25,6');
Insert into V_ZBOZI_STAT (ID_ZBOZI,NAZEV_ZBOZI,CENA,KATEGORIE,POCET_DODAVATELU,AVG_CENA_CATEGORY) values ('143','Cokoladove susenky 150g','29,9','Sladkosti','1','25,6');
Insert into V_ZBOZI_STAT (ID_ZBOZI,NAZEV_ZBOZI,CENA,KATEGORIE,POCET_DODAVATELU,AVG_CENA_CATEGORY) values ('135','Marcipan 100g','34,9','Sladkosti','2','25,6');
Insert into V_ZBOZI_STAT (ID_ZBOZI,NAZEV_ZBOZI,CENA,KATEGORIE,POCET_DODAVATELU,AVG_CENA_CATEGORY) values ('141','Bonbony ovocne 90g','14,9','Sladkosti','1','25,6');
Insert into V_ZBOZI_STAT (ID_ZBOZI,NAZEV_ZBOZI,CENA,KATEGORIE,POCET_DODAVATELU,AVG_CENA_CATEGORY) values ('142','Bonbony karamelove 90g','12,9','Sladkosti','2','25,6');
Insert into V_ZBOZI_STAT (ID_ZBOZI,NAZEV_ZBOZI,CENA,KATEGORIE,POCET_DODAVATELU,AVG_CENA_CATEGORY) values ('41','Mrazena kukurice 400g','26,9','Mrazene','1','66,9');
Insert into V_ZBOZI_STAT (ID_ZBOZI,NAZEV_ZBOZI,CENA,KATEGORIE,POCET_DODAVATELU,AVG_CENA_CATEGORY) values ('70','Mrazene hranolky 1kg','49,9','Mrazene','0','66,9');
Insert into V_ZBOZI_STAT (ID_ZBOZI,NAZEV_ZBOZI,CENA,KATEGORIE,POCET_DODAVATELU,AVG_CENA_CATEGORY) values ('39','Mrazena brokolice 350g','29,9','Mrazene','1','66,9');
Insert into V_ZBOZI_STAT (ID_ZBOZI,NAZEV_ZBOZI,CENA,KATEGORIE,POCET_DODAVATELU,AVG_CENA_CATEGORY) values ('72','Mrazene maliny 300g','69,9','Mrazene','0','66,9');
Insert into V_ZBOZI_STAT (ID_ZBOZI,NAZEV_ZBOZI,CENA,KATEGORIE,POCET_DODAVATELU,AVG_CENA_CATEGORY) values ('46','Mrazene rybi prsty 300g','54,9','Mrazene','1','66,9');
Insert into V_ZBOZI_STAT (ID_ZBOZI,NAZEV_ZBOZI,CENA,KATEGORIE,POCET_DODAVATELU,AVG_CENA_CATEGORY) values ('75','Zmrzlina cokoladova 1L','89,9','Mrazene','0','66,9');
Insert into V_ZBOZI_STAT (ID_ZBOZI,NAZEV_ZBOZI,CENA,KATEGORIE,POCET_DODAVATELU,AVG_CENA_CATEGORY) values ('42','Mrazena kukurice 400g','26,9','Mrazene','1','66,9');
Insert into V_ZBOZI_STAT (ID_ZBOZI,NAZEV_ZBOZI,CENA,KATEGORIE,POCET_DODAVATELU,AVG_CENA_CATEGORY) values ('45','Mrazene rybi prsty 300g','54,9','Mrazene','1','66,9');
Insert into V_ZBOZI_STAT (ID_ZBOZI,NAZEV_ZBOZI,CENA,KATEGORIE,POCET_DODAVATELU,AVG_CENA_CATEGORY) values ('38','Mrazena pizza Mozzarella','59,9','Mrazene','1','66,9');
Insert into V_ZBOZI_STAT (ID_ZBOZI,NAZEV_ZBOZI,CENA,KATEGORIE,POCET_DODAVATELU,AVG_CENA_CATEGORY) values ('43','Zmrzlina vanilkova 1L','89,9','Mrazene','1','66,9');
Insert into V_ZBOZI_STAT (ID_ZBOZI,NAZEV_ZBOZI,CENA,KATEGORIE,POCET_DODAVATELU,AVG_CENA_CATEGORY) values ('44','Zmrzlina vanilkova 1L','89,9','Mrazene','1','66,9');
Insert into V_ZBOZI_STAT (ID_ZBOZI,NAZEV_ZBOZI,CENA,KATEGORIE,POCET_DODAVATELU,AVG_CENA_CATEGORY) values ('71','Mrazene maliny 300g','69,9','Mrazene','0','66,9');
Insert into V_ZBOZI_STAT (ID_ZBOZI,NAZEV_ZBOZI,CENA,KATEGORIE,POCET_DODAVATELU,AVG_CENA_CATEGORY) values ('73','Mrazene krevety 400g','149,9','Mrazene','0','66,9');
Insert into V_ZBOZI_STAT (ID_ZBOZI,NAZEV_ZBOZI,CENA,KATEGORIE,POCET_DODAVATELU,AVG_CENA_CATEGORY) values ('76','Zmrzlina cokoladova 1L','89,9','Mrazene','0','66,9');
Insert into V_ZBOZI_STAT (ID_ZBOZI,NAZEV_ZBOZI,CENA,KATEGORIE,POCET_DODAVATELU,AVG_CENA_CATEGORY) values ('47','Mrazena zelenina mix 350g','24,9','Mrazene','1','66,9');
Insert into V_ZBOZI_STAT (ID_ZBOZI,NAZEV_ZBOZI,CENA,KATEGORIE,POCET_DODAVATELU,AVG_CENA_CATEGORY) values ('78','Mrazena treska 500g','89,9','Mrazene','0','66,9');
Insert into V_ZBOZI_STAT (ID_ZBOZI,NAZEV_ZBOZI,CENA,KATEGORIE,POCET_DODAVATELU,AVG_CENA_CATEGORY) values ('77','Mrazena treska 500g','89,9','Mrazene','0','66,9');
Insert into V_ZBOZI_STAT (ID_ZBOZI,NAZEV_ZBOZI,CENA,KATEGORIE,POCET_DODAVATELU,AVG_CENA_CATEGORY) values ('40','Mrazena brokolice 350g','29,9','Mrazene','1','66,9');
Insert into V_ZBOZI_STAT (ID_ZBOZI,NAZEV_ZBOZI,CENA,KATEGORIE,POCET_DODAVATELU,AVG_CENA_CATEGORY) values ('69','Mrazene hranolky 1kg','49,9','Mrazene','0','66,9');
Insert into V_ZBOZI_STAT (ID_ZBOZI,NAZEV_ZBOZI,CENA,KATEGORIE,POCET_DODAVATELU,AVG_CENA_CATEGORY) values ('37','Mrazena pizza Mozzarella','59,9','Mrazene','1','66,9');
Insert into V_ZBOZI_STAT (ID_ZBOZI,NAZEV_ZBOZI,CENA,KATEGORIE,POCET_DODAVATELU,AVG_CENA_CATEGORY) values ('48','Mrazena zelenina mix 350g','24,9','Mrazene','1','66,9');
Insert into V_ZBOZI_STAT (ID_ZBOZI,NAZEV_ZBOZI,CENA,KATEGORIE,POCET_DODAVATELU,AVG_CENA_CATEGORY) values ('74','Mrazene krevety 400g','149,9','Mrazene','0','66,9');
Insert into V_ZBOZI_STAT (ID_ZBOZI,NAZEV_ZBOZI,CENA,KATEGORIE,POCET_DODAVATELU,AVG_CENA_CATEGORY) values ('162','Kapesnicky 10x10','29,9','Drogerie','0','54,4');
Insert into V_ZBOZI_STAT (ID_ZBOZI,NAZEV_ZBOZI,CENA,KATEGORIE,POCET_DODAVATELU,AVG_CENA_CATEGORY) values ('164','Kartacek na zuby','29,9','Drogerie','0','54,4');
Insert into V_ZBOZI_STAT (ID_ZBOZI,NAZEV_ZBOZI,CENA,KATEGORIE,POCET_DODAVATELU,AVG_CENA_CATEGORY) values ('165','Zubni pasta 100ml','44,9','Drogerie','0','54,4');
Insert into V_ZBOZI_STAT (ID_ZBOZI,NAZEV_ZBOZI,CENA,KATEGORIE,POCET_DODAVATELU,AVG_CENA_CATEGORY) values ('166','Praci prasek 1.5kg','99,9','Drogerie','0','54,4');
Insert into V_ZBOZI_STAT (ID_ZBOZI,NAZEV_ZBOZI,CENA,KATEGORIE,POCET_DODAVATELU,AVG_CENA_CATEGORY) values ('157','Avivaz 1L','79,9','Drogerie','0','54,4');
Insert into V_ZBOZI_STAT (ID_ZBOZI,NAZEV_ZBOZI,CENA,KATEGORIE,POCET_DODAVATELU,AVG_CENA_CATEGORY) values ('159','Sprchovy gel 250ml','39,9','Drogerie','0','54,4');
Insert into V_ZBOZI_STAT (ID_ZBOZI,NAZEV_ZBOZI,CENA,KATEGORIE,POCET_DODAVATELU,AVG_CENA_CATEGORY) values ('152','Kapesnicky 10x10','29,9','Drogerie','0','54,4');
Insert into V_ZBOZI_STAT (ID_ZBOZI,NAZEV_ZBOZI,CENA,KATEGORIE,POCET_DODAVATELU,AVG_CENA_CATEGORY) values ('153','Tekute mydlo 500ml','34,9','Drogerie','0','54,4');
Insert into V_ZBOZI_STAT (ID_ZBOZI,NAZEV_ZBOZI,CENA,KATEGORIE,POCET_DODAVATELU,AVG_CENA_CATEGORY) values ('155','Zubni pasta 100ml','44,9','Drogerie','0','54,4');
Insert into V_ZBOZI_STAT (ID_ZBOZI,NAZEV_ZBOZI,CENA,KATEGORIE,POCET_DODAVATELU,AVG_CENA_CATEGORY) values ('150','Sampon 400ml','59,9','Drogerie','0','54,4');
Insert into V_ZBOZI_STAT (ID_ZBOZI,NAZEV_ZBOZI,CENA,KATEGORIE,POCET_DODAVATELU,AVG_CENA_CATEGORY) values ('161','Toaletni papir 8ks','74,9','Drogerie','0','54,4');
Insert into V_ZBOZI_STAT (ID_ZBOZI,NAZEV_ZBOZI,CENA,KATEGORIE,POCET_DODAVATELU,AVG_CENA_CATEGORY) values ('149','Sprchovy gel 250ml','39,9','Drogerie','0','54,4');
Insert into V_ZBOZI_STAT (ID_ZBOZI,NAZEV_ZBOZI,CENA,KATEGORIE,POCET_DODAVATELU,AVG_CENA_CATEGORY) values ('154','Kartacek na zuby','29,9','Drogerie','0','54,4');
Insert into V_ZBOZI_STAT (ID_ZBOZI,NAZEV_ZBOZI,CENA,KATEGORIE,POCET_DODAVATELU,AVG_CENA_CATEGORY) values ('160','Sampon 400ml','59,9','Drogerie','0','54,4');
Insert into V_ZBOZI_STAT (ID_ZBOZI,NAZEV_ZBOZI,CENA,KATEGORIE,POCET_DODAVATELU,AVG_CENA_CATEGORY) values ('168','Uklidovy sprej 500ml','49,9','Drogerie','0','54,4');
Insert into V_ZBOZI_STAT (ID_ZBOZI,NAZEV_ZBOZI,CENA,KATEGORIE,POCET_DODAVATELU,AVG_CENA_CATEGORY) values ('156','Praci prasek 1.5kg','99,9','Drogerie','0','54,4');
Insert into V_ZBOZI_STAT (ID_ZBOZI,NAZEV_ZBOZI,CENA,KATEGORIE,POCET_DODAVATELU,AVG_CENA_CATEGORY) values ('151','Toaletni papir 8ks','74,9','Drogerie','0','54,4');
Insert into V_ZBOZI_STAT (ID_ZBOZI,NAZEV_ZBOZI,CENA,KATEGORIE,POCET_DODAVATELU,AVG_CENA_CATEGORY) values ('158','Uklidovy sprej 500ml','49,9','Drogerie','0','54,4');
Insert into V_ZBOZI_STAT (ID_ZBOZI,NAZEV_ZBOZI,CENA,KATEGORIE,POCET_DODAVATELU,AVG_CENA_CATEGORY) values ('163','Tekute mydlo 500ml','34,9','Drogerie','0','54,4');
Insert into V_ZBOZI_STAT (ID_ZBOZI,NAZEV_ZBOZI,CENA,KATEGORIE,POCET_DODAVATELU,AVG_CENA_CATEGORY) values ('167','Avivaz 1L','79,9','Drogerie','0','54,4');
Insert into V_ZBOZI_STAT (ID_ZBOZI,NAZEV_ZBOZI,CENA,KATEGORIE,POCET_DODAVATELU,AVG_CENA_CATEGORY) values ('180','Gambrinus 0.5L','17,9','Alkohol','0','83,7');
Insert into V_ZBOZI_STAT (ID_ZBOZI,NAZEV_ZBOZI,CENA,KATEGORIE,POCET_DODAVATELU,AVG_CENA_CATEGORY) values ('184','Vino bile 0.75L','64,9','Alkohol','0','83,7');
Insert into V_ZBOZI_STAT (ID_ZBOZI,NAZEV_ZBOZI,CENA,KATEGORIE,POCET_DODAVATELU,AVG_CENA_CATEGORY) values ('186','Rum Tuzemsky 0.5L','129,9','Alkohol','0','83,7');
Insert into V_ZBOZI_STAT (ID_ZBOZI,NAZEV_ZBOZI,CENA,KATEGORIE,POCET_DODAVATELU,AVG_CENA_CATEGORY) values ('187','Vodka 0.5L','139,9','Alkohol','1','83,7');
Insert into V_ZBOZI_STAT (ID_ZBOZI,NAZEV_ZBOZI,CENA,KATEGORIE,POCET_DODAVATELU,AVG_CENA_CATEGORY) values ('173','Vino cervene 0.75L','69,9','Alkohol','0','83,7');
Insert into V_ZBOZI_STAT (ID_ZBOZI,NAZEV_ZBOZI,CENA,KATEGORIE,POCET_DODAVATELU,AVG_CENA_CATEGORY) values ('185','Sekt Bohemia 0.75L','99,9','Alkohol','0','83,7');
Insert into V_ZBOZI_STAT (ID_ZBOZI,NAZEV_ZBOZI,CENA,KATEGORIE,POCET_DODAVATELU,AVG_CENA_CATEGORY) values ('170','Gambrinus 0.5L','17,9','Alkohol','1','83,7');
Insert into V_ZBOZI_STAT (ID_ZBOZI,NAZEV_ZBOZI,CENA,KATEGORIE,POCET_DODAVATELU,AVG_CENA_CATEGORY) values ('178','Whisky 0.7L','249,9','Alkohol','1','83,7');
Insert into V_ZBOZI_STAT (ID_ZBOZI,NAZEV_ZBOZI,CENA,KATEGORIE,POCET_DODAVATELU,AVG_CENA_CATEGORY) values ('183','Vino cervene 0.75L','69,9','Alkohol','1','83,7');
Insert into V_ZBOZI_STAT (ID_ZBOZI,NAZEV_ZBOZI,CENA,KATEGORIE,POCET_DODAVATELU,AVG_CENA_CATEGORY) values ('172','Cerne pivo 0.5L','21,9','Alkohol','0','83,7');
Insert into V_ZBOZI_STAT (ID_ZBOZI,NAZEV_ZBOZI,CENA,KATEGORIE,POCET_DODAVATELU,AVG_CENA_CATEGORY) values ('188','Whisky 0.7L','249,9','Alkohol','0','83,7');
Insert into V_ZBOZI_STAT (ID_ZBOZI,NAZEV_ZBOZI,CENA,KATEGORIE,POCET_DODAVATELU,AVG_CENA_CATEGORY) values ('175','Sekt Bohemia 0.75L','99,9','Alkohol','1','83,7');
Insert into V_ZBOZI_STAT (ID_ZBOZI,NAZEV_ZBOZI,CENA,KATEGORIE,POCET_DODAVATELU,AVG_CENA_CATEGORY) values ('179','Pilsner Urquell 0.5L','22,9','Alkohol','0','83,7');
Insert into V_ZBOZI_STAT (ID_ZBOZI,NAZEV_ZBOZI,CENA,KATEGORIE,POCET_DODAVATELU,AVG_CENA_CATEGORY) values ('174','Vino bile 0.75L','64,9','Alkohol','0','83,7');
Insert into V_ZBOZI_STAT (ID_ZBOZI,NAZEV_ZBOZI,CENA,KATEGORIE,POCET_DODAVATELU,AVG_CENA_CATEGORY) values ('177','Vodka 0.5L','139,9','Alkohol','0','83,7');
Insert into V_ZBOZI_STAT (ID_ZBOZI,NAZEV_ZBOZI,CENA,KATEGORIE,POCET_DODAVATELU,AVG_CENA_CATEGORY) values ('171','Kozel 11 0.5L','19,9','Alkohol','0','83,7');
Insert into V_ZBOZI_STAT (ID_ZBOZI,NAZEV_ZBOZI,CENA,KATEGORIE,POCET_DODAVATELU,AVG_CENA_CATEGORY) values ('181','Kozel 11 0.5L','19,9','Alkohol','0','83,7');
Insert into V_ZBOZI_STAT (ID_ZBOZI,NAZEV_ZBOZI,CENA,KATEGORIE,POCET_DODAVATELU,AVG_CENA_CATEGORY) values ('182','Cerne pivo 0.5L','21,9','Alkohol','0','83,7');
Insert into V_ZBOZI_STAT (ID_ZBOZI,NAZEV_ZBOZI,CENA,KATEGORIE,POCET_DODAVATELU,AVG_CENA_CATEGORY) values ('169','Pilsner Urquell 0.5L','22,9','Alkohol','1','83,7');
Insert into V_ZBOZI_STAT (ID_ZBOZI,NAZEV_ZBOZI,CENA,KATEGORIE,POCET_DODAVATELU,AVG_CENA_CATEGORY) values ('176','Rum Tuzemsky 0.5L','129,9','Alkohol','0','83,7');
--------------------------------------------------------
--  DDL for Index ADRESA_PK
--------------------------------------------------------

  CREATE UNIQUE INDEX "ADRESA_PK" ON "ADRESA" ("ID_ADRESA") 
  PCTFREE 10 INITRANS 2 MAXTRANS 255 COMPUTE STATISTICS 
  STORAGE(INITIAL 65536 NEXT 1048576 MINEXTENTS 1 MAXEXTENTS 2147483645
  PCTINCREASE 0 FREELISTS 1 FREELIST GROUPS 1
  BUFFER_POOL DEFAULT FLASH_CACHE DEFAULT CELL_FLASH_CACHE DEFAULT)
  TABLESPACE "STUDENTI" ;
--------------------------------------------------------
--  DDL for Index APP_ROLE_NAZEV_UN
--------------------------------------------------------

  CREATE UNIQUE INDEX "APP_ROLE_NAZEV_UN" ON "APP_ROLE" ("NAZEV") 
  PCTFREE 10 INITRANS 2 MAXTRANS 255 COMPUTE STATISTICS 
  STORAGE(INITIAL 65536 NEXT 1048576 MINEXTENTS 1 MAXEXTENTS 2147483645
  PCTINCREASE 0 FREELISTS 1 FREELIST GROUPS 1
  BUFFER_POOL DEFAULT FLASH_CACHE DEFAULT CELL_FLASH_CACHE DEFAULT)
  TABLESPACE "STUDENTI" ;
--------------------------------------------------------
--  DDL for Index APP_ROLE_PK
--------------------------------------------------------

  CREATE UNIQUE INDEX "APP_ROLE_PK" ON "APP_ROLE" ("ID_ROLE") 
  PCTFREE 10 INITRANS 2 MAXTRANS 255 COMPUTE STATISTICS 
  STORAGE(INITIAL 65536 NEXT 1048576 MINEXTENTS 1 MAXEXTENTS 2147483645
  PCTINCREASE 0 FREELISTS 1 FREELIST GROUPS 1
  BUFFER_POOL DEFAULT FLASH_CACHE DEFAULT CELL_FLASH_CACHE DEFAULT)
  TABLESPACE "STUDENTI" ;
--------------------------------------------------------
--  DDL for Index APP_ROLE_PRAVO_PK
--------------------------------------------------------

  CREATE UNIQUE INDEX "APP_ROLE_PRAVO_PK" ON "APP_ROLE_PRAVO" ("ID_PRAVO", "ID_ROLE") 
  PCTFREE 10 INITRANS 2 MAXTRANS 255 COMPUTE STATISTICS 
  STORAGE(INITIAL 65536 NEXT 1048576 MINEXTENTS 1 MAXEXTENTS 2147483645
  PCTINCREASE 0 FREELISTS 1 FREELIST GROUPS 1
  BUFFER_POOL DEFAULT FLASH_CACHE DEFAULT CELL_FLASH_CACHE DEFAULT)
  TABLESPACE "STUDENTI" ;
--------------------------------------------------------
--  DDL for Index ARCHIV_PARENT_IDX
--------------------------------------------------------

  CREATE INDEX "ARCHIV_PARENT_IDX" ON "ARCHIV" ("PARENT_ID") 
  PCTFREE 10 INITRANS 2 MAXTRANS 255 COMPUTE STATISTICS 
  STORAGE(INITIAL 65536 NEXT 1048576 MINEXTENTS 1 MAXEXTENTS 2147483645
  PCTINCREASE 0 FREELISTS 1 FREELIST GROUPS 1
  BUFFER_POOL DEFAULT FLASH_CACHE DEFAULT CELL_FLASH_CACHE DEFAULT)
  TABLESPACE "STUDENTI" ;
--------------------------------------------------------
--  DDL for Index ARCHIV_PK
--------------------------------------------------------

  CREATE UNIQUE INDEX "ARCHIV_PK" ON "ARCHIV" ("ID_ARCHIV") 
  PCTFREE 10 INITRANS 2 MAXTRANS 255 COMPUTE STATISTICS 
  STORAGE(INITIAL 65536 NEXT 1048576 MINEXTENTS 1 MAXEXTENTS 2147483645
  PCTINCREASE 0 FREELISTS 1 FREELIST GROUPS 1
  BUFFER_POOL DEFAULT FLASH_CACHE DEFAULT CELL_FLASH_CACHE DEFAULT)
  TABLESPACE "STUDENTI" ;
--------------------------------------------------------
--  DDL for Index DODAVATEL_FIRMA_UN
--------------------------------------------------------

  CREATE UNIQUE INDEX "DODAVATEL_FIRMA_UN" ON "DODAVATEL" ("FIRMA") 
  PCTFREE 10 INITRANS 2 MAXTRANS 255 COMPUTE STATISTICS 
  STORAGE(INITIAL 65536 NEXT 1048576 MINEXTENTS 1 MAXEXTENTS 2147483645
  PCTINCREASE 0 FREELISTS 1 FREELIST GROUPS 1
  BUFFER_POOL DEFAULT FLASH_CACHE DEFAULT CELL_FLASH_CACHE DEFAULT)
  TABLESPACE "STUDENTI" ;
--------------------------------------------------------
--  DDL for Index DODAVATEL_PK
--------------------------------------------------------

  CREATE UNIQUE INDEX "DODAVATEL_PK" ON "DODAVATEL" ("ID_UZIVATELU") 
  PCTFREE 10 INITRANS 2 MAXTRANS 255 COMPUTE STATISTICS 
  STORAGE(INITIAL 65536 NEXT 1048576 MINEXTENTS 1 MAXEXTENTS 2147483645
  PCTINCREASE 0 FREELISTS 1 FREELIST GROUPS 1
  BUFFER_POOL DEFAULT FLASH_CACHE DEFAULT CELL_FLASH_CACHE DEFAULT)
  TABLESPACE "STUDENTI" ;
--------------------------------------------------------
--  DDL for Index HOTOVOST_PK
--------------------------------------------------------

  CREATE UNIQUE INDEX "HOTOVOST_PK" ON "HOTOVOST" ("ID_PLATBA") 
  PCTFREE 10 INITRANS 2 MAXTRANS 255 COMPUTE STATISTICS 
  STORAGE(INITIAL 65536 NEXT 1048576 MINEXTENTS 1 MAXEXTENTS 2147483645
  PCTINCREASE 0 FREELISTS 1 FREELIST GROUPS 1
  BUFFER_POOL DEFAULT FLASH_CACHE DEFAULT CELL_FLASH_CACHE DEFAULT)
  TABLESPACE "STUDENTI" ;
--------------------------------------------------------
--  DDL for Index KARTA_PK
--------------------------------------------------------

  CREATE UNIQUE INDEX "KARTA_PK" ON "KARTA" ("ID_PLATBA") 
  PCTFREE 10 INITRANS 2 MAXTRANS 255 COMPUTE STATISTICS 
  STORAGE(INITIAL 65536 NEXT 1048576 MINEXTENTS 1 MAXEXTENTS 2147483645
  PCTINCREASE 0 FREELISTS 1 FREELIST GROUPS 1
  BUFFER_POOL DEFAULT FLASH_CACHE DEFAULT CELL_FLASH_CACHE DEFAULT)
  TABLESPACE "STUDENTI" ;
--------------------------------------------------------
--  DDL for Index KATEGORIE_ZBOZI_NAZEV_UN
--------------------------------------------------------

  CREATE UNIQUE INDEX "KATEGORIE_ZBOZI_NAZEV_UN" ON "KATEGORIE_ZBOZI" ("NAZEV") 
  PCTFREE 10 INITRANS 2 MAXTRANS 255 COMPUTE STATISTICS 
  STORAGE(INITIAL 65536 NEXT 1048576 MINEXTENTS 1 MAXEXTENTS 2147483645
  PCTINCREASE 0 FREELISTS 1 FREELIST GROUPS 1
  BUFFER_POOL DEFAULT FLASH_CACHE DEFAULT CELL_FLASH_CACHE DEFAULT)
  TABLESPACE "STUDENTI" ;
--------------------------------------------------------
--  DDL for Index KATEGORIE_ZBOZI_PK
--------------------------------------------------------

  CREATE UNIQUE INDEX "KATEGORIE_ZBOZI_PK" ON "KATEGORIE_ZBOZI" ("ID_KATEGORIE") 
  PCTFREE 10 INITRANS 2 MAXTRANS 255 COMPUTE STATISTICS 
  STORAGE(INITIAL 65536 NEXT 1048576 MINEXTENTS 1 MAXEXTENTS 2147483645
  PCTINCREASE 0 FREELISTS 1 FREELIST GROUPS 1
  BUFFER_POOL DEFAULT FLASH_CACHE DEFAULT CELL_FLASH_CACHE DEFAULT)
  TABLESPACE "STUDENTI" ;
--------------------------------------------------------
--  DDL for Index LOG_PK
--------------------------------------------------------

  CREATE UNIQUE INDEX "LOG_PK" ON "LOG" ("ID_LOG") 
  PCTFREE 10 INITRANS 2 MAXTRANS 255 COMPUTE STATISTICS 
  STORAGE(INITIAL 65536 NEXT 1048576 MINEXTENTS 1 MAXEXTENTS 2147483645
  PCTINCREASE 0 FREELISTS 1 FREELIST GROUPS 1
  BUFFER_POOL DEFAULT FLASH_CACHE DEFAULT CELL_FLASH_CACHE DEFAULT)
  TABLESPACE "STUDENTI" ;
--------------------------------------------------------
--  DDL for Index MESTO_PK
--------------------------------------------------------

  CREATE UNIQUE INDEX "MESTO_PK" ON "MESTO" ("PSC") 
  PCTFREE 10 INITRANS 2 MAXTRANS 255 COMPUTE STATISTICS 
  STORAGE(INITIAL 65536 NEXT 1048576 MINEXTENTS 1 MAXEXTENTS 2147483645
  PCTINCREASE 0 FREELISTS 1 FREELIST GROUPS 1
  BUFFER_POOL DEFAULT FLASH_CACHE DEFAULT CELL_FLASH_CACHE DEFAULT)
  TABLESPACE "STUDENTI" ;
--------------------------------------------------------
--  DDL for Index NOTIFIKACE_PK
--------------------------------------------------------

  CREATE UNIQUE INDEX "NOTIFIKACE_PK" ON "NOTIFIKACE" ("ID_NOTIFIKACE", "ID_ZPRAVA") 
  PCTFREE 10 INITRANS 2 MAXTRANS 255 COMPUTE STATISTICS 
  STORAGE(INITIAL 65536 NEXT 1048576 MINEXTENTS 1 MAXEXTENTS 2147483645
  PCTINCREASE 0 FREELISTS 1 FREELIST GROUPS 1
  BUFFER_POOL DEFAULT FLASH_CACHE DEFAULT CELL_FLASH_CACHE DEFAULT)
  TABLESPACE "STUDENTI" ;
--------------------------------------------------------
--  DDL for Index OBJEDNAVKA_PK
--------------------------------------------------------

  CREATE UNIQUE INDEX "OBJEDNAVKA_PK" ON "OBJEDNAVKA" ("ID_OBJEDNAVKA") 
  PCTFREE 10 INITRANS 2 MAXTRANS 255 COMPUTE STATISTICS 
  STORAGE(INITIAL 65536 NEXT 1048576 MINEXTENTS 1 MAXEXTENTS 2147483645
  PCTINCREASE 0 FREELISTS 1 FREELIST GROUPS 1
  BUFFER_POOL DEFAULT FLASH_CACHE DEFAULT CELL_FLASH_CACHE DEFAULT)
  TABLESPACE "STUDENTI" ;
--------------------------------------------------------
--  DDL for Index OBJEDNAVKA_ZBOZI_PK
--------------------------------------------------------

  CREATE UNIQUE INDEX "OBJEDNAVKA_ZBOZI_PK" ON "OBJEDNAVKA_ZBOZI" ("ID_OBJEDNAVKA", "ID_ZBOZI") 
  PCTFREE 10 INITRANS 2 MAXTRANS 255 COMPUTE STATISTICS 
  STORAGE(INITIAL 65536 NEXT 1048576 MINEXTENTS 1 MAXEXTENTS 2147483645
  PCTINCREASE 0 FREELISTS 1 FREELIST GROUPS 1
  BUFFER_POOL DEFAULT FLASH_CACHE DEFAULT CELL_FLASH_CACHE DEFAULT)
  TABLESPACE "STUDENTI" ;
--------------------------------------------------------
--  DDL for Index OHLASENY__IDX
--------------------------------------------------------

  CREATE UNIQUE INDEX "OHLASENY__IDX" ON "NOTIFIKACE" ("ID_ZPRAVA") 
  PCTFREE 10 INITRANS 2 MAXTRANS 255 COMPUTE STATISTICS 
  STORAGE(INITIAL 65536 NEXT 1048576 MINEXTENTS 1 MAXEXTENTS 2147483645
  PCTINCREASE 0 FREELISTS 1 FREELIST GROUPS 1
  BUFFER_POOL DEFAULT FLASH_CACHE DEFAULT CELL_FLASH_CACHE DEFAULT)
  TABLESPACE "STUDENTI" ;
--------------------------------------------------------
--  DDL for Index PLATBA__IDX
--------------------------------------------------------

  CREATE UNIQUE INDEX "PLATBA__IDX" ON "PLATBA" ("ID_OBJEDNAVKA") 
  PCTFREE 10 INITRANS 2 MAXTRANS 255 COMPUTE STATISTICS 
  STORAGE(INITIAL 65536 NEXT 1048576 MINEXTENTS 1 MAXEXTENTS 2147483645
  PCTINCREASE 0 FREELISTS 1 FREELIST GROUPS 1
  BUFFER_POOL DEFAULT FLASH_CACHE DEFAULT CELL_FLASH_CACHE DEFAULT)
  TABLESPACE "STUDENTI" ;
--------------------------------------------------------
--  DDL for Index PLATBA_PK
--------------------------------------------------------

  CREATE UNIQUE INDEX "PLATBA_PK" ON "PLATBA" ("ID_PLATBA") 
  PCTFREE 10 INITRANS 2 MAXTRANS 255 COMPUTE STATISTICS 
  STORAGE(INITIAL 65536 NEXT 1048576 MINEXTENTS 1 MAXEXTENTS 2147483645
  PCTINCREASE 0 FREELISTS 1 FREELIST GROUPS 1
  BUFFER_POOL DEFAULT FLASH_CACHE DEFAULT CELL_FLASH_CACHE DEFAULT)
  TABLESPACE "STUDENTI" ;
--------------------------------------------------------
--  DDL for Index PRAVO_KOD_UN
--------------------------------------------------------

  CREATE UNIQUE INDEX "PRAVO_KOD_UN" ON "PRAVO" ("KOD") 
  PCTFREE 10 INITRANS 2 MAXTRANS 255 COMPUTE STATISTICS 
  STORAGE(INITIAL 65536 NEXT 1048576 MINEXTENTS 1 MAXEXTENTS 2147483645
  PCTINCREASE 0 FREELISTS 1 FREELIST GROUPS 1
  BUFFER_POOL DEFAULT FLASH_CACHE DEFAULT CELL_FLASH_CACHE DEFAULT)
  TABLESPACE "STUDENTI" ;
--------------------------------------------------------
--  DDL for Index PRAVO_PK
--------------------------------------------------------

  CREATE UNIQUE INDEX "PRAVO_PK" ON "PRAVO" ("ID_PRAVO") 
  PCTFREE 10 INITRANS 2 MAXTRANS 255 COMPUTE STATISTICS 
  STORAGE(INITIAL 65536 NEXT 1048576 MINEXTENTS 1 MAXEXTENTS 2147483645
  PCTINCREASE 0 FREELISTS 1 FREELIST GROUPS 1
  BUFFER_POOL DEFAULT FLASH_CACHE DEFAULT CELL_FLASH_CACHE DEFAULT)
  TABLESPACE "STUDENTI" ;
--------------------------------------------------------
--  DDL for Index SKLAD_NAZEV_UN
--------------------------------------------------------

  CREATE UNIQUE INDEX "SKLAD_NAZEV_UN" ON "SKLAD" ("NAZEV") 
  PCTFREE 10 INITRANS 2 MAXTRANS 255 COMPUTE STATISTICS 
  STORAGE(INITIAL 65536 NEXT 1048576 MINEXTENTS 1 MAXEXTENTS 2147483645
  PCTINCREASE 0 FREELISTS 1 FREELIST GROUPS 1
  BUFFER_POOL DEFAULT FLASH_CACHE DEFAULT CELL_FLASH_CACHE DEFAULT)
  TABLESPACE "STUDENTI" ;
--------------------------------------------------------
--  DDL for Index SKLAD_PK
--------------------------------------------------------

  CREATE UNIQUE INDEX "SKLAD_PK" ON "SKLAD" ("ID_SKLAD") 
  PCTFREE 10 INITRANS 2 MAXTRANS 255 COMPUTE STATISTICS 
  STORAGE(INITIAL 65536 NEXT 1048576 MINEXTENTS 1 MAXEXTENTS 2147483645
  PCTINCREASE 0 FREELISTS 1 FREELIST GROUPS 1
  BUFFER_POOL DEFAULT FLASH_CACHE DEFAULT CELL_FLASH_CACHE DEFAULT)
  TABLESPACE "STUDENTI" ;
--------------------------------------------------------
--  DDL for Index SOUBOR_PK
--------------------------------------------------------

  CREATE UNIQUE INDEX "SOUBOR_PK" ON "SOUBOR" ("ID_SOUBOR") 
  PCTFREE 10 INITRANS 2 MAXTRANS 255 COMPUTE STATISTICS 
  STORAGE(INITIAL 65536 NEXT 1048576 MINEXTENTS 1 MAXEXTENTS 2147483645
  PCTINCREASE 0 FREELISTS 1 FREELIST GROUPS 1
  BUFFER_POOL DEFAULT FLASH_CACHE DEFAULT CELL_FLASH_CACHE DEFAULT)
  TABLESPACE "STUDENTI" ;
--------------------------------------------------------
--  DDL for Index STATUS_PK
--------------------------------------------------------

  CREATE UNIQUE INDEX "STATUS_PK" ON "STATUS" ("ID_STATUS") 
  PCTFREE 10 INITRANS 2 MAXTRANS 255 COMPUTE STATISTICS 
  STORAGE(INITIAL 65536 NEXT 1048576 MINEXTENTS 1 MAXEXTENTS 2147483645
  PCTINCREASE 0 FREELISTS 1 FREELIST GROUPS 1
  BUFFER_POOL DEFAULT FLASH_CACHE DEFAULT CELL_FLASH_CACHE DEFAULT)
  TABLESPACE "STUDENTI" ;
--------------------------------------------------------
--  DDL for Index SUPERMARKET__IDX
--------------------------------------------------------

  CREATE UNIQUE INDEX "SUPERMARKET__IDX" ON "SUPERMARKET" ("ID_ADRESA") 
  PCTFREE 10 INITRANS 2 MAXTRANS 255 COMPUTE STATISTICS 
  STORAGE(INITIAL 65536 NEXT 1048576 MINEXTENTS 1 MAXEXTENTS 2147483645
  PCTINCREASE 0 FREELISTS 1 FREELIST GROUPS 1
  BUFFER_POOL DEFAULT FLASH_CACHE DEFAULT CELL_FLASH_CACHE DEFAULT)
  TABLESPACE "STUDENTI" ;
--------------------------------------------------------
--  DDL for Index SUPERMARKET_NAZEV_UN
--------------------------------------------------------

  CREATE UNIQUE INDEX "SUPERMARKET_NAZEV_UN" ON "SUPERMARKET" ("NAZEV") 
  PCTFREE 10 INITRANS 2 MAXTRANS 255 COMPUTE STATISTICS 
  STORAGE(INITIAL 65536 NEXT 1048576 MINEXTENTS 1 MAXEXTENTS 2147483645
  PCTINCREASE 0 FREELISTS 1 FREELIST GROUPS 1
  BUFFER_POOL DEFAULT FLASH_CACHE DEFAULT CELL_FLASH_CACHE DEFAULT)
  TABLESPACE "STUDENTI" ;
--------------------------------------------------------
--  DDL for Index SUPERMARKET_PK
--------------------------------------------------------

  CREATE UNIQUE INDEX "SUPERMARKET_PK" ON "SUPERMARKET" ("ID_SUPERMARKET") 
  PCTFREE 10 INITRANS 2 MAXTRANS 255 COMPUTE STATISTICS 
  STORAGE(INITIAL 65536 NEXT 1048576 MINEXTENTS 1 MAXEXTENTS 2147483645
  PCTINCREASE 0 FREELISTS 1 FREELIST GROUPS 1
  BUFFER_POOL DEFAULT FLASH_CACHE DEFAULT CELL_FLASH_CACHE DEFAULT)
  TABLESPACE "STUDENTI" ;
--------------------------------------------------------
--  DDL for Index UQ_ZBOZI_SKLAD
--------------------------------------------------------

  CREATE UNIQUE INDEX "UQ_ZBOZI_SKLAD" ON "ZBOZI" ("NAZEV", "SKLAD_ID_SKLAD") 
  PCTFREE 10 INITRANS 2 MAXTRANS 255 COMPUTE STATISTICS 
  STORAGE(INITIAL 65536 NEXT 1048576 MINEXTENTS 1 MAXEXTENTS 2147483645
  PCTINCREASE 0 FREELISTS 1 FREELIST GROUPS 1
  BUFFER_POOL DEFAULT FLASH_CACHE DEFAULT CELL_FLASH_CACHE DEFAULT)
  TABLESPACE "STUDENTI" ;
--------------------------------------------------------
--  DDL for Index UZIVATEL_EMAIL_UN
--------------------------------------------------------

  CREATE UNIQUE INDEX "UZIVATEL_EMAIL_UN" ON "UZIVATEL" ("EMAIL") 
  PCTFREE 10 INITRANS 2 MAXTRANS 255 COMPUTE STATISTICS 
  STORAGE(INITIAL 65536 NEXT 1048576 MINEXTENTS 1 MAXEXTENTS 2147483645
  PCTINCREASE 0 FREELISTS 1 FREELIST GROUPS 1
  BUFFER_POOL DEFAULT FLASH_CACHE DEFAULT CELL_FLASH_CACHE DEFAULT)
  TABLESPACE "STUDENTI" ;
--------------------------------------------------------
--  DDL for Index UZIVATEL_PK
--------------------------------------------------------

  CREATE UNIQUE INDEX "UZIVATEL_PK" ON "UZIVATEL" ("ID_UZIVATEL") 
  PCTFREE 10 INITRANS 2 MAXTRANS 255 COMPUTE STATISTICS 
  STORAGE(INITIAL 65536 NEXT 1048576 MINEXTENTS 1 MAXEXTENTS 2147483645
  PCTINCREASE 0 FREELISTS 1 FREELIST GROUPS 1
  BUFFER_POOL DEFAULT FLASH_CACHE DEFAULT CELL_FLASH_CACHE DEFAULT)
  TABLESPACE "STUDENTI" ;
--------------------------------------------------------
--  DDL for Index UZIVATEL_TELEFONNICISLO_UN
--------------------------------------------------------

  CREATE UNIQUE INDEX "UZIVATEL_TELEFONNICISLO_UN" ON "UZIVATEL" ("TELEFONNICISLO") 
  PCTFREE 10 INITRANS 2 MAXTRANS 255 COMPUTE STATISTICS 
  STORAGE(INITIAL 65536 NEXT 1048576 MINEXTENTS 1 MAXEXTENTS 2147483645
  PCTINCREASE 0 FREELISTS 1 FREELIST GROUPS 1
  BUFFER_POOL DEFAULT FLASH_CACHE DEFAULT CELL_FLASH_CACHE DEFAULT)
  TABLESPACE "STUDENTI" ;
--------------------------------------------------------
--  DDL for Index ZAKAZNIK_KARTAVERNOSTI_UN
--------------------------------------------------------

  CREATE UNIQUE INDEX "ZAKAZNIK_KARTAVERNOSTI_UN" ON "ZAKAZNIK" ("KARTAVERNOSTI") 
  PCTFREE 10 INITRANS 2 MAXTRANS 255 COMPUTE STATISTICS 
  STORAGE(INITIAL 65536 NEXT 1048576 MINEXTENTS 1 MAXEXTENTS 2147483645
  PCTINCREASE 0 FREELISTS 1 FREELIST GROUPS 1
  BUFFER_POOL DEFAULT FLASH_CACHE DEFAULT CELL_FLASH_CACHE DEFAULT)
  TABLESPACE "STUDENTI" ;
--------------------------------------------------------
--  DDL for Index ZAKAZNIK_PK
--------------------------------------------------------

  CREATE UNIQUE INDEX "ZAKAZNIK_PK" ON "ZAKAZNIK" ("ID_UZIVATELU") 
  PCTFREE 10 INITRANS 2 MAXTRANS 255 COMPUTE STATISTICS 
  STORAGE(INITIAL 65536 NEXT 1048576 MINEXTENTS 1 MAXEXTENTS 2147483645
  PCTINCREASE 0 FREELISTS 1 FREELIST GROUPS 1
  BUFFER_POOL DEFAULT FLASH_CACHE DEFAULT CELL_FLASH_CACHE DEFAULT)
  TABLESPACE "STUDENTI" ;
--------------------------------------------------------
--  DDL for Index ZAMESTNANEC_PK
--------------------------------------------------------

  CREATE UNIQUE INDEX "ZAMESTNANEC_PK" ON "ZAMESTNANEC" ("ID_UZIVATELU") 
  PCTFREE 10 INITRANS 2 MAXTRANS 255 COMPUTE STATISTICS 
  STORAGE(INITIAL 65536 NEXT 1048576 MINEXTENTS 1 MAXEXTENTS 2147483645
  PCTINCREASE 0 FREELISTS 1 FREELIST GROUPS 1
  BUFFER_POOL DEFAULT FLASH_CACHE DEFAULT CELL_FLASH_CACHE DEFAULT)
  TABLESPACE "STUDENTI" ;
--------------------------------------------------------
--  DDL for Index ZBOZI_DODAVATEL_PK
--------------------------------------------------------

  CREATE UNIQUE INDEX "ZBOZI_DODAVATEL_PK" ON "ZBOZI_DODAVATEL" ("ID_UZIVATELU", "ID_ZBOZI") 
  PCTFREE 10 INITRANS 2 MAXTRANS 255 COMPUTE STATISTICS 
  STORAGE(INITIAL 65536 NEXT 1048576 MINEXTENTS 1 MAXEXTENTS 2147483645
  PCTINCREASE 0 FREELISTS 1 FREELIST GROUPS 1
  BUFFER_POOL DEFAULT FLASH_CACHE DEFAULT CELL_FLASH_CACHE DEFAULT)
  TABLESPACE "STUDENTI" ;
--------------------------------------------------------
--  DDL for Index ZBOZI_PK
--------------------------------------------------------

  CREATE UNIQUE INDEX "ZBOZI_PK" ON "ZBOZI" ("ID_ZBOZI") 
  PCTFREE 10 INITRANS 2 MAXTRANS 255 COMPUTE STATISTICS 
  STORAGE(INITIAL 65536 NEXT 1048576 MINEXTENTS 1 MAXEXTENTS 2147483645
  PCTINCREASE 0 FREELISTS 1 FREELIST GROUPS 1
  BUFFER_POOL DEFAULT FLASH_CACHE DEFAULT CELL_FLASH_CACHE DEFAULT)
  TABLESPACE "STUDENTI" ;
--------------------------------------------------------
--  DDL for Index ZPRAVA_PK
--------------------------------------------------------

  CREATE UNIQUE INDEX "ZPRAVA_PK" ON "ZPRAVA" ("ID_ZPRAVA") 
  PCTFREE 10 INITRANS 2 MAXTRANS 255 COMPUTE STATISTICS 
  STORAGE(INITIAL 65536 NEXT 1048576 MINEXTENTS 1 MAXEXTENTS 2147483645
  PCTINCREASE 0 FREELISTS 1 FREELIST GROUPS 1
  BUFFER_POOL DEFAULT FLASH_CACHE DEFAULT CELL_FLASH_CACHE DEFAULT)
  TABLESPACE "STUDENTI" ;
--------------------------------------------------------
--  DDL for Index ADRESA_PK
--------------------------------------------------------

  CREATE UNIQUE INDEX "ADRESA_PK" ON "ADRESA" ("ID_ADRESA") 
  PCTFREE 10 INITRANS 2 MAXTRANS 255 COMPUTE STATISTICS 
  STORAGE(INITIAL 65536 NEXT 1048576 MINEXTENTS 1 MAXEXTENTS 2147483645
  PCTINCREASE 0 FREELISTS 1 FREELIST GROUPS 1
  BUFFER_POOL DEFAULT FLASH_CACHE DEFAULT CELL_FLASH_CACHE DEFAULT)
  TABLESPACE "STUDENTI" ;
--------------------------------------------------------
--  DDL for Index APP_ROLE_NAZEV_UN
--------------------------------------------------------

  CREATE UNIQUE INDEX "APP_ROLE_NAZEV_UN" ON "APP_ROLE" ("NAZEV") 
  PCTFREE 10 INITRANS 2 MAXTRANS 255 COMPUTE STATISTICS 
  STORAGE(INITIAL 65536 NEXT 1048576 MINEXTENTS 1 MAXEXTENTS 2147483645
  PCTINCREASE 0 FREELISTS 1 FREELIST GROUPS 1
  BUFFER_POOL DEFAULT FLASH_CACHE DEFAULT CELL_FLASH_CACHE DEFAULT)
  TABLESPACE "STUDENTI" ;
--------------------------------------------------------
--  DDL for Index APP_ROLE_PK
--------------------------------------------------------

  CREATE UNIQUE INDEX "APP_ROLE_PK" ON "APP_ROLE" ("ID_ROLE") 
  PCTFREE 10 INITRANS 2 MAXTRANS 255 COMPUTE STATISTICS 
  STORAGE(INITIAL 65536 NEXT 1048576 MINEXTENTS 1 MAXEXTENTS 2147483645
  PCTINCREASE 0 FREELISTS 1 FREELIST GROUPS 1
  BUFFER_POOL DEFAULT FLASH_CACHE DEFAULT CELL_FLASH_CACHE DEFAULT)
  TABLESPACE "STUDENTI" ;
--------------------------------------------------------
--  DDL for Index APP_ROLE_PRAVO_PK
--------------------------------------------------------

  CREATE UNIQUE INDEX "APP_ROLE_PRAVO_PK" ON "APP_ROLE_PRAVO" ("ID_PRAVO", "ID_ROLE") 
  PCTFREE 10 INITRANS 2 MAXTRANS 255 COMPUTE STATISTICS 
  STORAGE(INITIAL 65536 NEXT 1048576 MINEXTENTS 1 MAXEXTENTS 2147483645
  PCTINCREASE 0 FREELISTS 1 FREELIST GROUPS 1
  BUFFER_POOL DEFAULT FLASH_CACHE DEFAULT CELL_FLASH_CACHE DEFAULT)
  TABLESPACE "STUDENTI" ;
--------------------------------------------------------
--  DDL for Index ARCHIV_PK
--------------------------------------------------------

  CREATE UNIQUE INDEX "ARCHIV_PK" ON "ARCHIV" ("ID_ARCHIV") 
  PCTFREE 10 INITRANS 2 MAXTRANS 255 COMPUTE STATISTICS 
  STORAGE(INITIAL 65536 NEXT 1048576 MINEXTENTS 1 MAXEXTENTS 2147483645
  PCTINCREASE 0 FREELISTS 1 FREELIST GROUPS 1
  BUFFER_POOL DEFAULT FLASH_CACHE DEFAULT CELL_FLASH_CACHE DEFAULT)
  TABLESPACE "STUDENTI" ;
--------------------------------------------------------
--  DDL for Index ARCHIV_PARENT_IDX
--------------------------------------------------------

  CREATE INDEX "ARCHIV_PARENT_IDX" ON "ARCHIV" ("PARENT_ID") 
  PCTFREE 10 INITRANS 2 MAXTRANS 255 COMPUTE STATISTICS 
  STORAGE(INITIAL 65536 NEXT 1048576 MINEXTENTS 1 MAXEXTENTS 2147483645
  PCTINCREASE 0 FREELISTS 1 FREELIST GROUPS 1
  BUFFER_POOL DEFAULT FLASH_CACHE DEFAULT CELL_FLASH_CACHE DEFAULT)
  TABLESPACE "STUDENTI" ;
--------------------------------------------------------
--  DDL for Index DODAVATEL_PK
--------------------------------------------------------

  CREATE UNIQUE INDEX "DODAVATEL_PK" ON "DODAVATEL" ("ID_UZIVATELU") 
  PCTFREE 10 INITRANS 2 MAXTRANS 255 COMPUTE STATISTICS 
  STORAGE(INITIAL 65536 NEXT 1048576 MINEXTENTS 1 MAXEXTENTS 2147483645
  PCTINCREASE 0 FREELISTS 1 FREELIST GROUPS 1
  BUFFER_POOL DEFAULT FLASH_CACHE DEFAULT CELL_FLASH_CACHE DEFAULT)
  TABLESPACE "STUDENTI" ;
--------------------------------------------------------
--  DDL for Index DODAVATEL_FIRMA_UN
--------------------------------------------------------

  CREATE UNIQUE INDEX "DODAVATEL_FIRMA_UN" ON "DODAVATEL" ("FIRMA") 
  PCTFREE 10 INITRANS 2 MAXTRANS 255 COMPUTE STATISTICS 
  STORAGE(INITIAL 65536 NEXT 1048576 MINEXTENTS 1 MAXEXTENTS 2147483645
  PCTINCREASE 0 FREELISTS 1 FREELIST GROUPS 1
  BUFFER_POOL DEFAULT FLASH_CACHE DEFAULT CELL_FLASH_CACHE DEFAULT)
  TABLESPACE "STUDENTI" ;
--------------------------------------------------------
--  DDL for Index HOTOVOST_PK
--------------------------------------------------------

  CREATE UNIQUE INDEX "HOTOVOST_PK" ON "HOTOVOST" ("ID_PLATBA") 
  PCTFREE 10 INITRANS 2 MAXTRANS 255 COMPUTE STATISTICS 
  STORAGE(INITIAL 65536 NEXT 1048576 MINEXTENTS 1 MAXEXTENTS 2147483645
  PCTINCREASE 0 FREELISTS 1 FREELIST GROUPS 1
  BUFFER_POOL DEFAULT FLASH_CACHE DEFAULT CELL_FLASH_CACHE DEFAULT)
  TABLESPACE "STUDENTI" ;
--------------------------------------------------------
--  DDL for Index KARTA_PK
--------------------------------------------------------

  CREATE UNIQUE INDEX "KARTA_PK" ON "KARTA" ("ID_PLATBA") 
  PCTFREE 10 INITRANS 2 MAXTRANS 255 COMPUTE STATISTICS 
  STORAGE(INITIAL 65536 NEXT 1048576 MINEXTENTS 1 MAXEXTENTS 2147483645
  PCTINCREASE 0 FREELISTS 1 FREELIST GROUPS 1
  BUFFER_POOL DEFAULT FLASH_CACHE DEFAULT CELL_FLASH_CACHE DEFAULT)
  TABLESPACE "STUDENTI" ;
--------------------------------------------------------
--  DDL for Index KATEGORIE_ZBOZI_PK
--------------------------------------------------------

  CREATE UNIQUE INDEX "KATEGORIE_ZBOZI_PK" ON "KATEGORIE_ZBOZI" ("ID_KATEGORIE") 
  PCTFREE 10 INITRANS 2 MAXTRANS 255 COMPUTE STATISTICS 
  STORAGE(INITIAL 65536 NEXT 1048576 MINEXTENTS 1 MAXEXTENTS 2147483645
  PCTINCREASE 0 FREELISTS 1 FREELIST GROUPS 1
  BUFFER_POOL DEFAULT FLASH_CACHE DEFAULT CELL_FLASH_CACHE DEFAULT)
  TABLESPACE "STUDENTI" ;
--------------------------------------------------------
--  DDL for Index KATEGORIE_ZBOZI_NAZEV_UN
--------------------------------------------------------

  CREATE UNIQUE INDEX "KATEGORIE_ZBOZI_NAZEV_UN" ON "KATEGORIE_ZBOZI" ("NAZEV") 
  PCTFREE 10 INITRANS 2 MAXTRANS 255 COMPUTE STATISTICS 
  STORAGE(INITIAL 65536 NEXT 1048576 MINEXTENTS 1 MAXEXTENTS 2147483645
  PCTINCREASE 0 FREELISTS 1 FREELIST GROUPS 1
  BUFFER_POOL DEFAULT FLASH_CACHE DEFAULT CELL_FLASH_CACHE DEFAULT)
  TABLESPACE "STUDENTI" ;
--------------------------------------------------------
--  DDL for Index LOG_PK
--------------------------------------------------------

  CREATE UNIQUE INDEX "LOG_PK" ON "LOG" ("ID_LOG") 
  PCTFREE 10 INITRANS 2 MAXTRANS 255 COMPUTE STATISTICS 
  STORAGE(INITIAL 65536 NEXT 1048576 MINEXTENTS 1 MAXEXTENTS 2147483645
  PCTINCREASE 0 FREELISTS 1 FREELIST GROUPS 1
  BUFFER_POOL DEFAULT FLASH_CACHE DEFAULT CELL_FLASH_CACHE DEFAULT)
  TABLESPACE "STUDENTI" ;
--------------------------------------------------------
--  DDL for Index MESTO_PK
--------------------------------------------------------

  CREATE UNIQUE INDEX "MESTO_PK" ON "MESTO" ("PSC") 
  PCTFREE 10 INITRANS 2 MAXTRANS 255 COMPUTE STATISTICS 
  STORAGE(INITIAL 65536 NEXT 1048576 MINEXTENTS 1 MAXEXTENTS 2147483645
  PCTINCREASE 0 FREELISTS 1 FREELIST GROUPS 1
  BUFFER_POOL DEFAULT FLASH_CACHE DEFAULT CELL_FLASH_CACHE DEFAULT)
  TABLESPACE "STUDENTI" ;
--------------------------------------------------------
--  DDL for Index OHLASENY__IDX
--------------------------------------------------------

  CREATE UNIQUE INDEX "OHLASENY__IDX" ON "NOTIFIKACE" ("ID_ZPRAVA") 
  PCTFREE 10 INITRANS 2 MAXTRANS 255 COMPUTE STATISTICS 
  STORAGE(INITIAL 65536 NEXT 1048576 MINEXTENTS 1 MAXEXTENTS 2147483645
  PCTINCREASE 0 FREELISTS 1 FREELIST GROUPS 1
  BUFFER_POOL DEFAULT FLASH_CACHE DEFAULT CELL_FLASH_CACHE DEFAULT)
  TABLESPACE "STUDENTI" ;
--------------------------------------------------------
--  DDL for Index NOTIFIKACE_PK
--------------------------------------------------------

  CREATE UNIQUE INDEX "NOTIFIKACE_PK" ON "NOTIFIKACE" ("ID_NOTIFIKACE", "ID_ZPRAVA") 
  PCTFREE 10 INITRANS 2 MAXTRANS 255 COMPUTE STATISTICS 
  STORAGE(INITIAL 65536 NEXT 1048576 MINEXTENTS 1 MAXEXTENTS 2147483645
  PCTINCREASE 0 FREELISTS 1 FREELIST GROUPS 1
  BUFFER_POOL DEFAULT FLASH_CACHE DEFAULT CELL_FLASH_CACHE DEFAULT)
  TABLESPACE "STUDENTI" ;
--------------------------------------------------------
--  DDL for Index OBJEDNAVKA_PK
--------------------------------------------------------

  CREATE UNIQUE INDEX "OBJEDNAVKA_PK" ON "OBJEDNAVKA" ("ID_OBJEDNAVKA") 
  PCTFREE 10 INITRANS 2 MAXTRANS 255 COMPUTE STATISTICS 
  STORAGE(INITIAL 65536 NEXT 1048576 MINEXTENTS 1 MAXEXTENTS 2147483645
  PCTINCREASE 0 FREELISTS 1 FREELIST GROUPS 1
  BUFFER_POOL DEFAULT FLASH_CACHE DEFAULT CELL_FLASH_CACHE DEFAULT)
  TABLESPACE "STUDENTI" ;
--------------------------------------------------------
--  DDL for Index OBJEDNAVKA_ZBOZI_PK
--------------------------------------------------------

  CREATE UNIQUE INDEX "OBJEDNAVKA_ZBOZI_PK" ON "OBJEDNAVKA_ZBOZI" ("ID_OBJEDNAVKA", "ID_ZBOZI") 
  PCTFREE 10 INITRANS 2 MAXTRANS 255 COMPUTE STATISTICS 
  STORAGE(INITIAL 65536 NEXT 1048576 MINEXTENTS 1 MAXEXTENTS 2147483645
  PCTINCREASE 0 FREELISTS 1 FREELIST GROUPS 1
  BUFFER_POOL DEFAULT FLASH_CACHE DEFAULT CELL_FLASH_CACHE DEFAULT)
  TABLESPACE "STUDENTI" ;
--------------------------------------------------------
--  DDL for Index PLATBA__IDX
--------------------------------------------------------

  CREATE UNIQUE INDEX "PLATBA__IDX" ON "PLATBA" ("ID_OBJEDNAVKA") 
  PCTFREE 10 INITRANS 2 MAXTRANS 255 COMPUTE STATISTICS 
  STORAGE(INITIAL 65536 NEXT 1048576 MINEXTENTS 1 MAXEXTENTS 2147483645
  PCTINCREASE 0 FREELISTS 1 FREELIST GROUPS 1
  BUFFER_POOL DEFAULT FLASH_CACHE DEFAULT CELL_FLASH_CACHE DEFAULT)
  TABLESPACE "STUDENTI" ;
--------------------------------------------------------
--  DDL for Index PLATBA_PK
--------------------------------------------------------

  CREATE UNIQUE INDEX "PLATBA_PK" ON "PLATBA" ("ID_PLATBA") 
  PCTFREE 10 INITRANS 2 MAXTRANS 255 COMPUTE STATISTICS 
  STORAGE(INITIAL 65536 NEXT 1048576 MINEXTENTS 1 MAXEXTENTS 2147483645
  PCTINCREASE 0 FREELISTS 1 FREELIST GROUPS 1
  BUFFER_POOL DEFAULT FLASH_CACHE DEFAULT CELL_FLASH_CACHE DEFAULT)
  TABLESPACE "STUDENTI" ;
--------------------------------------------------------
--  DDL for Index PRAVO_PK
--------------------------------------------------------

  CREATE UNIQUE INDEX "PRAVO_PK" ON "PRAVO" ("ID_PRAVO") 
  PCTFREE 10 INITRANS 2 MAXTRANS 255 COMPUTE STATISTICS 
  STORAGE(INITIAL 65536 NEXT 1048576 MINEXTENTS 1 MAXEXTENTS 2147483645
  PCTINCREASE 0 FREELISTS 1 FREELIST GROUPS 1
  BUFFER_POOL DEFAULT FLASH_CACHE DEFAULT CELL_FLASH_CACHE DEFAULT)
  TABLESPACE "STUDENTI" ;
--------------------------------------------------------
--  DDL for Index PRAVO_KOD_UN
--------------------------------------------------------

  CREATE UNIQUE INDEX "PRAVO_KOD_UN" ON "PRAVO" ("KOD") 
  PCTFREE 10 INITRANS 2 MAXTRANS 255 COMPUTE STATISTICS 
  STORAGE(INITIAL 65536 NEXT 1048576 MINEXTENTS 1 MAXEXTENTS 2147483645
  PCTINCREASE 0 FREELISTS 1 FREELIST GROUPS 1
  BUFFER_POOL DEFAULT FLASH_CACHE DEFAULT CELL_FLASH_CACHE DEFAULT)
  TABLESPACE "STUDENTI" ;
--------------------------------------------------------
--  DDL for Index SKLAD_PK
--------------------------------------------------------

  CREATE UNIQUE INDEX "SKLAD_PK" ON "SKLAD" ("ID_SKLAD") 
  PCTFREE 10 INITRANS 2 MAXTRANS 255 COMPUTE STATISTICS 
  STORAGE(INITIAL 65536 NEXT 1048576 MINEXTENTS 1 MAXEXTENTS 2147483645
  PCTINCREASE 0 FREELISTS 1 FREELIST GROUPS 1
  BUFFER_POOL DEFAULT FLASH_CACHE DEFAULT CELL_FLASH_CACHE DEFAULT)
  TABLESPACE "STUDENTI" ;
--------------------------------------------------------
--  DDL for Index SKLAD_NAZEV_UN
--------------------------------------------------------

  CREATE UNIQUE INDEX "SKLAD_NAZEV_UN" ON "SKLAD" ("NAZEV") 
  PCTFREE 10 INITRANS 2 MAXTRANS 255 COMPUTE STATISTICS 
  STORAGE(INITIAL 65536 NEXT 1048576 MINEXTENTS 1 MAXEXTENTS 2147483645
  PCTINCREASE 0 FREELISTS 1 FREELIST GROUPS 1
  BUFFER_POOL DEFAULT FLASH_CACHE DEFAULT CELL_FLASH_CACHE DEFAULT)
  TABLESPACE "STUDENTI" ;
--------------------------------------------------------
--  DDL for Index SOUBOR_PK
--------------------------------------------------------

  CREATE UNIQUE INDEX "SOUBOR_PK" ON "SOUBOR" ("ID_SOUBOR") 
  PCTFREE 10 INITRANS 2 MAXTRANS 255 COMPUTE STATISTICS 
  STORAGE(INITIAL 65536 NEXT 1048576 MINEXTENTS 1 MAXEXTENTS 2147483645
  PCTINCREASE 0 FREELISTS 1 FREELIST GROUPS 1
  BUFFER_POOL DEFAULT FLASH_CACHE DEFAULT CELL_FLASH_CACHE DEFAULT)
  TABLESPACE "STUDENTI" ;
--------------------------------------------------------
--  DDL for Index STATUS_PK
--------------------------------------------------------

  CREATE UNIQUE INDEX "STATUS_PK" ON "STATUS" ("ID_STATUS") 
  PCTFREE 10 INITRANS 2 MAXTRANS 255 COMPUTE STATISTICS 
  STORAGE(INITIAL 65536 NEXT 1048576 MINEXTENTS 1 MAXEXTENTS 2147483645
  PCTINCREASE 0 FREELISTS 1 FREELIST GROUPS 1
  BUFFER_POOL DEFAULT FLASH_CACHE DEFAULT CELL_FLASH_CACHE DEFAULT)
  TABLESPACE "STUDENTI" ;
--------------------------------------------------------
--  DDL for Index SUPERMARKET__IDX
--------------------------------------------------------

  CREATE UNIQUE INDEX "SUPERMARKET__IDX" ON "SUPERMARKET" ("ID_ADRESA") 
  PCTFREE 10 INITRANS 2 MAXTRANS 255 COMPUTE STATISTICS 
  STORAGE(INITIAL 65536 NEXT 1048576 MINEXTENTS 1 MAXEXTENTS 2147483645
  PCTINCREASE 0 FREELISTS 1 FREELIST GROUPS 1
  BUFFER_POOL DEFAULT FLASH_CACHE DEFAULT CELL_FLASH_CACHE DEFAULT)
  TABLESPACE "STUDENTI" ;
--------------------------------------------------------
--  DDL for Index SUPERMARKET_PK
--------------------------------------------------------

  CREATE UNIQUE INDEX "SUPERMARKET_PK" ON "SUPERMARKET" ("ID_SUPERMARKET") 
  PCTFREE 10 INITRANS 2 MAXTRANS 255 COMPUTE STATISTICS 
  STORAGE(INITIAL 65536 NEXT 1048576 MINEXTENTS 1 MAXEXTENTS 2147483645
  PCTINCREASE 0 FREELISTS 1 FREELIST GROUPS 1
  BUFFER_POOL DEFAULT FLASH_CACHE DEFAULT CELL_FLASH_CACHE DEFAULT)
  TABLESPACE "STUDENTI" ;
--------------------------------------------------------
--  DDL for Index SUPERMARKET_NAZEV_UN
--------------------------------------------------------

  CREATE UNIQUE INDEX "SUPERMARKET_NAZEV_UN" ON "SUPERMARKET" ("NAZEV") 
  PCTFREE 10 INITRANS 2 MAXTRANS 255 COMPUTE STATISTICS 
  STORAGE(INITIAL 65536 NEXT 1048576 MINEXTENTS 1 MAXEXTENTS 2147483645
  PCTINCREASE 0 FREELISTS 1 FREELIST GROUPS 1
  BUFFER_POOL DEFAULT FLASH_CACHE DEFAULT CELL_FLASH_CACHE DEFAULT)
  TABLESPACE "STUDENTI" ;
--------------------------------------------------------
--  DDL for Index UZIVATEL_PK
--------------------------------------------------------

  CREATE UNIQUE INDEX "UZIVATEL_PK" ON "UZIVATEL" ("ID_UZIVATEL") 
  PCTFREE 10 INITRANS 2 MAXTRANS 255 COMPUTE STATISTICS 
  STORAGE(INITIAL 65536 NEXT 1048576 MINEXTENTS 1 MAXEXTENTS 2147483645
  PCTINCREASE 0 FREELISTS 1 FREELIST GROUPS 1
  BUFFER_POOL DEFAULT FLASH_CACHE DEFAULT CELL_FLASH_CACHE DEFAULT)
  TABLESPACE "STUDENTI" ;
--------------------------------------------------------
--  DDL for Index UZIVATEL_TELEFONNICISLO_UN
--------------------------------------------------------

  CREATE UNIQUE INDEX "UZIVATEL_TELEFONNICISLO_UN" ON "UZIVATEL" ("TELEFONNICISLO") 
  PCTFREE 10 INITRANS 2 MAXTRANS 255 COMPUTE STATISTICS 
  STORAGE(INITIAL 65536 NEXT 1048576 MINEXTENTS 1 MAXEXTENTS 2147483645
  PCTINCREASE 0 FREELISTS 1 FREELIST GROUPS 1
  BUFFER_POOL DEFAULT FLASH_CACHE DEFAULT CELL_FLASH_CACHE DEFAULT)
  TABLESPACE "STUDENTI" ;
--------------------------------------------------------
--  DDL for Index UZIVATEL_EMAIL_UN
--------------------------------------------------------

  CREATE UNIQUE INDEX "UZIVATEL_EMAIL_UN" ON "UZIVATEL" ("EMAIL") 
  PCTFREE 10 INITRANS 2 MAXTRANS 255 COMPUTE STATISTICS 
  STORAGE(INITIAL 65536 NEXT 1048576 MINEXTENTS 1 MAXEXTENTS 2147483645
  PCTINCREASE 0 FREELISTS 1 FREELIST GROUPS 1
  BUFFER_POOL DEFAULT FLASH_CACHE DEFAULT CELL_FLASH_CACHE DEFAULT)
  TABLESPACE "STUDENTI" ;
--------------------------------------------------------
--  DDL for Index ZAKAZNIK_PK
--------------------------------------------------------

  CREATE UNIQUE INDEX "ZAKAZNIK_PK" ON "ZAKAZNIK" ("ID_UZIVATELU") 
  PCTFREE 10 INITRANS 2 MAXTRANS 255 COMPUTE STATISTICS 
  STORAGE(INITIAL 65536 NEXT 1048576 MINEXTENTS 1 MAXEXTENTS 2147483645
  PCTINCREASE 0 FREELISTS 1 FREELIST GROUPS 1
  BUFFER_POOL DEFAULT FLASH_CACHE DEFAULT CELL_FLASH_CACHE DEFAULT)
  TABLESPACE "STUDENTI" ;
--------------------------------------------------------
--  DDL for Index ZAKAZNIK_KARTAVERNOSTI_UN
--------------------------------------------------------

  CREATE UNIQUE INDEX "ZAKAZNIK_KARTAVERNOSTI_UN" ON "ZAKAZNIK" ("KARTAVERNOSTI") 
  PCTFREE 10 INITRANS 2 MAXTRANS 255 COMPUTE STATISTICS 
  STORAGE(INITIAL 65536 NEXT 1048576 MINEXTENTS 1 MAXEXTENTS 2147483645
  PCTINCREASE 0 FREELISTS 1 FREELIST GROUPS 1
  BUFFER_POOL DEFAULT FLASH_CACHE DEFAULT CELL_FLASH_CACHE DEFAULT)
  TABLESPACE "STUDENTI" ;
--------------------------------------------------------
--  DDL for Index ZAMESTNANEC_PK
--------------------------------------------------------

  CREATE UNIQUE INDEX "ZAMESTNANEC_PK" ON "ZAMESTNANEC" ("ID_UZIVATELU") 
  PCTFREE 10 INITRANS 2 MAXTRANS 255 COMPUTE STATISTICS 
  STORAGE(INITIAL 65536 NEXT 1048576 MINEXTENTS 1 MAXEXTENTS 2147483645
  PCTINCREASE 0 FREELISTS 1 FREELIST GROUPS 1
  BUFFER_POOL DEFAULT FLASH_CACHE DEFAULT CELL_FLASH_CACHE DEFAULT)
  TABLESPACE "STUDENTI" ;
--------------------------------------------------------
--  DDL for Index ZBOZI_PK
--------------------------------------------------------

  CREATE UNIQUE INDEX "ZBOZI_PK" ON "ZBOZI" ("ID_ZBOZI") 
  PCTFREE 10 INITRANS 2 MAXTRANS 255 COMPUTE STATISTICS 
  STORAGE(INITIAL 65536 NEXT 1048576 MINEXTENTS 1 MAXEXTENTS 2147483645
  PCTINCREASE 0 FREELISTS 1 FREELIST GROUPS 1
  BUFFER_POOL DEFAULT FLASH_CACHE DEFAULT CELL_FLASH_CACHE DEFAULT)
  TABLESPACE "STUDENTI" ;
--------------------------------------------------------
--  DDL for Index UQ_ZBOZI_SKLAD
--------------------------------------------------------

  CREATE UNIQUE INDEX "UQ_ZBOZI_SKLAD" ON "ZBOZI" ("NAZEV", "SKLAD_ID_SKLAD") 
  PCTFREE 10 INITRANS 2 MAXTRANS 255 COMPUTE STATISTICS 
  STORAGE(INITIAL 65536 NEXT 1048576 MINEXTENTS 1 MAXEXTENTS 2147483645
  PCTINCREASE 0 FREELISTS 1 FREELIST GROUPS 1
  BUFFER_POOL DEFAULT FLASH_CACHE DEFAULT CELL_FLASH_CACHE DEFAULT)
  TABLESPACE "STUDENTI" ;
--------------------------------------------------------
--  DDL for Index ZBOZI_DODAVATEL_PK
--------------------------------------------------------

  CREATE UNIQUE INDEX "ZBOZI_DODAVATEL_PK" ON "ZBOZI_DODAVATEL" ("ID_UZIVATELU", "ID_ZBOZI") 
  PCTFREE 10 INITRANS 2 MAXTRANS 255 COMPUTE STATISTICS 
  STORAGE(INITIAL 65536 NEXT 1048576 MINEXTENTS 1 MAXEXTENTS 2147483645
  PCTINCREASE 0 FREELISTS 1 FREELIST GROUPS 1
  BUFFER_POOL DEFAULT FLASH_CACHE DEFAULT CELL_FLASH_CACHE DEFAULT)
  TABLESPACE "STUDENTI" ;
--------------------------------------------------------
--  DDL for Index ZPRAVA_PK
--------------------------------------------------------

  CREATE UNIQUE INDEX "ZPRAVA_PK" ON "ZPRAVA" ("ID_ZPRAVA") 
  PCTFREE 10 INITRANS 2 MAXTRANS 255 COMPUTE STATISTICS 
  STORAGE(INITIAL 65536 NEXT 1048576 MINEXTENTS 1 MAXEXTENTS 2147483645
  PCTINCREASE 0 FREELISTS 1 FREELIST GROUPS 1
  BUFFER_POOL DEFAULT FLASH_CACHE DEFAULT CELL_FLASH_CACHE DEFAULT)
  TABLESPACE "STUDENTI" ;
--------------------------------------------------------
--  DDL for Trigger ARC_FKARC_3_DODAVATEL
--------------------------------------------------------

  CREATE OR REPLACE EDITIONABLE TRIGGER "ARC_FKARC_3_DODAVATEL" 
BEFORE INSERT OR UPDATE OF ID_uzivatelu 
ON DODAVATEL 
FOR EACH ROW 
DECLARE 
    d INTEGER; 
BEGIN 
    SELECT A.ID_Role INTO d 
    FROM UZIVATEL A 
    WHERE A.ID_Uzivatel = :new.ID_uzivatelu; 
    IF (d IS NULL OR d <> 2) THEN 
        raise_application_error(-20223,'FK DODAVATEL_UZIVATEL_FK in Table DODAVATEL violates Arc constraint on Table UZIVATEL - discriminator column ID_Role doesn''t have value 2'); 
    END IF; 
    EXCEPTION 
    WHEN NO_DATA_FOUND THEN 
        NULL; 
    WHEN OTHERS THEN 
        RAISE; 
END; 

/
ALTER TRIGGER "ARC_FKARC_3_DODAVATEL" ENABLE;
--------------------------------------------------------
--  DDL for Trigger ARC_FKARC_3_ZAKAZNIK
--------------------------------------------------------

  CREATE OR REPLACE EDITIONABLE TRIGGER "ARC_FKARC_3_ZAKAZNIK" 
BEFORE INSERT OR UPDATE OF ID_uzivatelu 
ON ZAKAZNIK 
FOR EACH ROW 
DECLARE 
    d INTEGER; 
BEGIN 
    SELECT A.ID_Role INTO d 
    FROM UZIVATEL A 
    WHERE A.ID_Uzivatel = :new.ID_uzivatelu; 
    IF (d IS NULL OR d <> 3) THEN 
        raise_application_error(-20223,'FK ZAKAZNIK_UZIVATEL_FK in Table ZAKAZNIK violates Arc constraint on Table UZIVATEL - discriminator column ID_Role doesn''t have value 3'); 
    END IF; 
    EXCEPTION 
    WHEN NO_DATA_FOUND THEN 
        NULL; 
    WHEN OTHERS THEN 
        RAISE; 
END; 

/
ALTER TRIGGER "ARC_FKARC_3_ZAKAZNIK" ENABLE;
--------------------------------------------------------
--  DDL for Trigger ARC_FKARC_3_ZAMESTNANEC
--------------------------------------------------------

  CREATE OR REPLACE EDITIONABLE TRIGGER "ARC_FKARC_3_ZAMESTNANEC" 
BEFORE INSERT OR UPDATE OF ID_uzivatelu 
ON ZAMESTNANEC 
FOR EACH ROW 
DECLARE 
    d INTEGER; 
BEGIN 
    SELECT ID_Role 
    INTO d 
    FROM UZIVATEL 
    WHERE ID_Uzivatel = :new.ID_uzivatelu;

    -- Разрешённые роли сотрудника (подтипы ZAMESTNANEC)
    IF d NOT IN (4, 5, 6) THEN 
        raise_application_error(
            -20223,
            'FK ZAMESTNANEC_UZIVATEL_FK: Role musi byt MANAZER (4), ANALYTIK (5), nebo SUPERVIZOR (6)'
        );
    END IF;

EXCEPTION
    WHEN NO_DATA_FOUND THEN NULL;
    WHEN OTHERS THEN RAISE;
END;

/
ALTER TRIGGER "ARC_FKARC_3_ZAMESTNANEC" ENABLE;
--------------------------------------------------------
--  DDL for Trigger ARC_PLATBA_HOTOVOST_CHECK
--------------------------------------------------------

  CREATE OR REPLACE EDITIONABLE TRIGGER "ARC_PLATBA_HOTOVOST_CHECK" 
AFTER INSERT OR UPDATE ON PLATBA
DECLARE
    CURSOR c IS
        SELECT ID_platba, platbaTyp
        FROM PLATBA
        WHERE platbaTyp = 'H';
    v_count NUMBER;
BEGIN
    -- Pro každou platbu typu HOTOVOST zkontrolujeme, zda existuje odpovídající záznam
    FOR r IN c LOOP
        SELECT COUNT(*)
        INTO v_count
        FROM HOTOVOST
        WHERE ID_platba = r.ID_platba;

        IF v_count = 0 THEN
            RAISE_APPLICATION_ERROR(
                -20224,
                'Chybí záznam v HOTOVOST pro PLATBA=' || r.ID_platba ||
                ' (ARC pravidlo platbaTyp = H)'
            );
        END IF;
    END LOOP;
END;

/
ALTER TRIGGER "ARC_PLATBA_HOTOVOST_CHECK" ENABLE;
--------------------------------------------------------
--  DDL for Trigger ARC_PLATBA_KARTA_CHECK
--------------------------------------------------------

  CREATE OR REPLACE EDITIONABLE TRIGGER "ARC_PLATBA_KARTA_CHECK" 
AFTER INSERT OR UPDATE ON PLATBA
DECLARE
    CURSOR c IS
        SELECT ID_platba, platbaTyp
        FROM PLATBA
        WHERE platbaTyp = 'K';
    v_count NUMBER;
BEGIN
    -- ARC pravidlo: pokud platbaTyp = 'K', musí existovat přesně jeden řádek v KARTA
    FOR r IN c LOOP
        SELECT COUNT(*)
        INTO v_count
        FROM KARTA
        WHERE ID_platba = r.ID_platba;

        IF v_count = 0 THEN
            RAISE_APPLICATION_ERROR(
                -20223,
                'Chybí záznam v KARTA pro PLATBA=' || r.ID_platba
            );
        END IF;
    END LOOP;
END;

/
ALTER TRIGGER "ARC_PLATBA_KARTA_CHECK" ENABLE;
--------------------------------------------------------
--  DDL for Trigger OBJEDNAVKA_ROLE_CHECK
--------------------------------------------------------

  CREATE OR REPLACE EDITIONABLE TRIGGER "OBJEDNAVKA_ROLE_CHECK" 
BEFORE INSERT OR UPDATE ON OBJEDNAVKA
FOR EACH ROW
DECLARE
    v_count NUMBER;
BEGIN
    --------------------------------------------------------------------
    -- KONTROLA: TYP_OBJEDNAVKA = 'ZAKAZNIK'
    -- Uživatel musí existovat v tabulce ZAKAZNIK
    --------------------------------------------------------------------
    IF :NEW.TYP_OBJEDNAVKA = 'ZAKAZNIK' THEN
        SELECT COUNT(*) INTO v_count
        FROM ZAKAZNIK
        WHERE ID_UZIVATELU = :NEW.ID_UZIVATEL;

        IF v_count = 0 THEN
            RAISE_APPLICATION_ERROR(
                -20001,
                'Chyba: Pro TYP_OBJEDNAVKA = ZAKAZNIK musi ID_UZIVATEL existovat v tabulce ZAKAZNIK.'
            );
        END IF;
    END IF;

    --------------------------------------------------------------------
    -- KONTROLA: TYP_OBJEDNAVKA = 'DODAVATEL'
    -- Uživatel musí existovat v tabulce DODAVATEL
    --------------------------------------------------------------------
    IF :NEW.TYP_OBJEDNAVKA = 'DODAVATEL' THEN
        SELECT COUNT(*) INTO v_count
        FROM DODAVATEL
        WHERE ID_UZIVATELU = :NEW.ID_UZIVATEL;

        IF v_count = 0 THEN
            RAISE_APPLICATION_ERROR(
                -20002,
                'Chyba: Pro TYP_OBJEDNAVKA = DODAVATEL musi ID_UZIVATEL existovat v tabulce DODAVATEL.'
            );
        END IF;
    END IF;

END;

/
ALTER TRIGGER "OBJEDNAVKA_ROLE_CHECK" ENABLE;
--------------------------------------------------------
--  DDL for Trigger TRG_ADRESA_ID
--------------------------------------------------------

  CREATE OR REPLACE EDITIONABLE TRIGGER "TRG_ADRESA_ID" 
BEFORE INSERT ON ADRESA 
FOR EACH ROW 
 WHEN (NEW.ID_Adresa IS NULL) BEGIN 
    :NEW.ID_Adresa := SEQ_ADRESA_ID.NEXTVAL; 
END;

/
ALTER TRIGGER "TRG_ADRESA_ID" ENABLE;
--------------------------------------------------------
--  DDL for Trigger TRG_ADRESA_LOG
--------------------------------------------------------

  CREATE OR REPLACE EDITIONABLE TRIGGER "TRG_ADRESA_LOG" 
AFTER INSERT OR UPDATE OR DELETE ON ADRESA
FOR EACH ROW
DECLARE
    v_operace       CHAR(1);
    v_nova          VARCHAR2(4000);
    v_stara         VARCHAR2(4000);
    v_id_rekord     VARCHAR2(4000);
    v_archiv_id     NUMBER;
BEGIN
    --------------------------------------------------------------------
    -- 1) Typ prováděné operace
    --------------------------------------------------------------------
    IF INSERTING THEN
        v_operace := 'I';
    ELSIF UPDATING THEN
        v_operace := 'U';
    ELSE
        v_operace := 'D';
    END IF;

    --------------------------------------------------------------------
    -- 2) Archivní složka Global Log
    --------------------------------------------------------------------
    SELECT ID_Archiv
    INTO v_archiv_id
    FROM ARCHIV
    WHERE NAZEV = 'Global Log';

    --------------------------------------------------------------------
    -- 3) Nová data (bez ID)
    --------------------------------------------------------------------
    IF INSERTING OR UPDATING THEN
        v_nova :=
              'ulice='              || :NEW.ULICE
           || '; cisloPopisne='     || :NEW.CISLOPOPISNE
           || '; cisloOrientacni='  || :NEW.CISLOORIENTACNI
           || '; psc='              || :NEW.MESTO_PSC;
    END IF;

    --------------------------------------------------------------------
    -- 4) Stará data (bez ID)
    --------------------------------------------------------------------
    IF UPDATING OR DELETING THEN
        v_stara :=
              'ulice='              || :OLD.ULICE
           || '; cisloPopisne='     || :OLD.CISLOPOPISNE
           || '; cisloOrientacni='  || :OLD.CISLOORIENTACNI
           || '; psc='              || :OLD.MESTO_PSC;
    END IF;

    --------------------------------------------------------------------
    -- 5) idRekord – jednoznačný text adresy (ulice + číslo)
    --------------------------------------------------------------------
    IF INSERTING OR UPDATING THEN
        v_id_rekord :=
              :NEW.ULICE || ' '
           || :NEW.CISLOPOPISNE || '/' || :NEW.CISLOORIENTACNI;
    ELSE
        v_id_rekord :=
              :OLD.ULICE || ' '
           || :OLD.CISLOPOPISNE || '/' || :OLD.CISLOORIENTACNI;
    END IF;

    --------------------------------------------------------------------
    -- 6) Zápis do LOG
    --------------------------------------------------------------------
    INSERT INTO LOG (
        ID_Log, tabulkaNazev, operace, datumZmeny,
        idRekord, novaData, staraData, popis, ID_Archiv
    ) VALUES (
        SEQ_LOG_ID.NEXTVAL,
        'ADRESA',
        v_operace,
        SYSDATE,
        v_id_rekord,
        v_nova,
        v_stara,
        'Log změny adresy',
        v_archiv_id
    );
END;

/
ALTER TRIGGER "TRG_ADRESA_LOG" ENABLE;
--------------------------------------------------------
--  DDL for Trigger TRG_APP_PRAVO_LOG
--------------------------------------------------------

  CREATE OR REPLACE EDITIONABLE TRIGGER "TRG_APP_PRAVO_LOG" 
AFTER INSERT OR UPDATE OR DELETE ON PRAVO
FOR EACH ROW
DECLARE
    v_operace     CHAR(1);
    v_nova        VARCHAR2(4000);
    v_stara       VARCHAR2(4000);
    v_id_rekord   VARCHAR2(200);
    v_archiv_id   NUMBER;
BEGIN
    --------------------------------------------------------------------
    -- 1) Určení typu operace
    --------------------------------------------------------------------
    IF INSERTING THEN
        v_operace := 'I';
    ELSIF UPDATING THEN
        v_operace := 'U';
    ELSE
        v_operace := 'D';
    END IF;

    --------------------------------------------------------------------
    -- 2) Archivní složka GlobalLog
    --------------------------------------------------------------------
    SELECT ID_Archiv
    INTO v_archiv_id
    FROM ARCHIV
    WHERE Nazev = 'Global Log';

    --------------------------------------------------------------------
    -- 3) Nová data (jen čitelné hodnoty, žádná ID)
    --------------------------------------------------------------------
    IF INSERTING OR UPDATING THEN
        v_nova :=
              'kod='   || :NEW.KOD
           || '; nazev=' || :NEW.NAZEV
           || '; popis=' || SUBSTR(:NEW.POPIS, 1, 500);
    END IF;

    --------------------------------------------------------------------
    -- 4) Stará data (jen čitelné hodnoty)
    --------------------------------------------------------------------
    IF UPDATING OR DELETING THEN
        v_stara :=
              'kod='   || :OLD.KOD
           || '; nazev=' || :OLD.NAZEV
           || '; popis=' || SUBSTR(:OLD.POPIS, 1, 500);
    END IF;

    --------------------------------------------------------------------
    -- 5) idRekord = KOD práva (bez ID)
    --------------------------------------------------------------------
    IF INSERTING OR UPDATING THEN
        v_id_rekord := :NEW.KOD;
    ELSE
        v_id_rekord := :OLD.KOD;
    END IF;

    --------------------------------------------------------------------
    -- 6) Zápis logu
    --------------------------------------------------------------------
    INSERT INTO LOG (
        ID_Log, tabulkaNazev, operace, datumZmeny,
        idRekord, novaData, staraData, popis, ID_Archiv
    ) VALUES (
        SEQ_LOG_ID.NEXTVAL,
        'PRAVO',
        v_operace,
        SYSDATE,
        v_id_rekord,
        v_nova,
        v_stara,
        'Log změny práva',
        v_archiv_id
    );
END;

/
ALTER TRIGGER "TRG_APP_PRAVO_LOG" ENABLE;
--------------------------------------------------------
--  DDL for Trigger TRG_APP_ROLE_LOG
--------------------------------------------------------

  CREATE OR REPLACE EDITIONABLE TRIGGER "TRG_APP_ROLE_LOG" 
AFTER INSERT OR UPDATE OR DELETE ON APP_ROLE
FOR EACH ROW
DECLARE
    v_operace     CHAR(1);
    v_nova        VARCHAR2(4000);
    v_stara       VARCHAR2(4000);
    v_id_rekord   VARCHAR2(200);
    v_archiv_id   NUMBER;
BEGIN
    --------------------------------------------------------------------
    -- 1) Typ operace
    --------------------------------------------------------------------
    IF INSERTING THEN
        v_operace := 'I';
    ELSIF UPDATING THEN
        v_operace := 'U';
    ELSE
        v_operace := 'D';
    END IF;

    --------------------------------------------------------------------
    -- 2) Archivní složka GlobalLog
    --------------------------------------------------------------------
    SELECT ID_Archiv
    INTO v_archiv_id
    FROM ARCHIV
    WHERE Nazev = 'Global Log';

    --------------------------------------------------------------------
    -- 3) Nová data (pouze čitelné hodnoty)
    --------------------------------------------------------------------
    IF INSERTING OR UPDATING THEN
        v_nova := 'nazev=' || :NEW.NAZEV;
    END IF;

    --------------------------------------------------------------------
    -- 4) Stará data
    --------------------------------------------------------------------
    IF UPDATING OR DELETING THEN
        v_stara := 'nazev=' || :OLD.NAZEV;
    END IF;

    --------------------------------------------------------------------
    -- 5) idRekord = název role
    --------------------------------------------------------------------
    IF INSERTING OR UPDATING THEN
        v_id_rekord := :NEW.NAZEV;
    ELSE
        v_id_rekord := :OLD.NAZEV;
    END IF;

    --------------------------------------------------------------------
    -- 6) Zápis do LOG
    --------------------------------------------------------------------
    INSERT INTO LOG (
        ID_Log, tabulkaNazev, operace, datumZmeny,
        idRekord, novaData, staraData, popis, ID_Archiv
    ) VALUES (
        SEQ_LOG_ID.NEXTVAL,
        'APP_ROLE',
        v_operace,
        SYSDATE,
        v_id_rekord,
        v_nova,
        v_stara,
        'Log změny role',
        v_archiv_id
    );
END;

/
ALTER TRIGGER "TRG_APP_ROLE_LOG" ENABLE;
--------------------------------------------------------
--  DDL for Trigger TRG_APP_ROLE_PRAVO_LOG
--------------------------------------------------------

  CREATE OR REPLACE EDITIONABLE TRIGGER "TRG_APP_ROLE_PRAVO_LOG" 
AFTER INSERT OR UPDATE OR DELETE ON APP_ROLE_PRAVO
FOR EACH ROW
DECLARE
    v_operace     CHAR(1);
    v_nova        VARCHAR2(4000);
    v_stara       VARCHAR2(4000);
    v_id_rekord   VARCHAR2(4000);

    v_archiv_id   NUMBER;
    v_role_nazev  VARCHAR2(200);
    v_pravo_kod   VARCHAR2(200);
BEGIN
    --------------------------------------------------------------------
    -- 1) Typ operace
    --------------------------------------------------------------------
    IF INSERTING THEN
        v_operace := 'I';
    ELSIF UPDATING THEN
        v_operace := 'U';
    ELSE
        v_operace := 'D';
    END IF;

    --------------------------------------------------------------------
    -- 2) Archivní složka GlobalLog
    --------------------------------------------------------------------
    SELECT ID_Archiv
    INTO v_archiv_id
    FROM ARCHIV
    WHERE Nazev = 'Global Log';

    --------------------------------------------------------------------
    -- 3) Načtení názvu role (bez ID)
    --------------------------------------------------------------------
    SELECT NAZEV
    INTO v_role_nazev
    FROM APP_ROLE
    WHERE ID_ROLE = NVL(:NEW.ID_ROLE, :OLD.ID_ROLE);

    --------------------------------------------------------------------
    -- 4) Načtení kódu práva (bez ID)
    --------------------------------------------------------------------
    SELECT KOD
    INTO v_pravo_kod
    FROM PRAVO
    WHERE ID_PRAVO = NVL(:NEW.ID_PRAVO, :OLD.ID_PRAVO);

    --------------------------------------------------------------------
    -- 5) Nová data (role + právo)
    --------------------------------------------------------------------
    IF INSERTING OR UPDATING THEN
        v_nova :=
              'role='  || v_role_nazev
           || '; pravo=' || v_pravo_kod;
    END IF;

    --------------------------------------------------------------------
    -- 6) Stará data (role + právo)
    --------------------------------------------------------------------
    IF UPDATING OR DELETING THEN
        v_stara :=
              'role='  || v_role_nazev
           || '; pravo=' || v_pravo_kod;
    END IF;

    --------------------------------------------------------------------
    -- 7) idRekord = kombinace role + pravo (bez ID)
    --------------------------------------------------------------------
    v_id_rekord :=
          'role='  || v_role_nazev
       || '; pravo=' || v_pravo_kod;

    --------------------------------------------------------------------
    -- 8) Zápis logu
    --------------------------------------------------------------------
    INSERT INTO LOG (
        ID_Log, tabulkaNazev, operace, datumZmeny,
        idRekord, novaData, staraData, popis, ID_Archiv
    ) VALUES (
        SEQ_LOG_ID.NEXTVAL,
        'APP_ROLE_PRAVO',
        v_operace,
        SYSDATE,
        v_id_rekord,
        v_nova,
        v_stara,
        'Log změny přiřazení práva k roli',
        v_archiv_id
    );
END;

/
ALTER TRIGGER "TRG_APP_ROLE_PRAVO_LOG" ENABLE;
--------------------------------------------------------
--  DDL for Trigger TRG_ARCHIV_ID
--------------------------------------------------------

  CREATE OR REPLACE EDITIONABLE TRIGGER "TRG_ARCHIV_ID" 
BEFORE INSERT ON ARCHIV 
FOR EACH ROW 
 WHEN (NEW.ID_Archiv IS NULL) BEGIN 
    :NEW.ID_Archiv := SEQ_ARCHIV_ID.NEXTVAL; 
END;

/
ALTER TRIGGER "TRG_ARCHIV_ID" ENABLE;
--------------------------------------------------------
--  DDL for Trigger TRG_DODAVATEL_LOG
--------------------------------------------------------

  CREATE OR REPLACE EDITIONABLE TRIGGER "TRG_DODAVATEL_LOG" 
AFTER INSERT OR UPDATE OR DELETE ON DODAVATEL
FOR EACH ROW
DECLARE
    v_root_id        NUMBER;
    v_archiv_uz      NUMBER;

    v_operace        CHAR(1);
    v_nova           VARCHAR2(4000);
    v_stara          VARCHAR2(4000);

    v_id_rekord      VARCHAR2(4000);   -- půjde do LOG.idRekord (firma)
    v_uzivatel_jmeno VARCHAR2(200);
    v_id_uzivatel    NUMBER;
BEGIN
    --------------------------------------------------------------------
    -- 1) Operace
    --------------------------------------------------------------------
    IF INSERTING THEN
        v_operace := 'I';
    ELSIF UPDATING THEN
        v_operace := 'U';
    ELSE
        v_operace := 'D';
    END IF;

    --------------------------------------------------------------------
    -- 2) Zjistíme ID_Uzivatel ze DODAVATEL
    --------------------------------------------------------------------
    IF INSERTING OR UPDATING THEN
        v_id_uzivatel := :NEW.ID_Uzivatelu;
    ELSE
        v_id_uzivatel := :OLD.ID_Uzivatelu;
    END IF;

    --------------------------------------------------------------------
    -- 3) Načteme jméno uživatele z UZIVATEL
    --------------------------------------------------------------------
    SELECT jmeno || ' ' || prijmeni
    INTO v_uzivatel_jmeno
    FROM UZIVATEL
    WHERE ID_Uzivatel = v_id_uzivatel;

    --------------------------------------------------------------------
    -- 4) ROOT archiv
    --------------------------------------------------------------------
    SELECT ID_Archiv
    INTO v_root_id
    FROM ARCHIV
    WHERE Parent_id IS NULL;

    --------------------------------------------------------------------
    -- 5) podsložka 'Uzivatele'
    --------------------------------------------------------------------
    SELECT ID_Archiv
    INTO v_archiv_uz
    FROM ARCHIV
    WHERE Parent_id = v_root_id
      AND Nazev = 'Uzivatele';

    --------------------------------------------------------------------
    -- 6) Nová data (čitelné, bez ID)
    --------------------------------------------------------------------
    IF INSERTING OR UPDATING THEN
        v_nova :=
              'dodavatel=' || :NEW.firma
           || '; uzivatel=' || v_uzivatel_jmeno;
    END IF;

    --------------------------------------------------------------------
    -- 7) Stará data (čitelné, bez ID)
    --------------------------------------------------------------------
    IF UPDATING OR DELETING THEN
        v_stara :=
              'dodavatel=' || :OLD.firma
           || '; uzivatel=' || v_uzivatel_jmeno;
    END IF;

    --------------------------------------------------------------------
    -- 8) idRekord = název firmy (žádné ID)
    --------------------------------------------------------------------
    IF INSERTING OR UPDATING THEN
        v_id_rekord := :NEW.firma;
    ELSE
        v_id_rekord := :OLD.firma;
    END IF;

    --------------------------------------------------------------------
    -- 9) zápis logu
    --------------------------------------------------------------------
    INSERT INTO LOG (
        ID_Log, tabulkaNazev, operace, datumZmeny,
        idRekord, novaData, staraData, popis, ID_Archiv
    ) VALUES (
        SEQ_LOG_ID.NEXTVAL,
        'DODAVATEL',
        v_operace,
        SYSDATE,
        v_id_rekord,              -- firma místo ID
        v_nova,
        v_stara,
        'Log změny dodavatele',
        v_archiv_uz
    );
END;

/
ALTER TRIGGER "TRG_DODAVATEL_LOG" ENABLE;
--------------------------------------------------------
--  DDL for Trigger TRG_KATEGORIE_ID
--------------------------------------------------------

  CREATE OR REPLACE EDITIONABLE TRIGGER "TRG_KATEGORIE_ID" 
BEFORE INSERT ON Kategorie_zbozi 
FOR EACH ROW 
 WHEN (NEW.ID_Kategorie IS NULL) BEGIN 
    :NEW.ID_Kategorie := SEQ_KATEGORIE_ID.NEXTVAL; 
END;

/
ALTER TRIGGER "TRG_KATEGORIE_ID" ENABLE;
--------------------------------------------------------
--  DDL for Trigger TRG_KATEGORIE_ZBOZI_LOG
--------------------------------------------------------

  CREATE OR REPLACE EDITIONABLE TRIGGER "TRG_KATEGORIE_ZBOZI_LOG" 
AFTER INSERT OR UPDATE OR DELETE ON KATEGORIE_ZBOZI
FOR EACH ROW
DECLARE
    v_operace    CHAR(1);
    v_nova       VARCHAR2(4000);
    v_stara      VARCHAR2(4000);
    v_id_rekord  VARCHAR2(200);
    v_archiv_id  NUMBER;
BEGIN
    --------------------------------------------------------------------
    -- 1) Typ operace
    --------------------------------------------------------------------
    IF INSERTING THEN
        v_operace := 'I';
    ELSIF UPDATING THEN
        v_operace := 'U';
    ELSE
        v_operace := 'D';
    END IF;

    --------------------------------------------------------------------
    -- 2) Archivní složka Global Log
    --------------------------------------------------------------------
    SELECT ID_Archiv INTO v_archiv_id
    FROM ARCHIV WHERE NAZEV = 'Global Log';

    --------------------------------------------------------------------
    -- 3) Nová data
    --------------------------------------------------------------------
    IF INSERTING OR UPDATING THEN
        v_nova :=
              'nazev=' || :NEW.NAZEV
           || '; popis=' || :NEW.POPIS;
    END IF;

    --------------------------------------------------------------------
    -- 4) Stará data
    --------------------------------------------------------------------
    IF UPDATING OR DELETING THEN
        v_stara :=
              'nazev=' || :OLD.NAZEV
           || '; popis=' || :OLD.POPIS;
    END IF;

    --------------------------------------------------------------------
    -- 5) idRekord = název kategorie
    --------------------------------------------------------------------
    IF INSERTING OR UPDATING THEN
        v_id_rekord := :NEW.NAZEV;
    ELSE
        v_id_rekord := :OLD.NAZEV;
    END IF;

    --------------------------------------------------------------------
    -- 6) Zápis do LOG
    --------------------------------------------------------------------
    INSERT INTO LOG (
        ID_Log, tabulkaNazev, operace, datumZmeny,
        idRekord, novaData, staraData, popis, ID_Archiv
    ) VALUES (
        SEQ_LOG_ID.NEXTVAL,
        'KATEGORIE_ZBOZI',
        v_operace,
        SYSDATE,
        v_id_rekord,
        v_nova,
        v_stara,
        'Log změn kategorií zboží',
        v_archiv_id
    );
END;

/
ALTER TRIGGER "TRG_KATEGORIE_ZBOZI_LOG" ENABLE;
--------------------------------------------------------
--  DDL for Trigger TRG_LOG_ID
--------------------------------------------------------

  CREATE OR REPLACE EDITIONABLE TRIGGER "TRG_LOG_ID" 
BEFORE INSERT ON LOG 
FOR EACH ROW 
 WHEN (NEW.ID_Log IS NULL) BEGIN 
    :NEW.ID_Log := SEQ_LOG_ID.NEXTVAL; 
END;

/
ALTER TRIGGER "TRG_LOG_ID" ENABLE;
--------------------------------------------------------
--  DDL for Trigger TRG_NOTIFIKACE_ID
--------------------------------------------------------

  CREATE OR REPLACE EDITIONABLE TRIGGER "TRG_NOTIFIKACE_ID" 
BEFORE INSERT ON Notifikace 
FOR EACH ROW 
 WHEN (NEW.ID_Notifikace IS NULL) BEGIN 
    :NEW.ID_Notifikace := SEQ_NOTIFIKACE_ID.NEXTVAL; 
END;

/
ALTER TRIGGER "TRG_NOTIFIKACE_ID" ENABLE;
--------------------------------------------------------
--  DDL for Trigger TRG_NOTIFIKACE_LOG
--------------------------------------------------------

  CREATE OR REPLACE EDITIONABLE TRIGGER "TRG_NOTIFIKACE_LOG" 
AFTER INSERT OR UPDATE OR DELETE ON NOTIFIKACE
FOR EACH ROW
DECLARE
    v_operace    CHAR(1);
    v_nova       VARCHAR2(4000);
    v_stara      VARCHAR2(4000);
    v_id_rekord  VARCHAR2(4000);
    v_archiv_id  NUMBER;
BEGIN
    --------------------------------------------------------------------
    -- 1) Typ operace
    --------------------------------------------------------------------
    IF INSERTING THEN
        v_operace := 'I';
    ELSIF UPDATING THEN
        v_operace := 'U';
    ELSE
        v_operace := 'D';
    END IF;

    --------------------------------------------------------------------
    -- 2) Archivní složka Global Log
    --------------------------------------------------------------------
    SELECT ID_Archiv INTO v_archiv_id
    FROM ARCHIV WHERE NAZEV = 'Global Log';

    --------------------------------------------------------------------
    -- 3) Nová data (bez ID)
    --------------------------------------------------------------------
    IF INSERTING OR UPDATING THEN
        v_nova :=
              'authtoken=' || :NEW.AUTHTOKEN
           || '; endpoint=' || :NEW.ENDPOINT
           || '; p256dh='   || :NEW.P256DH
           || '; adresat='  || :NEW.ADRESAT;
    END IF;

    --------------------------------------------------------------------
    -- 4) Stará data (bez ID)
    --------------------------------------------------------------------
    IF UPDATING OR DELETING THEN
        v_stara :=
              'authtoken=' || :OLD.AUTHTOKEN
           || '; endpoint=' || :OLD.ENDPOINT
           || '; p256dh='   || :OLD.P256DH
           || '; adresat='  || :OLD.ADRESAT;
    END IF;

    --------------------------------------------------------------------
    -- 5) idRekord – použijeme adresáta (jedinečný údaj)
    --------------------------------------------------------------------
    IF INSERTING OR UPDATING THEN
        v_id_rekord := :NEW.ADRESAT;
    ELSE
        v_id_rekord := :OLD.ADRESAT;
    END IF;

    --------------------------------------------------------------------
    -- 6) Zápis do LOG
    --------------------------------------------------------------------
    INSERT INTO LOG (
        ID_Log, tabulkaNazev, operace, datumZmeny,
        idRekord, novaData, staraData, popis, ID_Archiv
    ) VALUES (
        SEQ_LOG_ID.NEXTVAL,
        'NOTIFIKACE',
        v_operace,
        SYSDATE,
        v_id_rekord,
        v_nova,
        v_stara,
        'Log změn notifikací',
        v_archiv_id
    );
END;

/
ALTER TRIGGER "TRG_NOTIFIKACE_LOG" ENABLE;
--------------------------------------------------------
--  DDL for Trigger TRG_OBEC_LOG
--------------------------------------------------------

  CREATE OR REPLACE EDITIONABLE TRIGGER "TRG_OBEC_LOG" 
AFTER INSERT OR UPDATE OR DELETE ON MESTO
FOR EACH ROW
DECLARE
    v_operace    CHAR(1);
    v_nova       VARCHAR2(4000);
    v_stara      VARCHAR2(4000);
    v_id_rekord  VARCHAR2(20);
    v_archiv_id  NUMBER;
BEGIN
    --------------------------------------------------------------------
    -- 1) Typ operace
    --------------------------------------------------------------------
    IF INSERTING THEN
        v_operace := 'I';
    ELSIF UPDATING THEN
        v_operace := 'U';
    ELSE
        v_operace := 'D';
    END IF;

    --------------------------------------------------------------------
    -- 2) Archivní složka Global Log
    --------------------------------------------------------------------
    SELECT ID_Archiv INTO v_archiv_id
    FROM ARCHIV WHERE NAZEV = 'Global Log';

    --------------------------------------------------------------------
    -- 3) Nová data
    --------------------------------------------------------------------
    IF INSERTING OR UPDATING THEN
        v_nova :=
              'psc='   || :NEW.PSC
           || '; nazev=' || :NEW.NAZEV
           || '; kraj='  || :NEW.KRAJ;
    END IF;

    --------------------------------------------------------------------
    -- 4) Stará data
    --------------------------------------------------------------------
    IF UPDATING OR DELETING THEN
        v_stara :=
              'psc='   || :OLD.PSC
           || '; nazev=' || :OLD.NAZEV
           || '; kraj='  || :OLD.KRAJ;
    END IF;

    --------------------------------------------------------------------
    -- 5) idRekord = PSC
    --------------------------------------------------------------------
    IF INSERTING OR UPDATING THEN
        v_id_rekord := :NEW.PSC;
    ELSE
        v_id_rekord := :OLD.PSC;
    END IF;

    --------------------------------------------------------------------
    -- 6) Zápis do LOG
    --------------------------------------------------------------------
    INSERT INTO LOG (
        ID_Log, tabulkaNazev, operace, datumZmeny,
        idRekord, novaData, staraData, popis, ID_Archiv
    ) VALUES (
        SEQ_LOG_ID.NEXTVAL,
        'OBEC',
        v_operace,
        SYSDATE,
        v_id_rekord,
        v_nova,
        v_stara,
        'Log změn obcí (PSČ)',
        v_archiv_id
    );
END;

/
ALTER TRIGGER "TRG_OBEC_LOG" ENABLE;
--------------------------------------------------------
--  DDL for Trigger TRG_OBJEDNAVKA_ID
--------------------------------------------------------

  CREATE OR REPLACE EDITIONABLE TRIGGER "TRG_OBJEDNAVKA_ID" 
BEFORE INSERT ON OBJEDNAVKA 
FOR EACH ROW 
 WHEN (NEW.ID_Objednavka IS NULL) BEGIN 
    :NEW.ID_Objednavka := SEQ_OBJEDNAVKA_ID.NEXTVAL; 
END;

/
ALTER TRIGGER "TRG_OBJEDNAVKA_ID" ENABLE;
--------------------------------------------------------
--  DDL for Trigger TRG_OBJEDNAVKA_LOG
--------------------------------------------------------

  CREATE OR REPLACE EDITIONABLE TRIGGER "TRG_OBJEDNAVKA_LOG" 
AFTER INSERT OR UPDATE OR DELETE ON OBJEDNAVKA
FOR EACH ROW
DECLARE
    v_supermarket_id   NUMBER;
    v_root_id          NUMBER;
    v_archiv_super     NUMBER;
    v_archiv_log       NUMBER;
    v_archiv_obj       NUMBER;

    v_operace          CHAR(1);
    v_nova             VARCHAR2(4000);
    v_stara            VARCHAR2(4000);

    v_id_rekord        VARCHAR2(4000);   -- půjde do LOG.idRekord (VARCHAR2)
    v_super_nazev      VARCHAR2(200);
    v_status_nazev     VARCHAR2(200);
    v_uzivatel_jmeno   VARCHAR2(200);
BEGIN
    --------------------------------------------------------------------
    -- 1) Typ operace
    --------------------------------------------------------------------
    IF INSERTING THEN
        v_operace := 'I';
    ELSIF UPDATING THEN
        v_operace := 'U';
    ELSE
        v_operace := 'D';
    END IF;

    --------------------------------------------------------------------
    -- 2) Získání ID supermarketu (z NEW/OLD)
    --------------------------------------------------------------------
    IF INSERTING OR UPDATING THEN
        v_supermarket_id := :NEW.ID_Supermarket;
    ELSE
        v_supermarket_id := :OLD.ID_Supermarket;
    END IF;

    --------------------------------------------------------------------
    -- 3) Název supermarketu
    --------------------------------------------------------------------
    SELECT Nazev
    INTO v_super_nazev
    FROM SUPERMARKET
    WHERE ID_Supermarket = v_supermarket_id;

    --------------------------------------------------------------------
    -- 4) Název statusu a uživatele (ČITELNÉ, ne ID)
    --------------------------------------------------------------------
    IF INSERTING OR UPDATING THEN
        -- status objednávky
        SELECT Nazev
        INTO v_status_nazev
        FROM STATUS   -- TODO: tvoje tabulka pro status
        WHERE ID_Status = :NEW.ID_Status;

        -- uživatel (např. jméno + příjmení nebo login)
        SELECT jmeno || ' ' || prijmeni
        INTO v_uzivatel_jmeno
        FROM UZIVATEL           -- TODO: tvoje tabulka uživatelů
        WHERE ID_Uzivatel = :NEW.ID_Uzivatel;
    ELSE
        SELECT Nazev
        INTO v_status_nazev
        FROM STATUS
        WHERE ID_Status = :OLD.ID_Status;

        SELECT jmeno || ' ' || prijmeni
        INTO v_uzivatel_jmeno
        FROM UZIVATEL
        WHERE ID_Uzivatel = :OLD.ID_Uzivatel;
    END IF;

    --------------------------------------------------------------------
    -- 5) Najdeme ROOT archiv (hlavní kořen)
    --------------------------------------------------------------------
    SELECT ID_Archiv
    INTO v_root_id
    FROM ARCHIV
    WHERE Parent_id IS NULL;

    --------------------------------------------------------------------
    -- 6) Archiv supermarketu podle názvu
    --------------------------------------------------------------------
    SELECT a.ID_Archiv
    INTO v_archiv_super
    FROM ARCHIV a
    JOIN SUPERMARKET s ON s.NAZEV = a.NAZEV
    WHERE s.ID_Supermarket = v_supermarket_id
      AND a.Parent_id = v_root_id;

    --------------------------------------------------------------------
    -- 7) Složka "Log"
    --------------------------------------------------------------------
    SELECT ID_Archiv
    INTO v_archiv_log
    FROM ARCHIV
    WHERE Parent_id = v_archiv_super
      AND Nazev = 'Log';

    --------------------------------------------------------------------
    -- 8) Podsložka "Objednavky"
    --------------------------------------------------------------------
    SELECT ID_Archiv
    INTO v_archiv_obj
    FROM ARCHIV
    WHERE Parent_id = v_archiv_log
      AND Nazev = 'Objednavky';

    --------------------------------------------------------------------
    -- 9) NOVÁ data – jen čitelné hodnoty, žádná ID
    --------------------------------------------------------------------
    IF INSERTING OR UPDATING THEN
        v_nova :=
              'datum='       || TO_CHAR(:NEW.datum, 'YYYY-MM-DD HH24:MI:SS')
            || '; status='   || v_status_nazev
            || '; typ='      || :NEW.typ_objednavka
            || '; uzivatel=' || v_uzivatel_jmeno
            || '; supermarket=' || v_super_nazev;
    END IF;

    --------------------------------------------------------------------
    -- 10) STARÁ data – taky bez ID
    --------------------------------------------------------------------
    IF UPDATING OR DELETING THEN
        v_stara :=
              'datum='       || TO_CHAR(:OLD.datum, 'YYYY-MM-DD HH24:MI:SS')
            || '; status='   || v_status_nazev
            || '; typ='      || :OLD.typ_objednavka
            || '; uzivatel=' || v_uzivatel_jmeno
            || '; supermarket=' || v_super_nazev;
    END IF;

    --------------------------------------------------------------------
    -- 11) idRekord – jméno uživatele (žádné ID)
    --------------------------------------------------------------------
    v_id_rekord := v_uzivatel_jmeno;

    --------------------------------------------------------------------
    -- 12) Zápis do LOG tabulky
    --------------------------------------------------------------------
    INSERT INTO LOG (
        ID_Log,
        tabulkaNazev,
        operace,
        datumZmeny,
        idRekord,
        novaData,
        staraData,
        popis,
        ID_Archiv
    ) VALUES (
        SEQ_LOG_ID.NEXTVAL,
        'OBJEDNAVKA',
        v_operace,
        SYSDATE,
        v_id_rekord,             -- jméno uživatele místo ID
        v_nova,
        v_stara,
        'Log změny objednávky',
        v_archiv_obj
    );
END;

/
ALTER TRIGGER "TRG_OBJEDNAVKA_LOG" ENABLE;
--------------------------------------------------------
--  DDL for Trigger TRG_PLATBA_ARC_CREATE
--------------------------------------------------------

  CREATE OR REPLACE EDITIONABLE TRIGGER "TRG_PLATBA_ARC_CREATE" 
AFTER INSERT ON PLATBA
FOR EACH ROW
BEGIN
    --------------------------------------------------------------------
    -- Automatické vytvoření záznamu v tabulce HOTOVOST nebo KARTA
    --------------------------------------------------------------------
    IF :NEW.platbaTyp = 'H' THEN
        INSERT INTO HOTOVOST(ID_platba, prijato, vraceno)
        VALUES(:NEW.ID_platba, 0, 0);  -- prijato a vraceno zatím doplní jiný trigger
    ELSIF :NEW.platbaTyp = 'K' THEN
        INSERT INTO KARTA(ID_platba, cisloKarty)
        VALUES(:NEW.ID_platba, '0000-0000-0000-0000'); -- placeholder
    END IF;
END;

/
ALTER TRIGGER "TRG_PLATBA_ARC_CREATE" ENABLE;
--------------------------------------------------------
--  DDL for Trigger TRG_PLATBA_ID
--------------------------------------------------------

  CREATE OR REPLACE EDITIONABLE TRIGGER "TRG_PLATBA_ID" 
BEFORE INSERT ON PLATBA 
FOR EACH ROW 
 WHEN (NEW.ID_platba IS NULL) BEGIN 
    :NEW.ID_platba := SEQ_PLATBA_ID.NEXTVAL; 
END;

/
ALTER TRIGGER "TRG_PLATBA_ID" ENABLE;
--------------------------------------------------------
--  DDL for Trigger TRG_PLATBA_LOG
--------------------------------------------------------

  CREATE OR REPLACE EDITIONABLE TRIGGER "TRG_PLATBA_LOG" 
AFTER INSERT OR UPDATE OR DELETE ON PLATBA
FOR EACH ROW
DECLARE
    v_supermarket_id   NUMBER;
    v_root_id          NUMBER;
    v_archiv_super     NUMBER;
    v_archiv_log       NUMBER;
    v_archiv_platby    NUMBER;

    v_operace          CHAR(1);
    v_nova             VARCHAR2(4000);
    v_stara            VARCHAR2(4000);

    v_id_rekord        VARCHAR2(4000);   
    v_super_nazev      VARCHAR2(200);
    v_obj_datum        DATE;
    v_obj_typ          VARCHAR2(100);
    v_uzivatel_jmeno   VARCHAR2(200);
BEGIN
    --------------------------------------------------------------------
    -- 1) Určení operace
    --------------------------------------------------------------------
    IF INSERTING THEN
        v_operace := 'I';
    ELSIF UPDATING THEN
        v_operace := 'U';
    ELSE
        v_operace := 'D';
    END IF;

    --------------------------------------------------------------------
    -- 2) Zjištění supermarketu + info o objednávce + uživatel
    --    (vezmeme info z OBJEDNAVKA, ale NEpoužijeme její ID do logu)
    --------------------------------------------------------------------
    IF INSERTING OR UPDATING THEN
        SELECT o.ID_Supermarket,
               o.datum,
               o.typ_objednavka,
               u.jmeno || ' ' || u.prijmeni
        INTO  v_supermarket_id,
              v_obj_datum,
              v_obj_typ,
              v_uzivatel_jmeno
        FROM OBJEDNAVKA o
        JOIN UZIVATEL u ON u.ID_Uzivatel = o.ID_Uzivatel
        WHERE o.ID_Objednavka = :NEW.ID_Objednavka;
    ELSE
        SELECT o.ID_Supermarket,
               o.datum,
               o.typ_objednavka,
               u.jmeno || ' ' || u.prijmeni
        INTO  v_supermarket_id,
              v_obj_datum,
              v_obj_typ,
              v_uzivatel_jmeno
        FROM OBJEDNAVKA o
        JOIN UZIVATEL u ON u.ID_Uzivatel = o.ID_Uzivatel
        WHERE o.ID_Objednavka = :OLD.ID_Objednavka;
    END IF;

    --------------------------------------------------------------------
    -- 3) Název supermarketu
    --------------------------------------------------------------------
    SELECT Nazev
    INTO v_super_nazev
    FROM SUPERMARKET
    WHERE ID_Supermarket = v_supermarket_id;

    --------------------------------------------------------------------
    -- 4) Najdeme ROOT archiv
    --------------------------------------------------------------------
    SELECT ID_Archiv
    INTO v_root_id
    FROM ARCHIV
    WHERE Parent_id IS NULL;

    --------------------------------------------------------------------
    -- 5) Složka supermarketu
    --------------------------------------------------------------------
    SELECT a.ID_Archiv
    INTO v_archiv_super
    FROM ARCHIV a
    JOIN SUPERMARKET s ON s.NAZEV = a.NAZEV
    WHERE s.ID_Supermarket = v_supermarket_id
      AND a.Parent_id = v_root_id;

    --------------------------------------------------------------------
    -- 6) Složka "Log"
    --------------------------------------------------------------------
    SELECT ID_Archiv
    INTO v_archiv_log
    FROM ARCHIV
    WHERE Parent_id = v_archiv_super
      AND Nazev = 'Log';

    --------------------------------------------------------------------
    -- 7) Podsložka "Platby"
    --------------------------------------------------------------------
    SELECT ID_Archiv
    INTO v_archiv_platby
    FROM ARCHIV
    WHERE Parent_id = v_archiv_log
      AND Nazev = 'Platby';

    --------------------------------------------------------------------
    -- 8) NOVÁ data – čitelné, bez ID
    --------------------------------------------------------------------
    IF INSERTING OR UPDATING THEN
        v_nova :=
              'castka='       || TO_CHAR(:NEW.castka)
            || '; datum='     || TO_CHAR(:NEW.datum, 'YYYY-MM-DD HH24:MI:SS')
            || '; objednavka='|| v_obj_typ || ' (' || v_uzivatel_jmeno || ')'
            || '; supermarket=' || v_super_nazev
            || '; typ='       || :NEW.platbaTyp;
    END IF;

    --------------------------------------------------------------------
    -- 9) STARÁ data – taky bez ID
    --------------------------------------------------------------------
    IF UPDATING OR DELETING THEN
        v_stara :=
              'castka='       || TO_CHAR(:OLD.castka)
            || '; datum='     || TO_CHAR(:OLD.datum, 'YYYY-MM-DD HH24:MI:SS')
            || '; objednavka='|| v_obj_typ || ' (' || v_uzivatel_jmeno || ')'
            || '; supermarket=' || v_super_nazev
            || '; typ='       || :OLD.platbaTyp;
    END IF;

    --------------------------------------------------------------------
    -- 10) idRekord – čitelný identifikátor platby (žádné ID)
    --------------------------------------------------------------------
    IF INSERTING OR UPDATING THEN
        v_id_rekord :=
            'PLATBA ' ||
            TO_CHAR(:NEW.datum, 'YYYY-MM-DD HH24:MI') ||
            ' / ' || v_super_nazev;
    ELSE
        v_id_rekord :=
            'PLATBA ' ||
            TO_CHAR(:OLD.datum, 'YYYY-MM-DD HH24:MI') ||
            ' / ' || v_super_nazev;
    END IF;

    --------------------------------------------------------------------
    -- 11) Uložení logu
    --------------------------------------------------------------------
    INSERT INTO LOG (
        ID_Log,
        tabulkaNazev,
        operace,
        datumZmeny,
        idRekord,
        novaData,
        staraData,
        popis,
        ID_Archiv
    ) VALUES (
        SEQ_LOG_ID.NEXTVAL,
        'PLATBA',
        v_operace,
        SYSDATE,
        v_id_rekord,
        v_nova,
        v_stara,
        'Log změny platby',
        v_archiv_platby
    );
END;

/
ALTER TRIGGER "TRG_PLATBA_LOG" ENABLE;
--------------------------------------------------------
--  DDL for Trigger TRG_PRAVO_ID
--------------------------------------------------------

  CREATE OR REPLACE EDITIONABLE TRIGGER "TRG_PRAVO_ID" 
BEFORE INSERT ON PRAVO 
FOR EACH ROW 
 WHEN (NEW.ID_Pravo IS NULL) BEGIN 
    :NEW.ID_Pravo := SEQ_PRAVO_ID.NEXTVAL; 
END;

/
ALTER TRIGGER "TRG_PRAVO_ID" ENABLE;
--------------------------------------------------------
--  DDL for Trigger TRG_ROLE_ID
--------------------------------------------------------

  CREATE OR REPLACE EDITIONABLE TRIGGER "TRG_ROLE_ID" 
BEFORE INSERT ON APP_ROLE 
FOR EACH ROW 
 WHEN (NEW.ID_Role IS NULL) BEGIN 
    :NEW.ID_Role := SEQ_ROLE_ID.NEXTVAL; 
END;

/
ALTER TRIGGER "TRG_ROLE_ID" ENABLE;
--------------------------------------------------------
--  DDL for Trigger TRG_SKALD_ID
--------------------------------------------------------

  CREATE OR REPLACE EDITIONABLE TRIGGER "TRG_SKALD_ID" 
BEFORE INSERT ON SKLAD 
FOR EACH ROW 
 WHEN (NEW.ID_Sklad IS NULL) BEGIN 
    :NEW.ID_Sklad := SEQ_SKALD_ID.NEXTVAL; 
END;

/
ALTER TRIGGER "TRG_SKALD_ID" ENABLE;
--------------------------------------------------------
--  DDL for Trigger TRG_SKLAD_CAPACITY
--------------------------------------------------------

  CREATE OR REPLACE EDITIONABLE TRIGGER "TRG_SKLAD_CAPACITY" 
AFTER INSERT OR UPDATE ON ZBOZI
DECLARE
    CURSOR c IS
        SELECT DISTINCT id_sklad FROM SKLAD_CAPACITY_TMP;

    v_sklad NUMBER;
    v_capacity NUMBER;
    v_total NUMBER;
BEGIN
    -- проверяем каждый склад, который был затронут
    OPEN c;
    LOOP
        FETCH c INTO v_sklad;
        EXIT WHEN c%NOTFOUND;

        -- kapacita skladu
        SELECT kapacita
        INTO v_capacity
        FROM SKLAD
        WHERE ID_Sklad = v_sklad;

        -- celkové množství ve skladu
        SELECT NVL(SUM(mnozstvi),0)
        INTO v_total
        FROM ZBOZI
        WHERE SKLAD_ID_Sklad = v_sklad;

        -- pokud překročeno → chyba
        IF v_total > v_capacity THEN
            DELETE FROM SKLAD_CAPACITY_TMP;
            RAISE_APPLICATION_ERROR(
                -20001,
                'Sklad ' || v_sklad || ' je plny: prekrocena kapacita!'
            );
        END IF;

    END LOOP;
    CLOSE c;

    -- очистить временные данные после проверки
    DELETE FROM SKLAD_CAPACITY_TMP;
END;

/
ALTER TRIGGER "TRG_SKLAD_CAPACITY" ENABLE;
--------------------------------------------------------
--  DDL for Trigger TRG_SKLAD_CAPACITY_BR
--------------------------------------------------------

  CREATE OR REPLACE EDITIONABLE TRIGGER "TRG_SKLAD_CAPACITY_BR" 
BEFORE INSERT OR UPDATE ON ZBOZI
FOR EACH ROW
BEGIN
    -- записать новые данные для проверки после UPDATE/INSERT
    INSERT INTO SKLAD_CAPACITY_TMP (id_zbozi, id_sklad, mnozstvi)
    VALUES (:NEW.ID_Zbozi, :NEW.SKLAD_ID_Sklad, :NEW.mnozstvi);
END;

/
ALTER TRIGGER "TRG_SKLAD_CAPACITY_BR" ENABLE;
--------------------------------------------------------
--  DDL for Trigger TRG_SKLAD_LOG
--------------------------------------------------------

  CREATE OR REPLACE EDITIONABLE TRIGGER "TRG_SKLAD_LOG" 
AFTER INSERT OR UPDATE OR DELETE ON SKLAD
FOR EACH ROW
DECLARE
    v_supermarket_id  NUMBER;
    v_root_id         NUMBER;
    v_archiv_super    NUMBER;
    v_archiv_log      NUMBER;
    v_archiv_ostatni  NUMBER;

    v_operace         CHAR(1);
    v_nova            VARCHAR2(4000);
    v_stara           VARCHAR2(4000);

    v_id_rekord       VARCHAR2(4000);   
    v_super_nazev     VARCHAR2(200);
BEGIN
    --------------------------------------------------------------------
    -- 1) Určení typu operace
    --------------------------------------------------------------------
    IF INSERTING THEN
        v_operace := 'I';
    ELSIF UPDATING THEN
        v_operace := 'U';
    ELSE
        v_operace := 'D';
    END IF;

    --------------------------------------------------------------------
    -- 2) Zjištění ID supermarketu
    --------------------------------------------------------------------
    IF INSERTING OR UPDATING THEN
        v_supermarket_id := :NEW.ID_Supermarket;
    ELSE
        v_supermarket_id := :OLD.ID_Supermarket;
    END IF;

    --------------------------------------------------------------------
    -- 3) Název supermarketu
    --------------------------------------------------------------------
    SELECT Nazev
    INTO v_super_nazev
    FROM SUPERMARKET
    WHERE ID_Supermarket = v_supermarket_id;

    --------------------------------------------------------------------
    -- 4) Najdeme ROOT archiv
    --------------------------------------------------------------------
    SELECT ID_Archiv
    INTO v_root_id
    FROM ARCHIV
    WHERE Parent_id IS NULL;

    --------------------------------------------------------------------
    -- 5) Najdeme složku supermarketu
    --------------------------------------------------------------------
    SELECT a.ID_Archiv
    INTO v_archiv_super
    FROM ARCHIV a
    JOIN SUPERMARKET s ON s.NAZEV = a.NAZEV
    WHERE s.ID_Supermarket = v_supermarket_id
      AND a.Parent_id = v_root_id;

    --------------------------------------------------------------------
    -- 6) Najdeme složku "Log"
    --------------------------------------------------------------------
    SELECT ID_Archiv
    INTO v_archiv_log
    FROM ARCHIV
    WHERE Parent_id = v_archiv_super
      AND Nazev = 'Log';

    --------------------------------------------------------------------
    -- 7) Najdeme podsložku "Ostatni"
    --------------------------------------------------------------------
    SELECT ID_Archiv
    INTO v_archiv_ostatni
    FROM ARCHIV
    WHERE Parent_id = v_archiv_log
      AND Nazev = 'Ostatni';

    --------------------------------------------------------------------
    -- 8) NOVÁ data – bez ID, jen názvy
    --------------------------------------------------------------------
    IF INSERTING OR UPDATING THEN
        v_nova :=
              'nazev='        || :NEW.nazev
            || '; kapacita='  || :NEW.kapacita
            || '; telefon='   || :NEW.telefonniCislo
            || '; supermarket=' || v_super_nazev;
    END IF;

    --------------------------------------------------------------------
    -- 9) STARÁ data – taky bez ID
    --------------------------------------------------------------------
    IF UPDATING OR DELETING THEN
        v_stara :=
              'nazev='        || :OLD.nazev
            || '; kapacita='  || :OLD.kapacita
            || '; telefon='   || :OLD.telefonniCislo
            || '; supermarket=' || v_super_nazev;
    END IF;

    --------------------------------------------------------------------
    -- 10) idRekord = název skladu (žádné ID)
    --------------------------------------------------------------------
    IF INSERTING OR UPDATING THEN
        v_id_rekord := :NEW.nazev;
    ELSE
        v_id_rekord := :OLD.nazev;
    END IF;

    --------------------------------------------------------------------
    -- 11) Zápis logu
    --------------------------------------------------------------------
    INSERT INTO LOG (
        ID_Log,
        tabulkaNazev,
        operace,
        datumZmeny,
        idRekord,
        novaData,
        staraData,
        popis,
        ID_Archiv
    )
    VALUES (
        SEQ_LOG_ID.NEXTVAL,
        'SKLAD',
        v_operace,
        SYSDATE,
        v_id_rekord,              -- název skladu místo ID
        v_nova,
        v_stara,
        'Log změny skladu',
        v_archiv_ostatni
    );
END;

/
ALTER TRIGGER "TRG_SKLAD_LOG" ENABLE;
--------------------------------------------------------
--  DDL for Trigger TRG_SOUBOR_ID
--------------------------------------------------------

  CREATE OR REPLACE EDITIONABLE TRIGGER "TRG_SOUBOR_ID" 
BEFORE INSERT ON SOUBOR 
FOR EACH ROW 
 WHEN (NEW.ID_Soubor IS NULL) BEGIN 
    :NEW.ID_Soubor := SEQ_SOUBOR_ID.NEXTVAL; 
END;

/
ALTER TRIGGER "TRG_SOUBOR_ID" ENABLE;
--------------------------------------------------------
--  DDL for Trigger TRG_STATUS_ID
--------------------------------------------------------

  CREATE OR REPLACE EDITIONABLE TRIGGER "TRG_STATUS_ID" 
BEFORE INSERT ON STATUS 
FOR EACH ROW 
 WHEN (NEW.ID_Status IS NULL) BEGIN 
    :NEW.ID_Status := SEQ_STATUS_ID.NEXTVAL; 
END;

/
ALTER TRIGGER "TRG_STATUS_ID" ENABLE;
--------------------------------------------------------
--  DDL for Trigger TRG_SUPERMARKET_ARCHIV_CREATE
--------------------------------------------------------

  CREATE OR REPLACE EDITIONABLE TRIGGER "TRG_SUPERMARKET_ARCHIV_CREATE" 
AFTER INSERT ON SUPERMARKET
FOR EACH ROW
DECLARE
    v_root_id NUMBER;
    v_sup_id NUMBER;
    v_log_id NUMBER;
BEGIN
    --------------------------------------------------------------------
    --  Najdeme kořenovou složku archivu
    --------------------------------------------------------------------
    SELECT ID_Archiv
    INTO v_root_id
    FROM ARCHIV
    WHERE Parent_id IS NULL;

    --------------------------------------------------------------------
    --  Vytvoříme složku supermarketu podle názvu
    --------------------------------------------------------------------
    INSERT INTO ARCHIV (ID_Archiv, Nazev, Popis, Parent_id)
    VALUES (
        SEQ_ARCHIV_ID.NEXTVAL,
        :NEW.NAZEV,                         -- Název supermarketu
        'Archiv pro supermarket ' || :NEW.NAZEV,
        v_root_id
    )
    RETURNING ID_Archiv INTO v_sup_id;

    --------------------------------------------------------------------
    --  Vytvoříme základní podsložky
    --------------------------------------------------------------------
    INSERT INTO ARCHIV VALUES (SEQ_ARCHIV_ID.NEXTVAL, 'Dokumenty', 'Dokumenty supermarketu', v_sup_id);
    INSERT INTO ARCHIV VALUES (SEQ_ARCHIV_ID.NEXTVAL, 'Reporty', 'Reporty a analýzy', v_sup_id);
    INSERT INTO ARCHIV VALUES (SEQ_ARCHIV_ID.NEXTVAL, 'Inventura', 'Inventurní data', v_sup_id);

    --------------------------------------------------------------------
    --  Vytvoříme složku Log (a zapamatujeme si její ID)
    --------------------------------------------------------------------
    INSERT INTO ARCHIV (ID_Archiv, Nazev, Popis, Parent_id)
    VALUES (
        SEQ_ARCHIV_ID.NEXTVAL,
        'Log',
        'Logy změn pro supermarket ' || :NEW.NAZEV,
        v_sup_id
    )
    RETURNING ID_Archiv INTO v_log_id;

    --------------------------------------------------------------------
    --  Podsložky Logu
    --------------------------------------------------------------------
    INSERT INTO ARCHIV VALUES (SEQ_ARCHIV_ID.NEXTVAL, 'Zbozi', 'Logy změn ZBOZI', v_log_id);
    INSERT INTO ARCHIV VALUES (SEQ_ARCHIV_ID.NEXTVAL, 'Objednavky', 'Logy změn OBJEDNAVKA', v_log_id);
    INSERT INTO ARCHIV VALUES (SEQ_ARCHIV_ID.NEXTVAL, 'Platby', 'Logy změn PLATBA', v_log_id);
    INSERT INTO ARCHIV VALUES (SEQ_ARCHIV_ID.NEXTVAL, 'Ostatni', 'Ostatní logy', v_log_id);

END;

/
ALTER TRIGGER "TRG_SUPERMARKET_ARCHIV_CREATE" ENABLE;
--------------------------------------------------------
--  DDL for Trigger TRG_SUPERMARKET_ID
--------------------------------------------------------

  CREATE OR REPLACE EDITIONABLE TRIGGER "TRG_SUPERMARKET_ID" 
BEFORE INSERT ON SUPERMARKET 
FOR EACH ROW 
 WHEN (NEW.ID_Supermarket IS NULL) BEGIN 
    :NEW.ID_Supermarket := SEQ_SUPERMARKET_ID.NEXTVAL; 
END;

/
ALTER TRIGGER "TRG_SUPERMARKET_ID" ENABLE;
--------------------------------------------------------
--  DDL for Trigger TRG_UZIVATEL_DEFAULT_ROLE
--------------------------------------------------------

  CREATE OR REPLACE EDITIONABLE TRIGGER "TRG_UZIVATEL_DEFAULT_ROLE" 
BEFORE INSERT ON UZIVATEL
FOR EACH ROW
BEGIN
    --------------------------------------------------------------------
    -- Pokud není role vyplněna, nastavíme roli NEW_USER (ID = 7)
    --------------------------------------------------------------------
    IF :NEW.ID_Role IS NULL THEN
        :NEW.ID_Role := 7;
    END IF;
END;

/
ALTER TRIGGER "TRG_UZIVATEL_DEFAULT_ROLE" ENABLE;
--------------------------------------------------------
--  DDL for Trigger TRG_UZIVATEL_EMAIL_CHECK
--------------------------------------------------------

  CREATE OR REPLACE EDITIONABLE TRIGGER "TRG_UZIVATEL_EMAIL_CHECK" 
BEFORE INSERT OR UPDATE ON UZIVATEL
FOR EACH ROW
BEGIN
    --------------------------------------------------------------------
    -- Jednoduchá kontrola formátu emailu
    --------------------------------------------------------------------
    IF NOT REGEXP_LIKE(:NEW.email, '^[A-Za-z0-9._%+-]+@[A-Za-z0-9.-]+\.[A-Za-z]{2,}$') THEN
        RAISE_APPLICATION_ERROR(
            -20104,
            'Email ma neplatny format.'
        );
    END IF;
END;

/
ALTER TRIGGER "TRG_UZIVATEL_EMAIL_CHECK" ENABLE;
--------------------------------------------------------
--  DDL for Trigger TRG_UZIVATEL_ID
--------------------------------------------------------

  CREATE OR REPLACE EDITIONABLE TRIGGER "TRG_UZIVATEL_ID" 
BEFORE INSERT ON UZIVATEL 
FOR EACH ROW 
 WHEN (NEW.ID_Uzivatel IS NULL) BEGIN 
    :NEW.ID_Uzivatel := SEQ_UZIVATEL_ID.NEXTVAL; 
END;

/
ALTER TRIGGER "TRG_UZIVATEL_ID" ENABLE;
--------------------------------------------------------
--  DDL for Trigger TRG_UZIVATEL_LOG
--------------------------------------------------------

  CREATE OR REPLACE EDITIONABLE TRIGGER "TRG_UZIVATEL_LOG" 
AFTER INSERT OR UPDATE OR DELETE ON UZIVATEL
FOR EACH ROW
DECLARE
    v_root_id      NUMBER;
    v_archiv_user  NUMBER;

    v_operace      CHAR(1);
    v_nova         VARCHAR2(4000);
    v_stara        VARCHAR2(4000);

    v_id_rekord        VARCHAR2(4000); 
    v_role_nazev_new   VARCHAR2(200);
    v_role_nazev_old   VARCHAR2(200);
BEGIN
    --------------------------------------------------------------------
    -- 1) Určení operace
    --------------------------------------------------------------------
    IF INSERTING THEN
        v_operace := 'I';
    ELSIF UPDATING THEN
        v_operace := 'U';
    ELSE
        v_operace := 'D';
    END IF;

    --------------------------------------------------------------------
    -- 2) Najdeme ROOT archiv
    --------------------------------------------------------------------
    SELECT ID_Archiv
    INTO v_root_id
    FROM ARCHIV
    WHERE Parent_id IS NULL;

    --------------------------------------------------------------------
    -- 3) Najdeme podsložku 'Uzivatele'
    --------------------------------------------------------------------
    SELECT ID_Archiv
    INTO v_archiv_user
    FROM ARCHIV
    WHERE Parent_id = v_root_id
      AND Nazev = 'Uzivatele';

    --------------------------------------------------------------------
    -- 4) Názvy rolí (místo ID_Role)
    --------------------------------------------------------------------
    IF INSERTING OR UPDATING THEN
        SELECT Nazev
        INTO v_role_nazev_new
        FROM APP_ROLE   -- TODO: tvoje tabulka s rolemi
        WHERE ID_Role = :NEW.ID_Role;
    END IF;

    IF UPDATING OR DELETING THEN
        SELECT Nazev
        INTO v_role_nazev_old
        FROM APP_ROLE
        WHERE ID_Role = :OLD.ID_Role;
    END IF;

    --------------------------------------------------------------------
    -- 5) Nová data – čitelné, bez ID
    --------------------------------------------------------------------
    IF INSERTING OR UPDATING THEN
        v_nova :=
              'jmeno='       || :NEW.jmeno
            || '; prijmeni=' || :NEW.prijmeni
            || '; email='    || :NEW.email
            || '; telefon='  || :NEW.telefonniCislo
            || '; role='     || v_role_nazev_new;
    END IF;

    --------------------------------------------------------------------
    -- 6) Stará data – taky bez ID
    --------------------------------------------------------------------
    IF UPDATING OR DELETING THEN
        v_stara :=
              'jmeno='       || :OLD.jmeno
            || '; prijmeni=' || :OLD.prijmeni
            || '; email='    || :OLD.email
            || '; telefon='  || :OLD.telefonniCislo
            || '; role='     || v_role_nazev_old;
    END IF;

    --------------------------------------------------------------------
    -- 7) idRekord = jméno uživatele (žádné ID)
    --------------------------------------------------------------------
    IF INSERTING OR UPDATING THEN
        v_id_rekord := :NEW.jmeno || ' ' || :NEW.prijmeni;
    ELSE
        v_id_rekord := :OLD.jmeno || ' ' || :OLD.prijmeni;
    END IF;

    --------------------------------------------------------------------
    -- 8) Zápis logu do tabulky LOG
    --------------------------------------------------------------------
    INSERT INTO LOG (
        ID_Log,
        tabulkaNazev,
        operace,
        datumZmeny,
        idRekord,
        novaData,
        staraData,
        popis,
        ID_Archiv
    ) VALUES (
        SEQ_LOG_ID.NEXTVAL,
        'UZIVATEL',
        v_operace,
        SYSDATE,
        v_id_rekord,              -- jméno uživatele místo ID
        v_nova,
        v_stara,
        'Log změny uživatele',
        v_archiv_user
    );
END;

/
ALTER TRIGGER "TRG_UZIVATEL_LOG" ENABLE;
--------------------------------------------------------
--  DDL for Trigger TRG_ZAKAZNIK_LOG
--------------------------------------------------------

  CREATE OR REPLACE EDITIONABLE TRIGGER "TRG_ZAKAZNIK_LOG" 
AFTER INSERT OR UPDATE OR DELETE ON ZAKAZNIK
FOR EACH ROW
DECLARE
    v_root_id        NUMBER;
    v_archiv_uz      NUMBER;

    v_operace        CHAR(1);
    v_nova           VARCHAR2(4000);
    v_stara          VARCHAR2(4000);

    v_id_rekord      VARCHAR2(4000);
    v_uzivatel_jmeno VARCHAR2(200);
    v_id_uzivatel    NUMBER;
BEGIN
    --------------------------------------------------------------------
    -- 1) Operace
    --------------------------------------------------------------------
    IF INSERTING THEN
        v_operace := 'I';
    ELSIF UPDATING THEN
        v_operace := 'U';
    ELSE
        v_operace := 'D';
    END IF;

    --------------------------------------------------------------------
    -- 2) Zjistíme ID_Uzivatel ze supertypu
    --------------------------------------------------------------------
    IF INSERTING OR UPDATING THEN
        v_id_uzivatel := :NEW.ID_Uzivatelu;
    ELSE
        v_id_uzivatel := :OLD.ID_Uzivatelu;
    END IF;

    --------------------------------------------------------------------
    -- 3) Načteme jméno uživatele (žádné ID v logu)
    --------------------------------------------------------------------
    SELECT jmeno || ' ' || prijmeni
    INTO v_uzivatel_jmeno
    FROM UZIVATEL
    WHERE ID_Uzivatel = v_id_uzivatel;

    --------------------------------------------------------------------
    -- 4) ROOT archiv
    --------------------------------------------------------------------
    SELECT ID_Archiv
    INTO v_root_id
    FROM ARCHIV
    WHERE Parent_id IS NULL;

    --------------------------------------------------------------------
    -- 5) podsložka 'Uzivatele'
    --------------------------------------------------------------------
    SELECT ID_Archiv
    INTO v_archiv_uz
    FROM ARCHIV
    WHERE Parent_id = v_root_id
      AND Nazev = 'Uzivatele';

    --------------------------------------------------------------------
    -- 6) Nová data (čitelné, bez ID)
    --------------------------------------------------------------------
    IF INSERTING OR UPDATING THEN
        v_nova :=
              'uzivatel='      || v_uzivatel_jmeno
            || '; kartaVernosti=' || :NEW.kartaVernosti;
    END IF;

    --------------------------------------------------------------------
    -- 7) Stará data (čitelné, bez ID)
    --------------------------------------------------------------------
    IF UPDATING OR DELETING THEN
        v_stara :=
              'uzivatel='      || v_uzivatel_jmeno
            || '; kartaVernosti=' || :OLD.kartaVernosti;
    END IF;

    --------------------------------------------------------------------
    -- 8) idRekord = jméno uživatele (žádné ID)
    --------------------------------------------------------------------
    v_id_rekord := v_uzivatel_jmeno;

    --------------------------------------------------------------------
    -- 9) Zápis do LOG
    --------------------------------------------------------------------
    INSERT INTO LOG (
        ID_Log,
        tabulkaNazev,
        operace,
        datumZmeny,
        idRekord,
        novaData,
        staraData,
        popis,
        ID_Archiv
    ) VALUES (
        SEQ_LOG_ID.NEXTVAL,
        'ZAKAZNIK',
        v_operace,
        SYSDATE,
        v_id_rekord,              -- jméno uživatele místo ID
        v_nova,
        v_stara,
        'Log změny zákazníka',
        v_archiv_uz
    );
END;

/
ALTER TRIGGER "TRG_ZAKAZNIK_LOG" ENABLE;
--------------------------------------------------------
--  DDL for Trigger TRG_ZAMESTNANEC_LOG
--------------------------------------------------------

  CREATE OR REPLACE EDITIONABLE TRIGGER "TRG_ZAMESTNANEC_LOG" 
AFTER INSERT OR UPDATE OR DELETE ON ZAMESTNANEC
FOR EACH ROW
DECLARE
    v_root_id        NUMBER;
    v_archiv_uz      NUMBER;

    v_operace        CHAR(1);
    v_nova           VARCHAR2(4000);
    v_stara          VARCHAR2(4000);

    v_id_rekord      VARCHAR2(4000);   -- půjde do LOG.idRekord (jméno zaměstnance)
    v_uzivatel_jmeno VARCHAR2(200);
    v_id_uzivatel    NUMBER;
BEGIN
    --------------------------------------------------------------------
    -- 1) Operace
    --------------------------------------------------------------------
    IF INSERTING THEN
        v_operace := 'I';
    ELSIF UPDATING THEN
        v_operace := 'U';
    ELSE
        v_operace := 'D';
    END IF;

    --------------------------------------------------------------------
    -- 2) Zjistíme ID_Uzivatel ze ZAMESTNANEC
    --------------------------------------------------------------------
    IF INSERTING OR UPDATING THEN
        v_id_uzivatel := :NEW.ID_Uzivatelu;
    ELSE
        v_id_uzivatel := :OLD.ID_Uzivatelu;
    END IF;

    --------------------------------------------------------------------
    -- 3) Načteme jméno uživatele (zaměstnance) z UZIVATEL
    --------------------------------------------------------------------
    SELECT jmeno || ' ' || prijmeni
    INTO v_uzivatel_jmeno
    FROM UZIVATEL
    WHERE ID_Uzivatel = v_id_uzivatel;

    --------------------------------------------------------------------
    -- 4) ROOT archiv
    --------------------------------------------------------------------
    SELECT ID_Archiv
    INTO v_root_id
    FROM ARCHIV
    WHERE Parent_id IS NULL;

    --------------------------------------------------------------------
    -- 5) podsložka 'Uzivatele'
    --------------------------------------------------------------------
    SELECT ID_Archiv
    INTO v_archiv_uz
    FROM ARCHIV
    WHERE Parent_id = v_root_id
      AND Nazev = 'Uzivatele';

    --------------------------------------------------------------------
    -- 6) Nová data (čitelné, bez ID)
    --------------------------------------------------------------------
    IF INSERTING OR UPDATING THEN
        v_nova :=
              'zamestnanec=' || v_uzivatel_jmeno
           || '; pozice='    || :NEW.pozice
           || '; mzda='      || :NEW.mzda;
    END IF;

    --------------------------------------------------------------------
    -- 7) Stará data (čitelné, bez ID)
    --------------------------------------------------------------------
    IF UPDATING OR DELETING THEN
        v_stara :=
              'zamestnanec=' || v_uzivatel_jmeno
           || '; pozice='    || :OLD.pozice
           || '; mzda='      || :OLD.mzda;
    END IF;

    --------------------------------------------------------------------
    -- 8) idRekord = jméno zaměstnance (žádné ID)
    --------------------------------------------------------------------
    v_id_rekord := v_uzivatel_jmeno;

    --------------------------------------------------------------------
    -- 9) Zápis do LOG
    --------------------------------------------------------------------
    INSERT INTO LOG (
        ID_Log, tabulkaNazev, operace, datumZmeny,
        idRekord, novaData, staraData, popis, ID_Archiv
    ) VALUES (
        SEQ_LOG_ID.NEXTVAL,
        'ZAMESTNANEC',
        v_operace,
        SYSDATE,
        v_id_rekord,              -- jméno místo ID
        v_nova,
        v_stara,
        'Log změny zaměstnance',
        v_archiv_uz
    );
END;

/
ALTER TRIGGER "TRG_ZAMESTNANEC_LOG" ENABLE;
--------------------------------------------------------
--  DDL for Trigger TRG_ZBOZI_ID
--------------------------------------------------------

  CREATE OR REPLACE EDITIONABLE TRIGGER "TRG_ZBOZI_ID" 
BEFORE INSERT ON ZBOZI 
FOR EACH ROW 
 WHEN (NEW.ID_Zbozi IS NULL) BEGIN 
    :NEW.ID_Zbozi := SEQ_ZBOZI_ID.NEXTVAL; 
END;

/
ALTER TRIGGER "TRG_ZBOZI_ID" ENABLE;
--------------------------------------------------------
--  DDL for Trigger TRG_ZBOZI_LOG
--------------------------------------------------------

  CREATE OR REPLACE EDITIONABLE TRIGGER "TRG_ZBOZI_LOG" 
AFTER INSERT OR UPDATE OR DELETE ON ZBOZI
FOR EACH ROW
DECLARE
    v_supermarket_id   NUMBER;
    v_root_id          NUMBER;
    v_archiv_super     NUMBER;
    v_archiv_log       NUMBER;
    v_archiv_zbozi     NUMBER;

    v_operace          CHAR(1);
    v_nova             VARCHAR2(4000);
    v_stara            VARCHAR2(4000);

    v_sklad_nazev_new  VARCHAR2(200);
    v_sklad_nazev_old  VARCHAR2(200);
    v_super_nazev      VARCHAR2(200);

    v_id_rekord        VARCHAR2(4000);  -- tady bude název zboží
BEGIN
    --------------------------------------------------------------------
    -- 1) Typ operace
    --------------------------------------------------------------------
    IF INSERTING THEN
        v_operace := 'I';
    ELSIF UPDATING THEN
        v_operace := 'U';
    ELSE
        v_operace := 'D';
    END IF;

    --------------------------------------------------------------------
    -- 2) Zjištění ID supermarketu + názvu skladu
    --------------------------------------------------------------------
    IF INSERTING OR UPDATING THEN
        SELECT ID_Supermarket, Nazev
        INTO v_supermarket_id, v_sklad_nazev_new
        FROM SKLAD
        WHERE ID_Sklad = :NEW.SKLAD_ID_Sklad;
    ELSE
        SELECT ID_Supermarket, Nazev
        INTO v_supermarket_id, v_sklad_nazev_old
        FROM SKLAD
        WHERE ID_Sklad = :OLD.SKLAD_ID_Sklad;
    END IF;

    --------------------------------------------------------------------
    -- 3) Název supermarketu
    --------------------------------------------------------------------
    SELECT Nazev
    INTO v_super_nazev
    FROM SUPERMARKET
    WHERE ID_Supermarket = v_supermarket_id;

    --------------------------------------------------------------------
    -- 4) Najdeme ROOT (Hlavní Archiv) dynamicky
    --------------------------------------------------------------------
    SELECT ID_Archiv
    INTO v_root_id
    FROM ARCHIV
    WHERE Parent_id IS NULL;

    --------------------------------------------------------------------
    -- 5) Najdeme složku supermarketu podle názvu
    --------------------------------------------------------------------
    SELECT a.ID_Archiv
    INTO v_archiv_super
    FROM ARCHIV a
    JOIN SUPERMARKET s ON s.NAZEV = a.NAZEV
    WHERE s.ID_Supermarket = v_supermarket_id
      AND a.Parent_id = v_root_id;

    --------------------------------------------------------------------
    -- 6) Najdeme složku Log
    --------------------------------------------------------------------
    SELECT ID_Archiv
    INTO v_archiv_log
    FROM ARCHIV
    WHERE Parent_id = v_archiv_super
      AND Nazev = 'Log';

    --------------------------------------------------------------------
    -- 7) Najdeme podsložku Zbozi
    --------------------------------------------------------------------
    SELECT ID_Archiv
    INTO v_archiv_zbozi
    FROM ARCHIV
    WHERE Parent_id = v_archiv_log
      AND Nazev = 'Zbozi';

    --------------------------------------------------------------------
    -- 8) NOVÁ data (čitelné, bez ID)
    --------------------------------------------------------------------
    IF INSERTING OR UPDATING THEN
        v_nova :=
              'nazev='       || :NEW.nazev
            || '; cena='        || TO_CHAR(:NEW.cena)
            || '; mnozstvi='    || TO_CHAR(:NEW.mnozstvi)
            || '; minMnozstvi=' || TO_CHAR(:NEW.minMnozstvi)
            || '; sklad='       || v_sklad_nazev_new
            || '; supermarket=' || v_super_nazev;
    END IF;

    --------------------------------------------------------------------
    -- 9) STARÁ data (čitelné, bez ID)
    --------------------------------------------------------------------
    IF UPDATING OR DELETING THEN
        v_stara :=
              'nazev='       || :OLD.nazev
            || '; cena='        || TO_CHAR(:OLD.cena)
            || '; mnozstvi='    || TO_CHAR(:OLD.mnozstvi)
            || '; minMnozstvi=' || TO_CHAR(:OLD.minMnozstvi)
            || '; sklad='       || v_sklad_nazev_old
            || '; supermarket=' || v_super_nazev;
    END IF;

    --------------------------------------------------------------------
    -- 10) idRekord = název zboží (žádné ID)
    --------------------------------------------------------------------
    IF INSERTING OR UPDATING THEN
        v_id_rekord := :NEW.nazev;
    ELSE
        v_id_rekord := :OLD.nazev;
    END IF;

    --------------------------------------------------------------------
    -- 11) Zápis logu
    --------------------------------------------------------------------
    INSERT INTO LOG (
        ID_Log,
        tabulkaNazev,
        operace,
        datumZmeny,
        idRekord,
        novaData,
        staraData,
        popis,
        ID_Archiv
    ) VALUES (
        SEQ_LOG_ID.NEXTVAL,
        'ZBOZI',
        v_operace,
        SYSDATE,
        v_id_rekord,   -- název zboží
        v_nova,
        v_stara,
        'Log zmeny ZBOZI',
        v_archiv_zbozi
    );
END;

/
ALTER TRIGGER "TRG_ZBOZI_LOG" ENABLE;
--------------------------------------------------------
--  DDL for Trigger TRG_ZBOZI_MIN
--------------------------------------------------------

  CREATE OR REPLACE EDITIONABLE TRIGGER "TRG_ZBOZI_MIN" 
BEFORE UPDATE ON ZBOZI
FOR EACH ROW
DECLARE
    v_dodavatel NUMBER;
    v_supermarket NUMBER;
    v_new_order_id NUMBER;
    v_amount NUMBER;
BEGIN
    --------------------------------------------------------------------
    -- Kontrola minimálního množství
    --------------------------------------------------------------------
    IF :NEW.mnozstvi < :NEW.minMnozstvi THEN

        ----------------------------------------------------------------
        -- Najdeme dodavatele pro toto zboží
        ----------------------------------------------------------------
        SELECT ID_uzivatelu
        INTO v_dodavatel
        FROM ZBOZI_DODAVATEL
        WHERE ID_Zbozi = :NEW.ID_Zbozi
        FETCH FIRST 1 ROWS ONLY;

        ----------------------------------------------------------------
        -- Najdeme supermarket podle skladu
        ----------------------------------------------------------------
        SELECT ID_Supermarket
        INTO v_supermarket
        FROM SKLAD
        WHERE ID_Sklad = :NEW.SKLAD_ID_Sklad;

        ----------------------------------------------------------------
        -- Určíme množství k objednání
        ----------------------------------------------------------------
        v_amount := GREATEST(:NEW.minMnozstvi * 5, :NEW.minMnozstvi + 1);


        ----------------------------------------------------------------
        -- Vytvoříme novou objednávku typu DODAVATEL
        ----------------------------------------------------------------
        INSERT INTO OBJEDNAVKA (
            ID_Objednavka,
            datum,
            ID_Status,
            typ_objednavka,
            poznamka,
            ID_Uzivatel,
            ID_Supermarket
        ) VALUES (
            SEQ_OBJEDNAVKA_ID.NEXTVAL,
            SYSDATE,
            1,                     -- Status = Vytvorena
            'DODAVATEL',
            'Automatická objednávka doplnění zásob',
            v_dodavatel,
            v_supermarket
        )
        RETURNING ID_Objednavka INTO v_new_order_id;

        ----------------------------------------------------------------
        -- Přidáme položku do objednávky
        ----------------------------------------------------------------
        INSERT INTO OBJEDNAVKA_ZBOZI (
            pocet,
            ID_Objednavka,
            ID_Zbozi
        ) VALUES (
            v_amount,
            v_new_order_id,
            :NEW.ID_Zbozi
        );

        ----------------------------------------------------------------
        -- Informace pro administrátora přes LOG nebo zprávu
        ----------------------------------------------------------------
        INSERT INTO LOG (
            ID_Log, tabulkaNazev, operace, datumZmeny, idRekord, popis, ID_Archiv
        ) VALUES (
            SEQ_LOG_ID.NEXTVAL,
            'ZBOZI',
            'I',
            SYSDATE,
            v_new_order_id,
            'Automaticky vytvořena objednávka kvůli nízkému množství zásob.',
            1
        );

    END IF;
END;

/
ALTER TRIGGER "TRG_ZBOZI_MIN" ENABLE;
--------------------------------------------------------
--  DDL for Trigger TRG_ZPRAVA_ID
--------------------------------------------------------

  CREATE OR REPLACE EDITIONABLE TRIGGER "TRG_ZPRAVA_ID" 
BEFORE INSERT ON ZPRAVA 
FOR EACH ROW 
 WHEN (NEW.ID_Zprava IS NULL) BEGIN 
    :NEW.ID_Zprava := SEQ_ZPRAVA_ID.NEXTVAL; 
END;

/
ALTER TRIGGER "TRG_ZPRAVA_ID" ENABLE;
--------------------------------------------------------
--  DDL for Trigger TRG_ZPRAVA_LOG
--------------------------------------------------------

  CREATE OR REPLACE EDITIONABLE TRIGGER "TRG_ZPRAVA_LOG" 
AFTER INSERT OR UPDATE OR DELETE ON ZPRAVA
FOR EACH ROW
DECLARE
    v_operace       CHAR(1);
    v_nova          VARCHAR2(4000);
    v_stara         VARCHAR2(4000);
    v_id_rekord     VARCHAR2(4000);

    v_archiv_id     NUMBER;
    v_odesilatel    VARCHAR2(200);
    v_prijemce      VARCHAR2(200);
BEGIN
    --------------------------------------------------------------------
    -- 1) Typ operace
    --------------------------------------------------------------------
    IF INSERTING THEN
        v_operace := 'I';
    ELSIF UPDATING THEN
        v_operace := 'U';
    ELSE
        v_operace := 'D';
    END IF;

    --------------------------------------------------------------------
    -- 2) Archivní složka ZPRAVY
    --------------------------------------------------------------------
    SELECT ID_Archiv
    INTO v_archiv_id
    FROM ARCHIV
    WHERE NAZEV = 'Zpravy';

    --------------------------------------------------------------------
    -- 3) Jména uživatelů (bez ID)
    --------------------------------------------------------------------
    SELECT jmeno || ' ' || prijmeni
    INTO v_odesilatel
    FROM UZIVATEL
    WHERE ID_Uzivatel = NVL(:NEW.ODESILATEL_ID, :OLD.ODESILATEL_ID);

    SELECT jmeno || ' ' || prijmeni
    INTO v_prijemce
    FROM UZIVATEL
    WHERE ID_Uzivatel = NVL(:NEW.PRIJIMAC_ID, :OLD.PRIJIMAC_ID);

    --------------------------------------------------------------------
    -- 4) idRekord (bez datumu)
    --------------------------------------------------------------------
    IF INSERTING OR UPDATING THEN
        v_id_rekord :=
              'od=' || v_odesilatel
           || '; pro=' || v_prijemce;
    ELSE
        v_id_rekord :=
              'od=' || v_odesilatel
           || '; pro=' || v_prijemce;
    END IF;

    --------------------------------------------------------------------
    -- 5) Nová data – obsah jako BASE64
    --------------------------------------------------------------------
    IF INSERTING OR UPDATING THEN
        v_nova := 'text64=' ||
            UTL_RAW.CAST_TO_VARCHAR2(
                UTL_ENCODE.BASE64_ENCODE(
                    UTL_RAW.CAST_TO_RAW(:NEW.ZPRAVA)
                )
            );
    END IF;

    --------------------------------------------------------------------
    -- 6) Stará data – obsah jako BASE64
    --------------------------------------------------------------------
    IF UPDATING OR DELETING THEN
        v_stara := 'text64=' ||
            UTL_RAW.CAST_TO_VARCHAR2(
                UTL_ENCODE.BASE64_ENCODE(
                    UTL_RAW.CAST_TO_RAW(:OLD.ZPRAVA)
                )
            );
    END IF;

    --------------------------------------------------------------------
    -- 7) INSERT do LOG
    --------------------------------------------------------------------
    INSERT INTO LOG (
        ID_Log, tabulkaNazev, operace, datumZmeny,
        idRekord, novaData, staraData, popis, ID_Archiv
    ) VALUES (
        SEQ_LOG_ID.NEXTVAL,
        'ZPRAVA',
        v_operace,
        SYSDATE,
        v_id_rekord,
        v_nova,
        v_stara,
        'Log změny zprávy (šifrovaný obsah)',
        v_archiv_id
    );
END;

/
ALTER TRIGGER "TRG_ZPRAVA_LOG" ENABLE;
--------------------------------------------------------
--  DDL for Trigger TRG_ADRESA_ID
--------------------------------------------------------

  CREATE OR REPLACE EDITIONABLE TRIGGER "TRG_ADRESA_ID" 
BEFORE INSERT ON ADRESA 
FOR EACH ROW 
 WHEN (NEW.ID_Adresa IS NULL) BEGIN 
    :NEW.ID_Adresa := SEQ_ADRESA_ID.NEXTVAL; 
END;

/
ALTER TRIGGER "TRG_ADRESA_ID" ENABLE;
--------------------------------------------------------
--  DDL for Trigger TRG_ADRESA_LOG
--------------------------------------------------------

  CREATE OR REPLACE EDITIONABLE TRIGGER "TRG_ADRESA_LOG" 
AFTER INSERT OR UPDATE OR DELETE ON ADRESA
FOR EACH ROW
DECLARE
    v_operace       CHAR(1);
    v_nova          VARCHAR2(4000);
    v_stara         VARCHAR2(4000);
    v_id_rekord     VARCHAR2(4000);
    v_archiv_id     NUMBER;
BEGIN
    --------------------------------------------------------------------
    -- 1) Typ prováděné operace
    --------------------------------------------------------------------
    IF INSERTING THEN
        v_operace := 'I';
    ELSIF UPDATING THEN
        v_operace := 'U';
    ELSE
        v_operace := 'D';
    END IF;

    --------------------------------------------------------------------
    -- 2) Archivní složka Global Log
    --------------------------------------------------------------------
    SELECT ID_Archiv
    INTO v_archiv_id
    FROM ARCHIV
    WHERE NAZEV = 'Global Log';

    --------------------------------------------------------------------
    -- 3) Nová data (bez ID)
    --------------------------------------------------------------------
    IF INSERTING OR UPDATING THEN
        v_nova :=
              'ulice='              || :NEW.ULICE
           || '; cisloPopisne='     || :NEW.CISLOPOPISNE
           || '; cisloOrientacni='  || :NEW.CISLOORIENTACNI
           || '; psc='              || :NEW.MESTO_PSC;
    END IF;

    --------------------------------------------------------------------
    -- 4) Stará data (bez ID)
    --------------------------------------------------------------------
    IF UPDATING OR DELETING THEN
        v_stara :=
              'ulice='              || :OLD.ULICE
           || '; cisloPopisne='     || :OLD.CISLOPOPISNE
           || '; cisloOrientacni='  || :OLD.CISLOORIENTACNI
           || '; psc='              || :OLD.MESTO_PSC;
    END IF;

    --------------------------------------------------------------------
    -- 5) idRekord – jednoznačný text adresy (ulice + číslo)
    --------------------------------------------------------------------
    IF INSERTING OR UPDATING THEN
        v_id_rekord :=
              :NEW.ULICE || ' '
           || :NEW.CISLOPOPISNE || '/' || :NEW.CISLOORIENTACNI;
    ELSE
        v_id_rekord :=
              :OLD.ULICE || ' '
           || :OLD.CISLOPOPISNE || '/' || :OLD.CISLOORIENTACNI;
    END IF;

    --------------------------------------------------------------------
    -- 6) Zápis do LOG
    --------------------------------------------------------------------
    INSERT INTO LOG (
        ID_Log, tabulkaNazev, operace, datumZmeny,
        idRekord, novaData, staraData, popis, ID_Archiv
    ) VALUES (
        SEQ_LOG_ID.NEXTVAL,
        'ADRESA',
        v_operace,
        SYSDATE,
        v_id_rekord,
        v_nova,
        v_stara,
        'Log změny adresy',
        v_archiv_id
    );
END;

/
ALTER TRIGGER "TRG_ADRESA_LOG" ENABLE;
--------------------------------------------------------
--  DDL for Trigger TRG_ROLE_ID
--------------------------------------------------------

  CREATE OR REPLACE EDITIONABLE TRIGGER "TRG_ROLE_ID" 
BEFORE INSERT ON APP_ROLE 
FOR EACH ROW 
 WHEN (NEW.ID_Role IS NULL) BEGIN 
    :NEW.ID_Role := SEQ_ROLE_ID.NEXTVAL; 
END;

/
ALTER TRIGGER "TRG_ROLE_ID" ENABLE;
--------------------------------------------------------
--  DDL for Trigger TRG_APP_ROLE_LOG
--------------------------------------------------------

  CREATE OR REPLACE EDITIONABLE TRIGGER "TRG_APP_ROLE_LOG" 
AFTER INSERT OR UPDATE OR DELETE ON APP_ROLE
FOR EACH ROW
DECLARE
    v_operace     CHAR(1);
    v_nova        VARCHAR2(4000);
    v_stara       VARCHAR2(4000);
    v_id_rekord   VARCHAR2(200);
    v_archiv_id   NUMBER;
BEGIN
    --------------------------------------------------------------------
    -- 1) Typ operace
    --------------------------------------------------------------------
    IF INSERTING THEN
        v_operace := 'I';
    ELSIF UPDATING THEN
        v_operace := 'U';
    ELSE
        v_operace := 'D';
    END IF;

    --------------------------------------------------------------------
    -- 2) Archivní složka GlobalLog
    --------------------------------------------------------------------
    SELECT ID_Archiv
    INTO v_archiv_id
    FROM ARCHIV
    WHERE Nazev = 'Global Log';

    --------------------------------------------------------------------
    -- 3) Nová data (pouze čitelné hodnoty)
    --------------------------------------------------------------------
    IF INSERTING OR UPDATING THEN
        v_nova := 'nazev=' || :NEW.NAZEV;
    END IF;

    --------------------------------------------------------------------
    -- 4) Stará data
    --------------------------------------------------------------------
    IF UPDATING OR DELETING THEN
        v_stara := 'nazev=' || :OLD.NAZEV;
    END IF;

    --------------------------------------------------------------------
    -- 5) idRekord = název role
    --------------------------------------------------------------------
    IF INSERTING OR UPDATING THEN
        v_id_rekord := :NEW.NAZEV;
    ELSE
        v_id_rekord := :OLD.NAZEV;
    END IF;

    --------------------------------------------------------------------
    -- 6) Zápis do LOG
    --------------------------------------------------------------------
    INSERT INTO LOG (
        ID_Log, tabulkaNazev, operace, datumZmeny,
        idRekord, novaData, staraData, popis, ID_Archiv
    ) VALUES (
        SEQ_LOG_ID.NEXTVAL,
        'APP_ROLE',
        v_operace,
        SYSDATE,
        v_id_rekord,
        v_nova,
        v_stara,
        'Log změny role',
        v_archiv_id
    );
END;

/
ALTER TRIGGER "TRG_APP_ROLE_LOG" ENABLE;
--------------------------------------------------------
--  DDL for Trigger TRG_APP_ROLE_PRAVO_LOG
--------------------------------------------------------

  CREATE OR REPLACE EDITIONABLE TRIGGER "TRG_APP_ROLE_PRAVO_LOG" 
AFTER INSERT OR UPDATE OR DELETE ON APP_ROLE_PRAVO
FOR EACH ROW
DECLARE
    v_operace     CHAR(1);
    v_nova        VARCHAR2(4000);
    v_stara       VARCHAR2(4000);
    v_id_rekord   VARCHAR2(4000);

    v_archiv_id   NUMBER;
    v_role_nazev  VARCHAR2(200);
    v_pravo_kod   VARCHAR2(200);
BEGIN
    --------------------------------------------------------------------
    -- 1) Typ operace
    --------------------------------------------------------------------
    IF INSERTING THEN
        v_operace := 'I';
    ELSIF UPDATING THEN
        v_operace := 'U';
    ELSE
        v_operace := 'D';
    END IF;

    --------------------------------------------------------------------
    -- 2) Archivní složka GlobalLog
    --------------------------------------------------------------------
    SELECT ID_Archiv
    INTO v_archiv_id
    FROM ARCHIV
    WHERE Nazev = 'Global Log';

    --------------------------------------------------------------------
    -- 3) Načtení názvu role (bez ID)
    --------------------------------------------------------------------
    SELECT NAZEV
    INTO v_role_nazev
    FROM APP_ROLE
    WHERE ID_ROLE = NVL(:NEW.ID_ROLE, :OLD.ID_ROLE);

    --------------------------------------------------------------------
    -- 4) Načtení kódu práva (bez ID)
    --------------------------------------------------------------------
    SELECT KOD
    INTO v_pravo_kod
    FROM PRAVO
    WHERE ID_PRAVO = NVL(:NEW.ID_PRAVO, :OLD.ID_PRAVO);

    --------------------------------------------------------------------
    -- 5) Nová data (role + právo)
    --------------------------------------------------------------------
    IF INSERTING OR UPDATING THEN
        v_nova :=
              'role='  || v_role_nazev
           || '; pravo=' || v_pravo_kod;
    END IF;

    --------------------------------------------------------------------
    -- 6) Stará data (role + právo)
    --------------------------------------------------------------------
    IF UPDATING OR DELETING THEN
        v_stara :=
              'role='  || v_role_nazev
           || '; pravo=' || v_pravo_kod;
    END IF;

    --------------------------------------------------------------------
    -- 7) idRekord = kombinace role + pravo (bez ID)
    --------------------------------------------------------------------
    v_id_rekord :=
          'role='  || v_role_nazev
       || '; pravo=' || v_pravo_kod;

    --------------------------------------------------------------------
    -- 8) Zápis logu
    --------------------------------------------------------------------
    INSERT INTO LOG (
        ID_Log, tabulkaNazev, operace, datumZmeny,
        idRekord, novaData, staraData, popis, ID_Archiv
    ) VALUES (
        SEQ_LOG_ID.NEXTVAL,
        'APP_ROLE_PRAVO',
        v_operace,
        SYSDATE,
        v_id_rekord,
        v_nova,
        v_stara,
        'Log změny přiřazení práva k roli',
        v_archiv_id
    );
END;

/
ALTER TRIGGER "TRG_APP_ROLE_PRAVO_LOG" ENABLE;
--------------------------------------------------------
--  DDL for Trigger TRG_ARCHIV_ID
--------------------------------------------------------

  CREATE OR REPLACE EDITIONABLE TRIGGER "TRG_ARCHIV_ID" 
BEFORE INSERT ON ARCHIV 
FOR EACH ROW 
 WHEN (NEW.ID_Archiv IS NULL) BEGIN 
    :NEW.ID_Archiv := SEQ_ARCHIV_ID.NEXTVAL; 
END;

/
ALTER TRIGGER "TRG_ARCHIV_ID" ENABLE;
--------------------------------------------------------
--  DDL for Trigger ARC_FKARC_3_DODAVATEL
--------------------------------------------------------

  CREATE OR REPLACE EDITIONABLE TRIGGER "ARC_FKARC_3_DODAVATEL" 
BEFORE INSERT OR UPDATE OF ID_uzivatelu 
ON DODAVATEL 
FOR EACH ROW 
DECLARE 
    d INTEGER; 
BEGIN 
    SELECT A.ID_Role INTO d 
    FROM UZIVATEL A 
    WHERE A.ID_Uzivatel = :new.ID_uzivatelu; 
    IF (d IS NULL OR d <> 2) THEN 
        raise_application_error(-20223,'FK DODAVATEL_UZIVATEL_FK in Table DODAVATEL violates Arc constraint on Table UZIVATEL - discriminator column ID_Role doesn''t have value 2'); 
    END IF; 
    EXCEPTION 
    WHEN NO_DATA_FOUND THEN 
        NULL; 
    WHEN OTHERS THEN 
        RAISE; 
END; 

/
ALTER TRIGGER "ARC_FKARC_3_DODAVATEL" ENABLE;
--------------------------------------------------------
--  DDL for Trigger TRG_DODAVATEL_LOG
--------------------------------------------------------

  CREATE OR REPLACE EDITIONABLE TRIGGER "TRG_DODAVATEL_LOG" 
AFTER INSERT OR UPDATE OR DELETE ON DODAVATEL
FOR EACH ROW
DECLARE
    v_root_id        NUMBER;
    v_archiv_uz      NUMBER;

    v_operace        CHAR(1);
    v_nova           VARCHAR2(4000);
    v_stara          VARCHAR2(4000);

    v_id_rekord      VARCHAR2(4000);   -- půjde do LOG.idRekord (firma)
    v_uzivatel_jmeno VARCHAR2(200);
    v_id_uzivatel    NUMBER;
BEGIN
    --------------------------------------------------------------------
    -- 1) Operace
    --------------------------------------------------------------------
    IF INSERTING THEN
        v_operace := 'I';
    ELSIF UPDATING THEN
        v_operace := 'U';
    ELSE
        v_operace := 'D';
    END IF;

    --------------------------------------------------------------------
    -- 2) Zjistíme ID_Uzivatel ze DODAVATEL
    --------------------------------------------------------------------
    IF INSERTING OR UPDATING THEN
        v_id_uzivatel := :NEW.ID_Uzivatelu;
    ELSE
        v_id_uzivatel := :OLD.ID_Uzivatelu;
    END IF;

    --------------------------------------------------------------------
    -- 3) Načteme jméno uživatele z UZIVATEL
    --------------------------------------------------------------------
    SELECT jmeno || ' ' || prijmeni
    INTO v_uzivatel_jmeno
    FROM UZIVATEL
    WHERE ID_Uzivatel = v_id_uzivatel;

    --------------------------------------------------------------------
    -- 4) ROOT archiv
    --------------------------------------------------------------------
    SELECT ID_Archiv
    INTO v_root_id
    FROM ARCHIV
    WHERE Parent_id IS NULL;

    --------------------------------------------------------------------
    -- 5) podsložka 'Uzivatele'
    --------------------------------------------------------------------
    SELECT ID_Archiv
    INTO v_archiv_uz
    FROM ARCHIV
    WHERE Parent_id = v_root_id
      AND Nazev = 'Uzivatele';

    --------------------------------------------------------------------
    -- 6) Nová data (čitelné, bez ID)
    --------------------------------------------------------------------
    IF INSERTING OR UPDATING THEN
        v_nova :=
              'dodavatel=' || :NEW.firma
           || '; uzivatel=' || v_uzivatel_jmeno;
    END IF;

    --------------------------------------------------------------------
    -- 7) Stará data (čitelné, bez ID)
    --------------------------------------------------------------------
    IF UPDATING OR DELETING THEN
        v_stara :=
              'dodavatel=' || :OLD.firma
           || '; uzivatel=' || v_uzivatel_jmeno;
    END IF;

    --------------------------------------------------------------------
    -- 8) idRekord = název firmy (žádné ID)
    --------------------------------------------------------------------
    IF INSERTING OR UPDATING THEN
        v_id_rekord := :NEW.firma;
    ELSE
        v_id_rekord := :OLD.firma;
    END IF;

    --------------------------------------------------------------------
    -- 9) zápis logu
    --------------------------------------------------------------------
    INSERT INTO LOG (
        ID_Log, tabulkaNazev, operace, datumZmeny,
        idRekord, novaData, staraData, popis, ID_Archiv
    ) VALUES (
        SEQ_LOG_ID.NEXTVAL,
        'DODAVATEL',
        v_operace,
        SYSDATE,
        v_id_rekord,              -- firma místo ID
        v_nova,
        v_stara,
        'Log změny dodavatele',
        v_archiv_uz
    );
END;

/
ALTER TRIGGER "TRG_DODAVATEL_LOG" ENABLE;
--------------------------------------------------------
--  DDL for Trigger TRG_KATEGORIE_ID
--------------------------------------------------------

  CREATE OR REPLACE EDITIONABLE TRIGGER "TRG_KATEGORIE_ID" 
BEFORE INSERT ON Kategorie_zbozi 
FOR EACH ROW 
 WHEN (NEW.ID_Kategorie IS NULL) BEGIN 
    :NEW.ID_Kategorie := SEQ_KATEGORIE_ID.NEXTVAL; 
END;

/
ALTER TRIGGER "TRG_KATEGORIE_ID" ENABLE;
--------------------------------------------------------
--  DDL for Trigger TRG_KATEGORIE_ZBOZI_LOG
--------------------------------------------------------

  CREATE OR REPLACE EDITIONABLE TRIGGER "TRG_KATEGORIE_ZBOZI_LOG" 
AFTER INSERT OR UPDATE OR DELETE ON KATEGORIE_ZBOZI
FOR EACH ROW
DECLARE
    v_operace    CHAR(1);
    v_nova       VARCHAR2(4000);
    v_stara      VARCHAR2(4000);
    v_id_rekord  VARCHAR2(200);
    v_archiv_id  NUMBER;
BEGIN
    --------------------------------------------------------------------
    -- 1) Typ operace
    --------------------------------------------------------------------
    IF INSERTING THEN
        v_operace := 'I';
    ELSIF UPDATING THEN
        v_operace := 'U';
    ELSE
        v_operace := 'D';
    END IF;

    --------------------------------------------------------------------
    -- 2) Archivní složka Global Log
    --------------------------------------------------------------------
    SELECT ID_Archiv INTO v_archiv_id
    FROM ARCHIV WHERE NAZEV = 'Global Log';

    --------------------------------------------------------------------
    -- 3) Nová data
    --------------------------------------------------------------------
    IF INSERTING OR UPDATING THEN
        v_nova :=
              'nazev=' || :NEW.NAZEV
           || '; popis=' || :NEW.POPIS;
    END IF;

    --------------------------------------------------------------------
    -- 4) Stará data
    --------------------------------------------------------------------
    IF UPDATING OR DELETING THEN
        v_stara :=
              'nazev=' || :OLD.NAZEV
           || '; popis=' || :OLD.POPIS;
    END IF;

    --------------------------------------------------------------------
    -- 5) idRekord = název kategorie
    --------------------------------------------------------------------
    IF INSERTING OR UPDATING THEN
        v_id_rekord := :NEW.NAZEV;
    ELSE
        v_id_rekord := :OLD.NAZEV;
    END IF;

    --------------------------------------------------------------------
    -- 6) Zápis do LOG
    --------------------------------------------------------------------
    INSERT INTO LOG (
        ID_Log, tabulkaNazev, operace, datumZmeny,
        idRekord, novaData, staraData, popis, ID_Archiv
    ) VALUES (
        SEQ_LOG_ID.NEXTVAL,
        'KATEGORIE_ZBOZI',
        v_operace,
        SYSDATE,
        v_id_rekord,
        v_nova,
        v_stara,
        'Log změn kategorií zboží',
        v_archiv_id
    );
END;

/
ALTER TRIGGER "TRG_KATEGORIE_ZBOZI_LOG" ENABLE;
--------------------------------------------------------
--  DDL for Trigger TRG_LOG_ID
--------------------------------------------------------

  CREATE OR REPLACE EDITIONABLE TRIGGER "TRG_LOG_ID" 
BEFORE INSERT ON LOG 
FOR EACH ROW 
 WHEN (NEW.ID_Log IS NULL) BEGIN 
    :NEW.ID_Log := SEQ_LOG_ID.NEXTVAL; 
END;

/
ALTER TRIGGER "TRG_LOG_ID" ENABLE;
--------------------------------------------------------
--  DDL for Trigger TRG_OBEC_LOG
--------------------------------------------------------

  CREATE OR REPLACE EDITIONABLE TRIGGER "TRG_OBEC_LOG" 
AFTER INSERT OR UPDATE OR DELETE ON MESTO
FOR EACH ROW
DECLARE
    v_operace    CHAR(1);
    v_nova       VARCHAR2(4000);
    v_stara      VARCHAR2(4000);
    v_id_rekord  VARCHAR2(20);
    v_archiv_id  NUMBER;
BEGIN
    --------------------------------------------------------------------
    -- 1) Typ operace
    --------------------------------------------------------------------
    IF INSERTING THEN
        v_operace := 'I';
    ELSIF UPDATING THEN
        v_operace := 'U';
    ELSE
        v_operace := 'D';
    END IF;

    --------------------------------------------------------------------
    -- 2) Archivní složka Global Log
    --------------------------------------------------------------------
    SELECT ID_Archiv INTO v_archiv_id
    FROM ARCHIV WHERE NAZEV = 'Global Log';

    --------------------------------------------------------------------
    -- 3) Nová data
    --------------------------------------------------------------------
    IF INSERTING OR UPDATING THEN
        v_nova :=
              'psc='   || :NEW.PSC
           || '; nazev=' || :NEW.NAZEV
           || '; kraj='  || :NEW.KRAJ;
    END IF;

    --------------------------------------------------------------------
    -- 4) Stará data
    --------------------------------------------------------------------
    IF UPDATING OR DELETING THEN
        v_stara :=
              'psc='   || :OLD.PSC
           || '; nazev=' || :OLD.NAZEV
           || '; kraj='  || :OLD.KRAJ;
    END IF;

    --------------------------------------------------------------------
    -- 5) idRekord = PSC
    --------------------------------------------------------------------
    IF INSERTING OR UPDATING THEN
        v_id_rekord := :NEW.PSC;
    ELSE
        v_id_rekord := :OLD.PSC;
    END IF;

    --------------------------------------------------------------------
    -- 6) Zápis do LOG
    --------------------------------------------------------------------
    INSERT INTO LOG (
        ID_Log, tabulkaNazev, operace, datumZmeny,
        idRekord, novaData, staraData, popis, ID_Archiv
    ) VALUES (
        SEQ_LOG_ID.NEXTVAL,
        'OBEC',
        v_operace,
        SYSDATE,
        v_id_rekord,
        v_nova,
        v_stara,
        'Log změn obcí (PSČ)',
        v_archiv_id
    );
END;

/
ALTER TRIGGER "TRG_OBEC_LOG" ENABLE;
--------------------------------------------------------
--  DDL for Trigger TRG_NOTIFIKACE_ID
--------------------------------------------------------

  CREATE OR REPLACE EDITIONABLE TRIGGER "TRG_NOTIFIKACE_ID" 
BEFORE INSERT ON Notifikace 
FOR EACH ROW 
 WHEN (NEW.ID_Notifikace IS NULL) BEGIN 
    :NEW.ID_Notifikace := SEQ_NOTIFIKACE_ID.NEXTVAL; 
END;

/
ALTER TRIGGER "TRG_NOTIFIKACE_ID" ENABLE;
--------------------------------------------------------
--  DDL for Trigger TRG_NOTIFIKACE_LOG
--------------------------------------------------------

  CREATE OR REPLACE EDITIONABLE TRIGGER "TRG_NOTIFIKACE_LOG" 
AFTER INSERT OR UPDATE OR DELETE ON NOTIFIKACE
FOR EACH ROW
DECLARE
    v_operace    CHAR(1);
    v_nova       VARCHAR2(4000);
    v_stara      VARCHAR2(4000);
    v_id_rekord  VARCHAR2(4000);
    v_archiv_id  NUMBER;
BEGIN
    --------------------------------------------------------------------
    -- 1) Typ operace
    --------------------------------------------------------------------
    IF INSERTING THEN
        v_operace := 'I';
    ELSIF UPDATING THEN
        v_operace := 'U';
    ELSE
        v_operace := 'D';
    END IF;

    --------------------------------------------------------------------
    -- 2) Archivní složka Global Log
    --------------------------------------------------------------------
    SELECT ID_Archiv INTO v_archiv_id
    FROM ARCHIV WHERE NAZEV = 'Global Log';

    --------------------------------------------------------------------
    -- 3) Nová data (bez ID)
    --------------------------------------------------------------------
    IF INSERTING OR UPDATING THEN
        v_nova :=
              'authtoken=' || :NEW.AUTHTOKEN
           || '; endpoint=' || :NEW.ENDPOINT
           || '; p256dh='   || :NEW.P256DH
           || '; adresat='  || :NEW.ADRESAT;
    END IF;

    --------------------------------------------------------------------
    -- 4) Stará data (bez ID)
    --------------------------------------------------------------------
    IF UPDATING OR DELETING THEN
        v_stara :=
              'authtoken=' || :OLD.AUTHTOKEN
           || '; endpoint=' || :OLD.ENDPOINT
           || '; p256dh='   || :OLD.P256DH
           || '; adresat='  || :OLD.ADRESAT;
    END IF;

    --------------------------------------------------------------------
    -- 5) idRekord – použijeme adresáta (jedinečný údaj)
    --------------------------------------------------------------------
    IF INSERTING OR UPDATING THEN
        v_id_rekord := :NEW.ADRESAT;
    ELSE
        v_id_rekord := :OLD.ADRESAT;
    END IF;

    --------------------------------------------------------------------
    -- 6) Zápis do LOG
    --------------------------------------------------------------------
    INSERT INTO LOG (
        ID_Log, tabulkaNazev, operace, datumZmeny,
        idRekord, novaData, staraData, popis, ID_Archiv
    ) VALUES (
        SEQ_LOG_ID.NEXTVAL,
        'NOTIFIKACE',
        v_operace,
        SYSDATE,
        v_id_rekord,
        v_nova,
        v_stara,
        'Log změn notifikací',
        v_archiv_id
    );
END;

/
ALTER TRIGGER "TRG_NOTIFIKACE_LOG" ENABLE;
--------------------------------------------------------
--  DDL for Trigger TRG_OBJEDNAVKA_ID
--------------------------------------------------------

  CREATE OR REPLACE EDITIONABLE TRIGGER "TRG_OBJEDNAVKA_ID" 
BEFORE INSERT ON OBJEDNAVKA 
FOR EACH ROW 
 WHEN (NEW.ID_Objednavka IS NULL) BEGIN 
    :NEW.ID_Objednavka := SEQ_OBJEDNAVKA_ID.NEXTVAL; 
END;

/
ALTER TRIGGER "TRG_OBJEDNAVKA_ID" ENABLE;
--------------------------------------------------------
--  DDL for Trigger OBJEDNAVKA_ROLE_CHECK
--------------------------------------------------------

  CREATE OR REPLACE EDITIONABLE TRIGGER "OBJEDNAVKA_ROLE_CHECK" 
BEFORE INSERT OR UPDATE ON OBJEDNAVKA
FOR EACH ROW
DECLARE
    v_count NUMBER;
BEGIN
    --------------------------------------------------------------------
    -- KONTROLA: TYP_OBJEDNAVKA = 'ZAKAZNIK'
    -- Uživatel musí existovat v tabulce ZAKAZNIK
    --------------------------------------------------------------------
    IF :NEW.TYP_OBJEDNAVKA = 'ZAKAZNIK' THEN
        SELECT COUNT(*) INTO v_count
        FROM ZAKAZNIK
        WHERE ID_UZIVATELU = :NEW.ID_UZIVATEL;

        IF v_count = 0 THEN
            RAISE_APPLICATION_ERROR(
                -20001,
                'Chyba: Pro TYP_OBJEDNAVKA = ZAKAZNIK musi ID_UZIVATEL existovat v tabulce ZAKAZNIK.'
            );
        END IF;
    END IF;

    --------------------------------------------------------------------
    -- KONTROLA: TYP_OBJEDNAVKA = 'DODAVATEL'
    -- Uživatel musí existovat v tabulce DODAVATEL
    --------------------------------------------------------------------
    IF :NEW.TYP_OBJEDNAVKA = 'DODAVATEL' THEN
        SELECT COUNT(*) INTO v_count
        FROM DODAVATEL
        WHERE ID_UZIVATELU = :NEW.ID_UZIVATEL;

        IF v_count = 0 THEN
            RAISE_APPLICATION_ERROR(
                -20002,
                'Chyba: Pro TYP_OBJEDNAVKA = DODAVATEL musi ID_UZIVATEL existovat v tabulce DODAVATEL.'
            );
        END IF;
    END IF;

END;

/
ALTER TRIGGER "OBJEDNAVKA_ROLE_CHECK" ENABLE;
--------------------------------------------------------
--  DDL for Trigger TRG_OBJEDNAVKA_LOG
--------------------------------------------------------

  CREATE OR REPLACE EDITIONABLE TRIGGER "TRG_OBJEDNAVKA_LOG" 
AFTER INSERT OR UPDATE OR DELETE ON OBJEDNAVKA
FOR EACH ROW
DECLARE
    v_supermarket_id   NUMBER;
    v_root_id          NUMBER;
    v_archiv_super     NUMBER;
    v_archiv_log       NUMBER;
    v_archiv_obj       NUMBER;

    v_operace          CHAR(1);
    v_nova             VARCHAR2(4000);
    v_stara            VARCHAR2(4000);

    v_id_rekord        VARCHAR2(4000);   -- půjde do LOG.idRekord (VARCHAR2)
    v_super_nazev      VARCHAR2(200);
    v_status_nazev     VARCHAR2(200);
    v_uzivatel_jmeno   VARCHAR2(200);
BEGIN
    --------------------------------------------------------------------
    -- 1) Typ operace
    --------------------------------------------------------------------
    IF INSERTING THEN
        v_operace := 'I';
    ELSIF UPDATING THEN
        v_operace := 'U';
    ELSE
        v_operace := 'D';
    END IF;

    --------------------------------------------------------------------
    -- 2) Získání ID supermarketu (z NEW/OLD)
    --------------------------------------------------------------------
    IF INSERTING OR UPDATING THEN
        v_supermarket_id := :NEW.ID_Supermarket;
    ELSE
        v_supermarket_id := :OLD.ID_Supermarket;
    END IF;

    --------------------------------------------------------------------
    -- 3) Název supermarketu
    --------------------------------------------------------------------
    SELECT Nazev
    INTO v_super_nazev
    FROM SUPERMARKET
    WHERE ID_Supermarket = v_supermarket_id;

    --------------------------------------------------------------------
    -- 4) Název statusu a uživatele (ČITELNÉ, ne ID)
    --------------------------------------------------------------------
    IF INSERTING OR UPDATING THEN
        -- status objednávky
        SELECT Nazev
        INTO v_status_nazev
        FROM STATUS   -- TODO: tvoje tabulka pro status
        WHERE ID_Status = :NEW.ID_Status;

        -- uživatel (např. jméno + příjmení nebo login)
        SELECT jmeno || ' ' || prijmeni
        INTO v_uzivatel_jmeno
        FROM UZIVATEL           -- TODO: tvoje tabulka uživatelů
        WHERE ID_Uzivatel = :NEW.ID_Uzivatel;
    ELSE
        SELECT Nazev
        INTO v_status_nazev
        FROM STATUS
        WHERE ID_Status = :OLD.ID_Status;

        SELECT jmeno || ' ' || prijmeni
        INTO v_uzivatel_jmeno
        FROM UZIVATEL
        WHERE ID_Uzivatel = :OLD.ID_Uzivatel;
    END IF;

    --------------------------------------------------------------------
    -- 5) Najdeme ROOT archiv (hlavní kořen)
    --------------------------------------------------------------------
    SELECT ID_Archiv
    INTO v_root_id
    FROM ARCHIV
    WHERE Parent_id IS NULL;

    --------------------------------------------------------------------
    -- 6) Archiv supermarketu podle názvu
    --------------------------------------------------------------------
    SELECT a.ID_Archiv
    INTO v_archiv_super
    FROM ARCHIV a
    JOIN SUPERMARKET s ON s.NAZEV = a.NAZEV
    WHERE s.ID_Supermarket = v_supermarket_id
      AND a.Parent_id = v_root_id;

    --------------------------------------------------------------------
    -- 7) Složka "Log"
    --------------------------------------------------------------------
    SELECT ID_Archiv
    INTO v_archiv_log
    FROM ARCHIV
    WHERE Parent_id = v_archiv_super
      AND Nazev = 'Log';

    --------------------------------------------------------------------
    -- 8) Podsložka "Objednavky"
    --------------------------------------------------------------------
    SELECT ID_Archiv
    INTO v_archiv_obj
    FROM ARCHIV
    WHERE Parent_id = v_archiv_log
      AND Nazev = 'Objednavky';

    --------------------------------------------------------------------
    -- 9) NOVÁ data – jen čitelné hodnoty, žádná ID
    --------------------------------------------------------------------
    IF INSERTING OR UPDATING THEN
        v_nova :=
              'datum='       || TO_CHAR(:NEW.datum, 'YYYY-MM-DD HH24:MI:SS')
            || '; status='   || v_status_nazev
            || '; typ='      || :NEW.typ_objednavka
            || '; uzivatel=' || v_uzivatel_jmeno
            || '; supermarket=' || v_super_nazev;
    END IF;

    --------------------------------------------------------------------
    -- 10) STARÁ data – taky bez ID
    --------------------------------------------------------------------
    IF UPDATING OR DELETING THEN
        v_stara :=
              'datum='       || TO_CHAR(:OLD.datum, 'YYYY-MM-DD HH24:MI:SS')
            || '; status='   || v_status_nazev
            || '; typ='      || :OLD.typ_objednavka
            || '; uzivatel=' || v_uzivatel_jmeno
            || '; supermarket=' || v_super_nazev;
    END IF;

    --------------------------------------------------------------------
    -- 11) idRekord – jméno uživatele (žádné ID)
    --------------------------------------------------------------------
    v_id_rekord := v_uzivatel_jmeno;

    --------------------------------------------------------------------
    -- 12) Zápis do LOG tabulky
    --------------------------------------------------------------------
    INSERT INTO LOG (
        ID_Log,
        tabulkaNazev,
        operace,
        datumZmeny,
        idRekord,
        novaData,
        staraData,
        popis,
        ID_Archiv
    ) VALUES (
        SEQ_LOG_ID.NEXTVAL,
        'OBJEDNAVKA',
        v_operace,
        SYSDATE,
        v_id_rekord,             -- jméno uživatele místo ID
        v_nova,
        v_stara,
        'Log změny objednávky',
        v_archiv_obj
    );
END;

/
ALTER TRIGGER "TRG_OBJEDNAVKA_LOG" ENABLE;
--------------------------------------------------------
--  DDL for Trigger TRG_PLATBA_ID
--------------------------------------------------------

  CREATE OR REPLACE EDITIONABLE TRIGGER "TRG_PLATBA_ID" 
BEFORE INSERT ON PLATBA 
FOR EACH ROW 
 WHEN (NEW.ID_platba IS NULL) BEGIN 
    :NEW.ID_platba := SEQ_PLATBA_ID.NEXTVAL; 
END;

/
ALTER TRIGGER "TRG_PLATBA_ID" ENABLE;
--------------------------------------------------------
--  DDL for Trigger TRG_PLATBA_ARC_CREATE
--------------------------------------------------------

  CREATE OR REPLACE EDITIONABLE TRIGGER "TRG_PLATBA_ARC_CREATE" 
AFTER INSERT ON PLATBA
FOR EACH ROW
BEGIN
    --------------------------------------------------------------------
    -- Automatické vytvoření záznamu v tabulce HOTOVOST nebo KARTA
    --------------------------------------------------------------------
    IF :NEW.platbaTyp = 'H' THEN
        INSERT INTO HOTOVOST(ID_platba, prijato, vraceno)
        VALUES(:NEW.ID_platba, 0, 0);  -- prijato a vraceno zatím doplní jiný trigger
    ELSIF :NEW.platbaTyp = 'K' THEN
        INSERT INTO KARTA(ID_platba, cisloKarty)
        VALUES(:NEW.ID_platba, '0000-0000-0000-0000'); -- placeholder
    END IF;
END;

/
ALTER TRIGGER "TRG_PLATBA_ARC_CREATE" ENABLE;
--------------------------------------------------------
--  DDL for Trigger ARC_PLATBA_KARTA_CHECK
--------------------------------------------------------

  CREATE OR REPLACE EDITIONABLE TRIGGER "ARC_PLATBA_KARTA_CHECK" 
AFTER INSERT OR UPDATE ON PLATBA
DECLARE
    CURSOR c IS
        SELECT ID_platba, platbaTyp
        FROM PLATBA
        WHERE platbaTyp = 'K';
    v_count NUMBER;
BEGIN
    -- ARC pravidlo: pokud platbaTyp = 'K', musí existovat přesně jeden řádek v KARTA
    FOR r IN c LOOP
        SELECT COUNT(*)
        INTO v_count
        FROM KARTA
        WHERE ID_platba = r.ID_platba;

        IF v_count = 0 THEN
            RAISE_APPLICATION_ERROR(
                -20223,
                'Chybí záznam v KARTA pro PLATBA=' || r.ID_platba
            );
        END IF;
    END LOOP;
END;

/
ALTER TRIGGER "ARC_PLATBA_KARTA_CHECK" ENABLE;
--------------------------------------------------------
--  DDL for Trigger ARC_PLATBA_HOTOVOST_CHECK
--------------------------------------------------------

  CREATE OR REPLACE EDITIONABLE TRIGGER "ARC_PLATBA_HOTOVOST_CHECK" 
AFTER INSERT OR UPDATE ON PLATBA
DECLARE
    CURSOR c IS
        SELECT ID_platba, platbaTyp
        FROM PLATBA
        WHERE platbaTyp = 'H';
    v_count NUMBER;
BEGIN
    -- Pro každou platbu typu HOTOVOST zkontrolujeme, zda existuje odpovídající záznam
    FOR r IN c LOOP
        SELECT COUNT(*)
        INTO v_count
        FROM HOTOVOST
        WHERE ID_platba = r.ID_platba;

        IF v_count = 0 THEN
            RAISE_APPLICATION_ERROR(
                -20224,
                'Chybí záznam v HOTOVOST pro PLATBA=' || r.ID_platba ||
                ' (ARC pravidlo platbaTyp = H)'
            );
        END IF;
    END LOOP;
END;

/
ALTER TRIGGER "ARC_PLATBA_HOTOVOST_CHECK" ENABLE;
--------------------------------------------------------
--  DDL for Trigger TRG_PLATBA_LOG
--------------------------------------------------------

  CREATE OR REPLACE EDITIONABLE TRIGGER "TRG_PLATBA_LOG" 
AFTER INSERT OR UPDATE OR DELETE ON PLATBA
FOR EACH ROW
DECLARE
    v_supermarket_id   NUMBER;
    v_root_id          NUMBER;
    v_archiv_super     NUMBER;
    v_archiv_log       NUMBER;
    v_archiv_platby    NUMBER;

    v_operace          CHAR(1);
    v_nova             VARCHAR2(4000);
    v_stara            VARCHAR2(4000);

    v_id_rekord        VARCHAR2(4000);   
    v_super_nazev      VARCHAR2(200);
    v_obj_datum        DATE;
    v_obj_typ          VARCHAR2(100);
    v_uzivatel_jmeno   VARCHAR2(200);
BEGIN
    --------------------------------------------------------------------
    -- 1) Určení operace
    --------------------------------------------------------------------
    IF INSERTING THEN
        v_operace := 'I';
    ELSIF UPDATING THEN
        v_operace := 'U';
    ELSE
        v_operace := 'D';
    END IF;

    --------------------------------------------------------------------
    -- 2) Zjištění supermarketu + info o objednávce + uživatel
    --    (vezmeme info z OBJEDNAVKA, ale NEpoužijeme její ID do logu)
    --------------------------------------------------------------------
    IF INSERTING OR UPDATING THEN
        SELECT o.ID_Supermarket,
               o.datum,
               o.typ_objednavka,
               u.jmeno || ' ' || u.prijmeni
        INTO  v_supermarket_id,
              v_obj_datum,
              v_obj_typ,
              v_uzivatel_jmeno
        FROM OBJEDNAVKA o
        JOIN UZIVATEL u ON u.ID_Uzivatel = o.ID_Uzivatel
        WHERE o.ID_Objednavka = :NEW.ID_Objednavka;
    ELSE
        SELECT o.ID_Supermarket,
               o.datum,
               o.typ_objednavka,
               u.jmeno || ' ' || u.prijmeni
        INTO  v_supermarket_id,
              v_obj_datum,
              v_obj_typ,
              v_uzivatel_jmeno
        FROM OBJEDNAVKA o
        JOIN UZIVATEL u ON u.ID_Uzivatel = o.ID_Uzivatel
        WHERE o.ID_Objednavka = :OLD.ID_Objednavka;
    END IF;

    --------------------------------------------------------------------
    -- 3) Název supermarketu
    --------------------------------------------------------------------
    SELECT Nazev
    INTO v_super_nazev
    FROM SUPERMARKET
    WHERE ID_Supermarket = v_supermarket_id;

    --------------------------------------------------------------------
    -- 4) Najdeme ROOT archiv
    --------------------------------------------------------------------
    SELECT ID_Archiv
    INTO v_root_id
    FROM ARCHIV
    WHERE Parent_id IS NULL;

    --------------------------------------------------------------------
    -- 5) Složka supermarketu
    --------------------------------------------------------------------
    SELECT a.ID_Archiv
    INTO v_archiv_super
    FROM ARCHIV a
    JOIN SUPERMARKET s ON s.NAZEV = a.NAZEV
    WHERE s.ID_Supermarket = v_supermarket_id
      AND a.Parent_id = v_root_id;

    --------------------------------------------------------------------
    -- 6) Složka "Log"
    --------------------------------------------------------------------
    SELECT ID_Archiv
    INTO v_archiv_log
    FROM ARCHIV
    WHERE Parent_id = v_archiv_super
      AND Nazev = 'Log';

    --------------------------------------------------------------------
    -- 7) Podsložka "Platby"
    --------------------------------------------------------------------
    SELECT ID_Archiv
    INTO v_archiv_platby
    FROM ARCHIV
    WHERE Parent_id = v_archiv_log
      AND Nazev = 'Platby';

    --------------------------------------------------------------------
    -- 8) NOVÁ data – čitelné, bez ID
    --------------------------------------------------------------------
    IF INSERTING OR UPDATING THEN
        v_nova :=
              'castka='       || TO_CHAR(:NEW.castka)
            || '; datum='     || TO_CHAR(:NEW.datum, 'YYYY-MM-DD HH24:MI:SS')
            || '; objednavka='|| v_obj_typ || ' (' || v_uzivatel_jmeno || ')'
            || '; supermarket=' || v_super_nazev
            || '; typ='       || :NEW.platbaTyp;
    END IF;

    --------------------------------------------------------------------
    -- 9) STARÁ data – taky bez ID
    --------------------------------------------------------------------
    IF UPDATING OR DELETING THEN
        v_stara :=
              'castka='       || TO_CHAR(:OLD.castka)
            || '; datum='     || TO_CHAR(:OLD.datum, 'YYYY-MM-DD HH24:MI:SS')
            || '; objednavka='|| v_obj_typ || ' (' || v_uzivatel_jmeno || ')'
            || '; supermarket=' || v_super_nazev
            || '; typ='       || :OLD.platbaTyp;
    END IF;

    --------------------------------------------------------------------
    -- 10) idRekord – čitelný identifikátor platby (žádné ID)
    --------------------------------------------------------------------
    IF INSERTING OR UPDATING THEN
        v_id_rekord :=
            'PLATBA ' ||
            TO_CHAR(:NEW.datum, 'YYYY-MM-DD HH24:MI') ||
            ' / ' || v_super_nazev;
    ELSE
        v_id_rekord :=
            'PLATBA ' ||
            TO_CHAR(:OLD.datum, 'YYYY-MM-DD HH24:MI') ||
            ' / ' || v_super_nazev;
    END IF;

    --------------------------------------------------------------------
    -- 11) Uložení logu
    --------------------------------------------------------------------
    INSERT INTO LOG (
        ID_Log,
        tabulkaNazev,
        operace,
        datumZmeny,
        idRekord,
        novaData,
        staraData,
        popis,
        ID_Archiv
    ) VALUES (
        SEQ_LOG_ID.NEXTVAL,
        'PLATBA',
        v_operace,
        SYSDATE,
        v_id_rekord,
        v_nova,
        v_stara,
        'Log změny platby',
        v_archiv_platby
    );
END;

/
ALTER TRIGGER "TRG_PLATBA_LOG" ENABLE;
--------------------------------------------------------
--  DDL for Trigger TRG_PRAVO_ID
--------------------------------------------------------

  CREATE OR REPLACE EDITIONABLE TRIGGER "TRG_PRAVO_ID" 
BEFORE INSERT ON PRAVO 
FOR EACH ROW 
 WHEN (NEW.ID_Pravo IS NULL) BEGIN 
    :NEW.ID_Pravo := SEQ_PRAVO_ID.NEXTVAL; 
END;

/
ALTER TRIGGER "TRG_PRAVO_ID" ENABLE;
--------------------------------------------------------
--  DDL for Trigger TRG_APP_PRAVO_LOG
--------------------------------------------------------

  CREATE OR REPLACE EDITIONABLE TRIGGER "TRG_APP_PRAVO_LOG" 
AFTER INSERT OR UPDATE OR DELETE ON PRAVO
FOR EACH ROW
DECLARE
    v_operace     CHAR(1);
    v_nova        VARCHAR2(4000);
    v_stara       VARCHAR2(4000);
    v_id_rekord   VARCHAR2(200);
    v_archiv_id   NUMBER;
BEGIN
    --------------------------------------------------------------------
    -- 1) Určení typu operace
    --------------------------------------------------------------------
    IF INSERTING THEN
        v_operace := 'I';
    ELSIF UPDATING THEN
        v_operace := 'U';
    ELSE
        v_operace := 'D';
    END IF;

    --------------------------------------------------------------------
    -- 2) Archivní složka GlobalLog
    --------------------------------------------------------------------
    SELECT ID_Archiv
    INTO v_archiv_id
    FROM ARCHIV
    WHERE Nazev = 'Global Log';

    --------------------------------------------------------------------
    -- 3) Nová data (jen čitelné hodnoty, žádná ID)
    --------------------------------------------------------------------
    IF INSERTING OR UPDATING THEN
        v_nova :=
              'kod='   || :NEW.KOD
           || '; nazev=' || :NEW.NAZEV
           || '; popis=' || SUBSTR(:NEW.POPIS, 1, 500);
    END IF;

    --------------------------------------------------------------------
    -- 4) Stará data (jen čitelné hodnoty)
    --------------------------------------------------------------------
    IF UPDATING OR DELETING THEN
        v_stara :=
              'kod='   || :OLD.KOD
           || '; nazev=' || :OLD.NAZEV
           || '; popis=' || SUBSTR(:OLD.POPIS, 1, 500);
    END IF;

    --------------------------------------------------------------------
    -- 5) idRekord = KOD práva (bez ID)
    --------------------------------------------------------------------
    IF INSERTING OR UPDATING THEN
        v_id_rekord := :NEW.KOD;
    ELSE
        v_id_rekord := :OLD.KOD;
    END IF;

    --------------------------------------------------------------------
    -- 6) Zápis logu
    --------------------------------------------------------------------
    INSERT INTO LOG (
        ID_Log, tabulkaNazev, operace, datumZmeny,
        idRekord, novaData, staraData, popis, ID_Archiv
    ) VALUES (
        SEQ_LOG_ID.NEXTVAL,
        'PRAVO',
        v_operace,
        SYSDATE,
        v_id_rekord,
        v_nova,
        v_stara,
        'Log změny práva',
        v_archiv_id
    );
END;

/
ALTER TRIGGER "TRG_APP_PRAVO_LOG" ENABLE;
--------------------------------------------------------
--  DDL for Trigger TRG_SKALD_ID
--------------------------------------------------------

  CREATE OR REPLACE EDITIONABLE TRIGGER "TRG_SKALD_ID" 
BEFORE INSERT ON SKLAD 
FOR EACH ROW 
 WHEN (NEW.ID_Sklad IS NULL) BEGIN 
    :NEW.ID_Sklad := SEQ_SKALD_ID.NEXTVAL; 
END;

/
ALTER TRIGGER "TRG_SKALD_ID" ENABLE;
--------------------------------------------------------
--  DDL for Trigger TRG_SKLAD_LOG
--------------------------------------------------------

  CREATE OR REPLACE EDITIONABLE TRIGGER "TRG_SKLAD_LOG" 
AFTER INSERT OR UPDATE OR DELETE ON SKLAD
FOR EACH ROW
DECLARE
    v_supermarket_id  NUMBER;
    v_root_id         NUMBER;
    v_archiv_super    NUMBER;
    v_archiv_log      NUMBER;
    v_archiv_ostatni  NUMBER;

    v_operace         CHAR(1);
    v_nova            VARCHAR2(4000);
    v_stara           VARCHAR2(4000);

    v_id_rekord       VARCHAR2(4000);   
    v_super_nazev     VARCHAR2(200);
BEGIN
    --------------------------------------------------------------------
    -- 1) Určení typu operace
    --------------------------------------------------------------------
    IF INSERTING THEN
        v_operace := 'I';
    ELSIF UPDATING THEN
        v_operace := 'U';
    ELSE
        v_operace := 'D';
    END IF;

    --------------------------------------------------------------------
    -- 2) Zjištění ID supermarketu
    --------------------------------------------------------------------
    IF INSERTING OR UPDATING THEN
        v_supermarket_id := :NEW.ID_Supermarket;
    ELSE
        v_supermarket_id := :OLD.ID_Supermarket;
    END IF;

    --------------------------------------------------------------------
    -- 3) Název supermarketu
    --------------------------------------------------------------------
    SELECT Nazev
    INTO v_super_nazev
    FROM SUPERMARKET
    WHERE ID_Supermarket = v_supermarket_id;

    --------------------------------------------------------------------
    -- 4) Najdeme ROOT archiv
    --------------------------------------------------------------------
    SELECT ID_Archiv
    INTO v_root_id
    FROM ARCHIV
    WHERE Parent_id IS NULL;

    --------------------------------------------------------------------
    -- 5) Najdeme složku supermarketu
    --------------------------------------------------------------------
    SELECT a.ID_Archiv
    INTO v_archiv_super
    FROM ARCHIV a
    JOIN SUPERMARKET s ON s.NAZEV = a.NAZEV
    WHERE s.ID_Supermarket = v_supermarket_id
      AND a.Parent_id = v_root_id;

    --------------------------------------------------------------------
    -- 6) Najdeme složku "Log"
    --------------------------------------------------------------------
    SELECT ID_Archiv
    INTO v_archiv_log
    FROM ARCHIV
    WHERE Parent_id = v_archiv_super
      AND Nazev = 'Log';

    --------------------------------------------------------------------
    -- 7) Najdeme podsložku "Ostatni"
    --------------------------------------------------------------------
    SELECT ID_Archiv
    INTO v_archiv_ostatni
    FROM ARCHIV
    WHERE Parent_id = v_archiv_log
      AND Nazev = 'Ostatni';

    --------------------------------------------------------------------
    -- 8) NOVÁ data – bez ID, jen názvy
    --------------------------------------------------------------------
    IF INSERTING OR UPDATING THEN
        v_nova :=
              'nazev='        || :NEW.nazev
            || '; kapacita='  || :NEW.kapacita
            || '; telefon='   || :NEW.telefonniCislo
            || '; supermarket=' || v_super_nazev;
    END IF;

    --------------------------------------------------------------------
    -- 9) STARÁ data – taky bez ID
    --------------------------------------------------------------------
    IF UPDATING OR DELETING THEN
        v_stara :=
              'nazev='        || :OLD.nazev
            || '; kapacita='  || :OLD.kapacita
            || '; telefon='   || :OLD.telefonniCislo
            || '; supermarket=' || v_super_nazev;
    END IF;

    --------------------------------------------------------------------
    -- 10) idRekord = název skladu (žádné ID)
    --------------------------------------------------------------------
    IF INSERTING OR UPDATING THEN
        v_id_rekord := :NEW.nazev;
    ELSE
        v_id_rekord := :OLD.nazev;
    END IF;

    --------------------------------------------------------------------
    -- 11) Zápis logu
    --------------------------------------------------------------------
    INSERT INTO LOG (
        ID_Log,
        tabulkaNazev,
        operace,
        datumZmeny,
        idRekord,
        novaData,
        staraData,
        popis,
        ID_Archiv
    )
    VALUES (
        SEQ_LOG_ID.NEXTVAL,
        'SKLAD',
        v_operace,
        SYSDATE,
        v_id_rekord,              -- název skladu místo ID
        v_nova,
        v_stara,
        'Log změny skladu',
        v_archiv_ostatni
    );
END;

/
ALTER TRIGGER "TRG_SKLAD_LOG" ENABLE;
--------------------------------------------------------
--  DDL for Trigger TRG_SOUBOR_ID
--------------------------------------------------------

  CREATE OR REPLACE EDITIONABLE TRIGGER "TRG_SOUBOR_ID" 
BEFORE INSERT ON SOUBOR 
FOR EACH ROW 
 WHEN (NEW.ID_Soubor IS NULL) BEGIN 
    :NEW.ID_Soubor := SEQ_SOUBOR_ID.NEXTVAL; 
END;

/
ALTER TRIGGER "TRG_SOUBOR_ID" ENABLE;
--------------------------------------------------------
--  DDL for Trigger TRG_STATUS_ID
--------------------------------------------------------

  CREATE OR REPLACE EDITIONABLE TRIGGER "TRG_STATUS_ID" 
BEFORE INSERT ON STATUS 
FOR EACH ROW 
 WHEN (NEW.ID_Status IS NULL) BEGIN 
    :NEW.ID_Status := SEQ_STATUS_ID.NEXTVAL; 
END;

/
ALTER TRIGGER "TRG_STATUS_ID" ENABLE;
--------------------------------------------------------
--  DDL for Trigger TRG_SUPERMARKET_ID
--------------------------------------------------------

  CREATE OR REPLACE EDITIONABLE TRIGGER "TRG_SUPERMARKET_ID" 
BEFORE INSERT ON SUPERMARKET 
FOR EACH ROW 
 WHEN (NEW.ID_Supermarket IS NULL) BEGIN 
    :NEW.ID_Supermarket := SEQ_SUPERMARKET_ID.NEXTVAL; 
END;

/
ALTER TRIGGER "TRG_SUPERMARKET_ID" ENABLE;
--------------------------------------------------------
--  DDL for Trigger TRG_SUPERMARKET_ARCHIV_CREATE
--------------------------------------------------------

  CREATE OR REPLACE EDITIONABLE TRIGGER "TRG_SUPERMARKET_ARCHIV_CREATE" 
AFTER INSERT ON SUPERMARKET
FOR EACH ROW
DECLARE
    v_root_id NUMBER;
    v_sup_id NUMBER;
    v_log_id NUMBER;
BEGIN
    --------------------------------------------------------------------
    --  Najdeme kořenovou složku archivu
    --------------------------------------------------------------------
    SELECT ID_Archiv
    INTO v_root_id
    FROM ARCHIV
    WHERE Parent_id IS NULL;

    --------------------------------------------------------------------
    --  Vytvoříme složku supermarketu podle názvu
    --------------------------------------------------------------------
    INSERT INTO ARCHIV (ID_Archiv, Nazev, Popis, Parent_id)
    VALUES (
        SEQ_ARCHIV_ID.NEXTVAL,
        :NEW.NAZEV,                         -- Název supermarketu
        'Archiv pro supermarket ' || :NEW.NAZEV,
        v_root_id
    )
    RETURNING ID_Archiv INTO v_sup_id;

    --------------------------------------------------------------------
    --  Vytvoříme základní podsložky
    --------------------------------------------------------------------
    INSERT INTO ARCHIV VALUES (SEQ_ARCHIV_ID.NEXTVAL, 'Dokumenty', 'Dokumenty supermarketu', v_sup_id);
    INSERT INTO ARCHIV VALUES (SEQ_ARCHIV_ID.NEXTVAL, 'Reporty', 'Reporty a analýzy', v_sup_id);
    INSERT INTO ARCHIV VALUES (SEQ_ARCHIV_ID.NEXTVAL, 'Inventura', 'Inventurní data', v_sup_id);

    --------------------------------------------------------------------
    --  Vytvoříme složku Log (a zapamatujeme si její ID)
    --------------------------------------------------------------------
    INSERT INTO ARCHIV (ID_Archiv, Nazev, Popis, Parent_id)
    VALUES (
        SEQ_ARCHIV_ID.NEXTVAL,
        'Log',
        'Logy změn pro supermarket ' || :NEW.NAZEV,
        v_sup_id
    )
    RETURNING ID_Archiv INTO v_log_id;

    --------------------------------------------------------------------
    --  Podsložky Logu
    --------------------------------------------------------------------
    INSERT INTO ARCHIV VALUES (SEQ_ARCHIV_ID.NEXTVAL, 'Zbozi', 'Logy změn ZBOZI', v_log_id);
    INSERT INTO ARCHIV VALUES (SEQ_ARCHIV_ID.NEXTVAL, 'Objednavky', 'Logy změn OBJEDNAVKA', v_log_id);
    INSERT INTO ARCHIV VALUES (SEQ_ARCHIV_ID.NEXTVAL, 'Platby', 'Logy změn PLATBA', v_log_id);
    INSERT INTO ARCHIV VALUES (SEQ_ARCHIV_ID.NEXTVAL, 'Ostatni', 'Ostatní logy', v_log_id);

END;

/
ALTER TRIGGER "TRG_SUPERMARKET_ARCHIV_CREATE" ENABLE;
--------------------------------------------------------
--  DDL for Trigger TRG_UZIVATEL_EMAIL_CHECK
--------------------------------------------------------

  CREATE OR REPLACE EDITIONABLE TRIGGER "TRG_UZIVATEL_EMAIL_CHECK" 
BEFORE INSERT OR UPDATE ON UZIVATEL
FOR EACH ROW
BEGIN
    --------------------------------------------------------------------
    -- Jednoduchá kontrola formátu emailu
    --------------------------------------------------------------------
    IF NOT REGEXP_LIKE(:NEW.email, '^[A-Za-z0-9._%+-]+@[A-Za-z0-9.-]+\.[A-Za-z]{2,}$') THEN
        RAISE_APPLICATION_ERROR(
            -20104,
            'Email ma neplatny format.'
        );
    END IF;
END;

/
ALTER TRIGGER "TRG_UZIVATEL_EMAIL_CHECK" ENABLE;
--------------------------------------------------------
--  DDL for Trigger TRG_UZIVATEL_ID
--------------------------------------------------------

  CREATE OR REPLACE EDITIONABLE TRIGGER "TRG_UZIVATEL_ID" 
BEFORE INSERT ON UZIVATEL 
FOR EACH ROW 
 WHEN (NEW.ID_Uzivatel IS NULL) BEGIN 
    :NEW.ID_Uzivatel := SEQ_UZIVATEL_ID.NEXTVAL; 
END;

/
ALTER TRIGGER "TRG_UZIVATEL_ID" ENABLE;
--------------------------------------------------------
--  DDL for Trigger TRG_UZIVATEL_DEFAULT_ROLE
--------------------------------------------------------

  CREATE OR REPLACE EDITIONABLE TRIGGER "TRG_UZIVATEL_DEFAULT_ROLE" 
BEFORE INSERT ON UZIVATEL
FOR EACH ROW
BEGIN
    --------------------------------------------------------------------
    -- Pokud není role vyplněna, nastavíme roli NEW_USER (ID = 7)
    --------------------------------------------------------------------
    IF :NEW.ID_Role IS NULL THEN
        :NEW.ID_Role := 7;
    END IF;
END;

/
ALTER TRIGGER "TRG_UZIVATEL_DEFAULT_ROLE" ENABLE;
--------------------------------------------------------
--  DDL for Trigger TRG_UZIVATEL_LOG
--------------------------------------------------------

  CREATE OR REPLACE EDITIONABLE TRIGGER "TRG_UZIVATEL_LOG" 
AFTER INSERT OR UPDATE OR DELETE ON UZIVATEL
FOR EACH ROW
DECLARE
    v_root_id      NUMBER;
    v_archiv_user  NUMBER;

    v_operace      CHAR(1);
    v_nova         VARCHAR2(4000);
    v_stara        VARCHAR2(4000);

    v_id_rekord        VARCHAR2(4000); 
    v_role_nazev_new   VARCHAR2(200);
    v_role_nazev_old   VARCHAR2(200);
BEGIN
    --------------------------------------------------------------------
    -- 1) Určení operace
    --------------------------------------------------------------------
    IF INSERTING THEN
        v_operace := 'I';
    ELSIF UPDATING THEN
        v_operace := 'U';
    ELSE
        v_operace := 'D';
    END IF;

    --------------------------------------------------------------------
    -- 2) Najdeme ROOT archiv
    --------------------------------------------------------------------
    SELECT ID_Archiv
    INTO v_root_id
    FROM ARCHIV
    WHERE Parent_id IS NULL;

    --------------------------------------------------------------------
    -- 3) Najdeme podsložku 'Uzivatele'
    --------------------------------------------------------------------
    SELECT ID_Archiv
    INTO v_archiv_user
    FROM ARCHIV
    WHERE Parent_id = v_root_id
      AND Nazev = 'Uzivatele';

    --------------------------------------------------------------------
    -- 4) Názvy rolí (místo ID_Role)
    --------------------------------------------------------------------
    IF INSERTING OR UPDATING THEN
        SELECT Nazev
        INTO v_role_nazev_new
        FROM APP_ROLE   -- TODO: tvoje tabulka s rolemi
        WHERE ID_Role = :NEW.ID_Role;
    END IF;

    IF UPDATING OR DELETING THEN
        SELECT Nazev
        INTO v_role_nazev_old
        FROM APP_ROLE
        WHERE ID_Role = :OLD.ID_Role;
    END IF;

    --------------------------------------------------------------------
    -- 5) Nová data – čitelné, bez ID
    --------------------------------------------------------------------
    IF INSERTING OR UPDATING THEN
        v_nova :=
              'jmeno='       || :NEW.jmeno
            || '; prijmeni=' || :NEW.prijmeni
            || '; email='    || :NEW.email
            || '; telefon='  || :NEW.telefonniCislo
            || '; role='     || v_role_nazev_new;
    END IF;

    --------------------------------------------------------------------
    -- 6) Stará data – taky bez ID
    --------------------------------------------------------------------
    IF UPDATING OR DELETING THEN
        v_stara :=
              'jmeno='       || :OLD.jmeno
            || '; prijmeni=' || :OLD.prijmeni
            || '; email='    || :OLD.email
            || '; telefon='  || :OLD.telefonniCislo
            || '; role='     || v_role_nazev_old;
    END IF;

    --------------------------------------------------------------------
    -- 7) idRekord = jméno uživatele (žádné ID)
    --------------------------------------------------------------------
    IF INSERTING OR UPDATING THEN
        v_id_rekord := :NEW.jmeno || ' ' || :NEW.prijmeni;
    ELSE
        v_id_rekord := :OLD.jmeno || ' ' || :OLD.prijmeni;
    END IF;

    --------------------------------------------------------------------
    -- 8) Zápis logu do tabulky LOG
    --------------------------------------------------------------------
    INSERT INTO LOG (
        ID_Log,
        tabulkaNazev,
        operace,
        datumZmeny,
        idRekord,
        novaData,
        staraData,
        popis,
        ID_Archiv
    ) VALUES (
        SEQ_LOG_ID.NEXTVAL,
        'UZIVATEL',
        v_operace,
        SYSDATE,
        v_id_rekord,              -- jméno uživatele místo ID
        v_nova,
        v_stara,
        'Log změny uživatele',
        v_archiv_user
    );
END;

/
ALTER TRIGGER "TRG_UZIVATEL_LOG" ENABLE;
--------------------------------------------------------
--  DDL for Trigger ARC_FKARC_3_ZAKAZNIK
--------------------------------------------------------

  CREATE OR REPLACE EDITIONABLE TRIGGER "ARC_FKARC_3_ZAKAZNIK" 
BEFORE INSERT OR UPDATE OF ID_uzivatelu 
ON ZAKAZNIK 
FOR EACH ROW 
DECLARE 
    d INTEGER; 
BEGIN 
    SELECT A.ID_Role INTO d 
    FROM UZIVATEL A 
    WHERE A.ID_Uzivatel = :new.ID_uzivatelu; 
    IF (d IS NULL OR d <> 3) THEN 
        raise_application_error(-20223,'FK ZAKAZNIK_UZIVATEL_FK in Table ZAKAZNIK violates Arc constraint on Table UZIVATEL - discriminator column ID_Role doesn''t have value 3'); 
    END IF; 
    EXCEPTION 
    WHEN NO_DATA_FOUND THEN 
        NULL; 
    WHEN OTHERS THEN 
        RAISE; 
END; 

/
ALTER TRIGGER "ARC_FKARC_3_ZAKAZNIK" ENABLE;
--------------------------------------------------------
--  DDL for Trigger TRG_ZAKAZNIK_LOG
--------------------------------------------------------

  CREATE OR REPLACE EDITIONABLE TRIGGER "TRG_ZAKAZNIK_LOG" 
AFTER INSERT OR UPDATE OR DELETE ON ZAKAZNIK
FOR EACH ROW
DECLARE
    v_root_id        NUMBER;
    v_archiv_uz      NUMBER;

    v_operace        CHAR(1);
    v_nova           VARCHAR2(4000);
    v_stara          VARCHAR2(4000);

    v_id_rekord      VARCHAR2(4000);
    v_uzivatel_jmeno VARCHAR2(200);
    v_id_uzivatel    NUMBER;
BEGIN
    --------------------------------------------------------------------
    -- 1) Operace
    --------------------------------------------------------------------
    IF INSERTING THEN
        v_operace := 'I';
    ELSIF UPDATING THEN
        v_operace := 'U';
    ELSE
        v_operace := 'D';
    END IF;

    --------------------------------------------------------------------
    -- 2) Zjistíme ID_Uzivatel ze supertypu
    --------------------------------------------------------------------
    IF INSERTING OR UPDATING THEN
        v_id_uzivatel := :NEW.ID_Uzivatelu;
    ELSE
        v_id_uzivatel := :OLD.ID_Uzivatelu;
    END IF;

    --------------------------------------------------------------------
    -- 3) Načteme jméno uživatele (žádné ID v logu)
    --------------------------------------------------------------------
    SELECT jmeno || ' ' || prijmeni
    INTO v_uzivatel_jmeno
    FROM UZIVATEL
    WHERE ID_Uzivatel = v_id_uzivatel;

    --------------------------------------------------------------------
    -- 4) ROOT archiv
    --------------------------------------------------------------------
    SELECT ID_Archiv
    INTO v_root_id
    FROM ARCHIV
    WHERE Parent_id IS NULL;

    --------------------------------------------------------------------
    -- 5) podsložka 'Uzivatele'
    --------------------------------------------------------------------
    SELECT ID_Archiv
    INTO v_archiv_uz
    FROM ARCHIV
    WHERE Parent_id = v_root_id
      AND Nazev = 'Uzivatele';

    --------------------------------------------------------------------
    -- 6) Nová data (čitelné, bez ID)
    --------------------------------------------------------------------
    IF INSERTING OR UPDATING THEN
        v_nova :=
              'uzivatel='      || v_uzivatel_jmeno
            || '; kartaVernosti=' || :NEW.kartaVernosti;
    END IF;

    --------------------------------------------------------------------
    -- 7) Stará data (čitelné, bez ID)
    --------------------------------------------------------------------
    IF UPDATING OR DELETING THEN
        v_stara :=
              'uzivatel='      || v_uzivatel_jmeno
            || '; kartaVernosti=' || :OLD.kartaVernosti;
    END IF;

    --------------------------------------------------------------------
    -- 8) idRekord = jméno uživatele (žádné ID)
    --------------------------------------------------------------------
    v_id_rekord := v_uzivatel_jmeno;

    --------------------------------------------------------------------
    -- 9) Zápis do LOG
    --------------------------------------------------------------------
    INSERT INTO LOG (
        ID_Log,
        tabulkaNazev,
        operace,
        datumZmeny,
        idRekord,
        novaData,
        staraData,
        popis,
        ID_Archiv
    ) VALUES (
        SEQ_LOG_ID.NEXTVAL,
        'ZAKAZNIK',
        v_operace,
        SYSDATE,
        v_id_rekord,              -- jméno uživatele místo ID
        v_nova,
        v_stara,
        'Log změny zákazníka',
        v_archiv_uz
    );
END;

/
ALTER TRIGGER "TRG_ZAKAZNIK_LOG" ENABLE;
--------------------------------------------------------
--  DDL for Trigger ARC_FKARC_3_ZAMESTNANEC
--------------------------------------------------------

  CREATE OR REPLACE EDITIONABLE TRIGGER "ARC_FKARC_3_ZAMESTNANEC" 
BEFORE INSERT OR UPDATE OF ID_uzivatelu 
ON ZAMESTNANEC 
FOR EACH ROW 
DECLARE 
    d INTEGER; 
BEGIN 
    SELECT ID_Role 
    INTO d 
    FROM UZIVATEL 
    WHERE ID_Uzivatel = :new.ID_uzivatelu;

    -- Разрешённые роли сотрудника (подтипы ZAMESTNANEC)
    IF d NOT IN (4, 5, 6) THEN 
        raise_application_error(
            -20223,
            'FK ZAMESTNANEC_UZIVATEL_FK: Role musi byt MANAZER (4), ANALYTIK (5), nebo SUPERVIZOR (6)'
        );
    END IF;

EXCEPTION
    WHEN NO_DATA_FOUND THEN NULL;
    WHEN OTHERS THEN RAISE;
END;

/
ALTER TRIGGER "ARC_FKARC_3_ZAMESTNANEC" ENABLE;
--------------------------------------------------------
--  DDL for Trigger TRG_ZAMESTNANEC_LOG
--------------------------------------------------------

  CREATE OR REPLACE EDITIONABLE TRIGGER "TRG_ZAMESTNANEC_LOG" 
AFTER INSERT OR UPDATE OR DELETE ON ZAMESTNANEC
FOR EACH ROW
DECLARE
    v_root_id        NUMBER;
    v_archiv_uz      NUMBER;

    v_operace        CHAR(1);
    v_nova           VARCHAR2(4000);
    v_stara          VARCHAR2(4000);

    v_id_rekord      VARCHAR2(4000);   -- půjde do LOG.idRekord (jméno zaměstnance)
    v_uzivatel_jmeno VARCHAR2(200);
    v_id_uzivatel    NUMBER;
BEGIN
    --------------------------------------------------------------------
    -- 1) Operace
    --------------------------------------------------------------------
    IF INSERTING THEN
        v_operace := 'I';
    ELSIF UPDATING THEN
        v_operace := 'U';
    ELSE
        v_operace := 'D';
    END IF;

    --------------------------------------------------------------------
    -- 2) Zjistíme ID_Uzivatel ze ZAMESTNANEC
    --------------------------------------------------------------------
    IF INSERTING OR UPDATING THEN
        v_id_uzivatel := :NEW.ID_Uzivatelu;
    ELSE
        v_id_uzivatel := :OLD.ID_Uzivatelu;
    END IF;

    --------------------------------------------------------------------
    -- 3) Načteme jméno uživatele (zaměstnance) z UZIVATEL
    --------------------------------------------------------------------
    SELECT jmeno || ' ' || prijmeni
    INTO v_uzivatel_jmeno
    FROM UZIVATEL
    WHERE ID_Uzivatel = v_id_uzivatel;

    --------------------------------------------------------------------
    -- 4) ROOT archiv
    --------------------------------------------------------------------
    SELECT ID_Archiv
    INTO v_root_id
    FROM ARCHIV
    WHERE Parent_id IS NULL;

    --------------------------------------------------------------------
    -- 5) podsložka 'Uzivatele'
    --------------------------------------------------------------------
    SELECT ID_Archiv
    INTO v_archiv_uz
    FROM ARCHIV
    WHERE Parent_id = v_root_id
      AND Nazev = 'Uzivatele';

    --------------------------------------------------------------------
    -- 6) Nová data (čitelné, bez ID)
    --------------------------------------------------------------------
    IF INSERTING OR UPDATING THEN
        v_nova :=
              'zamestnanec=' || v_uzivatel_jmeno
           || '; pozice='    || :NEW.pozice
           || '; mzda='      || :NEW.mzda;
    END IF;

    --------------------------------------------------------------------
    -- 7) Stará data (čitelné, bez ID)
    --------------------------------------------------------------------
    IF UPDATING OR DELETING THEN
        v_stara :=
              'zamestnanec=' || v_uzivatel_jmeno
           || '; pozice='    || :OLD.pozice
           || '; mzda='      || :OLD.mzda;
    END IF;

    --------------------------------------------------------------------
    -- 8) idRekord = jméno zaměstnance (žádné ID)
    --------------------------------------------------------------------
    v_id_rekord := v_uzivatel_jmeno;

    --------------------------------------------------------------------
    -- 9) Zápis do LOG
    --------------------------------------------------------------------
    INSERT INTO LOG (
        ID_Log, tabulkaNazev, operace, datumZmeny,
        idRekord, novaData, staraData, popis, ID_Archiv
    ) VALUES (
        SEQ_LOG_ID.NEXTVAL,
        'ZAMESTNANEC',
        v_operace,
        SYSDATE,
        v_id_rekord,              -- jméno místo ID
        v_nova,
        v_stara,
        'Log změny zaměstnance',
        v_archiv_uz
    );
END;

/
ALTER TRIGGER "TRG_ZAMESTNANEC_LOG" ENABLE;
--------------------------------------------------------
--  DDL for Trigger TRG_SKLAD_CAPACITY_BR
--------------------------------------------------------

  CREATE OR REPLACE EDITIONABLE TRIGGER "TRG_SKLAD_CAPACITY_BR" 
BEFORE INSERT OR UPDATE ON ZBOZI
FOR EACH ROW
BEGIN
    -- записать новые данные для проверки после UPDATE/INSERT
    INSERT INTO SKLAD_CAPACITY_TMP (id_zbozi, id_sklad, mnozstvi)
    VALUES (:NEW.ID_Zbozi, :NEW.SKLAD_ID_Sklad, :NEW.mnozstvi);
END;

/
ALTER TRIGGER "TRG_SKLAD_CAPACITY_BR" ENABLE;
--------------------------------------------------------
--  DDL for Trigger TRG_SKLAD_CAPACITY
--------------------------------------------------------

  CREATE OR REPLACE EDITIONABLE TRIGGER "TRG_SKLAD_CAPACITY" 
AFTER INSERT OR UPDATE ON ZBOZI
DECLARE
    CURSOR c IS
        SELECT DISTINCT id_sklad FROM SKLAD_CAPACITY_TMP;

    v_sklad NUMBER;
    v_capacity NUMBER;
    v_total NUMBER;
BEGIN
    -- проверяем каждый склад, который был затронут
    OPEN c;
    LOOP
        FETCH c INTO v_sklad;
        EXIT WHEN c%NOTFOUND;

        -- kapacita skladu
        SELECT kapacita
        INTO v_capacity
        FROM SKLAD
        WHERE ID_Sklad = v_sklad;

        -- celkové množství ve skladu
        SELECT NVL(SUM(mnozstvi),0)
        INTO v_total
        FROM ZBOZI
        WHERE SKLAD_ID_Sklad = v_sklad;

        -- pokud překročeno → chyba
        IF v_total > v_capacity THEN
            DELETE FROM SKLAD_CAPACITY_TMP;
            RAISE_APPLICATION_ERROR(
                -20001,
                'Sklad ' || v_sklad || ' je plny: prekrocena kapacita!'
            );
        END IF;

    END LOOP;
    CLOSE c;

    -- очистить временные данные после проверки
    DELETE FROM SKLAD_CAPACITY_TMP;
END;

/
ALTER TRIGGER "TRG_SKLAD_CAPACITY" ENABLE;
--------------------------------------------------------
--  DDL for Trigger TRG_ZBOZI_MIN
--------------------------------------------------------

  CREATE OR REPLACE EDITIONABLE TRIGGER "TRG_ZBOZI_MIN" 
BEFORE UPDATE ON ZBOZI
FOR EACH ROW
DECLARE
    v_dodavatel NUMBER;
    v_supermarket NUMBER;
    v_new_order_id NUMBER;
    v_amount NUMBER;
BEGIN
    --------------------------------------------------------------------
    -- Kontrola minimálního množství
    --------------------------------------------------------------------
    IF :NEW.mnozstvi < :NEW.minMnozstvi THEN

        ----------------------------------------------------------------
        -- Najdeme dodavatele pro toto zboží
        ----------------------------------------------------------------
        SELECT ID_uzivatelu
        INTO v_dodavatel
        FROM ZBOZI_DODAVATEL
        WHERE ID_Zbozi = :NEW.ID_Zbozi
        FETCH FIRST 1 ROWS ONLY;

        ----------------------------------------------------------------
        -- Najdeme supermarket podle skladu
        ----------------------------------------------------------------
        SELECT ID_Supermarket
        INTO v_supermarket
        FROM SKLAD
        WHERE ID_Sklad = :NEW.SKLAD_ID_Sklad;

        ----------------------------------------------------------------
        -- Určíme množství k objednání
        ----------------------------------------------------------------
        v_amount := GREATEST(:NEW.minMnozstvi * 5, :NEW.minMnozstvi + 1);


        ----------------------------------------------------------------
        -- Vytvoříme novou objednávku typu DODAVATEL
        ----------------------------------------------------------------
        INSERT INTO OBJEDNAVKA (
            ID_Objednavka,
            datum,
            ID_Status,
            typ_objednavka,
            poznamka,
            ID_Uzivatel,
            ID_Supermarket
        ) VALUES (
            SEQ_OBJEDNAVKA_ID.NEXTVAL,
            SYSDATE,
            1,                     -- Status = Vytvorena
            'DODAVATEL',
            'Automatická objednávka doplnění zásob',
            v_dodavatel,
            v_supermarket
        )
        RETURNING ID_Objednavka INTO v_new_order_id;

        ----------------------------------------------------------------
        -- Přidáme položku do objednávky
        ----------------------------------------------------------------
        INSERT INTO OBJEDNAVKA_ZBOZI (
            pocet,
            ID_Objednavka,
            ID_Zbozi
        ) VALUES (
            v_amount,
            v_new_order_id,
            :NEW.ID_Zbozi
        );

        ----------------------------------------------------------------
        -- Informace pro administrátora přes LOG nebo zprávu
        ----------------------------------------------------------------
        INSERT INTO LOG (
            ID_Log, tabulkaNazev, operace, datumZmeny, idRekord, popis, ID_Archiv
        ) VALUES (
            SEQ_LOG_ID.NEXTVAL,
            'ZBOZI',
            'I',
            SYSDATE,
            v_new_order_id,
            'Automaticky vytvořena objednávka kvůli nízkému množství zásob.',
            1
        );

    END IF;
END;

/
ALTER TRIGGER "TRG_ZBOZI_MIN" ENABLE;
--------------------------------------------------------
--  DDL for Trigger TRG_ZBOZI_ID
--------------------------------------------------------

  CREATE OR REPLACE EDITIONABLE TRIGGER "TRG_ZBOZI_ID" 
BEFORE INSERT ON ZBOZI 
FOR EACH ROW 
 WHEN (NEW.ID_Zbozi IS NULL) BEGIN 
    :NEW.ID_Zbozi := SEQ_ZBOZI_ID.NEXTVAL; 
END;

/
ALTER TRIGGER "TRG_ZBOZI_ID" ENABLE;
--------------------------------------------------------
--  DDL for Trigger TRG_ZBOZI_LOG
--------------------------------------------------------

  CREATE OR REPLACE EDITIONABLE TRIGGER "TRG_ZBOZI_LOG" 
AFTER INSERT OR UPDATE OR DELETE ON ZBOZI
FOR EACH ROW
DECLARE
    v_supermarket_id   NUMBER;
    v_root_id          NUMBER;
    v_archiv_super     NUMBER;
    v_archiv_log       NUMBER;
    v_archiv_zbozi     NUMBER;

    v_operace          CHAR(1);
    v_nova             VARCHAR2(4000);
    v_stara            VARCHAR2(4000);

    v_sklad_nazev_new  VARCHAR2(200);
    v_sklad_nazev_old  VARCHAR2(200);
    v_super_nazev      VARCHAR2(200);

    v_id_rekord        VARCHAR2(4000);  -- tady bude název zboží
BEGIN
    --------------------------------------------------------------------
    -- 1) Typ operace
    --------------------------------------------------------------------
    IF INSERTING THEN
        v_operace := 'I';
    ELSIF UPDATING THEN
        v_operace := 'U';
    ELSE
        v_operace := 'D';
    END IF;

    --------------------------------------------------------------------
    -- 2) Zjištění ID supermarketu + názvu skladu
    --------------------------------------------------------------------
    IF INSERTING OR UPDATING THEN
        SELECT ID_Supermarket, Nazev
        INTO v_supermarket_id, v_sklad_nazev_new
        FROM SKLAD
        WHERE ID_Sklad = :NEW.SKLAD_ID_Sklad;
    ELSE
        SELECT ID_Supermarket, Nazev
        INTO v_supermarket_id, v_sklad_nazev_old
        FROM SKLAD
        WHERE ID_Sklad = :OLD.SKLAD_ID_Sklad;
    END IF;

    --------------------------------------------------------------------
    -- 3) Název supermarketu
    --------------------------------------------------------------------
    SELECT Nazev
    INTO v_super_nazev
    FROM SUPERMARKET
    WHERE ID_Supermarket = v_supermarket_id;

    --------------------------------------------------------------------
    -- 4) Najdeme ROOT (Hlavní Archiv) dynamicky
    --------------------------------------------------------------------
    SELECT ID_Archiv
    INTO v_root_id
    FROM ARCHIV
    WHERE Parent_id IS NULL;

    --------------------------------------------------------------------
    -- 5) Najdeme složku supermarketu podle názvu
    --------------------------------------------------------------------
    SELECT a.ID_Archiv
    INTO v_archiv_super
    FROM ARCHIV a
    JOIN SUPERMARKET s ON s.NAZEV = a.NAZEV
    WHERE s.ID_Supermarket = v_supermarket_id
      AND a.Parent_id = v_root_id;

    --------------------------------------------------------------------
    -- 6) Najdeme složku Log
    --------------------------------------------------------------------
    SELECT ID_Archiv
    INTO v_archiv_log
    FROM ARCHIV
    WHERE Parent_id = v_archiv_super
      AND Nazev = 'Log';

    --------------------------------------------------------------------
    -- 7) Najdeme podsložku Zbozi
    --------------------------------------------------------------------
    SELECT ID_Archiv
    INTO v_archiv_zbozi
    FROM ARCHIV
    WHERE Parent_id = v_archiv_log
      AND Nazev = 'Zbozi';

    --------------------------------------------------------------------
    -- 8) NOVÁ data (čitelné, bez ID)
    --------------------------------------------------------------------
    IF INSERTING OR UPDATING THEN
        v_nova :=
              'nazev='       || :NEW.nazev
            || '; cena='        || TO_CHAR(:NEW.cena)
            || '; mnozstvi='    || TO_CHAR(:NEW.mnozstvi)
            || '; minMnozstvi=' || TO_CHAR(:NEW.minMnozstvi)
            || '; sklad='       || v_sklad_nazev_new
            || '; supermarket=' || v_super_nazev;
    END IF;

    --------------------------------------------------------------------
    -- 9) STARÁ data (čitelné, bez ID)
    --------------------------------------------------------------------
    IF UPDATING OR DELETING THEN
        v_stara :=
              'nazev='       || :OLD.nazev
            || '; cena='        || TO_CHAR(:OLD.cena)
            || '; mnozstvi='    || TO_CHAR(:OLD.mnozstvi)
            || '; minMnozstvi=' || TO_CHAR(:OLD.minMnozstvi)
            || '; sklad='       || v_sklad_nazev_old
            || '; supermarket=' || v_super_nazev;
    END IF;

    --------------------------------------------------------------------
    -- 10) idRekord = název zboží (žádné ID)
    --------------------------------------------------------------------
    IF INSERTING OR UPDATING THEN
        v_id_rekord := :NEW.nazev;
    ELSE
        v_id_rekord := :OLD.nazev;
    END IF;

    --------------------------------------------------------------------
    -- 11) Zápis logu
    --------------------------------------------------------------------
    INSERT INTO LOG (
        ID_Log,
        tabulkaNazev,
        operace,
        datumZmeny,
        idRekord,
        novaData,
        staraData,
        popis,
        ID_Archiv
    ) VALUES (
        SEQ_LOG_ID.NEXTVAL,
        'ZBOZI',
        v_operace,
        SYSDATE,
        v_id_rekord,   -- název zboží
        v_nova,
        v_stara,
        'Log zmeny ZBOZI',
        v_archiv_zbozi
    );
END;

/
ALTER TRIGGER "TRG_ZBOZI_LOG" ENABLE;
--------------------------------------------------------
--  DDL for Trigger TRG_ZPRAVA_ID
--------------------------------------------------------

  CREATE OR REPLACE EDITIONABLE TRIGGER "TRG_ZPRAVA_ID" 
BEFORE INSERT ON ZPRAVA 
FOR EACH ROW 
 WHEN (NEW.ID_Zprava IS NULL) BEGIN 
    :NEW.ID_Zprava := SEQ_ZPRAVA_ID.NEXTVAL; 
END;

/
ALTER TRIGGER "TRG_ZPRAVA_ID" ENABLE;
--------------------------------------------------------
--  DDL for Trigger TRG_ZPRAVA_LOG
--------------------------------------------------------

  CREATE OR REPLACE EDITIONABLE TRIGGER "TRG_ZPRAVA_LOG" 
AFTER INSERT OR UPDATE OR DELETE ON ZPRAVA
FOR EACH ROW
DECLARE
    v_operace       CHAR(1);
    v_nova          VARCHAR2(4000);
    v_stara         VARCHAR2(4000);
    v_id_rekord     VARCHAR2(4000);

    v_archiv_id     NUMBER;
    v_odesilatel    VARCHAR2(200);
    v_prijemce      VARCHAR2(200);
BEGIN
    --------------------------------------------------------------------
    -- 1) Typ operace
    --------------------------------------------------------------------
    IF INSERTING THEN
        v_operace := 'I';
    ELSIF UPDATING THEN
        v_operace := 'U';
    ELSE
        v_operace := 'D';
    END IF;

    --------------------------------------------------------------------
    -- 2) Archivní složka ZPRAVY
    --------------------------------------------------------------------
    SELECT ID_Archiv
    INTO v_archiv_id
    FROM ARCHIV
    WHERE NAZEV = 'Zpravy';

    --------------------------------------------------------------------
    -- 3) Jména uživatelů (bez ID)
    --------------------------------------------------------------------
    SELECT jmeno || ' ' || prijmeni
    INTO v_odesilatel
    FROM UZIVATEL
    WHERE ID_Uzivatel = NVL(:NEW.ODESILATEL_ID, :OLD.ODESILATEL_ID);

    SELECT jmeno || ' ' || prijmeni
    INTO v_prijemce
    FROM UZIVATEL
    WHERE ID_Uzivatel = NVL(:NEW.PRIJIMAC_ID, :OLD.PRIJIMAC_ID);

    --------------------------------------------------------------------
    -- 4) idRekord (bez datumu)
    --------------------------------------------------------------------
    IF INSERTING OR UPDATING THEN
        v_id_rekord :=
              'od=' || v_odesilatel
           || '; pro=' || v_prijemce;
    ELSE
        v_id_rekord :=
              'od=' || v_odesilatel
           || '; pro=' || v_prijemce;
    END IF;

    --------------------------------------------------------------------
    -- 5) Nová data – obsah jako BASE64
    --------------------------------------------------------------------
    IF INSERTING OR UPDATING THEN
        v_nova := 'text64=' ||
            UTL_RAW.CAST_TO_VARCHAR2(
                UTL_ENCODE.BASE64_ENCODE(
                    UTL_RAW.CAST_TO_RAW(:NEW.ZPRAVA)
                )
            );
    END IF;

    --------------------------------------------------------------------
    -- 6) Stará data – obsah jako BASE64
    --------------------------------------------------------------------
    IF UPDATING OR DELETING THEN
        v_stara := 'text64=' ||
            UTL_RAW.CAST_TO_VARCHAR2(
                UTL_ENCODE.BASE64_ENCODE(
                    UTL_RAW.CAST_TO_RAW(:OLD.ZPRAVA)
                )
            );
    END IF;

    --------------------------------------------------------------------
    -- 7) INSERT do LOG
    --------------------------------------------------------------------
    INSERT INTO LOG (
        ID_Log, tabulkaNazev, operace, datumZmeny,
        idRekord, novaData, staraData, popis, ID_Archiv
    ) VALUES (
        SEQ_LOG_ID.NEXTVAL,
        'ZPRAVA',
        v_operace,
        SYSDATE,
        v_id_rekord,
        v_nova,
        v_stara,
        'Log změny zprávy (šifrovaný obsah)',
        v_archiv_id
    );
END;

/
ALTER TRIGGER "TRG_ZPRAVA_LOG" ENABLE;
--------------------------------------------------------
--  DDL for Procedure PROC_CHANGE_USER_ROLE
--------------------------------------------------------
set define off;

  CREATE OR REPLACE EDITIONABLE PROCEDURE "PROC_CHANGE_USER_ROLE" (
    p_user_id        IN UZIVATEL.ID_Uzivatel%TYPE,
    p_new_role_id    IN APP_ROLE.ID_Role%TYPE,
    p_firma          IN DODAVATEL.firma%TYPE DEFAULT NULL,
    p_karta          IN ZAKAZNIK.kartaVernosti%TYPE DEFAULT NULL,
    p_mzda           IN ZAMESTNANEC.mzda%TYPE DEFAULT NULL,
    p_datum_nastupa  IN ZAMESTNANEC.datumNastupa%TYPE DEFAULT NULL,
    p_pozice         IN ZAMESTNANEC.pozice%TYPE DEFAULT NULL,
    p_force          IN NUMBER DEFAULT 0  -- 1 = drop závislosti, jinak jen upozorni
)
AS
    c_role_dodavatel CONSTANT NUMBER := 2;
    c_role_zakaznik  CONSTANT NUMBER := 3;
    -- Zaměstnanecké role:
    c_role_zamestnanec_min CONSTANT NUMBER := 4;
    c_role_zamestnanec_max CONSTANT NUMBER := 6;

    v_old_role   APP_ROLE.ID_Role%TYPE;
    v_role_exist NUMBER;
    v_zbozi_cnt  NUMBER;
    v_is_old_emp BOOLEAN;
    v_is_new_emp BOOLEAN;
    v_warn_msg   VARCHAR2(4000);
BEGIN
    --------------------------------------------------------------------
    -- Načti a zamkni uživatele
    --------------------------------------------------------------------
    SELECT ID_Role
    INTO v_old_role
    FROM UZIVATEL
    WHERE ID_Uzivatel = p_user_id
    FOR UPDATE;

    IF v_old_role = p_new_role_id THEN
        RETURN;
    END IF;

    --------------------------------------------------------------------
    -- Ověř platnost nové role
    --------------------------------------------------------------------
    SELECT 1 INTO v_role_exist FROM APP_ROLE WHERE ID_Role = p_new_role_id;

    v_is_old_emp := v_old_role BETWEEN c_role_zamestnanec_min AND c_role_zamestnanec_max;
    v_is_new_emp := p_new_role_id BETWEEN c_role_zamestnanec_min AND c_role_zamestnanec_max;

    --------------------------------------------------------------------
    -- Ověř závislosti 
    --------------------------------------------------------------------
    IF v_old_role = c_role_dodavatel THEN
        SELECT COUNT(*) INTO v_zbozi_cnt FROM ZBOZI_DODAVATEL WHERE ID_uzivatelu = p_user_id;
        IF v_zbozi_cnt > 0 THEN
            v_warn_msg := 'Dodavatel má přiřazené zboží (ZBOZI_DODAVATEL: ' || v_zbozi_cnt || ' záznamů).';
            IF p_force = 0 THEN
                raise_application_error(-20001, v_warn_msg || ' Nastav p_force=1 pro odstranění závislostí.');
            ELSE
                DELETE FROM ZBOZI_DODAVATEL WHERE ID_uzivatelu = p_user_id;
            END IF;
        END IF;
    END IF;

    --------------------------------------------------------------------
    -- Odstraň záznamy staré role
    --------------------------------------------------------------------
    IF v_old_role = c_role_dodavatel THEN
        DELETE FROM DODAVATEL WHERE ID_uzivatelu = p_user_id;
    ELSIF v_old_role = c_role_zakaznik THEN
        DELETE FROM ZAKAZNIK WHERE ID_uzivatelu = p_user_id;
    ELSIF v_is_old_emp THEN
        DELETE FROM ZAMESTNANEC WHERE ID_uzivatelu = p_user_id;
    END IF;

    --------------------------------------------------------------------
    -- Nastav novou roli na uživateli
    --------------------------------------------------------------------
    UPDATE UZIVATEL
    SET ID_Role = p_new_role_id
    WHERE ID_Uzivatel = p_user_id;

    --------------------------------------------------------------------
    -- Vytvoř záznam nové role
    --------------------------------------------------------------------
    IF p_new_role_id = c_role_dodavatel THEN
        IF p_firma IS NULL THEN
            raise_application_error(-20002, 'Parametr FIRMA je povinný pro roli dodavatel.');
        END IF;
        INSERT INTO DODAVATEL (ID_uzivatelu, firma)
        VALUES (p_user_id, p_firma);
    ELSIF p_new_role_id = c_role_zakaznik THEN
        INSERT INTO ZAKAZNIK (ID_uzivatelu, kartaVernosti)
        VALUES (p_user_id, p_karta);
    ELSIF v_is_new_emp THEN
        IF p_mzda IS NULL OR p_datum_nastupa IS NULL OR p_pozice IS NULL THEN
            raise_application_error(-20003, 'Parametry mzda, datum_nastupa a pozice jsou povinné pro zaměstnanecké role (4/5/6).');
        END IF;
        INSERT INTO ZAMESTNANEC (ID_uzivatelu, mzda, datumNastupa, pozice)
        VALUES (p_user_id, p_mzda, p_datum_nastupa, p_pozice);
    END IF;

EXCEPTION
    WHEN NO_DATA_FOUND THEN
        raise_application_error(-20004, 'Uživatel nebo role neexistuje.');
    WHEN DUP_VAL_ON_INDEX THEN
        raise_application_error(-20005, 'Narušení unikátního omezení při zakládání záznamu nové role.');
    WHEN OTHERS THEN
        RAISE;
END;

/
--------------------------------------------------------
--  DDL for Procedure PROC_HOTOVOST_UPDATE
--------------------------------------------------------
set define off;

  CREATE OR REPLACE EDITIONABLE PROCEDURE "PROC_HOTOVOST_UPDATE" (
    p_platba_id IN HOTOVOST.ID_PLATBA%TYPE,
    p_prijato   IN HOTOVOST.PRIJATO%TYPE,
    p_vraceno   IN HOTOVOST.VRACENO%TYPE
) AS
BEGIN
    UPDATE HOTOVOST SET PRIJATO = p_prijato, VRACENO = p_vraceno WHERE ID_PLATBA = p_platba_id;
    IF SQL%ROWCOUNT = 0 THEN
        INSERT INTO HOTOVOST(ID_PLATBA, PRIJATO, VRACENO) VALUES (p_platba_id, p_prijato, p_vraceno);
    END IF;
END;

/
--------------------------------------------------------
--  DDL for Procedure PROC_INIT_ARCHIV_SUPERMARKETU
--------------------------------------------------------
set define off;

  CREATE OR REPLACE EDITIONABLE PROCEDURE "PROC_INIT_ARCHIV_SUPERMARKETU" 
AS
    v_root_id NUMBER;
    v_sup_id NUMBER;
    v_log_id NUMBER;
BEGIN
    --------------------------------------------------------------------
    -- 1) Najdeme kořen archivu
    --------------------------------------------------------------------
    SELECT ID_Archiv
    INTO v_root_id
    FROM ARCHIV
    WHERE Parent_id IS NULL;

    --------------------------------------------------------------------
    -- 2) Pro každý supermarket, který ještě nemá složku v archivu
    --------------------------------------------------------------------
    FOR s IN (
        SELECT ID_Supermarket, NAZEV
        FROM SUPERMARKET
        WHERE NAZEV NOT IN (
            SELECT Nazev FROM ARCHIV WHERE Parent_id = v_root_id
        )
    )
    LOOP
        ----------------------------------------------------------------
        -- Vytvoříme složku supermarketu
        ----------------------------------------------------------------
        INSERT INTO ARCHIV (ID_Archiv, Nazev, Popis, Parent_id)
        VALUES (
            SEQ_ARCHIV_ID.NEXTVAL,
            s.NAZEV,
            'Archiv pro supermarket ' || s.NAZEV,
            v_root_id
        )
        RETURNING ID_Archiv INTO v_sup_id;

        ----------------------------------------------------------------
        -- Základní podsložky
        ----------------------------------------------------------------
        INSERT INTO ARCHIV VALUES (SEQ_ARCHIV_ID.NEXTVAL, 'Dokumenty', 'Dokumenty', v_sup_id);
        INSERT INTO ARCHIV VALUES (SEQ_ARCHIV_ID.NEXTVAL, 'Reporty', 'Reporty', v_sup_id);
        INSERT INTO ARCHIV VALUES (SEQ_ARCHIV_ID.NEXTVAL, 'Inventura', 'Inventura', v_sup_id);

        ----------------------------------------------------------------
        -- Složka Log
        ----------------------------------------------------------------
        INSERT INTO ARCHIV (ID_Archiv, Nazev, Popis, Parent_id)
        VALUES (
            SEQ_ARCHIV_ID.NEXTVAL,
            'Log',
            'Logy supermarketu ' || s.NAZEV,
            v_sup_id
        )
        RETURNING ID_Archiv INTO v_log_id;

        ----------------------------------------------------------------
        -- Podsložky logu
        ----------------------------------------------------------------
        INSERT INTO ARCHIV VALUES (SEQ_ARCHIV_ID.NEXTVAL, 'Zbozi', 'Logy ZBOZI', v_log_id);
        INSERT INTO ARCHIV VALUES (SEQ_ARCHIV_ID.NEXTVAL, 'Objednavky', 'Logy OBJEDNAVKA', v_log_id);
        INSERT INTO ARCHIV VALUES (SEQ_ARCHIV_ID.NEXTVAL, 'Platby', 'Logy PLATBA', v_log_id);
        INSERT INTO ARCHIV VALUES (SEQ_ARCHIV_ID.NEXTVAL, 'Ostatni', 'Ostatní logy', v_log_id);

    END LOOP;
END;

/
--------------------------------------------------------
--  DDL for Procedure PROC_KARTA_UPDATE
--------------------------------------------------------
set define off;

  CREATE OR REPLACE EDITIONABLE PROCEDURE "PROC_KARTA_UPDATE" (
    p_platba_id   IN KARTA.ID_PLATBA%TYPE,
    p_cislo_karty IN KARTA.CISLOKARTY%TYPE
) AS
BEGIN
    UPDATE KARTA SET CISLOKARTY = p_cislo_karty WHERE ID_PLATBA = p_platba_id;
    IF SQL%ROWCOUNT = 0 THEN
        INSERT INTO KARTA(ID_PLATBA, CISLOKARTY) VALUES (p_platba_id, p_cislo_karty);
    END IF;
END;

/
--------------------------------------------------------
--  DDL for Procedure PROC_OBJEDNAVKA_CREATE
--------------------------------------------------------
set define off;

  CREATE OR REPLACE EDITIONABLE PROCEDURE "PROC_OBJEDNAVKA_CREATE" (
    p_status_id      IN OBJEDNAVKA.ID_STATUS%TYPE,
    p_user_id        IN OBJEDNAVKA.ID_UZIVATEL%TYPE,
    p_supermarket_id IN OBJEDNAVKA.ID_SUPERMARKET%TYPE,
    p_poznamka       IN OBJEDNAVKA.POZNAMKA%TYPE,
    p_typ_objednavka IN OBJEDNAVKA.TYP_OBJEDNAVKA%TYPE,
    p_id             OUT OBJEDNAVKA.ID_OBJEDNAVKA%TYPE
) AS
BEGIN
    p_id := SEQ_OBJEDNAVKA_ID.NEXTVAL;
    INSERT INTO OBJEDNAVKA(ID_OBJEDNAVKA, DATUM, ID_STATUS, ID_UZIVATEL, ID_SUPERMARKET, POZNAMKA, TYP_OBJEDNAVKA)
    VALUES (p_id, SYSDATE, p_status_id, p_user_id, p_supermarket_id, p_poznamka, p_typ_objednavka);
END;

/
--------------------------------------------------------
--  DDL for Procedure PROC_OBJEDNAVKA_ZBOZI_ADD
--------------------------------------------------------
set define off;

  CREATE OR REPLACE EDITIONABLE PROCEDURE "PROC_OBJEDNAVKA_ZBOZI_ADD" (
    p_objednavka_id IN OBJEDNAVKA_ZBOZI.ID_OBJEDNAVKA%TYPE,
    p_zbozi_id      IN OBJEDNAVKA_ZBOZI.ID_ZBOZI%TYPE,
    p_qty           IN OBJEDNAVKA_ZBOZI.POCET%TYPE
) AS
BEGIN
    INSERT INTO OBJEDNAVKA_ZBOZI(ID_OBJEDNAVKA, ID_ZBOZI, POCET)
    VALUES (p_objednavka_id, p_zbozi_id, p_qty);
END;

/
--------------------------------------------------------
--  DDL for Procedure PROC_PLATBA_CREATE
--------------------------------------------------------
set define off;

  CREATE OR REPLACE EDITIONABLE PROCEDURE "PROC_PLATBA_CREATE" (
    p_objednavka_id IN PLATBA.ID_OBJEDNAVKA%TYPE,
    p_castka        IN PLATBA.CASTKA%TYPE,
    p_platbatyp     IN PLATBA.PLATBATYP%TYPE,
    p_id            OUT PLATBA.ID_PLATBA%TYPE
) AS
BEGIN
    p_id := SEQ_PLATBA_ID.NEXTVAL;
    INSERT INTO PLATBA(ID_PLATBA, CASTKA, DATUM, ID_OBJEDNAVKA, PLATBATYP)
    VALUES (p_id, p_castka, SYSDATE, p_objednavka_id, p_platbatyp);
END;

/
--------------------------------------------------------
--  DDL for Procedure PROC_ROLE_CREATE
--------------------------------------------------------
set define off;

  CREATE OR REPLACE EDITIONABLE PROCEDURE "PROC_ROLE_CREATE" (p_nazev IN APP_ROLE.NAZEV%TYPE, p_id OUT APP_ROLE.ID_ROLE%TYPE) AS
BEGIN
    p_id := SEQ_ROLE_ID.NEXTVAL;
    INSERT INTO APP_ROLE(ID_ROLE, NAZEV) VALUES (p_id, p_nazev);
END;

/
--------------------------------------------------------
--  DDL for Procedure PROC_UZIVATEL_CREATE
--------------------------------------------------------
set define off;

  CREATE OR REPLACE EDITIONABLE PROCEDURE "PROC_UZIVATEL_CREATE" (
    p_jmeno IN UZIVATEL.JMENO%TYPE,
    p_prijmeni IN UZIVATEL.PRIJMENI%TYPE,
    p_email IN UZIVATEL.EMAIL%TYPE,
    p_heslo IN UZIVATEL.HESLO%TYPE,
    p_telefon IN UZIVATEL.TELEFONNICISLO%TYPE,
    p_role_id IN UZIVATEL.ID_ROLE%TYPE,
    p_id OUT UZIVATEL.ID_UZIVATEL%TYPE
) AS
BEGIN
    p_id := SEQ_UZIVATEL_ID.NEXTVAL;
    INSERT INTO UZIVATEL(ID_UZIVATEL, JMENO, PRIJMENI, EMAIL, HESLO, TELEFONNICISLO, ID_ROLE)
    VALUES (p_id, p_jmeno, p_prijmeni, p_email, p_heslo, p_telefon, p_role_id);
END;

/
--------------------------------------------------------
--  DDL for Procedure PROC_ZBOZI_UPDATE_QTY
--------------------------------------------------------
set define off;

  CREATE OR REPLACE EDITIONABLE PROCEDURE "PROC_ZBOZI_UPDATE_QTY" (p_id IN ZBOZI.ID_ZBOZI%TYPE, p_delta IN NUMBER) AS
BEGIN
    UPDATE ZBOZI SET MNOZSTVI = MNOZSTVI + p_delta WHERE ID_ZBOZI = p_id;
    IF SQL%ROWCOUNT = 0 THEN RAISE_APPLICATION_ERROR(-20001, 'Zbozi not found'); END IF;
END;

/
--------------------------------------------------------
--  DDL for Package PKG_ARCHIVE
--------------------------------------------------------

  CREATE OR REPLACE EDITIONABLE PACKAGE "PKG_ARCHIVE" AS
  PROCEDURE get_tree(p_cursor OUT SYS_REFCURSOR);

  PROCEDURE get_files(
    p_archive_id IN NUMBER,
    p_q          IN VARCHAR2,
    p_size       IN NUMBER,
    p_cursor     OUT SYS_REFCURSOR
  );

  PROCEDURE get_file_data(
    p_file_id IN NUMBER,
    p_name    OUT VARCHAR2,
    p_ext     OUT VARCHAR2,
    p_type    OUT VARCHAR2,
    p_blob    OUT BLOB
  );

  PROCEDURE save_file(
    p_archive_id  IN NUMBER,
    p_owner_email IN VARCHAR2,
    p_filename    IN VARCHAR2,
    p_mime        IN VARCHAR2,
    p_blob        IN BLOB,
    p_new_id      OUT NUMBER
  );

  PROCEDURE update_file_data(
    p_file_id IN NUMBER,
    p_blob    IN BLOB
  );

  PROCEDURE update_file_descr(
    p_file_id IN NUMBER,
    p_descr   IN VARCHAR2
  );

  PROCEDURE delete_file(p_file_id IN NUMBER);

  PROCEDURE get_logs(
    p_archive_id IN NUMBER,
    p_table      IN VARCHAR2,
    p_op         IN VARCHAR2,
    p_size       IN NUMBER,
    p_cursor     OUT SYS_REFCURSOR
  );

  PROCEDURE update_log_descr(
    p_log_id IN NUMBER,
    p_descr  IN VARCHAR2
  );

  PROCEDURE delete_log(p_log_id IN NUMBER);
END pkg_archive;

/
--------------------------------------------------------
--  DDL for Package PKG_LOCATION
--------------------------------------------------------

  CREATE OR REPLACE EDITIONABLE PACKAGE "PKG_LOCATION" AS
  PROCEDURE mesto_list(p_cursor OUT SYS_REFCURSOR);
  PROCEDURE mesto_get(p_psc IN VARCHAR2, p_cursor OUT SYS_REFCURSOR);

  PROCEDURE adresa_get(p_id IN NUMBER, p_cursor OUT SYS_REFCURSOR);
  PROCEDURE adresa_save(
    p_id     IN NUMBER,
    p_ulice  IN VARCHAR2,
    p_cpop   IN VARCHAR2,
    p_corient IN VARCHAR2,
    p_psc    IN VARCHAR2,
    p_out_id OUT NUMBER
  );
  PROCEDURE adresa_delete(p_id IN NUMBER);
END pkg_location;

/
--------------------------------------------------------
--  DDL for Package PKG_PERMISSION
--------------------------------------------------------

  CREATE OR REPLACE EDITIONABLE PACKAGE "PKG_PERMISSION" AS
  PROCEDURE list_permissions(p_cursor OUT SYS_REFCURSOR);

  PROCEDURE save_permission(
    p_id    IN NUMBER,
    p_name  IN VARCHAR2,
    p_code  IN VARCHAR2,
    p_descr IN VARCHAR2,
    p_out_id OUT NUMBER
  );

  PROCEDURE delete_permission(p_id IN NUMBER);

  PROCEDURE list_role_permissions(p_cursor OUT SYS_REFCURSOR);

  PROCEDURE update_role_permissions(p_role_id IN NUMBER, p_codes IN VARCHAR2);

  PROCEDURE user_has_permission(p_email IN VARCHAR2, p_code IN VARCHAR2, p_has OUT NUMBER);
END pkg_permission;

/
--------------------------------------------------------
--  DDL for Package PKG_PERSON
--------------------------------------------------------

  CREATE OR REPLACE EDITIONABLE PACKAGE "PKG_PERSON" AS
  -- Zamestnanec
  PROCEDURE employee_get(p_id IN NUMBER, p_cursor OUT SYS_REFCURSOR);
  PROCEDURE employee_list(p_cursor OUT SYS_REFCURSOR);
  PROCEDURE employee_positions(p_cursor OUT SYS_REFCURSOR);
  PROCEDURE employee_save(
    p_id     IN NUMBER,
    p_mzda   IN NUMBER,
    p_datum  IN DATE,
    p_pozice IN VARCHAR2
  );
  PROCEDURE employee_delete(p_id IN NUMBER);

  -- Zakaznik
  PROCEDURE customer_get(p_id IN NUMBER, p_cursor OUT SYS_REFCURSOR);
  PROCEDURE customer_list(p_cursor OUT SYS_REFCURSOR);
  PROCEDURE customer_save(p_id IN NUMBER, p_karta IN VARCHAR2);
  PROCEDURE customer_delete(p_id IN NUMBER);

  -- Dodavatel
  PROCEDURE supplier_get(p_id IN NUMBER, p_cursor OUT SYS_REFCURSOR);
  PROCEDURE supplier_list(p_cursor OUT SYS_REFCURSOR);
  PROCEDURE supplier_save(p_id IN NUMBER, p_firma IN VARCHAR2);
  PROCEDURE supplier_delete(p_id IN NUMBER);
END pkg_person;

/
--------------------------------------------------------
--  DDL for Package PKG_ROLE
--------------------------------------------------------

  CREATE OR REPLACE EDITIONABLE PACKAGE "PKG_ROLE" AS
  PROCEDURE list_roles(p_cursor OUT SYS_REFCURSOR);
  PROCEDURE get_by_id(p_id IN NUMBER, p_cursor OUT SYS_REFCURSOR);
  PROCEDURE get_by_name(p_name IN VARCHAR2, p_cursor OUT SYS_REFCURSOR);
  PROCEDURE save_role(p_id IN NUMBER, p_name IN VARCHAR2, p_out_id OUT NUMBER);
  PROCEDURE delete_role(p_id IN NUMBER);
END pkg_role;

/
--------------------------------------------------------
--  DDL for Package PKG_USER
--------------------------------------------------------

  CREATE OR REPLACE EDITIONABLE PACKAGE "PKG_USER" AS
  PROCEDURE get_by_email(p_email IN VARCHAR2, p_cursor OUT SYS_REFCURSOR);
  PROCEDURE get_by_id(p_id IN NUMBER, p_cursor OUT SYS_REFCURSOR);
  PROCEDURE list_all(p_cursor OUT SYS_REFCURSOR);
  PROCEDURE get_by_phone(p_phone IN VARCHAR2, p_cursor OUT SYS_REFCURSOR);
  PROCEDURE get_by_role(p_role IN VARCHAR2, p_cursor OUT SYS_REFCURSOR);
  PROCEDURE email_used(p_email IN VARCHAR2, p_self_id IN NUMBER, p_used OUT NUMBER);
  PROCEDURE phone_used(p_phone IN VARCHAR2, p_self_id IN NUMBER, p_used OUT NUMBER);
  PROCEDURE create_user(
    p_jmeno    IN VARCHAR2,
    p_prijmeni IN VARCHAR2,
    p_email    IN VARCHAR2,
    p_heslo    IN VARCHAR2,
    p_phone    IN VARCHAR2,
    p_role_id  IN NUMBER,
    p_id       OUT NUMBER
  );
  PROCEDURE update_core(
    p_id       IN NUMBER,
    p_jmeno    IN VARCHAR2,
    p_prijmeni IN VARCHAR2,
    p_email    IN VARCHAR2,
    p_heslo    IN VARCHAR2,
    p_phone    IN VARCHAR2,
    p_role_id  IN NUMBER
  );
  PROCEDURE delete_user(p_id IN NUMBER);
END pkg_user;

/
--------------------------------------------------------
--  DDL for Package Body PKG_ARCHIVE
--------------------------------------------------------

  CREATE OR REPLACE EDITIONABLE PACKAGE BODY "PKG_ARCHIVE" AS

  --------------------------------------------------------------------
  -- Helpers
  --------------------------------------------------------------------
  FUNCTION normalize_limit(p_size NUMBER DEFAULT 100) RETURN NUMBER IS
  BEGIN
    IF p_size IS NULL OR p_size < 1 THEN
      RETURN 100;
    ELSIF p_size > 500 THEN
      RETURN 500;
    END IF;
    RETURN p_size;
  END;

  FUNCTION is_log_folder(p_archiv_id NUMBER) RETURN NUMBER IS
    v_count NUMBER;
  BEGIN
    SELECT COUNT(*)
      INTO v_count
      FROM (
            SELECT 1
              FROM ARCHIV
             WHERE REGEXP_LIKE(NAZEV, '(^|[^[:alnum:]])(log|zpravy|zprava|uzivatele|uživatele)([^[:alnum:]]|$)', 'i')
             START WITH ID_ARCHIV = p_archiv_id
           CONNECT BY PRIOR ID_ARCHIV = PARENT_ID
          ) t
     WHERE ROWNUM = 1;
    IF v_count > 0 THEN
      RETURN 1;
    END IF;
    RETURN 0;
  END;

  --------------------------------------------------------------------
  -- Strom archivu
  --------------------------------------------------------------------
  PROCEDURE get_tree(p_cursor OUT SYS_REFCURSOR) IS
  BEGIN
    OPEN p_cursor FOR
      SELECT ID_ARCHIV       AS id,
             NAZEV           AS name,
             PARENT_ID       AS parent_id,
             LEVEL           AS lvl,
             SYS_CONNECT_BY_PATH(NAZEV, '/') AS path
        FROM ARCHIV
       START WITH PARENT_ID IS NULL
     CONNECT BY PRIOR ID_ARCHIV = PARENT_ID
     ORDER SIBLINGS BY NAZEV;
  END;

  --------------------------------------------------------------------
  -- Výpis metadat souborů (bez obsahu)
  --------------------------------------------------------------------
  PROCEDURE get_files(
    p_archive_id IN NUMBER,
    p_q          IN VARCHAR2,
    p_size       IN NUMBER,
    p_cursor     OUT SYS_REFCURSOR
  ) IS
    v_size NUMBER := normalize_limit(p_size);
  BEGIN
    OPEN p_cursor FOR
      SELECT *
        FROM (
              SELECT s.ID_SOUBOR            AS id,
                     s.NAZEV                AS name,
                     s.PRIPONA              AS ext,
                     s.TYP                  AS type,
                     a.NAZEV                AS archive,
                     (u.JMENO || ' ' || u.PRIJMENI) AS owner,
                     CAST(s.POPIS AS VARCHAR2(4000)) AS description,
                     s.DATUMNAHRANI         AS uploaded,
                     s.DATUMMODIFIKACE      AS updated,
                     DBMS_LOB.GETLENGTH(s.OBSAH) AS file_size
                FROM SOUBOR s
                JOIN ARCHIV a ON a.ID_ARCHIV = s.ID_ARCHIV
           LEFT JOIN UZIVATEL u ON u.ID_UZIVATEL = s.ID_UZIVATELU
               WHERE (p_archive_id IS NULL OR s.ID_ARCHIV = p_archive_id)
                 AND (p_q IS NULL OR LOWER(s.NAZEV) LIKE '%' || LOWER(p_q) || '%' OR LOWER(s.TYP) LIKE '%' || LOWER(p_q) || '%')
               ORDER BY s.DATUMMODIFIKACE DESC
             ) t
       WHERE ROWNUM <= v_size;
  END;

  --------------------------------------------------------------------
  -- Náhled / download obsahu souboru
  --------------------------------------------------------------------
  PROCEDURE get_file_data(
    p_file_id IN NUMBER,
    p_name    OUT VARCHAR2,
    p_ext     OUT VARCHAR2,
    p_type    OUT VARCHAR2,
    p_blob    OUT BLOB
  ) IS
  BEGIN
    SELECT NAZEV, PRIPONA, TYP, OBSAH
      INTO p_name, p_ext, p_type, p_blob
      FROM SOUBOR
     WHERE ID_SOUBOR = p_file_id;
  END;

  --------------------------------------------------------------------
  -- Upload souboru
  --------------------------------------------------------------------
  PROCEDURE save_file(
    p_archive_id  IN NUMBER,
    p_owner_email IN VARCHAR2,
    p_filename    IN VARCHAR2,
    p_mime        IN VARCHAR2,
    p_blob        IN BLOB,
    p_new_id      OUT NUMBER
  ) IS
    v_owner_id NUMBER;
    v_ext      VARCHAR2(30);
    v_name     VARCHAR2(100);
  BEGIN
    IF p_blob IS NULL THEN
      RAISE_APPLICATION_ERROR(-20050, 'Soubor je prázdný.');
    END IF;
    IF p_archive_id IS NULL THEN
      RAISE_APPLICATION_ERROR(-20051, 'Archiv musí být vybrán.');
    END IF;

    IF is_log_folder(p_archive_id) = 1 THEN
      RAISE_APPLICATION_ERROR(-20052, 'Nahrávání do LOG není povoleno.');
    END IF;

    -- Owner podle emailu, fallback první uživatel.
    BEGIN
      SELECT ID_UZIVATEL
        INTO v_owner_id
        FROM UZIVATEL
       WHERE EMAIL = p_owner_email
         AND ROWNUM = 1;
    EXCEPTION
      WHEN NO_DATA_FOUND THEN
        SELECT ID_UZIVATEL
          INTO v_owner_id
          FROM (
                SELECT ID_UZIVATEL
                  FROM UZIVATEL
              ORDER BY ID_UZIVATEL
               )
         WHERE ROWNUM = 1;
    END;

    -- Název / přípona
    IF INSTR(p_filename, '.', -1) > 0 THEN
      v_ext  := SUBSTR(p_filename, INSTR(p_filename, '.', -1) + 1);
      v_name := SUBSTR(p_filename, 1, INSTR(p_filename, '.', -1) - 1);
    ELSE
      v_ext  := '';
      v_name := p_filename;
    END IF;

    INSERT INTO SOUBOR (
      ID_SOUBOR, NAZEV, TYP, PRIPONA, OBSAH,
      DATUMNAHRANI, DATUMMODIFIKACE, POPIS,
      ID_UZIVATELU, ID_ARCHIV
    ) VALUES (
      SEQ_SOUBOR_ID.NEXTVAL,
      v_name,
      NVL(p_mime, 'application/octet-stream'),
      v_ext,
      p_blob,
      SYSDATE,
      SYSDATE,
      'Nahráno přes proceduru',
      v_owner_id,
      p_archive_id
    )
    RETURNING ID_SOUBOR INTO p_new_id;
  END;

  --------------------------------------------------------------------
  -- Uložení obsahu (edit)
  --------------------------------------------------------------------
  PROCEDURE update_file_data(
    p_file_id IN NUMBER,
    p_blob    IN BLOB
  ) IS
  BEGIN
    UPDATE SOUBOR
       SET OBSAH = p_blob,
           DATUMMODIFIKACE = SYSDATE
     WHERE ID_SOUBOR = p_file_id;

    IF SQL%ROWCOUNT = 0 THEN
      RAISE_APPLICATION_ERROR(-20053, 'Soubor not found');
    END IF;
  END;

  --------------------------------------------------------------------
  -- Uložení popisu
  --------------------------------------------------------------------
  PROCEDURE update_file_descr(
    p_file_id IN NUMBER,
    p_descr   IN VARCHAR2
  ) IS
  BEGIN
    UPDATE SOUBOR
       SET POPIS = p_descr,
           DATUMMODIFIKACE = SYSDATE
     WHERE ID_SOUBOR = p_file_id;

    IF SQL%ROWCOUNT = 0 THEN
      RAISE_APPLICATION_ERROR(-20054, 'Soubor not found');
    END IF;
  END;

  --------------------------------------------------------------------
  -- Delete souboru
  --------------------------------------------------------------------
  PROCEDURE delete_file(p_file_id IN NUMBER) IS
  BEGIN
    DELETE FROM SOUBOR WHERE ID_SOUBOR = p_file_id;
    IF SQL%ROWCOUNT = 0 THEN
      RAISE_APPLICATION_ERROR(-20055, 'Soubor not found');
    END IF;
  END;

  --------------------------------------------------------------------
  -- Výpis logů
  --------------------------------------------------------------------
  PROCEDURE get_logs(
    p_archive_id IN NUMBER,
    p_table      IN VARCHAR2,
    p_op         IN VARCHAR2,
    p_size       IN NUMBER,
    p_cursor     OUT SYS_REFCURSOR
  ) IS
    v_size NUMBER := normalize_limit(p_size);
  BEGIN
    OPEN p_cursor FOR
      SELECT *
        FROM (
              SELECT l.ID_LOG                      AS id,
                     l.TABULKANAZEV                AS table_name,
                     l.OPERACE                     AS op,
                     l.DATUMZMENY                  AS timestamp,
                     CAST(l.POPIS AS VARCHAR2(4000))    AS descr,
                     COALESCE(h.cesta, a.NAZEV)    AS archive_path,
                     l.IDREKORD                    AS record_id,
                     CAST(l.NOVADATA AS VARCHAR2(4000)) AS new_data,
                     CAST(l.STARADATA AS VARCHAR2(4000)) AS old_data
                FROM LOG l
                JOIN ARCHIV a ON a.ID_ARCHIV = l.ID_ARCHIV
           LEFT JOIN (
                      SELECT ID_ARCHIV, SYS_CONNECT_BY_PATH(NAZEV, '/') AS cesta
                        FROM ARCHIV
                       START WITH PARENT_ID IS NULL
                     CONNECT BY PRIOR ID_ARCHIV = PARENT_ID
                     ) h ON h.ID_ARCHIV = l.ID_ARCHIV
               WHERE (p_archive_id IS NULL OR l.ID_ARCHIV = p_archive_id)
                 AND (p_table IS NULL OR l.TABULKANAZEV = p_table)
                 AND (p_op IS NULL OR l.OPERACE = p_op)
               ORDER BY l.DATUMZMENY DESC
             ) t
       WHERE ROWNUM <= v_size;
  END;

  --------------------------------------------------------------------
  -- Update popisu logu
  --------------------------------------------------------------------
  PROCEDURE update_log_descr(
    p_log_id IN NUMBER,
    p_descr  IN VARCHAR2
  ) IS
  BEGIN
    UPDATE LOG
       SET POPIS = p_descr,
           DATUMZMENY = SYSDATE
     WHERE ID_LOG = p_log_id;

    IF SQL%ROWCOUNT = 0 THEN
      RAISE_APPLICATION_ERROR(-20056, 'Log not found');
    END IF;
  END;

  --------------------------------------------------------------------
  -- Delete logu
  --------------------------------------------------------------------
  PROCEDURE delete_log(p_log_id IN NUMBER) IS
  BEGIN
    DELETE FROM LOG WHERE ID_LOG = p_log_id;
    IF SQL%ROWCOUNT = 0 THEN
      RAISE_APPLICATION_ERROR(-20057, 'Log not found');
    END IF;
  END;

END pkg_archive;

/
--------------------------------------------------------
--  DDL for Package Body PKG_LOCATION
--------------------------------------------------------

  CREATE OR REPLACE EDITIONABLE PACKAGE BODY "PKG_LOCATION" AS

  PROCEDURE mesto_list(p_cursor OUT SYS_REFCURSOR) IS
  BEGIN
    OPEN p_cursor FOR
      SELECT m.PSC, m.NAZEV, m.KRAJ
        FROM MESTO m
    ORDER BY m.PSC;
  END;

  PROCEDURE mesto_get(p_psc IN VARCHAR2, p_cursor OUT SYS_REFCURSOR) IS
  BEGIN
    OPEN p_cursor FOR
      SELECT m.PSC, m.NAZEV, m.KRAJ
        FROM MESTO m
       WHERE m.PSC = p_psc;
  END;

  PROCEDURE adresa_get(p_id IN NUMBER, p_cursor OUT SYS_REFCURSOR) IS
  BEGIN
    OPEN p_cursor FOR
      SELECT a.ID_ADRESA,
             a.ULICE,
             a.CISLOPOPISNE,
             a.CISLOORIENTACNI,
             a.MESTO_PSC AS PSC
        FROM ADRESA a
       WHERE a.ID_ADRESA = p_id;
  END;

  PROCEDURE adresa_save(
    p_id     IN NUMBER,
    p_ulice  IN VARCHAR2,
    p_cpop   IN VARCHAR2,
    p_corient IN VARCHAR2,
    p_psc    IN VARCHAR2,
    p_out_id OUT NUMBER
  ) IS
    v_id NUMBER;
  BEGIN
    IF p_id IS NULL THEN
      INSERT INTO ADRESA (ID_ADRESA, ULICE, CISLOPOPISNE, CISLOORIENTACNI, MESTO_PSC)
      VALUES (SEQ_ADRESA_ID.NEXTVAL, p_ulice, p_cpop, p_corient, p_psc)
      RETURNING ID_ADRESA INTO v_id;
    ELSE
      UPDATE ADRESA
         SET ULICE = p_ulice,
             CISLOPOPISNE = p_cpop,
             CISLOORIENTACNI = p_corient,
             MESTO_PSC = p_psc
       WHERE ID_ADRESA = p_id;
      IF SQL%ROWCOUNT = 0 THEN
        RAISE_APPLICATION_ERROR(-20090, 'Adresa not found');
      END IF;
      v_id := p_id;
    END IF;
    p_out_id := v_id;
  END;

  PROCEDURE adresa_delete(p_id IN NUMBER) IS
  BEGIN
    DELETE FROM ADRESA WHERE ID_ADRESA = p_id;
  END;

END pkg_location;

/
--------------------------------------------------------
--  DDL for Package Body PKG_PERMISSION
--------------------------------------------------------

  CREATE OR REPLACE EDITIONABLE PACKAGE BODY "PKG_PERMISSION" AS

  FUNCTION split_csv(p_codes VARCHAR2) RETURN SYS.ODCIVARCHAR2LIST IS
    v_result SYS.ODCIVARCHAR2LIST := SYS.ODCIVARCHAR2LIST();
    v_idx    PLS_INTEGER := 1;
    v_item   VARCHAR2(255);
  BEGIN
    IF p_codes IS NULL OR TRIM(p_codes) IS NULL THEN
      RETURN v_result;
    END IF;
    LOOP
      v_item := REGEXP_SUBSTR(p_codes, '[^,]+', 1, v_idx);
      EXIT WHEN v_item IS NULL;
      v_result.EXTEND;
      v_result(v_result.COUNT) := TRIM(v_item);
      v_idx := v_idx + 1;
    END LOOP;
    RETURN v_result;
  END;

  PROCEDURE list_permissions(p_cursor OUT SYS_REFCURSOR) IS
  BEGIN
    OPEN p_cursor FOR
      SELECT ID_PRAVO AS id, KOD AS code, NAZEV AS name, POPIS AS descr
        FROM PRAVO
    ORDER BY KOD;
  END;

  PROCEDURE save_permission(
    p_id    IN NUMBER,
    p_name  IN VARCHAR2,
    p_code  IN VARCHAR2,
    p_descr IN VARCHAR2,
    p_out_id OUT NUMBER
  ) IS
    v_id NUMBER;
  BEGIN
    IF p_name IS NULL OR p_code IS NULL THEN
      RAISE_APPLICATION_ERROR(-20060, 'Název i kód práva jsou povinné.');
    END IF;
    IF p_id IS NULL THEN
      INSERT INTO PRAVO (ID_PRAVO, NAZEV, KOD, POPIS)
      VALUES (SEQ_PRAVO_ID.NEXTVAL, p_name, p_code, p_descr)
      RETURNING ID_PRAVO INTO v_id;
    ELSE
      UPDATE PRAVO
         SET NAZEV = p_name,
             KOD   = p_code,
             POPIS = p_descr
       WHERE ID_PRAVO = p_id;
      IF SQL%ROWCOUNT = 0 THEN
        RAISE_APPLICATION_ERROR(-20061, 'Právo neexistuje.');
      END IF;
      v_id := p_id;
    END IF;
    p_out_id := v_id;
  END;

  PROCEDURE delete_permission(p_id IN NUMBER) IS
  BEGIN
    DELETE FROM APP_ROLE_PRAVO WHERE ID_PRAVO = p_id;
    DELETE FROM PRAVO WHERE ID_PRAVO = p_id;
  END;

  PROCEDURE list_role_permissions(p_cursor OUT SYS_REFCURSOR) IS
  BEGIN
    OPEN p_cursor FOR
      SELECT r.ID_ROLE   AS role_id,
             r.NAZEV     AS role_name,
             p.KOD       AS permission_code
        FROM APP_ROLE r
        LEFT JOIN APP_ROLE_PRAVO rp ON rp.ID_ROLE = r.ID_ROLE
        LEFT JOIN PRAVO p ON p.ID_PRAVO = rp.ID_PRAVO
    ORDER BY r.ID_ROLE, p.KOD;
  END;

  PROCEDURE update_role_permissions(p_role_id IN NUMBER, p_codes IN VARCHAR2) IS
    v_codes SYS.ODCIVARCHAR2LIST := split_csv(p_codes);
  BEGIN
    IF p_role_id IS NULL THEN
      RAISE_APPLICATION_ERROR(-20062, 'Role ID je povinné.');
    END IF;

    -- smažeme vazby, které už nejsou v seznamu
    DELETE FROM APP_ROLE_PRAVO rp
     WHERE rp.ID_ROLE = p_role_id
       AND NOT EXISTS (
             SELECT 1
               FROM TABLE(v_codes) c
               JOIN PRAVO p ON UPPER(p.KOD) = UPPER(c.COLUMN_VALUE)
              WHERE p.ID_PRAVO = rp.ID_PRAVO
           );

    -- přidáme nové vazby
    FOR rec IN (
        SELECT p.ID_PRAVO AS pid
          FROM PRAVO p
         WHERE EXISTS (
               SELECT 1 FROM TABLE(v_codes) c
                WHERE UPPER(c.COLUMN_VALUE) = UPPER(p.KOD)
           )
           AND NOT EXISTS (
               SELECT 1 FROM APP_ROLE_PRAVO rp
                WHERE rp.ID_ROLE = p_role_id AND rp.ID_PRAVO = p.ID_PRAVO
           )
    ) LOOP
      INSERT INTO APP_ROLE_PRAVO(ID_ROLE, ID_PRAVO)
      VALUES (p_role_id, rec.pid);
    END LOOP;

    -- pokud seznam prázdný, v_codes má count 0 a DELETE výše odmaže vše, insert nic nepřidá
  END;

  PROCEDURE user_has_permission(p_email IN VARCHAR2, p_code IN VARCHAR2, p_has OUT NUMBER) IS
    v_exists NUMBER;
  BEGIN
    SELECT COUNT(*)
      INTO v_exists
      FROM UZIVATEL u
      JOIN APP_ROLE r ON r.ID_ROLE = u.ID_ROLE
      JOIN APP_ROLE_PRAVO rp ON rp.ID_ROLE = r.ID_ROLE
      JOIN PRAVO p ON p.ID_PRAVO = rp.ID_PRAVO
     WHERE LOWER(u.EMAIL) = LOWER(p_email)
       AND UPPER(p.KOD) = UPPER(p_code);
    p_has := CASE WHEN v_exists > 0 THEN 1 ELSE 0 END;
  END;

END pkg_permission;

/
--------------------------------------------------------
--  DDL for Package Body PKG_PERSON
--------------------------------------------------------

  CREATE OR REPLACE EDITIONABLE PACKAGE BODY "PKG_PERSON" AS

  --------------------------------------------------------------------
  -- Zamestnanec
  --------------------------------------------------------------------
  PROCEDURE employee_get(p_id IN NUMBER, p_cursor OUT SYS_REFCURSOR) IS
  BEGIN
    OPEN p_cursor FOR
      SELECT ID_UZIVATELU AS id,
             MZDA        AS mzda,
             DATUMNASTUPA AS datum,
             POZICE      AS pozice
        FROM ZAMESTNANEC
       WHERE ID_UZIVATELU = p_id;
  END;

  PROCEDURE employee_list(p_cursor OUT SYS_REFCURSOR) IS
  BEGIN
    OPEN p_cursor FOR
      SELECT ID_UZIVATELU AS id,
             MZDA        AS mzda,
             DATUMNASTUPA AS datum,
             POZICE      AS pozice
        FROM ZAMESTNANEC
    ORDER BY ID_UZIVATELU;
  END;

  PROCEDURE employee_positions(p_cursor OUT SYS_REFCURSOR) IS
  BEGIN
    OPEN p_cursor FOR
      SELECT DISTINCT POZICE AS pozice
        FROM ZAMESTNANEC
    ORDER BY POZICE;
  END;

  PROCEDURE employee_save(
    p_id     IN NUMBER,
    p_mzda   IN NUMBER,
    p_datum  IN DATE,
    p_pozice IN VARCHAR2
  ) IS
  BEGIN
    UPDATE ZAMESTNANEC
       SET MZDA = p_mzda,
           DATUMNASTUPA = p_datum,
           POZICE = p_pozice
     WHERE ID_UZIVATELU = p_id;

    IF SQL%ROWCOUNT = 0 THEN
      INSERT INTO ZAMESTNANEC (ID_UZIVATELU, MZDA, DATUMNASTUPA, POZICE)
      VALUES (p_id, p_mzda, p_datum, p_pozice);
    END IF;
  END;

  PROCEDURE employee_delete(p_id IN NUMBER) IS
  BEGIN
    DELETE FROM ZAMESTNANEC WHERE ID_UZIVATELU = p_id;
  END;

  --------------------------------------------------------------------
  -- Zakaznik
  --------------------------------------------------------------------
  PROCEDURE customer_get(p_id IN NUMBER, p_cursor OUT SYS_REFCURSOR) IS
  BEGIN
    OPEN p_cursor FOR
      SELECT ID_UZIVATELU AS id,
             KARTAVERNOSTI AS karta
        FROM ZAKAZNIK
       WHERE ID_UZIVATELU = p_id;
  END;

  PROCEDURE customer_list(p_cursor OUT SYS_REFCURSOR) IS
  BEGIN
    OPEN p_cursor FOR
      SELECT ID_UZIVATELU AS id,
             KARTAVERNOSTI AS karta
        FROM ZAKAZNIK
    ORDER BY ID_UZIVATELU;
  END;

  PROCEDURE customer_save(p_id IN NUMBER, p_karta IN VARCHAR2) IS
  BEGIN
    UPDATE ZAKAZNIK
       SET KARTAVERNOSTI = p_karta
     WHERE ID_UZIVATELU = p_id;

    IF SQL%ROWCOUNT = 0 THEN
      INSERT INTO ZAKAZNIK (ID_UZIVATELU, KARTAVERNOSTI)
      VALUES (p_id, p_karta);
    END IF;
  END;

  PROCEDURE customer_delete(p_id IN NUMBER) IS
  BEGIN
    DELETE FROM ZAKAZNIK WHERE ID_UZIVATELU = p_id;
  END;

  --------------------------------------------------------------------
  -- Dodavatel
  --------------------------------------------------------------------
  PROCEDURE supplier_get(p_id IN NUMBER, p_cursor OUT SYS_REFCURSOR) IS
  BEGIN
    OPEN p_cursor FOR
      SELECT ID_UZIVATELU AS id,
             FIRMA        AS firma
        FROM DODAVATEL
       WHERE ID_UZIVATELU = p_id;
  END;

  PROCEDURE supplier_list(p_cursor OUT SYS_REFCURSOR) IS
  BEGIN
    OPEN p_cursor FOR
      SELECT ID_UZIVATELU AS id,
             FIRMA        AS firma
        FROM DODAVATEL
    ORDER BY ID_UZIVATELU;
  END;

  PROCEDURE supplier_save(p_id IN NUMBER, p_firma IN VARCHAR2) IS
  BEGIN
    UPDATE DODAVATEL
       SET FIRMA = p_firma
     WHERE ID_UZIVATELU = p_id;

    IF SQL%ROWCOUNT = 0 THEN
      INSERT INTO DODAVATEL (ID_UZIVATELU, FIRMA)
      VALUES (p_id, p_firma);
    END IF;
  END;

  PROCEDURE supplier_delete(p_id IN NUMBER) IS
  BEGIN
    DELETE FROM DODAVATEL WHERE ID_UZIVATELU = p_id;
  END;

END pkg_person;

/
--------------------------------------------------------
--  DDL for Package Body PKG_ROLE
--------------------------------------------------------

  CREATE OR REPLACE EDITIONABLE PACKAGE BODY "PKG_ROLE" AS

  PROCEDURE list_roles(p_cursor OUT SYS_REFCURSOR) IS
  BEGIN
    OPEN p_cursor FOR
      SELECT ID_ROLE AS id, NAZEV AS name
        FROM APP_ROLE
    ORDER BY ID_ROLE;
  END;

  PROCEDURE get_by_id(p_id IN NUMBER, p_cursor OUT SYS_REFCURSOR) IS
  BEGIN
    OPEN p_cursor FOR
      SELECT ID_ROLE AS id, NAZEV AS name
        FROM APP_ROLE
       WHERE ID_ROLE = p_id;
  END;

  PROCEDURE get_by_name(p_name IN VARCHAR2, p_cursor OUT SYS_REFCURSOR) IS
  BEGIN
    OPEN p_cursor FOR
      SELECT ID_ROLE AS id, NAZEV AS name
        FROM APP_ROLE
       WHERE UPPER(NAZEV) = UPPER(p_name);
  END;

  PROCEDURE save_role(p_id IN NUMBER, p_name IN VARCHAR2, p_out_id OUT NUMBER) IS
    v_id NUMBER;
  BEGIN
    IF p_id IS NULL THEN
      INSERT INTO APP_ROLE(ID_ROLE, NAZEV)
      VALUES (SEQ_ROLE_ID.NEXTVAL, p_name)
      RETURNING ID_ROLE INTO v_id;
    ELSE
      UPDATE APP_ROLE
         SET NAZEV = p_name
       WHERE ID_ROLE = p_id;
      IF SQL%ROWCOUNT = 0 THEN
        RAISE_APPLICATION_ERROR(-20091, 'Role not found');
      END IF;
      v_id := p_id;
    END IF;
    p_out_id := v_id;
  END;

  PROCEDURE delete_role(p_id IN NUMBER) IS
  BEGIN
    DELETE FROM APP_ROLE_PRAVO WHERE ID_ROLE = p_id;
    DELETE FROM UZIVATEL WHERE ID_ROLE = p_id;
    DELETE FROM APP_ROLE WHERE ID_ROLE = p_id;
  END;

END pkg_role;

/
--------------------------------------------------------
--  DDL for Package Body PKG_USER
--------------------------------------------------------

  CREATE OR REPLACE EDITIONABLE PACKAGE BODY "PKG_USER" AS

  FUNCTION base_query RETURN VARCHAR2 IS
  BEGIN
    RETURN '
      SELECT u.ID_UZIVATEL  AS id,
             u.JMENO        AS jmeno,
             u.PRIJMENI     AS prijmeni,
             u.EMAIL        AS email,
             u.HESLO        AS heslo,
             u.TELEFONNICISLO AS phone,
             u.ID_ADRESA    AS addr_id,
             a.ULICE        AS ulice,
             a.CISLOPOPISNE AS cpop,
             a.CISLOORIENTACNI AS corient,
             a.MESTO_PSC    AS psc,
             m.NAZEV        AS mesto,
             m.KRAJ         AS kraj,
             r.ID_ROLE      AS role_id,
             r.NAZEV        AS role_name
        FROM UZIVATEL u
        LEFT JOIN ADRESA a ON a.ID_ADRESA = u.ID_ADRESA
        LEFT JOIN MESTO m ON m.PSC = a.MESTO_PSC
        LEFT JOIN APP_ROLE r ON r.ID_ROLE = u.ID_ROLE
    ';
  END;

  PROCEDURE get_by_email(p_email IN VARCHAR2, p_cursor OUT SYS_REFCURSOR) IS
  BEGIN
    OPEN p_cursor FOR base_query() || ' WHERE LOWER(u.EMAIL) = LOWER(:1)' USING p_email;
  END;

  PROCEDURE get_by_id(p_id IN NUMBER, p_cursor OUT SYS_REFCURSOR) IS
  BEGIN
    OPEN p_cursor FOR base_query() || ' WHERE u.ID_UZIVATEL = :1' USING p_id;
  END;

  PROCEDURE list_all(p_cursor OUT SYS_REFCURSOR) IS
  BEGIN
    OPEN p_cursor FOR base_query() || ' ORDER BY u.ID_UZIVATEL';
  END;

  PROCEDURE get_by_phone(p_phone IN VARCHAR2, p_cursor OUT SYS_REFCURSOR) IS
  BEGIN
    OPEN p_cursor FOR base_query() || ' WHERE u.TELEFONNICISLO = :1' USING p_phone;
  END;

  PROCEDURE get_by_role(p_role IN VARCHAR2, p_cursor OUT SYS_REFCURSOR) IS
  BEGIN
    OPEN p_cursor FOR base_query() || ' WHERE LOWER(r.NAZEV) = LOWER(:1)' USING p_role;
  END;

  PROCEDURE email_used(p_email IN VARCHAR2, p_self_id IN NUMBER, p_used OUT NUMBER) IS
    v_cnt NUMBER;
  BEGIN
    SELECT COUNT(*) INTO v_cnt
      FROM UZIVATEL
     WHERE LOWER(EMAIL) = LOWER(p_email)
       AND ID_UZIVATEL <> NVL(p_self_id, -1);
    p_used := CASE WHEN v_cnt > 0 THEN 1 ELSE 0 END;
  END;

  PROCEDURE phone_used(p_phone IN VARCHAR2, p_self_id IN NUMBER, p_used OUT NUMBER) IS
    v_cnt NUMBER;
  BEGIN
    SELECT COUNT(*) INTO v_cnt
      FROM UZIVATEL
     WHERE TELEFONNICISLO = p_phone
       AND ID_UZIVATEL <> NVL(p_self_id, -1);
    p_used := CASE WHEN v_cnt > 0 THEN 1 ELSE 0 END;
  END;

  PROCEDURE update_core(
    p_id       IN NUMBER,
    p_jmeno    IN VARCHAR2,
    p_prijmeni IN VARCHAR2,
    p_email    IN VARCHAR2,
    p_heslo    IN VARCHAR2,
    p_phone    IN VARCHAR2,
    p_role_id  IN NUMBER
  ) IS
  BEGIN
    UPDATE UZIVATEL
       SET JMENO = p_jmeno,
           PRIJMENI = p_prijmeni,
           EMAIL = p_email,
           HESLO = p_heslo,
           TELEFONNICISLO = p_phone,
           ID_ROLE = p_role_id
     WHERE ID_UZIVATEL = p_id;
    IF SQL%ROWCOUNT = 0 THEN
      RAISE_APPLICATION_ERROR(-20080, 'Uzivatel not found');
    END IF;
  END;

  PROCEDURE create_user(
    p_jmeno    IN VARCHAR2,
    p_prijmeni IN VARCHAR2,
    p_email    IN VARCHAR2,
    p_heslo    IN VARCHAR2,
    p_phone    IN VARCHAR2,
    p_role_id  IN NUMBER,
    p_id       OUT NUMBER
  ) IS
  BEGIN
    INSERT INTO UZIVATEL (ID_UZIVATEL, JMENO, PRIJMENI, EMAIL, HESLO, TELEFONNICISLO, ID_ROLE)
    VALUES (SEQ_UZIVATEL_ID.NEXTVAL, p_jmeno, p_prijmeni, p_email, p_heslo, p_phone, p_role_id)
    RETURNING ID_UZIVATEL INTO p_id;
  END;

  PROCEDURE delete_user(p_id IN NUMBER) IS
  BEGIN
    DELETE FROM ZAMESTNANEC WHERE ID_UZIVATELU = p_id;
    DELETE FROM ZAKAZNIK WHERE ID_UZIVATELU = p_id;
    DELETE FROM DODAVATEL WHERE ID_UZIVATELU = p_id;
    DELETE FROM UZIVATEL WHERE ID_UZIVATEL = p_id;
  END;

END pkg_user;

/
--------------------------------------------------------
--  DDL for Function HODNOCENI_ZBOZI
--------------------------------------------------------

  CREATE OR REPLACE EDITIONABLE FUNCTION "HODNOCENI_ZBOZI" (
    p_id_zbozi INTEGER
) RETURN NUMBER
IS
    v_prodeje_zbozi NUMBER := 0;
    v_prodeje_total NUMBER := 0;
    v_mnozstvi NUMBER := 0;
    v_min NUMBER := 0;
    rating NUMBER := 0;
BEGIN
    --------------------------------------------------------------------
    -- Získáme počet prodaných kusů tohoto zboží
    --------------------------------------------------------------------
    SELECT NVL(SUM(pocet), 0)
    INTO v_prodeje_zbozi
    FROM OBJEDNAVKA_ZBOZI
    WHERE ID_Zbozi = p_id_zbozi;

    --------------------------------------------------------------------
    -- Získáme celkové množství všech prodejů
    --------------------------------------------------------------------
    SELECT NVL(SUM(pocet), 0)
    INTO v_prodeje_total
    FROM OBJEDNAVKA_ZBOZI;

    IF v_prodeje_total = 0 THEN
        RETURN 0;
    END IF;

    --------------------------------------------------------------------
    -- Získáme skladová data pro dané zboží
    --------------------------------------------------------------------
    SELECT mnozstvi, minMnozstvi
    INTO v_mnozstvi, v_min
    FROM ZBOZI
    WHERE ID_Zbozi = p_id_zbozi;

    --------------------------------------------------------------------
    -- Výpočet základního ratingu podle podílu na prodejích
    --------------------------------------------------------------------
    rating := (v_prodeje_zbozi / v_prodeje_total) * 100;

    --------------------------------------------------------------------
    -- Pokud je zboží pod minimálním množstvím, označíme jej jako "HOT"
    --------------------------------------------------------------------
    IF v_mnozstvi < v_min THEN
        rating := rating + 10;
    END IF;

    RETURN ROUND(rating, 2);
END;

/
--------------------------------------------------------
--  DDL for Function LAST_MESSAGE_SUMMARY
--------------------------------------------------------

  CREATE OR REPLACE EDITIONABLE FUNCTION "LAST_MESSAGE_SUMMARY" (
    p_user INTEGER
) RETURN VARCHAR2
IS
    v_sender_name VARCHAR2(255);
    v_time DATE;
    v_text CLOB;
    v_out VARCHAR2(4000);
BEGIN
    SELECT COALESCE(
               TRIM(u.jmeno || ' ' || u.prijmeni),
               u.email,
               'ID ' || z.odesilatel_ID
           ),
           z.datumZasilani,
           z.zprava
    INTO v_sender_name, v_time, v_text
    FROM (
        SELECT odesilatel_ID, datumZasilani, zprava
        FROM ZPRAVA
        WHERE prijimac_ID = p_user
          AND odesilatel_ID <> p_user
          AND datumZasilani > NVL((
                SELECT MAX(resp.datumZasilani)
                FROM ZPRAVA resp
                WHERE resp.odesilatel_ID = p_user
                  AND resp.prijimac_ID = ZPRAVA.odesilatel_ID
            ), DATE '1970-01-01')
        ORDER BY datumZasilani DESC
    ) z
    LEFT JOIN UZIVATEL u ON u.ID_Uzivatel = z.odesilatel_ID
    WHERE ROWNUM = 1;

    v_out := TO_CHAR(v_time, 'YYYY-MM-DD HH24:MI') || ' | od ' || v_sender_name || ': ' || DBMS_LOB.SUBSTR(v_text, 200, 1);
    RETURN v_out;
EXCEPTION
    WHEN NO_DATA_FOUND THEN
        RETURN 'Žádné zprávy';
END;

/
--------------------------------------------------------
--  DDL for Function RIZIKO_SKLADU
--------------------------------------------------------

  CREATE OR REPLACE EDITIONABLE FUNCTION "RIZIKO_SKLADU" (
    p_id_sklad INTEGER
) RETURN VARCHAR2
IS
    v_total NUMBER := 0;
    v_low NUMBER := 0;
    ratio NUMBER := 0;
BEGIN
    --------------------------------------------------------------------
    -- Celkový počet položek ve skladu
    --------------------------------------------------------------------
    SELECT COUNT(*) INTO v_total
    FROM ZBOZI
    WHERE SKLAD_ID_Sklad = p_id_sklad;

    IF v_total = 0 THEN
        RETURN 'CRITICAL';
    END IF;

    --------------------------------------------------------------------
    -- Počet položek pod minimálním množstvím
    --------------------------------------------------------------------
    SELECT COUNT(*)
    INTO v_low
    FROM ZBOZI
    WHERE SKLAD_ID_Sklad = p_id_sklad
      AND mnozstvi < minMnozstvi;

    ratio := (v_low / v_total) * 100;

    --------------------------------------------------------------------
    -- Klasifikace rizikovosti
    --------------------------------------------------------------------
    IF ratio >= 20 THEN
        RETURN 'CRITICAL';
    ELSIF ratio >= 10 THEN
        RETURN 'HIGH RISK';
    ELSIF ratio >= 5 THEN
        RETURN 'MEDIUM RISK';
    ELSE
        RETURN 'LOW RISK';
    END IF;
END;

/
--------------------------------------------------------
--  DDL for Function TREND_KATEGORIE
--------------------------------------------------------

  CREATE OR REPLACE EDITIONABLE FUNCTION "TREND_KATEGORIE" (
    p_id_kategorie INTEGER
) RETURN VARCHAR2
IS
    v_last30 NUMBER := 0;
    v_prev30 NUMBER := 0;
    trend NUMBER := 0;
BEGIN
    --------------------------------------------------------------------
    -- Prodeje za posledních 30 dní
    --------------------------------------------------------------------
    SELECT NVL(SUM(oz.pocet), 0)
    INTO v_last30
    FROM OBJEDNAVKA_ZBOZI oz
    JOIN ZBOZI z ON z.ID_Zbozi = oz.ID_Zbozi
    JOIN OBJEDNAVKA o ON o.ID_Objednavka = oz.ID_Objednavka
    WHERE z.ID_Kategorie = p_id_kategorie
      AND o.datum >= SYSDATE - 30;

    --------------------------------------------------------------------
    -- Prodeje za předchozích 30 dní
    --------------------------------------------------------------------
    SELECT NVL(SUM(oz.pocet), 0)
    INTO v_prev30
    FROM OBJEDNAVKA_ZBOZI oz
    JOIN ZBOZI z ON z.ID_Zbozi = oz.ID_Zbozi
    JOIN OBJEDNAVKA o ON o.ID_Objednavka = oz.ID_Objednavka
    WHERE z.ID_Kategorie = p_id_kategorie
      AND o.datum BETWEEN SYSDATE - 60 AND SYSDATE - 31;

    --------------------------------------------------------------------
    -- Pokud nejsou žádná data, jedná se o mrtvou kategorii
    --------------------------------------------------------------------
    IF v_last30 = 0 AND v_prev30 = 0 THEN
        RETURN 'DEAD';
    END IF;

    --------------------------------------------------------------------
    -- Výpočet růstu v procentech
    --------------------------------------------------------------------
    IF v_prev30 = 0 THEN
        trend := 100;
    ELSE
        trend := ((v_last30 - v_prev30) / v_prev30) * 100;
    END IF;

    --------------------------------------------------------------------
    -- Klasifikace podle hodnoty trendu
    --------------------------------------------------------------------
    IF trend >= 50 THEN
        RETURN 'HOT';
    ELSIF trend >= 10 THEN
        RETURN 'RISING';
    ELSIF trend > -10 THEN
        RETURN 'STABLE';
    ELSIF trend > -50 THEN
        RETURN 'FALLING';
    ELSE
        RETURN 'DEAD';
    END IF;
END;

/
--------------------------------------------------------
--  DDL for Function TYP_ZAKAZNIKA
--------------------------------------------------------

  CREATE OR REPLACE EDITIONABLE FUNCTION "TYP_ZAKAZNIKA" (
    p_id_uziv INTEGER
) RETURN VARCHAR2
IS
    v_pocet NUMBER := 0;
BEGIN
    --------------------------------------------------------------------
    -- Získáme počet objednávek daného zákazníka
    --------------------------------------------------------------------
    SELECT COUNT(*)
    INTO v_pocet
    FROM OBJEDNAVKA
    WHERE ID_Uzivatel = p_id_uziv;

    --------------------------------------------------------------------
    -- Klasifikace zákazníka podle počtu objednávek
    --------------------------------------------------------------------
    IF v_pocet > 20 THEN
        RETURN 'Platinum';
    ELSIF v_pocet >= 5 THEN
        RETURN 'Gold';
    ELSIF v_pocet >= 2 THEN
        RETURN 'Silver';
    ELSE
        RETURN 'Bronze';
    END IF;
END;

/
--------------------------------------------------------
--  DDL for Function UNREAD_MESSAGES
--------------------------------------------------------

  CREATE OR REPLACE EDITIONABLE FUNCTION "UNREAD_MESSAGES" (
    p_user INTEGER,
    p_from_user INTEGER DEFAULT NULL
) RETURN NUMBER
IS
    v_last_sent DATE := DATE '1970-01-01';
    v_unread NUMBER := 0;
BEGIN
    --------------------------------------------------------------------
    -- Pokud je zadán konkrétní odesílatel, počítáme unread pro danou dvojici.
    -- Jinak počítáme součet nepřečtených po poslední odpovědi pro každého odesílatele.
    --------------------------------------------------------------------
    IF p_from_user IS NOT NULL THEN
        SELECT NVL(MAX(datumZasilani), DATE '1970-01-01')
        INTO v_last_sent
        FROM ZPRAVA
        WHERE odesilatel_ID = p_user
          AND prijimac_ID = p_from_user;

        SELECT COUNT(*)
        INTO v_unread
        FROM ZPRAVA
        WHERE prijimac_ID = p_user
          AND odesilatel_ID = p_from_user
          AND datumZasilani > v_last_sent;
    ELSE
        SELECT COUNT(*)
        INTO v_unread
        FROM ZPRAVA z
        WHERE z.prijimac_ID = p_user
          AND z.odesilatel_ID <> p_user
          AND z.datumZasilani > NVL((
                SELECT MAX(resp.datumZasilani)
                FROM ZPRAVA resp
                WHERE resp.odesilatel_ID = p_user
                  AND resp.prijimac_ID = z.odesilatel_ID
            ), DATE '1970-01-01');
    END IF;

    RETURN v_unread;
END;

/
--------------------------------------------------------
--  DDL for Function VYPOCET_ZISKU_SUPERMARKETU
--------------------------------------------------------

  CREATE OR REPLACE EDITIONABLE FUNCTION "VYPOCET_ZISKU_SUPERMARKETU" (
    p_id_supermarket INTEGER
) RETURN NUMBER
IS
    v_prijem NUMBER := 0;
    v_naklady NUMBER := 0;
BEGIN
    --------------------------------------------------------------------
    -- Výpočet příjmů z prodejů
    --------------------------------------------------------------------
    SELECT NVL(SUM(z.cena * oz.pocet), 0)
    INTO v_prijem
    FROM OBJEDNAVKA_ZBOZI oz
    JOIN OBJEDNAVKA o ON o.ID_Objednavka = oz.ID_Objednavka
    JOIN ZBOZI z ON z.ID_Zbozi = oz.ID_Zbozi
    WHERE o.ID_Supermarket = p_id_supermarket;

    --------------------------------------------------------------------
    -- Výpočet nákladů podle kategorie zboží
    --------------------------------------------------------------------
    SELECT NVL(SUM(
        CASE
            WHEN k.nazev LIKE '%maso%' OR k.nazev LIKE '%chlaz%' 
                THEN (z.cena * 0.5 + z.mnozstvi * 0.3)
            WHEN k.nazev LIKE '%napoj%' OR k.nazev LIKE '%voda%' 
                THEN (z.cena * 0.3 + z.mnozstvi * 0.2)
            ELSE (z.cena * 0.2 + z.mnozstvi * 0.1)
        END
    ), 0)
    INTO v_naklady
    FROM ZBOZI z
    JOIN Kategorie_zbozi k ON k.ID_Kategorie = z.ID_Kategorie
    JOIN SKLAD s ON s.ID_Sklad = z.SKLAD_ID_Sklad
    WHERE s.ID_Supermarket = p_id_supermarket;

    RETURN ROUND(v_prijem - v_naklady, 2);
END;

/
--------------------------------------------------------
--  Constraints for Table ADRESA
--------------------------------------------------------

  ALTER TABLE "ADRESA" ADD CONSTRAINT "ADRESA_PK" PRIMARY KEY ("ID_ADRESA")
  USING INDEX PCTFREE 10 INITRANS 2 MAXTRANS 255 COMPUTE STATISTICS 
  STORAGE(INITIAL 65536 NEXT 1048576 MINEXTENTS 1 MAXEXTENTS 2147483645
  PCTINCREASE 0 FREELISTS 1 FREELIST GROUPS 1
  BUFFER_POOL DEFAULT FLASH_CACHE DEFAULT CELL_FLASH_CACHE DEFAULT)
  TABLESPACE "STUDENTI"  ENABLE;
  ALTER TABLE "ADRESA" MODIFY ("ID_ADRESA" NOT NULL ENABLE);
  ALTER TABLE "ADRESA" MODIFY ("ULICE" NOT NULL ENABLE);
  ALTER TABLE "ADRESA" MODIFY ("CISLOPOPISNE" NOT NULL ENABLE);
  ALTER TABLE "ADRESA" MODIFY ("MESTO_PSC" NOT NULL ENABLE);
  ALTER TABLE "ADRESA" MODIFY ("CISLOORIENTACNI" NOT NULL ENABLE);
--------------------------------------------------------
--  Constraints for Table APP_ROLE
--------------------------------------------------------

  ALTER TABLE "APP_ROLE" ADD CONSTRAINT "APP_ROLE_NAZEV_UN" UNIQUE ("NAZEV")
  USING INDEX PCTFREE 10 INITRANS 2 MAXTRANS 255 COMPUTE STATISTICS 
  STORAGE(INITIAL 65536 NEXT 1048576 MINEXTENTS 1 MAXEXTENTS 2147483645
  PCTINCREASE 0 FREELISTS 1 FREELIST GROUPS 1
  BUFFER_POOL DEFAULT FLASH_CACHE DEFAULT CELL_FLASH_CACHE DEFAULT)
  TABLESPACE "STUDENTI"  ENABLE;
  ALTER TABLE "APP_ROLE" ADD CONSTRAINT "APP_ROLE_PK" PRIMARY KEY ("ID_ROLE")
  USING INDEX PCTFREE 10 INITRANS 2 MAXTRANS 255 COMPUTE STATISTICS 
  STORAGE(INITIAL 65536 NEXT 1048576 MINEXTENTS 1 MAXEXTENTS 2147483645
  PCTINCREASE 0 FREELISTS 1 FREELIST GROUPS 1
  BUFFER_POOL DEFAULT FLASH_CACHE DEFAULT CELL_FLASH_CACHE DEFAULT)
  TABLESPACE "STUDENTI"  ENABLE;
  ALTER TABLE "APP_ROLE" MODIFY ("ID_ROLE" NOT NULL ENABLE);
  ALTER TABLE "APP_ROLE" MODIFY ("NAZEV" NOT NULL ENABLE);
--------------------------------------------------------
--  Constraints for Table APP_ROLE_PRAVO
--------------------------------------------------------

  ALTER TABLE "APP_ROLE_PRAVO" ADD CONSTRAINT "APP_ROLE_PRAVO_PK" PRIMARY KEY ("ID_PRAVO", "ID_ROLE")
  USING INDEX PCTFREE 10 INITRANS 2 MAXTRANS 255 COMPUTE STATISTICS 
  STORAGE(INITIAL 65536 NEXT 1048576 MINEXTENTS 1 MAXEXTENTS 2147483645
  PCTINCREASE 0 FREELISTS 1 FREELIST GROUPS 1
  BUFFER_POOL DEFAULT FLASH_CACHE DEFAULT CELL_FLASH_CACHE DEFAULT)
  TABLESPACE "STUDENTI"  ENABLE;
  ALTER TABLE "APP_ROLE_PRAVO" MODIFY ("ID_PRAVO" NOT NULL ENABLE);
  ALTER TABLE "APP_ROLE_PRAVO" MODIFY ("ID_ROLE" NOT NULL ENABLE);
--------------------------------------------------------
--  Constraints for Table ARCHIV
--------------------------------------------------------

  ALTER TABLE "ARCHIV" ADD CONSTRAINT "ARCHIV_PK" PRIMARY KEY ("ID_ARCHIV")
  USING INDEX PCTFREE 10 INITRANS 2 MAXTRANS 255 COMPUTE STATISTICS 
  STORAGE(INITIAL 65536 NEXT 1048576 MINEXTENTS 1 MAXEXTENTS 2147483645
  PCTINCREASE 0 FREELISTS 1 FREELIST GROUPS 1
  BUFFER_POOL DEFAULT FLASH_CACHE DEFAULT CELL_FLASH_CACHE DEFAULT)
  TABLESPACE "STUDENTI"  ENABLE;
  ALTER TABLE "ARCHIV" MODIFY ("ID_ARCHIV" NOT NULL ENABLE);
  ALTER TABLE "ARCHIV" MODIFY ("NAZEV" NOT NULL ENABLE);
--------------------------------------------------------
--  Constraints for Table DODAVATEL
--------------------------------------------------------

  ALTER TABLE "DODAVATEL" ADD CONSTRAINT "DODAVATEL_FIRMA_UN" UNIQUE ("FIRMA")
  USING INDEX PCTFREE 10 INITRANS 2 MAXTRANS 255 COMPUTE STATISTICS 
  STORAGE(INITIAL 65536 NEXT 1048576 MINEXTENTS 1 MAXEXTENTS 2147483645
  PCTINCREASE 0 FREELISTS 1 FREELIST GROUPS 1
  BUFFER_POOL DEFAULT FLASH_CACHE DEFAULT CELL_FLASH_CACHE DEFAULT)
  TABLESPACE "STUDENTI"  ENABLE;
  ALTER TABLE "DODAVATEL" ADD CONSTRAINT "DODAVATEL_PK" PRIMARY KEY ("ID_UZIVATELU")
  USING INDEX PCTFREE 10 INITRANS 2 MAXTRANS 255 COMPUTE STATISTICS 
  STORAGE(INITIAL 65536 NEXT 1048576 MINEXTENTS 1 MAXEXTENTS 2147483645
  PCTINCREASE 0 FREELISTS 1 FREELIST GROUPS 1
  BUFFER_POOL DEFAULT FLASH_CACHE DEFAULT CELL_FLASH_CACHE DEFAULT)
  TABLESPACE "STUDENTI"  ENABLE;
  ALTER TABLE "DODAVATEL" MODIFY ("ID_UZIVATELU" NOT NULL ENABLE);
  ALTER TABLE "DODAVATEL" MODIFY ("FIRMA" NOT NULL ENABLE);
--------------------------------------------------------
--  Constraints for Table HOTOVOST
--------------------------------------------------------

  ALTER TABLE "HOTOVOST" ADD CONSTRAINT "HOTOVOST_PK" PRIMARY KEY ("ID_PLATBA")
  USING INDEX PCTFREE 10 INITRANS 2 MAXTRANS 255 COMPUTE STATISTICS 
  STORAGE(INITIAL 65536 NEXT 1048576 MINEXTENTS 1 MAXEXTENTS 2147483645
  PCTINCREASE 0 FREELISTS 1 FREELIST GROUPS 1
  BUFFER_POOL DEFAULT FLASH_CACHE DEFAULT CELL_FLASH_CACHE DEFAULT)
  TABLESPACE "STUDENTI"  ENABLE;
  ALTER TABLE "HOTOVOST" MODIFY ("ID_PLATBA" NOT NULL ENABLE);
  ALTER TABLE "HOTOVOST" MODIFY ("PRIJATO" NOT NULL ENABLE);
  ALTER TABLE "HOTOVOST" MODIFY ("VRACENO" NOT NULL ENABLE);
--------------------------------------------------------
--  Constraints for Table KARTA
--------------------------------------------------------

  ALTER TABLE "KARTA" ADD CONSTRAINT "KARTA_PK" PRIMARY KEY ("ID_PLATBA")
  USING INDEX PCTFREE 10 INITRANS 2 MAXTRANS 255 COMPUTE STATISTICS 
  STORAGE(INITIAL 65536 NEXT 1048576 MINEXTENTS 1 MAXEXTENTS 2147483645
  PCTINCREASE 0 FREELISTS 1 FREELIST GROUPS 1
  BUFFER_POOL DEFAULT FLASH_CACHE DEFAULT CELL_FLASH_CACHE DEFAULT)
  TABLESPACE "STUDENTI"  ENABLE;
  ALTER TABLE "KARTA" MODIFY ("ID_PLATBA" NOT NULL ENABLE);
  ALTER TABLE "KARTA" MODIFY ("CISLOKARTY" NOT NULL ENABLE);
--------------------------------------------------------
--  Constraints for Table KATEGORIE_ZBOZI
--------------------------------------------------------

  ALTER TABLE "KATEGORIE_ZBOZI" ADD CONSTRAINT "KATEGORIE_ZBOZI_NAZEV_UN" UNIQUE ("NAZEV")
  USING INDEX PCTFREE 10 INITRANS 2 MAXTRANS 255 COMPUTE STATISTICS 
  STORAGE(INITIAL 65536 NEXT 1048576 MINEXTENTS 1 MAXEXTENTS 2147483645
  PCTINCREASE 0 FREELISTS 1 FREELIST GROUPS 1
  BUFFER_POOL DEFAULT FLASH_CACHE DEFAULT CELL_FLASH_CACHE DEFAULT)
  TABLESPACE "STUDENTI"  ENABLE;
  ALTER TABLE "KATEGORIE_ZBOZI" ADD CONSTRAINT "KATEGORIE_ZBOZI_PK" PRIMARY KEY ("ID_KATEGORIE")
  USING INDEX PCTFREE 10 INITRANS 2 MAXTRANS 255 COMPUTE STATISTICS 
  STORAGE(INITIAL 65536 NEXT 1048576 MINEXTENTS 1 MAXEXTENTS 2147483645
  PCTINCREASE 0 FREELISTS 1 FREELIST GROUPS 1
  BUFFER_POOL DEFAULT FLASH_CACHE DEFAULT CELL_FLASH_CACHE DEFAULT)
  TABLESPACE "STUDENTI"  ENABLE;
  ALTER TABLE "KATEGORIE_ZBOZI" MODIFY ("ID_KATEGORIE" NOT NULL ENABLE);
  ALTER TABLE "KATEGORIE_ZBOZI" MODIFY ("NAZEV" NOT NULL ENABLE);
--------------------------------------------------------
--  Constraints for Table LOG
--------------------------------------------------------

  ALTER TABLE "LOG" ADD CONSTRAINT "CK_LOG_OPERACE" CHECK (operace IN ('I','U','D')) ENABLE;
  ALTER TABLE "LOG" ADD CONSTRAINT "LOG_PK" PRIMARY KEY ("ID_LOG")
  USING INDEX PCTFREE 10 INITRANS 2 MAXTRANS 255 COMPUTE STATISTICS 
  STORAGE(INITIAL 65536 NEXT 1048576 MINEXTENTS 1 MAXEXTENTS 2147483645
  PCTINCREASE 0 FREELISTS 1 FREELIST GROUPS 1
  BUFFER_POOL DEFAULT FLASH_CACHE DEFAULT CELL_FLASH_CACHE DEFAULT)
  TABLESPACE "STUDENTI"  ENABLE;
  ALTER TABLE "LOG" MODIFY ("ID_LOG" NOT NULL ENABLE);
  ALTER TABLE "LOG" MODIFY ("TABULKANAZEV" NOT NULL ENABLE);
  ALTER TABLE "LOG" MODIFY ("OPERACE" NOT NULL ENABLE);
  ALTER TABLE "LOG" MODIFY ("DATUMZMENY" NOT NULL ENABLE);
  ALTER TABLE "LOG" MODIFY ("IDREKORD" NOT NULL ENABLE);
  ALTER TABLE "LOG" MODIFY ("ID_ARCHIV" NOT NULL ENABLE);
--------------------------------------------------------
--  Constraints for Table MESTO
--------------------------------------------------------

  ALTER TABLE "MESTO" ADD CONSTRAINT "MESTO_PK" PRIMARY KEY ("PSC")
  USING INDEX PCTFREE 10 INITRANS 2 MAXTRANS 255 COMPUTE STATISTICS 
  STORAGE(INITIAL 65536 NEXT 1048576 MINEXTENTS 1 MAXEXTENTS 2147483645
  PCTINCREASE 0 FREELISTS 1 FREELIST GROUPS 1
  BUFFER_POOL DEFAULT FLASH_CACHE DEFAULT CELL_FLASH_CACHE DEFAULT)
  TABLESPACE "STUDENTI"  ENABLE;
  ALTER TABLE "MESTO" MODIFY ("PSC" NOT NULL ENABLE);
  ALTER TABLE "MESTO" MODIFY ("NAZEV" NOT NULL ENABLE);
  ALTER TABLE "MESTO" MODIFY ("KRAJ" NOT NULL ENABLE);
--------------------------------------------------------
--  Constraints for Table NOTIFIKACE
--------------------------------------------------------

  ALTER TABLE "NOTIFIKACE" ADD CONSTRAINT "NOTIFIKACE_PK" PRIMARY KEY ("ID_NOTIFIKACE", "ID_ZPRAVA")
  USING INDEX PCTFREE 10 INITRANS 2 MAXTRANS 255 COMPUTE STATISTICS 
  STORAGE(INITIAL 65536 NEXT 1048576 MINEXTENTS 1 MAXEXTENTS 2147483645
  PCTINCREASE 0 FREELISTS 1 FREELIST GROUPS 1
  BUFFER_POOL DEFAULT FLASH_CACHE DEFAULT CELL_FLASH_CACHE DEFAULT)
  TABLESPACE "STUDENTI"  ENABLE;
  ALTER TABLE "NOTIFIKACE" MODIFY ("ID_NOTIFIKACE" NOT NULL ENABLE);
  ALTER TABLE "NOTIFIKACE" MODIFY ("AUTHTOKEN" NOT NULL ENABLE);
  ALTER TABLE "NOTIFIKACE" MODIFY ("ENDPOINT" NOT NULL ENABLE);
  ALTER TABLE "NOTIFIKACE" MODIFY ("P256DH" NOT NULL ENABLE);
  ALTER TABLE "NOTIFIKACE" MODIFY ("ADRESAT" NOT NULL ENABLE);
  ALTER TABLE "NOTIFIKACE" MODIFY ("ID_ZPRAVA" NOT NULL ENABLE);
--------------------------------------------------------
--  Constraints for Table OBJEDNAVKA
--------------------------------------------------------

  ALTER TABLE "OBJEDNAVKA" ADD CONSTRAINT "OBJEDNAVKA_PK" PRIMARY KEY ("ID_OBJEDNAVKA")
  USING INDEX PCTFREE 10 INITRANS 2 MAXTRANS 255 COMPUTE STATISTICS 
  STORAGE(INITIAL 65536 NEXT 1048576 MINEXTENTS 1 MAXEXTENTS 2147483645
  PCTINCREASE 0 FREELISTS 1 FREELIST GROUPS 1
  BUFFER_POOL DEFAULT FLASH_CACHE DEFAULT CELL_FLASH_CACHE DEFAULT)
  TABLESPACE "STUDENTI"  ENABLE;
  ALTER TABLE "OBJEDNAVKA" MODIFY ("ID_OBJEDNAVKA" NOT NULL ENABLE);
  ALTER TABLE "OBJEDNAVKA" MODIFY ("DATUM" NOT NULL ENABLE);
  ALTER TABLE "OBJEDNAVKA" MODIFY ("ID_STATUS" NOT NULL ENABLE);
  ALTER TABLE "OBJEDNAVKA" MODIFY ("TYP_OBJEDNAVKA" NOT NULL ENABLE);
  ALTER TABLE "OBJEDNAVKA" MODIFY ("ID_UZIVATEL" NOT NULL ENABLE);
  ALTER TABLE "OBJEDNAVKA" MODIFY ("ID_SUPERMARKET" NOT NULL ENABLE);
--------------------------------------------------------
--  Constraints for Table OBJEDNAVKA_ZBOZI
--------------------------------------------------------

  ALTER TABLE "OBJEDNAVKA_ZBOZI" ADD CONSTRAINT "OBJEDNAVKA_ZBOZI_PK" PRIMARY KEY ("ID_OBJEDNAVKA", "ID_ZBOZI")
  USING INDEX PCTFREE 10 INITRANS 2 MAXTRANS 255 COMPUTE STATISTICS 
  STORAGE(INITIAL 65536 NEXT 1048576 MINEXTENTS 1 MAXEXTENTS 2147483645
  PCTINCREASE 0 FREELISTS 1 FREELIST GROUPS 1
  BUFFER_POOL DEFAULT FLASH_CACHE DEFAULT CELL_FLASH_CACHE DEFAULT)
  TABLESPACE "STUDENTI"  ENABLE;
  ALTER TABLE "OBJEDNAVKA_ZBOZI" MODIFY ("POCET" NOT NULL ENABLE);
  ALTER TABLE "OBJEDNAVKA_ZBOZI" MODIFY ("ID_OBJEDNAVKA" NOT NULL ENABLE);
  ALTER TABLE "OBJEDNAVKA_ZBOZI" MODIFY ("ID_ZBOZI" NOT NULL ENABLE);
--------------------------------------------------------
--  Constraints for Table PLATBA
--------------------------------------------------------

  ALTER TABLE "PLATBA" ADD CONSTRAINT "CK_PLATBA_TYP" CHECK (platbaTyp IN ('H','K')) ENABLE;
  ALTER TABLE "PLATBA" ADD CONSTRAINT "PLATBA_PK" PRIMARY KEY ("ID_PLATBA")
  USING INDEX PCTFREE 10 INITRANS 2 MAXTRANS 255 COMPUTE STATISTICS 
  STORAGE(INITIAL 65536 NEXT 1048576 MINEXTENTS 1 MAXEXTENTS 2147483645
  PCTINCREASE 0 FREELISTS 1 FREELIST GROUPS 1
  BUFFER_POOL DEFAULT FLASH_CACHE DEFAULT CELL_FLASH_CACHE DEFAULT)
  TABLESPACE "STUDENTI"  ENABLE;
  ALTER TABLE "PLATBA" MODIFY ("ID_PLATBA" NOT NULL ENABLE);
  ALTER TABLE "PLATBA" MODIFY ("CASTKA" NOT NULL ENABLE);
  ALTER TABLE "PLATBA" MODIFY ("DATUM" NOT NULL ENABLE);
  ALTER TABLE "PLATBA" MODIFY ("ID_OBJEDNAVKA" NOT NULL ENABLE);
  ALTER TABLE "PLATBA" MODIFY ("PLATBATYP" NOT NULL ENABLE);
--------------------------------------------------------
--  Constraints for Table PRAVO
--------------------------------------------------------

  ALTER TABLE "PRAVO" ADD CONSTRAINT "PRAVO_KOD_UN" UNIQUE ("KOD")
  USING INDEX PCTFREE 10 INITRANS 2 MAXTRANS 255 COMPUTE STATISTICS 
  STORAGE(INITIAL 65536 NEXT 1048576 MINEXTENTS 1 MAXEXTENTS 2147483645
  PCTINCREASE 0 FREELISTS 1 FREELIST GROUPS 1
  BUFFER_POOL DEFAULT FLASH_CACHE DEFAULT CELL_FLASH_CACHE DEFAULT)
  TABLESPACE "STUDENTI"  ENABLE;
  ALTER TABLE "PRAVO" ADD CONSTRAINT "PRAVO_PK" PRIMARY KEY ("ID_PRAVO")
  USING INDEX PCTFREE 10 INITRANS 2 MAXTRANS 255 COMPUTE STATISTICS 
  STORAGE(INITIAL 65536 NEXT 1048576 MINEXTENTS 1 MAXEXTENTS 2147483645
  PCTINCREASE 0 FREELISTS 1 FREELIST GROUPS 1
  BUFFER_POOL DEFAULT FLASH_CACHE DEFAULT CELL_FLASH_CACHE DEFAULT)
  TABLESPACE "STUDENTI"  ENABLE;
  ALTER TABLE "PRAVO" MODIFY ("ID_PRAVO" NOT NULL ENABLE);
  ALTER TABLE "PRAVO" MODIFY ("NAZEV" NOT NULL ENABLE);
  ALTER TABLE "PRAVO" MODIFY ("KOD" NOT NULL ENABLE);
--------------------------------------------------------
--  Constraints for Table SKLAD
--------------------------------------------------------

  ALTER TABLE "SKLAD" ADD CONSTRAINT "SKLAD_NAZEV_UN" UNIQUE ("NAZEV")
  USING INDEX PCTFREE 10 INITRANS 2 MAXTRANS 255 COMPUTE STATISTICS 
  STORAGE(INITIAL 65536 NEXT 1048576 MINEXTENTS 1 MAXEXTENTS 2147483645
  PCTINCREASE 0 FREELISTS 1 FREELIST GROUPS 1
  BUFFER_POOL DEFAULT FLASH_CACHE DEFAULT CELL_FLASH_CACHE DEFAULT)
  TABLESPACE "STUDENTI"  ENABLE;
  ALTER TABLE "SKLAD" ADD CONSTRAINT "SKLAD_PK" PRIMARY KEY ("ID_SKLAD")
  USING INDEX PCTFREE 10 INITRANS 2 MAXTRANS 255 COMPUTE STATISTICS 
  STORAGE(INITIAL 65536 NEXT 1048576 MINEXTENTS 1 MAXEXTENTS 2147483645
  PCTINCREASE 0 FREELISTS 1 FREELIST GROUPS 1
  BUFFER_POOL DEFAULT FLASH_CACHE DEFAULT CELL_FLASH_CACHE DEFAULT)
  TABLESPACE "STUDENTI"  ENABLE;
  ALTER TABLE "SKLAD" MODIFY ("ID_SKLAD" NOT NULL ENABLE);
  ALTER TABLE "SKLAD" MODIFY ("NAZEV" NOT NULL ENABLE);
  ALTER TABLE "SKLAD" MODIFY ("KAPACITA" NOT NULL ENABLE);
  ALTER TABLE "SKLAD" MODIFY ("TELEFONNICISLO" NOT NULL ENABLE);
  ALTER TABLE "SKLAD" MODIFY ("ID_SUPERMARKET" NOT NULL ENABLE);
--------------------------------------------------------
--  Constraints for Table SOUBOR
--------------------------------------------------------

  ALTER TABLE "SOUBOR" ADD CONSTRAINT "SOUBOR_PK" PRIMARY KEY ("ID_SOUBOR")
  USING INDEX PCTFREE 10 INITRANS 2 MAXTRANS 255 COMPUTE STATISTICS 
  STORAGE(INITIAL 65536 NEXT 1048576 MINEXTENTS 1 MAXEXTENTS 2147483645
  PCTINCREASE 0 FREELISTS 1 FREELIST GROUPS 1
  BUFFER_POOL DEFAULT FLASH_CACHE DEFAULT CELL_FLASH_CACHE DEFAULT)
  TABLESPACE "STUDENTI"  ENABLE;
  ALTER TABLE "SOUBOR" MODIFY ("ID_SOUBOR" NOT NULL ENABLE);
  ALTER TABLE "SOUBOR" MODIFY ("NAZEV" NOT NULL ENABLE);
  ALTER TABLE "SOUBOR" MODIFY ("TYP" NOT NULL ENABLE);
  ALTER TABLE "SOUBOR" MODIFY ("PRIPONA" NOT NULL ENABLE);
  ALTER TABLE "SOUBOR" MODIFY ("OBSAH" NOT NULL ENABLE);
  ALTER TABLE "SOUBOR" MODIFY ("DATUMNAHRANI" NOT NULL ENABLE);
  ALTER TABLE "SOUBOR" MODIFY ("DATUMMODIFIKACE" NOT NULL ENABLE);
  ALTER TABLE "SOUBOR" MODIFY ("ID_UZIVATELU" NOT NULL ENABLE);
  ALTER TABLE "SOUBOR" MODIFY ("ID_ARCHIV" NOT NULL ENABLE);
--------------------------------------------------------
--  Constraints for Table STATUS
--------------------------------------------------------

  ALTER TABLE "STATUS" ADD CONSTRAINT "STATUS_PK" PRIMARY KEY ("ID_STATUS")
  USING INDEX PCTFREE 10 INITRANS 2 MAXTRANS 255 COMPUTE STATISTICS 
  STORAGE(INITIAL 65536 NEXT 1048576 MINEXTENTS 1 MAXEXTENTS 2147483645
  PCTINCREASE 0 FREELISTS 1 FREELIST GROUPS 1
  BUFFER_POOL DEFAULT FLASH_CACHE DEFAULT CELL_FLASH_CACHE DEFAULT)
  TABLESPACE "STUDENTI"  ENABLE;
  ALTER TABLE "STATUS" MODIFY ("ID_STATUS" NOT NULL ENABLE);
  ALTER TABLE "STATUS" MODIFY ("NAZEV" NOT NULL ENABLE);
--------------------------------------------------------
--  Constraints for Table SUPERMARKET
--------------------------------------------------------

  ALTER TABLE "SUPERMARKET" ADD CONSTRAINT "SUPERMARKET_NAZEV_UN" UNIQUE ("NAZEV")
  USING INDEX PCTFREE 10 INITRANS 2 MAXTRANS 255 COMPUTE STATISTICS 
  STORAGE(INITIAL 65536 NEXT 1048576 MINEXTENTS 1 MAXEXTENTS 2147483645
  PCTINCREASE 0 FREELISTS 1 FREELIST GROUPS 1
  BUFFER_POOL DEFAULT FLASH_CACHE DEFAULT CELL_FLASH_CACHE DEFAULT)
  TABLESPACE "STUDENTI"  ENABLE;
  ALTER TABLE "SUPERMARKET" ADD CONSTRAINT "SUPERMARKET_PK" PRIMARY KEY ("ID_SUPERMARKET")
  USING INDEX PCTFREE 10 INITRANS 2 MAXTRANS 255 COMPUTE STATISTICS 
  STORAGE(INITIAL 65536 NEXT 1048576 MINEXTENTS 1 MAXEXTENTS 2147483645
  PCTINCREASE 0 FREELISTS 1 FREELIST GROUPS 1
  BUFFER_POOL DEFAULT FLASH_CACHE DEFAULT CELL_FLASH_CACHE DEFAULT)
  TABLESPACE "STUDENTI"  ENABLE;
  ALTER TABLE "SUPERMARKET" MODIFY ("ID_SUPERMARKET" NOT NULL ENABLE);
  ALTER TABLE "SUPERMARKET" MODIFY ("NAZEV" NOT NULL ENABLE);
  ALTER TABLE "SUPERMARKET" MODIFY ("TELEFON" NOT NULL ENABLE);
  ALTER TABLE "SUPERMARKET" MODIFY ("EMAIL" NOT NULL ENABLE);
  ALTER TABLE "SUPERMARKET" MODIFY ("ID_ADRESA" NOT NULL ENABLE);
--------------------------------------------------------
--  Constraints for Table UZIVATEL
--------------------------------------------------------

  ALTER TABLE "UZIVATEL" MODIFY ("ID_UZIVATEL" NOT NULL ENABLE);
  ALTER TABLE "UZIVATEL" MODIFY ("JMENO" NOT NULL ENABLE);
  ALTER TABLE "UZIVATEL" MODIFY ("PRIJMENI" NOT NULL ENABLE);
  ALTER TABLE "UZIVATEL" MODIFY ("EMAIL" NOT NULL ENABLE);
  ALTER TABLE "UZIVATEL" MODIFY ("HESLO" NOT NULL ENABLE);
  ALTER TABLE "UZIVATEL" MODIFY ("TELEFONNICISLO" NOT NULL ENABLE);
  ALTER TABLE "UZIVATEL" ADD CONSTRAINT "UZIVATEL_EMAIL_UN" UNIQUE ("EMAIL")
  USING INDEX PCTFREE 10 INITRANS 2 MAXTRANS 255 COMPUTE STATISTICS 
  STORAGE(INITIAL 65536 NEXT 1048576 MINEXTENTS 1 MAXEXTENTS 2147483645
  PCTINCREASE 0 FREELISTS 1 FREELIST GROUPS 1
  BUFFER_POOL DEFAULT FLASH_CACHE DEFAULT CELL_FLASH_CACHE DEFAULT)
  TABLESPACE "STUDENTI"  ENABLE;
  ALTER TABLE "UZIVATEL" ADD CONSTRAINT "UZIVATEL_PK" PRIMARY KEY ("ID_UZIVATEL")
  USING INDEX PCTFREE 10 INITRANS 2 MAXTRANS 255 COMPUTE STATISTICS 
  STORAGE(INITIAL 65536 NEXT 1048576 MINEXTENTS 1 MAXEXTENTS 2147483645
  PCTINCREASE 0 FREELISTS 1 FREELIST GROUPS 1
  BUFFER_POOL DEFAULT FLASH_CACHE DEFAULT CELL_FLASH_CACHE DEFAULT)
  TABLESPACE "STUDENTI"  ENABLE;
  ALTER TABLE "UZIVATEL" ADD CONSTRAINT "UZIVATEL_TELEFONNICISLO_UN" UNIQUE ("TELEFONNICISLO")
  USING INDEX PCTFREE 10 INITRANS 2 MAXTRANS 255 COMPUTE STATISTICS 
  STORAGE(INITIAL 65536 NEXT 1048576 MINEXTENTS 1 MAXEXTENTS 2147483645
  PCTINCREASE 0 FREELISTS 1 FREELIST GROUPS 1
  BUFFER_POOL DEFAULT FLASH_CACHE DEFAULT CELL_FLASH_CACHE DEFAULT)
  TABLESPACE "STUDENTI"  ENABLE;
--------------------------------------------------------
--  Constraints for Table ZAKAZNIK
--------------------------------------------------------

  ALTER TABLE "ZAKAZNIK" MODIFY ("ID_UZIVATELU" NOT NULL ENABLE);
  ALTER TABLE "ZAKAZNIK" ADD CONSTRAINT "ZAKAZNIK_KARTAVERNOSTI_UN" UNIQUE ("KARTAVERNOSTI")
  USING INDEX PCTFREE 10 INITRANS 2 MAXTRANS 255 COMPUTE STATISTICS 
  STORAGE(INITIAL 65536 NEXT 1048576 MINEXTENTS 1 MAXEXTENTS 2147483645
  PCTINCREASE 0 FREELISTS 1 FREELIST GROUPS 1
  BUFFER_POOL DEFAULT FLASH_CACHE DEFAULT CELL_FLASH_CACHE DEFAULT)
  TABLESPACE "STUDENTI"  ENABLE;
  ALTER TABLE "ZAKAZNIK" ADD CONSTRAINT "ZAKAZNIK_PK" PRIMARY KEY ("ID_UZIVATELU")
  USING INDEX PCTFREE 10 INITRANS 2 MAXTRANS 255 COMPUTE STATISTICS 
  STORAGE(INITIAL 65536 NEXT 1048576 MINEXTENTS 1 MAXEXTENTS 2147483645
  PCTINCREASE 0 FREELISTS 1 FREELIST GROUPS 1
  BUFFER_POOL DEFAULT FLASH_CACHE DEFAULT CELL_FLASH_CACHE DEFAULT)
  TABLESPACE "STUDENTI"  ENABLE;
--------------------------------------------------------
--  Constraints for Table ZAMESTNANEC
--------------------------------------------------------

  ALTER TABLE "ZAMESTNANEC" MODIFY ("ID_UZIVATELU" NOT NULL ENABLE);
  ALTER TABLE "ZAMESTNANEC" MODIFY ("MZDA" NOT NULL ENABLE);
  ALTER TABLE "ZAMESTNANEC" MODIFY ("DATUMNASTUPA" NOT NULL ENABLE);
  ALTER TABLE "ZAMESTNANEC" MODIFY ("POZICE" NOT NULL ENABLE);
  ALTER TABLE "ZAMESTNANEC" ADD CONSTRAINT "ZAMESTNANEC_PK" PRIMARY KEY ("ID_UZIVATELU")
  USING INDEX PCTFREE 10 INITRANS 2 MAXTRANS 255 COMPUTE STATISTICS 
  STORAGE(INITIAL 65536 NEXT 1048576 MINEXTENTS 1 MAXEXTENTS 2147483645
  PCTINCREASE 0 FREELISTS 1 FREELIST GROUPS 1
  BUFFER_POOL DEFAULT FLASH_CACHE DEFAULT CELL_FLASH_CACHE DEFAULT)
  TABLESPACE "STUDENTI"  ENABLE;
--------------------------------------------------------
--  Constraints for Table ZBOZI
--------------------------------------------------------

  ALTER TABLE "ZBOZI" MODIFY ("ID_ZBOZI" NOT NULL ENABLE);
  ALTER TABLE "ZBOZI" MODIFY ("NAZEV" NOT NULL ENABLE);
  ALTER TABLE "ZBOZI" MODIFY ("CENA" NOT NULL ENABLE);
  ALTER TABLE "ZBOZI" MODIFY ("MNOZSTVI" NOT NULL ENABLE);
  ALTER TABLE "ZBOZI" MODIFY ("MINMNOZSTVI" NOT NULL ENABLE);
  ALTER TABLE "ZBOZI" MODIFY ("SKLAD_ID_SKLAD" NOT NULL ENABLE);
  ALTER TABLE "ZBOZI" MODIFY ("ID_KATEGORIE" NOT NULL ENABLE);
  ALTER TABLE "ZBOZI" ADD CONSTRAINT "UQ_ZBOZI_SKLAD" UNIQUE ("NAZEV", "SKLAD_ID_SKLAD")
  USING INDEX PCTFREE 10 INITRANS 2 MAXTRANS 255 COMPUTE STATISTICS 
  STORAGE(INITIAL 65536 NEXT 1048576 MINEXTENTS 1 MAXEXTENTS 2147483645
  PCTINCREASE 0 FREELISTS 1 FREELIST GROUPS 1
  BUFFER_POOL DEFAULT FLASH_CACHE DEFAULT CELL_FLASH_CACHE DEFAULT)
  TABLESPACE "STUDENTI"  ENABLE;
  ALTER TABLE "ZBOZI" ADD CONSTRAINT "ZBOZI_PK" PRIMARY KEY ("ID_ZBOZI")
  USING INDEX PCTFREE 10 INITRANS 2 MAXTRANS 255 COMPUTE STATISTICS 
  STORAGE(INITIAL 65536 NEXT 1048576 MINEXTENTS 1 MAXEXTENTS 2147483645
  PCTINCREASE 0 FREELISTS 1 FREELIST GROUPS 1
  BUFFER_POOL DEFAULT FLASH_CACHE DEFAULT CELL_FLASH_CACHE DEFAULT)
  TABLESPACE "STUDENTI"  ENABLE;
--------------------------------------------------------
--  Constraints for Table ZBOZI_DODAVATEL
--------------------------------------------------------

  ALTER TABLE "ZBOZI_DODAVATEL" MODIFY ("ID_UZIVATELU" NOT NULL ENABLE);
  ALTER TABLE "ZBOZI_DODAVATEL" MODIFY ("ID_ZBOZI" NOT NULL ENABLE);
  ALTER TABLE "ZBOZI_DODAVATEL" ADD CONSTRAINT "ZBOZI_DODAVATEL_PK" PRIMARY KEY ("ID_UZIVATELU", "ID_ZBOZI")
  USING INDEX PCTFREE 10 INITRANS 2 MAXTRANS 255 COMPUTE STATISTICS 
  STORAGE(INITIAL 65536 NEXT 1048576 MINEXTENTS 1 MAXEXTENTS 2147483645
  PCTINCREASE 0 FREELISTS 1 FREELIST GROUPS 1
  BUFFER_POOL DEFAULT FLASH_CACHE DEFAULT CELL_FLASH_CACHE DEFAULT)
  TABLESPACE "STUDENTI"  ENABLE;
--------------------------------------------------------
--  Constraints for Table ZPRAVA
--------------------------------------------------------

  ALTER TABLE "ZPRAVA" MODIFY ("ID_ZPRAVA" NOT NULL ENABLE);
  ALTER TABLE "ZPRAVA" MODIFY ("ZPRAVA" NOT NULL ENABLE);
  ALTER TABLE "ZPRAVA" MODIFY ("DATUMZASILANI" NOT NULL ENABLE);
  ALTER TABLE "ZPRAVA" MODIFY ("PRIJIMAC_ID" NOT NULL ENABLE);
  ALTER TABLE "ZPRAVA" MODIFY ("ODESILATEL_ID" NOT NULL ENABLE);
  ALTER TABLE "ZPRAVA" ADD CONSTRAINT "ZPRAVA_PK" PRIMARY KEY ("ID_ZPRAVA")
  USING INDEX PCTFREE 10 INITRANS 2 MAXTRANS 255 COMPUTE STATISTICS 
  STORAGE(INITIAL 65536 NEXT 1048576 MINEXTENTS 1 MAXEXTENTS 2147483645
  PCTINCREASE 0 FREELISTS 1 FREELIST GROUPS 1
  BUFFER_POOL DEFAULT FLASH_CACHE DEFAULT CELL_FLASH_CACHE DEFAULT)
  TABLESPACE "STUDENTI"  ENABLE;
--------------------------------------------------------
--  Ref Constraints for Table ADRESA
--------------------------------------------------------

  ALTER TABLE "ADRESA" ADD CONSTRAINT "ADRESA_MESTO_FK" FOREIGN KEY ("MESTO_PSC")
	  REFERENCES "MESTO" ("PSC") ENABLE;
--------------------------------------------------------
--  Ref Constraints for Table APP_ROLE_PRAVO
--------------------------------------------------------

  ALTER TABLE "APP_ROLE_PRAVO" ADD CONSTRAINT "APP_ROLE_PRAVO_FK" FOREIGN KEY ("ID_PRAVO")
	  REFERENCES "PRAVO" ("ID_PRAVO") ENABLE;
  ALTER TABLE "APP_ROLE_PRAVO" ADD CONSTRAINT "PRAVO_APP_ROLE_FK" FOREIGN KEY ("ID_ROLE")
	  REFERENCES "APP_ROLE" ("ID_ROLE") ENABLE;
--------------------------------------------------------
--  Ref Constraints for Table ARCHIV
--------------------------------------------------------

  ALTER TABLE "ARCHIV" ADD CONSTRAINT "ARCHIV_PARENT_FK" FOREIGN KEY ("PARENT_ID")
	  REFERENCES "ARCHIV" ("ID_ARCHIV") ENABLE;
--------------------------------------------------------
--  Ref Constraints for Table DODAVATEL
--------------------------------------------------------

  ALTER TABLE "DODAVATEL" ADD CONSTRAINT "DODAVATEL_UZIVATEL_FK" FOREIGN KEY ("ID_UZIVATELU")
	  REFERENCES "UZIVATEL" ("ID_UZIVATEL") ENABLE;
--------------------------------------------------------
--  Ref Constraints for Table HOTOVOST
--------------------------------------------------------

  ALTER TABLE "HOTOVOST" ADD CONSTRAINT "HOTOVOST_PLATBA_FK" FOREIGN KEY ("ID_PLATBA")
	  REFERENCES "PLATBA" ("ID_PLATBA") ENABLE;
--------------------------------------------------------
--  Ref Constraints for Table KARTA
--------------------------------------------------------

  ALTER TABLE "KARTA" ADD CONSTRAINT "KARTA_PLATBA_FK" FOREIGN KEY ("ID_PLATBA")
	  REFERENCES "PLATBA" ("ID_PLATBA") ENABLE;
--------------------------------------------------------
--  Ref Constraints for Table LOG
--------------------------------------------------------

  ALTER TABLE "LOG" ADD CONSTRAINT "LOG_ARCHIV_FK" FOREIGN KEY ("ID_ARCHIV")
	  REFERENCES "ARCHIV" ("ID_ARCHIV") ENABLE;
--------------------------------------------------------
--  Ref Constraints for Table NOTIFIKACE
--------------------------------------------------------

  ALTER TABLE "NOTIFIKACE" ADD CONSTRAINT "NOTIFIKACE_ZPRAVA_FK" FOREIGN KEY ("ID_ZPRAVA")
	  REFERENCES "ZPRAVA" ("ID_ZPRAVA") ENABLE;
--------------------------------------------------------
--  Ref Constraints for Table OBJEDNAVKA
--------------------------------------------------------

  ALTER TABLE "OBJEDNAVKA" ADD CONSTRAINT "OBJEDNAVKA_STATUS_FK" FOREIGN KEY ("ID_STATUS")
	  REFERENCES "STATUS" ("ID_STATUS") ENABLE;
  ALTER TABLE "OBJEDNAVKA" ADD CONSTRAINT "OBJEDNAVKA_SUPERMARKET_FK" FOREIGN KEY ("ID_SUPERMARKET")
	  REFERENCES "SUPERMARKET" ("ID_SUPERMARKET") ENABLE;
  ALTER TABLE "OBJEDNAVKA" ADD CONSTRAINT "OBJEDNAVKA_UZIVATEL_FK" FOREIGN KEY ("ID_UZIVATEL")
	  REFERENCES "UZIVATEL" ("ID_UZIVATEL") ENABLE;
--------------------------------------------------------
--  Ref Constraints for Table OBJEDNAVKA_ZBOZI
--------------------------------------------------------

  ALTER TABLE "OBJEDNAVKA_ZBOZI" ADD CONSTRAINT "OBJEDNAVKA_ZBOZI_OBJEDNAVKA_FK" FOREIGN KEY ("ID_OBJEDNAVKA")
	  REFERENCES "OBJEDNAVKA" ("ID_OBJEDNAVKA") ENABLE;
  ALTER TABLE "OBJEDNAVKA_ZBOZI" ADD CONSTRAINT "OBJEDNAVKA_ZBOZI_ZBOZI_FK" FOREIGN KEY ("ID_ZBOZI")
	  REFERENCES "ZBOZI" ("ID_ZBOZI") ENABLE;
--------------------------------------------------------
--  Ref Constraints for Table PLATBA
--------------------------------------------------------

  ALTER TABLE "PLATBA" ADD CONSTRAINT "PLATBA_OBJEDNAVKA_FK" FOREIGN KEY ("ID_OBJEDNAVKA")
	  REFERENCES "OBJEDNAVKA" ("ID_OBJEDNAVKA") ENABLE;
--------------------------------------------------------
--  Ref Constraints for Table SKLAD
--------------------------------------------------------

  ALTER TABLE "SKLAD" ADD CONSTRAINT "SKLAD_SUPERMARKET_FK" FOREIGN KEY ("ID_SUPERMARKET")
	  REFERENCES "SUPERMARKET" ("ID_SUPERMARKET") ENABLE;
--------------------------------------------------------
--  Ref Constraints for Table SOUBOR
--------------------------------------------------------

  ALTER TABLE "SOUBOR" ADD CONSTRAINT "SOUBOR_ARCHIV_FK" FOREIGN KEY ("ID_ARCHIV")
	  REFERENCES "ARCHIV" ("ID_ARCHIV") ENABLE;
  ALTER TABLE "SOUBOR" ADD CONSTRAINT "SOUBOR_UZIVATEL_FK" FOREIGN KEY ("ID_UZIVATELU")
	  REFERENCES "UZIVATEL" ("ID_UZIVATEL") ENABLE;
--------------------------------------------------------
--  Ref Constraints for Table SUPERMARKET
--------------------------------------------------------

  ALTER TABLE "SUPERMARKET" ADD CONSTRAINT "SUPERMARKET_ADRESA_FK" FOREIGN KEY ("ID_ADRESA")
	  REFERENCES "ADRESA" ("ID_ADRESA") ENABLE;
--------------------------------------------------------
--  Ref Constraints for Table UZIVATEL
--------------------------------------------------------

  ALTER TABLE "UZIVATEL" ADD CONSTRAINT "UZIVATEL_ADRESA_FK" FOREIGN KEY ("ID_ADRESA")
	  REFERENCES "ADRESA" ("ID_ADRESA") ENABLE;
  ALTER TABLE "UZIVATEL" ADD CONSTRAINT "UZIVATEL_APP_ROLE_FK" FOREIGN KEY ("ID_ROLE")
	  REFERENCES "APP_ROLE" ("ID_ROLE") ENABLE;
--------------------------------------------------------
--  Ref Constraints for Table ZAKAZNIK
--------------------------------------------------------

  ALTER TABLE "ZAKAZNIK" ADD CONSTRAINT "ZAKAZNIK_UZIVATEL_FK" FOREIGN KEY ("ID_UZIVATELU")
	  REFERENCES "UZIVATEL" ("ID_UZIVATEL") ENABLE;
--------------------------------------------------------
--  Ref Constraints for Table ZAMESTNANEC
--------------------------------------------------------

  ALTER TABLE "ZAMESTNANEC" ADD CONSTRAINT "ZAMESTNANEC_UZIVATEL_FK" FOREIGN KEY ("ID_UZIVATELU")
	  REFERENCES "UZIVATEL" ("ID_UZIVATEL") ENABLE;
--------------------------------------------------------
--  Ref Constraints for Table ZBOZI
--------------------------------------------------------

  ALTER TABLE "ZBOZI" ADD CONSTRAINT "ZBOZI_KATEGORIE_ZBOZI_FK" FOREIGN KEY ("ID_KATEGORIE")
	  REFERENCES "KATEGORIE_ZBOZI" ("ID_KATEGORIE") ENABLE;
  ALTER TABLE "ZBOZI" ADD CONSTRAINT "ZBOZI_SKLAD_FK" FOREIGN KEY ("SKLAD_ID_SKLAD")
	  REFERENCES "SKLAD" ("ID_SKLAD") ENABLE;
--------------------------------------------------------
--  Ref Constraints for Table ZBOZI_DODAVATEL
--------------------------------------------------------

  ALTER TABLE "ZBOZI_DODAVATEL" ADD CONSTRAINT "ZBOZI_DODAVATEL_DODAVATEL_FK" FOREIGN KEY ("ID_UZIVATELU")
	  REFERENCES "DODAVATEL" ("ID_UZIVATELU") ENABLE;
  ALTER TABLE "ZBOZI_DODAVATEL" ADD CONSTRAINT "ZBOZI_DODAVATEL_ZBOZI_FK" FOREIGN KEY ("ID_ZBOZI")
	  REFERENCES "ZBOZI" ("ID_ZBOZI") ENABLE;
--------------------------------------------------------
--  Ref Constraints for Table ZPRAVA
--------------------------------------------------------

  ALTER TABLE "ZPRAVA" ADD CONSTRAINT "ZPRAVA_UZIVATEL_FK" FOREIGN KEY ("PRIJIMAC_ID")
	  REFERENCES "UZIVATEL" ("ID_UZIVATEL") ENABLE;
  ALTER TABLE "ZPRAVA" ADD CONSTRAINT "ZPRAVA_UZIVATEL_FKV2" FOREIGN KEY ("ODESILATEL_ID")
	  REFERENCES "UZIVATEL" ("ID_UZIVATEL") ENABLE;
